datetime,comp_level_ft,temperature
2025-08-29T10:00:00Z,0.8296293057116273,18.179
2025-08-29T10:15:00Z,0.8253642138481112,18.117
2025-08-29T10:30:00Z,0.8214272059740892,18.104
2025-08-29T10:45:00Z,0.8148655261840716,18.096
2025-08-29T11:00:00Z,0.8112566022995509,18.095
2025-08-29T11:15:00Z,0.8109285183100496,18.097
2025-08-29T11:30:00Z,0.8219281661922153,18.102
2025-08-29T11:45:00Z,0.8130698984756819,18.106
2025-08-29T12:00:00Z,0.8081486386331562,18.113
2025-08-29T12:15:00Z,0.7996184549061311,18.119
2025-08-29T12:30:00Z,0.7960095310216175,18.125
2025-08-29T12:45:00Z,0.8030721710297684,18.133
2025-08-29T13:00:00Z,0.798478995176751,18.141
2025-08-29T13:15:00Z,0.802916963268899,18.148
2025-08-29T13:30:00Z,0.7956991154998647,18.157
2025-08-29T13:45:00Z,0.7940586955523656,18.168
2025-08-29T14:00:00Z,0.7998089996025115,18.177
2025-08-29T14:15:00Z,0.7942315717809834,18.186
2025-08-29T14:30:00Z,0.8003099598206376,18.197
2025-08-29T14:45:00Z,0.7937482800306128,18.208
2025-08-29T15:00:00Z,0.7991705000912646,18.22
2025-08-29T15:15:00Z,0.7958896601962522,18.232
2025-08-29T15:30:00Z,0.7906403163642324,18.245
2025-08-29T15:45:00Z,0.7993433763198965,18.257
2025-08-29T16:00:00Z,0.7940940324878696,18.269
2025-08-29T16:15:00Z,0.8027970924435266,18.283
2025-08-29T16:30:00Z,0.797875832601008,18.298
2025-08-29T16:45:00Z,0.78967373286347,18.313
2025-08-29T17:00:00Z,0.7877052289264697,18.327
2025-08-29T17:15:00Z,0.7957521209031242,18.341
2025-08-29T17:30:00Z,0.7947678689346276,18.357
2025-08-29T17:45:00Z,0.8001900889952651,18.37
2025-08-29T18:00:00Z,0.7936284092052404,18.383
2025-08-29T18:15:00Z,0.7913318212787317,18.398
2025-08-29T18:30:00Z,0.7929722412262379,18.41
2025-08-29T18:45:00Z,0.805612309055924,18.424
2025-08-29T19:00:00Z,0.8102054849089413,18.438
2025-08-29T19:15:00Z,0.8151267447514599,18.452
2025-08-29T19:30:00Z,0.8213603405519834,18.465
2025-08-29T19:45:00Z,0.8239850124679933,18.481
2025-08-29T20:00:00Z,0.8142977005438254,18.495
2025-08-29T20:15:00Z,0.8142977005438254,18.51
2025-08-29T20:30:00Z,0.8019857167036548,18.525
2025-08-29T20:45:00Z,0.8016576327141536,18.539
2025-08-29T21:00:00Z,0.8013295487246452,18.549
2025-08-29T21:15:00Z,0.8016576327141536,18.561
2025-08-29T21:30:00Z,0.801001464735144,18.573
2025-08-29T21:45:00Z,0.7960802048926254,18.581
2025-08-29T22:00:00Z,0.7983767928191341,18.588
2025-08-29T22:15:00Z,0.7980487088296329,18.599
2025-08-29T22:30:00Z,0.7993610447876449,18.607
2025-08-29T22:45:00Z,0.7990329607981437,18.611
2025-08-29T23:00:00Z,0.7983767928191341,18.618
2025-08-29T23:15:00Z,0.8032980526616598,18.622
2025-08-29T23:30:00Z,0.8003452967561486,18.629
2025-08-29T23:45:00Z,0.8016576327141536,18.636
2025-08-30T00:00:00Z,0.7990329607981437,18.64
2025-08-30T00:15:00Z,0.7844243890314502,18.644
2025-08-30T00:30:00Z,0.792799364997613,18.647
2025-08-30T00:45:00Z,0.7921431970186177,18.651
2025-08-30T01:00:00Z,0.7950959529241288,18.653
2025-08-30T01:15:00Z,0.7934555329766155,18.656
2025-08-30T01:30:00Z,0.7931274489871143,18.656
2025-08-30T01:45:00Z,0.7918151130291164,18.659
2025-08-30T02:00:00Z,0.7921431970186177,18.66
2025-08-30T02:15:00Z,0.792799364997613,18.662
2025-08-30T02:30:00Z,0.7911589450501069,18.66
2025-08-30T02:45:00Z,0.7898466090921019,18.661
2025-08-30T03:00:00Z,0.7845972652600821,18.659
2025-08-30T03:15:00Z,0.7823006773335734,18.656
2025-08-30T03:30:00Z,0.7939564931947416,18.651
2025-08-30T03:45:00Z,0.7939564931947416,18.646
2025-08-30T04:00:00Z,0.7913318212787317,18.637
2025-08-30T04:15:00Z,0.7955969131422478,18.626
2025-08-30T04:30:00Z,0.8005181729847735,18.609
2025-08-30T04:45:00Z,0.8024866769217738,18.596
2025-08-30T05:00:00Z,0.8064236847957957,18.576
2025-08-30T05:15:00Z,0.820531296344349,18.556
2025-08-30T05:30:00Z,0.8215155483128527,18.532
2025-08-30T05:45:00Z,0.8147809922942031,18.507
2025-08-30T06:00:00Z,0.8134686563361981,18.482
2025-08-30T06:15:00Z,0.8027970924435266,18.458
2025-08-30T06:30:00Z,0.8014847564855216,18.433
2025-08-30T06:45:00Z,0.8041094284015315,18.415
2025-08-30T07:00:00Z,0.8077183522860523,18.406
2025-08-30T07:15:00Z,0.81165536016006,18.399
2025-08-30T07:30:00Z,0.81165536016006,18.395
2025-08-30T07:45:00Z,0.8136238640970745,18.39
2025-08-30T08:00:00Z,0.8003276282883931,18.384
2025-08-30T08:15:00Z,0.8009837962673956,18.377
2025-08-30T08:30:00Z,0.8009837962673956,18.371
2025-08-30T08:45:00Z,0.7986872083408869,18.363
2025-08-30T09:00:00Z,0.7993433763198965,18.359
2025-08-30T09:15:00Z,0.7990152923303953,18.353
2025-08-30T09:30:00Z,0.8009837962673956,18.348
2025-08-30T09:45:00Z,0.8006557122778943,18.347
2025-08-30T10:00:00Z,0.7999995442988919,18.345
2025-08-30T10:15:00Z,0.7980310403618844,18.345
2025-08-30T10:30:00Z,0.7970467883933807,18.346
2025-08-30T10:45:00Z,0.7924536125403634,18.347
2025-08-30T11:00:00Z,0.7872042687083436,18.35
2025-08-30T11:15:00Z,0.782283008865825,18.352
2025-08-30T11:30:00Z,0.7886894808949734,18.355
2025-08-30T11:45:00Z,0.7804873811574424,18.361
2025-08-30T12:00:00Z,0.775894205304418,18.365
2025-08-30T12:15:00Z,0.7809883413755685,18.37
2025-08-30T12:30:00Z,0.7760670815330499,18.374
2025-08-30T12:45:00Z,0.783457805530702,18.382
2025-08-30T13:00:00Z,0.7875676896333559,18.389
2025-08-30T13:15:00Z,0.7878957736228571,18.394
2025-08-30T13:30:00Z,0.7855991856963414,18.402
2025-08-30T13:45:00Z,0.7962707495890129,18.41
2025-08-30T14:00:00Z,0.7893809858094798,18.419
2025-08-30T14:15:00Z,0.7834754739984575,18.431
2025-08-30T14:30:00Z,0.7801946341034451,18.439
2025-08-30T14:45:00Z,0.7859449381535981,18.452
2025-08-30T15:00:00Z,0.7797113423530746,18.463
2025-08-30T15:15:00Z,0.7828369744872106,18.474
2025-08-30T15:30:00Z,0.776603378686687,18.487
2025-08-30T15:45:00Z,0.7836660186948379,18.501
2025-08-30T16:00:00Z,0.7813694307683292,18.512
2025-08-30T16:15:00Z,0.791056742692497,18.528
2025-08-30T16:30:00Z,0.7881039867869788,18.541
2025-08-30T16:45:00Z,0.7977912987111466,18.557
2025-08-30T17:00:00Z,0.7974632147216454,18.57
2025-08-30T17:15:00Z,0.801072138606159,18.585
2025-08-30T17:30:00Z,0.8030406425431664,18.598
2025-08-30T17:45:00Z,0.802384474564164,18.612
2025-08-30T18:00:00Z,0.8007440546166578,18.629
2025-08-30T18:15:00Z,0.7987755506796503,18.64
2025-08-30T18:30:00Z,0.7964789627531346,18.654
2025-08-30T18:45:00Z,0.7971351307321441,18.669
2025-08-30T19:00:00Z,0.7958227947741392,18.681
2025-08-30T19:15:00Z,0.7981193827006479,18.695
2025-08-30T19:30:00Z,0.7968070467426358,18.708
2025-08-30T19:45:00Z,0.7984474666901491,18.719
2025-08-30T20:00:00Z,0.8036968105221689,18.73
2025-08-30T20:15:00Z,0.8076338183961838,18.743
2025-08-30T20:30:00Z,0.8148516661652181,18.754
2025-08-30T20:45:00Z,0.8194448420182283,18.765
2025-08-30T21:00:00Z,0.8107417820625784,18.775
2025-08-30T21:15:00Z,0.8113979500415809,18.784
2025-08-30T21:30:00Z,0.8010544701384035,18.793
2025-08-30T21:45:00Z,0.8026948900859168,18.801
2025-08-30T22:00:00Z,0.8053195620019267,18.809
2025-08-30T22:15:00Z,0.8013825541279047,18.816
2025-08-30T22:30:00Z,0.8000702181699069,18.822
2025-08-30T22:45:00Z,0.7851335624137192,18.827
2025-08-30T23:00:00Z,0.7828369744872106,18.832
2025-08-30T23:15:00Z,0.7921962024218772,18.836
2025-08-30T23:30:00Z,0.7954770423168824,18.838
2025-08-30T23:45:00Z,0.7958051263063837,18.84
2025-08-31T00:00:00Z,0.7981017142328923,18.841
2025-08-31T00:15:00Z,0.8033510580649192,18.842
2025-08-31T00:30:00Z,0.8079442339179366,18.838
2025-08-31T00:45:00Z,0.8108969898234477,18.837
2025-08-31T01:00:00Z,0.8151620816869638,18.834
2025-08-31T01:15:00Z,0.8064590217313068,18.831
2025-08-31T01:30:00Z,0.8071151897103093,18.826
2025-08-31T01:45:00Z,0.7938189539016278,18.82
2025-08-31T02:00:00Z,0.7948032058701315,18.813
2025-08-31T02:15:00Z,0.795459373849134,18.806
2025-08-31T02:30:00Z,0.7911942819856179,18.796
2025-08-31T02:45:00Z,0.7905381140066154,18.783
2025-08-31T03:00:00Z,0.7872572741116031,18.767
2025-08-31T03:15:00Z,0.7872572741116031,18.747
2025-08-31T03:30:00Z,0.7931627859226253,18.724
2025-08-31T03:45:00Z,0.795459373849134,18.7
2025-08-31T04:00:00Z,0.7990682977336476,18.677
2025-08-31T04:15:00Z,0.7974278777861414,18.651
2025-08-31T04:30:00Z,0.7944751218806303,18.631
2025-08-31T04:45:00Z,0.7931627859226253,18.61
2025-08-31T05:00:00Z,0.7851158939459637,18.587
2025-08-31T05:15:00Z,0.791021405756986,18.566
2025-08-31T05:30:00Z,0.810551237366198,18.54
2025-08-31T05:45:00Z,0.8161286651877191,18.512
2025-08-31T06:00:00Z,0.8226903449777438,18.484
2025-08-31T06:15:00Z,0.8107064451270674,18.463
2025-08-31T06:30:00Z,0.8023314691609116,18.447
2025-08-31T06:45:00Z,0.8023314691609116,18.433
2025-08-31T07:00:00Z,0.7896914013312255,18.428
2025-08-31T07:15:00Z,0.7906756532997292,18.424
2025-08-31T07:30:00Z,0.7900194853207267,18.418
2025-08-31T07:45:00Z,0.7955969131422478,18.414
2025-08-31T08:00:00Z,0.7955969131422478,18.409
2025-08-31T08:15:00Z,0.795924997131749,18.402
2025-08-31T08:30:00Z,0.7965811651107515,18.392
2025-08-31T08:45:00Z,0.7985496690477589,18.388
2025-08-31T09:00:00Z,0.797237333089754,18.382
2025-08-31T09:15:00Z,0.7942845771842428,18.374
2025-08-31T09:30:00Z,0.7955969131422478,18.371
2025-08-31T09:45:00Z,0.7975654170792552,18.366
2025-08-31T10:00:00Z,0.8008462569742747,18.363
2025-08-31T10:15:00Z,0.8005181729847735,18.361
2025-08-31T10:30:00Z,0.7988777530372602,18.362
2025-08-31T10:45:00Z,0.7955969131422478,18.365
2025-08-31T11:00:00Z,0.7919879892577342,18.367
2025-08-31T11:15:00Z,0.7887071493627218,18.372
2025-08-31T11:30:00Z,0.783457805530702,18.375
2025-08-31T11:45:00Z,0.7805050496251908,18.378
2025-08-31T12:00:00Z,0.790520445538867,18.385
2025-08-31T12:15:00Z,0.7878957736228571,18.39
2025-08-31T12:30:00Z,0.784943017717346,18.396
2025-08-31T12:45:00Z,0.796598833578507,18.403
2025-08-31T13:00:00Z,0.7929899096940005,18.41
2025-08-31T13:15:00Z,0.7890529018199786,18.417
2025-08-31T13:30:00Z,0.7864282299039687,18.426
2025-08-31T13:45:00Z,0.7775699621874352,18.434
2025-08-31T14:00:00Z,0.782992182248087,18.442
2025-08-31T14:15:00Z,0.7767585864475635,18.452
2025-08-31T14:30:00Z,0.7761024184685539,18.464
2025-08-31T14:45:00Z,0.7893986542772353,18.475
2025-08-31T15:00:00Z,0.8013825541279047,18.485
2025-08-31T15:15:00Z,0.7984297982223936,18.499
2025-08-31T15:30:00Z,0.7928523704008725,18.511
2025-08-31T15:45:00Z,0.7895715305058602,18.525
2025-08-31T16:00:00Z,0.7921962024218772,18.539
2025-08-31T16:15:00Z,0.7902276984848626,18.555
2025-08-31T16:30:00Z,0.7989307584405267,18.569
2025-08-31T16:45:00Z,0.7976184224825218,18.584
2025-08-31T17:00:00Z,0.7989307584405267,18.598
2025-08-31T17:15:00Z,0.7995869264195292,18.612
2025-08-31T17:30:00Z,0.7995869264195292,18.627
2025-08-31T17:45:00Z,0.7976184224825218,18.642
2025-08-31T18:00:00Z,0.7969622545035193,18.656
2025-08-31T18:15:00Z,0.7982745904615243,18.669
2025-08-31T18:30:00Z,0.7969622545035193,18.683
2025-08-31T18:45:00Z,0.7986026744510255,18.698
2025-08-31T19:00:00Z,0.8015554303565366,18.712
2025-08-31T19:15:00Z,0.8015554303565366,18.724
2025-08-31T19:30:00Z,0.8031958503040499,18.739
2025-08-31T19:45:00Z,0.8084451941360697,18.752
2025-08-31T20:00:00Z,0.8120541180205763,18.763
2025-08-31T20:15:00Z,0.8153349579155886,18.777
2025-08-31T20:30:00Z,0.8176315458420973,18.79
2025-08-31T20:45:00Z,0.8076161499284353,18.802
2025-08-31T21:00:00Z,0.803022974075418,18.814
2025-08-31T21:15:00Z,0.78611781438223,18.826
2025-08-31T21:30:00Z,0.7884144023087387,18.838
2025-08-31T21:45:00Z,0.7897267382667366,18.849
2025-08-31T22:00:00Z,0.797445546253897,18.855
2025-08-31T22:15:00Z,0.797445546253897,18.862
2025-08-31T22:30:00Z,0.7931804543903738,18.87
2025-08-31T22:45:00Z,0.7967893782748874,18.875
2025-08-31T23:00:00Z,0.7967893782748874,18.881
2025-08-31T23:15:00Z,0.7984297982223936,18.887
2025-08-31T23:30:00Z,0.8150068739260874,18.892
2025-08-31T23:45:00Z,0.8053195620019267,18.896
2025-09-01T00:00:00Z,0.8056476459914279,18.899
2025-09-01T00:15:00Z,0.8043353100334159,18.9
2025-09-01T00:30:00Z,0.8072880659389341,18.903
2025-09-01T00:45:00Z,0.7920233261932523,18.903
2025-09-01T01:00:00Z,0.7933356621512573,18.903
2025-09-01T01:15:00Z,0.8046633940229242,18.905
2025-09-01T01:30:00Z,0.7953041660882576,18.905
2025-09-01T01:45:00Z,0.8056476459914279,18.904
2025-09-01T02:00:00Z,0.8043353100334159,18.902
2025-09-01T02:15:00Z,0.7949760820987564,18.903
2025-09-01T02:30:00Z,0.7989130899727783,18.898
2025-09-01T02:45:00Z,0.8128654937604551,18.898
2025-09-01T03:00:00Z,0.8210675934979861,18.895
2025-09-01T03:15:00Z,0.8123645335423291,18.889
2025-09-01T03:30:00Z,0.8143330374793365,18.887
2025-09-01T03:45:00Z,0.8172857933848476,18.886
2025-09-01T04:00:00Z,0.8085827334291835,18.88
2025-09-01T04:15:00Z,0.8128478252927067,18.877
2025-09-01T04:30:00Z,0.813175909282208,18.873
2025-09-01T04:45:00Z,0.8125197413032055,18.867
2025-09-01T05:00:00Z,0.8048009333160451,18.858
2025-09-01T05:15:00Z,0.8018481774105339,18.849
2025-09-01T05:30:00Z,0.8025043453895293,18.838
2025-09-01T05:45:00Z,0.8051290173055392,18.826
2025-09-01T06:00:00Z,0.810378361137559,18.811
2025-09-01T06:15:00Z,0.8123468650745735,18.793
2025-09-01T06:30:00Z,0.8149715369905834,18.774
2025-09-01T06:45:00Z,0.8182523768855958,18.765
2025-09-01T07:00:00Z,0.8079088969824326,18.754
2025-09-01T07:15:00Z,0.8088931489509363,18.746
2025-09-01T07:30:00Z,0.8108616528879438,18.74
2025-09-01T07:45:00Z,0.8028147609112821,18.732
2025-09-01T08:00:00Z,0.7992058370267614,18.728
2025-09-01T08:15:00Z,0.8031428449007834,18.72
2025-09-01T08:30:00Z,0.8018305089427713,18.713
2025-09-01T08:45:00Z,0.8001900889952651,18.705
2025-09-01T09:00:00Z,0.8037990128797787,18.7
2025-09-01T09:15:00Z,0.8103606926698106,18.694
2025-09-01T09:30:00Z,0.8188908763968428,18.689
2025-09-01T09:45:00Z,0.8208593803338502,18.686
2025-09-01T10:00:00Z,0.8149538685228208,18.681
2025-09-01T10:15:00Z,0.7983767928191341,18.679
2025-09-01T10:30:00Z,0.7931274489871143,18.676
2025-09-01T10:45:00Z,0.7778627092414325,18.674
2025-09-01T11:00:00Z,0.787221937176092,18.675
2025-09-01T11:15:00Z,0.7823006773335734,18.674
2025-09-01T11:30:00Z,0.7933003252157391,18.675
2025-09-01T11:45:00Z,0.7936284092052404,18.679
2025-09-01T12:00:00Z,0.7936284092052404,18.681
2025-09-01T12:15:00Z,0.8052842250664227,18.685
2025-09-01T12:30:00Z,0.8033157211294153,18.691
2025-09-01T12:45:00Z,0.7977382933078943,18.697
2025-09-01T13:00:00Z,0.7983944612868967,18.703
2025-09-01T13:15:00Z,0.7951136213918844,18.71
2025-09-01T13:30:00Z,0.7852711017068401,18.72
2025-09-01T13:45:00Z,0.7819902618118348,18.728
2025-09-01T14:00:00Z,0.7875676896333559,18.74
2025-09-01T14:15:00Z,0.7995515894840182,18.749
2025-09-01T14:30:00Z,0.8098950693871956,18.761
2025-09-01T14:45:00Z,0.810551237366198,18.771
2025-09-01T15:00:00Z,0.8112074053451934,18.782
2025-09-01T15:15:00Z,0.8102231533766968,18.797
2025-09-01T15:30:00Z,0.793646077673003,18.81
2025-09-01T15:45:00Z,0.7877405658619736,18.821
2025-09-01T16:00:00Z,0.7831473900089563,18.836
2025-09-01T16:15:00Z,0.7788822981454402,18.85
2025-09-01T16:30:00Z,0.7921785339541216,18.866
2025-09-01T16:45:00Z,0.7895538620381117,18.879
2025-09-01T17:00:00Z,0.7969445860357709,18.892
2025-09-01T17:15:00Z,0.7910390742247486,18.904
2025-09-01T17:30:00Z,0.7880863183192375,18.919
2025-09-01T17:45:00Z,0.7864458983717313,18.932
2025-09-01T18:00:00Z,0.7905557824743639,18.944
2025-09-01T18:15:00Z,0.7944927903483858,18.963
2025-09-01T18:30:00Z,0.8108969898234477,18.974
2025-09-01T18:45:00Z,0.815490165676465,18.984
2025-09-01T19:00:00Z,0.8425659290441985,18.995
2025-09-01T19:15:00Z,0.8379727531911811,19.006
2025-09-01T19:30:00Z,0.8341909530780356,19.017
2025-09-01T19:45:00Z,0.8323776569019117,19.03
2025-09-01T20:00:00Z,0.8213780090197389,19.044
2025-09-01T20:15:00Z,0.8287687330173981,19.058
2025-09-01T20:30:00Z,0.821706093009233,19.069
2025-09-01T20:45:00Z,0.8282677727992649,19.084
2025-09-01T21:00:00Z,0.8338452006207859,19.096
2025-09-01T21:15:00Z,0.8566558721250104,19.111
2025-09-01T21:30:00Z,0.8430315523268277,19.122
2025-09-01T21:45:00Z,0.83482945258929675,19.136
2025-09-01T22:00:00Z,0.8254702246546302,19.148
2025-09-01T22:15:00Z,0.8144705767724645,19.159
2025-09-01T22:30:00Z,0.8274387285916305,19.168
2025-09-01T22:45:00Z,0.8343284923711636,19.178
2025-09-01T23:00:00Z,0.8481080199302156,19.188
2025-09-01T23:15:00Z,0.8415463401401908,19.199
2025-09-01T23:30:00Z,0.8448271800352032,19.207
2025-09-01T23:45:00Z,0.8494203558882205,19.216
2025-09-02T00:00:00Z,0.8410453799220647,19.222
2025-09-02T00:15:00Z,0.8430138838590722,19.226
2025-09-02T00:30:00Z,0.8426857998695709,19.234
2025-09-02T00:45:00Z,0.8238121362393613,19.235
2025-09-02T01:00:00Z,0.82610872416587,19.238
2025-09-02T01:15:00Z,0.824796388207865,19.24
2025-09-02T01:30:00Z,0.8228278842708576,19.243
2025-09-02T01:45:00Z,0.827421060123875,19.245
2025-09-02T02:00:00Z,0.8257806401763688,19.246
2025-09-02T02:15:00Z,0.819218960386344,19.244
2025-09-02T02:30:00Z,0.8202032123548477,19.246
2025-09-02T02:45:00Z,0.8175785404388378,19.247
2025-09-02T03:00:00Z,0.8142977005438254,19.248
2025-09-02T03:15:00Z,0.823656928478492,19.245
2025-09-02T03:30:00Z,0.823656928478492,19.245
2025-09-02T03:45:00Z,0.8233288444889979,19.242
2025-09-02T04:00:00Z,0.8187356686359735,19.24
2025-09-02T04:15:00Z,0.8203760885834868,19.24
2025-09-02T04:30:00Z,0.823656928478492,19.238
2025-09-02T04:45:00Z,0.8230007604994967,19.234
2025-09-02T05:00:00Z,0.8298905242790227,19.234
2025-09-02T05:15:00Z,0.8285781883210177,19.23
2025-09-02T05:30:00Z,0.8403892119430623,19.227
2025-09-02T05:45:00Z,0.8505598156176006,19.227
2025-09-02T06:00:00Z,0.8502317316281065,19.224
2025-09-02T06:15:00Z,0.8434971756094427,19.222
2025-09-02T06:30:00Z,0.8351221996432869,19.216
2025-09-02T06:45:00Z,0.8374187875697956,19.215
2025-09-02T07:00:00Z,0.8380749555487981,19.214
2025-09-02T07:15:00Z,0.8274033916561265,19.208
2025-09-02T07:30:00Z,0.8339650714461513,19.205
2025-09-02T07:45:00Z,0.8339650714461513,19.2
2025-09-02T08:00:00Z,0.8313403995301414,19.198
2025-09-02T08:15:00Z,0.8306842315511389,19.194
2025-09-02T08:30:00Z,0.8213250036164794,19.192
2025-09-02T08:45:00Z,0.8213250036164794,19.186
2025-09-02T09:00:00Z,0.8301832713330128,19.186
2025-09-02T09:15:00Z,0.8367449511230447,19.183
2025-09-02T09:30:00Z,0.838713455060045,19.179
2025-09-02T09:45:00Z,0.8423223789445657,19.175
2025-09-02T10:00:00Z,0.8329631510098991,19.172
2025-09-02T10:15:00Z,0.8431337546844375,19.172
2025-09-02T10:30:00Z,0.8562571142644941,19.168
2025-09-02T10:45:00Z,0.8459136343613167,19.167
2025-09-02T11:00:00Z,0.8541157340988548,19.164
2025-09-02T11:15:00Z,0.8470530940906968,19.163
2025-09-02T11:30:00Z,0.83310069030302,19.162
2025-09-02T11:45:00Z,0.8171797825783287,19.161
2025-09-02T12:00:00Z,0.807993430872294,19.164
2025-09-02T12:15:00Z,0.7881355152735807,19.163
2025-09-02T12:30:00Z,0.7899488114497188,19.164
2025-09-02T12:45:00Z,0.7712480240481412,19.165
2025-09-02T13:00:00Z,0.7776544960772966,19.165
2025-09-02T13:15:00Z,0.7761869523584153,19.17
2025-09-02T13:30:00Z,0.7770159965660426,19.173
2025-09-02T13:45:00Z,0.7817820486476919,19.176
2025-09-02T14:00:00Z,0.7875323526978448,19.179
2025-09-02T14:15:00Z,0.7893456488739758,19.187
2025-09-02T14:30:00Z,0.7983767928191341,19.192
2025-09-02T14:45:00Z,0.7924712810081118,19.196
2025-09-02T15:00:00Z,0.7985496690477589,19.199
2025-09-02T15:15:00Z,0.795924997131749,19.208
2025-09-02T15:30:00Z,0.8033157211294153,19.213
2025-09-02T15:45:00Z,0.8010191332029066,19.218
2025-09-02T16:00:00Z,0.8054571012950476,19.227
2025-09-02T16:15:00Z,0.80611326927405,19.23
2025-09-02T16:30:00Z,0.8064413532635513,19.238
2025-09-02T16:45:00Z,0.8067694372530525,19.248
2025-09-02T17:00:00Z,0.8184252531142278,19.255
2025-09-02T17:15:00Z,0.8025043453895293,19.262
2025-09-02T17:30:00Z,0.8138320772612033,19.268
2025-09-02T17:45:00Z,0.803661473586665,19.275
2025-09-02T18:00:00Z,0.7987402137441464,19.283
2025-09-02T18:15:00Z,0.799396381723156,19.288
2025-09-02T18:30:00Z,0.8013648856601563,19.293
2025-09-02T18:45:00Z,0.8066142294921761,19.299
2025-09-02T19:00:00Z,0.813676869500334,19.305
2025-09-02T19:15:00Z,NA,19.309
2025-09-02T19:30:00Z,NA,19.315
2025-09-02T19:45:00Z,NA,19.321
2025-09-02T20:00:00Z,NA,19.326
2025-09-02T20:15:00Z,NA,19.332
2025-09-02T20:30:00Z,NA,19.342
2025-09-02T20:45:00Z,NA,19.343
2025-09-02T21:00:00Z,NA,19.348
2025-09-02T21:15:00Z,NA,19.353
2025-09-02T21:30:00Z,NA,19.358
2025-09-02T21:45:00Z,NA,19.356
2025-09-02T22:00:00Z,NA,19.356
2025-09-02T22:15:00Z,NA,19.364
2025-09-02T22:30:00Z,NA,19.374
2025-09-02T22:45:00Z,NA,19.41
2025-09-02T23:00:00Z,NA,19.49
2025-09-02T23:15:00Z,NA,19.587
2025-09-02T23:30:00Z,NA,19.566
2025-09-02T23:45:00Z,NA,19.542
2025-09-03T00:00:00Z,NA,19.529
2025-09-03T00:15:00Z,NA,19.528
2025-09-03T00:30:00Z,NA,19.529
2025-09-03T00:45:00Z,NA,19.534
2025-09-03T01:00:00Z,NA,19.535
2025-09-03T01:15:00Z,NA,19.537
2025-09-03T01:30:00Z,NA,19.539
2025-09-03T01:45:00Z,NA,19.539
2025-09-03T02:00:00Z,NA,19.538
2025-09-03T02:15:00Z,NA,19.535
2025-09-03T02:30:00Z,NA,19.53
2025-09-03T02:45:00Z,NA,19.524
2025-09-03T03:00:00Z,NA,19.518
2025-09-03T03:15:00Z,NA,19.496
2025-09-03T03:30:00Z,NA,19.495
2025-09-03T03:45:00Z,NA,19.49
2025-09-03T04:00:00Z,NA,19.477
2025-09-03T04:15:00Z,NA,19.466
2025-09-03T04:30:00Z,NA,19.454
2025-09-03T04:45:00Z,NA,19.445
2025-09-03T05:00:00Z,NA,19.437
2025-09-03T05:15:00Z,NA,19.426
2025-09-03T05:30:00Z,NA,19.417
2025-09-03T05:45:00Z,NA,19.411
2025-09-03T06:00:00Z,NA,19.402
2025-09-03T06:15:00Z,NA,19.394
2025-09-03T06:30:00Z,NA,19.388
2025-09-03T06:45:00Z,NA,19.377
2025-09-03T07:00:00Z,NA,19.366
2025-09-03T07:15:00Z,NA,19.355
2025-09-03T07:30:00Z,NA,19.346
2025-09-03T07:45:00Z,NA,19.336
2025-09-03T08:00:00Z,NA,19.329
2025-09-03T08:15:00Z,NA,19.319
2025-09-03T08:30:00Z,NA,19.314
2025-09-03T08:45:00Z,NA,19.307
2025-09-03T09:00:00Z,NA,19.304
2025-09-03T09:15:00Z,NA,19.3
2025-09-03T09:30:00Z,NA,19.297
2025-09-03T09:45:00Z,NA,19.297
2025-09-03T10:00:00Z,NA,19.296
2025-09-03T10:15:00Z,NA,19.294
2025-09-03T10:30:00Z,NA,19.293
2025-09-03T10:45:00Z,NA,19.294
2025-09-03T11:00:00Z,NA,19.296
2025-09-03T11:15:00Z,NA,19.298
2025-09-03T11:30:00Z,NA,19.3
2025-09-03T11:45:00Z,NA,19.305
2025-09-03T12:00:00Z,NA,19.311
2025-09-03T12:15:00Z,NA,19.314
2025-09-03T12:30:00Z,NA,19.321
2025-09-03T12:45:00Z,NA,19.328
2025-09-03T13:00:00Z,NA,19.333
2025-09-03T13:15:00Z,NA,19.339
2025-09-03T13:30:00Z,NA,19.346
2025-09-03T13:45:00Z,NA,19.351
2025-09-03T14:00:00Z,NA,19.357
2025-09-03T14:15:00Z,NA,19.363
2025-09-03T14:30:00Z,NA,19.372
2025-09-03T14:45:00Z,NA,19.377
2025-09-03T15:00:00Z,NA,19.385
2025-09-03T15:15:00Z,NA,19.393
2025-09-03T15:30:00Z,NA,19.401
2025-09-03T15:45:00Z,NA,19.409
2025-09-03T16:00:00Z,NA,19.418
2025-09-03T16:15:00Z,NA,19.426
2025-09-03T16:30:00Z,NA,19.437
2025-09-03T16:45:00Z,NA,19.447
2025-09-03T17:00:00Z,NA,19.456
2025-09-03T17:15:00Z,NA,19.466
2025-09-03T17:30:00Z,NA,19.475
2025-09-03T17:45:00Z,NA,19.483
2025-09-03T18:00:00Z,NA,19.495
2025-09-03T18:15:00Z,NA,19.501
2025-09-03T18:30:00Z,NA,19.51
2025-09-03T18:45:00Z,NA,19.519
2025-09-03T19:00:00Z,NA,19.525
2025-09-03T19:15:00Z,NA,19.534
2025-09-03T19:30:00Z,NA,19.541
2025-09-03T19:45:00Z,NA,19.551
2025-09-03T20:00:00Z,NA,19.562
2025-09-03T20:15:00Z,NA,19.57
2025-09-03T20:30:00Z,NA,19.583
2025-09-03T20:45:00Z,NA,19.59
2025-09-03T21:00:00Z,NA,19.6
2025-09-03T21:15:00Z,NA,19.606
2025-09-03T21:30:00Z,NA,19.615
2025-09-03T21:45:00Z,NA,19.621
2025-09-03T22:00:00Z,NA,19.626
2025-09-03T22:15:00Z,NA,19.632
2025-09-03T22:30:00Z,NA,19.637
2025-09-03T22:45:00Z,NA,19.637
2025-09-03T23:00:00Z,NA,19.64
2025-09-03T23:15:00Z,NA,19.642
2025-09-03T23:30:00Z,NA,19.645
2025-09-03T23:45:00Z,NA,19.646
2025-09-04T00:00:00Z,NA,19.647
2025-09-04T00:15:00Z,NA,19.619
2025-09-04T00:30:00Z,NA,19.542
2025-09-04T00:45:00Z,NA,19.539
2025-09-04T01:00:00Z,NA,19.57
2025-09-04T01:15:00Z,NA,19.594
2025-09-04T01:30:00Z,NA,19.612
2025-09-04T01:45:00Z,NA,19.626
2025-09-04T02:00:00Z,NA,19.632
2025-09-04T02:15:00Z,NA,19.639
2025-09-04T02:30:00Z,NA,19.643
2025-09-04T02:45:00Z,NA,19.648
2025-09-04T03:00:00Z,NA,19.656
2025-09-04T03:15:00Z,NA,19.664
2025-09-04T03:30:00Z,NA,19.672
2025-09-04T03:45:00Z,NA,19.679
2025-09-04T04:00:00Z,NA,19.683
2025-09-04T04:15:00Z,NA,19.686
2025-09-04T04:30:00Z,NA,19.687
2025-09-04T04:45:00Z,NA,19.69
2025-09-04T05:00:00Z,NA,19.687
2025-09-04T05:15:00Z,NA,19.687
2025-09-04T05:30:00Z,NA,19.687
2025-09-04T05:45:00Z,NA,19.684
2025-09-04T06:00:00Z,NA,19.68
2025-09-04T06:15:00Z,NA,19.677
2025-09-04T06:30:00Z,NA,19.674
2025-09-04T06:45:00Z,NA,19.665
2025-09-04T07:00:00Z,NA,19.659
2025-09-04T07:15:00Z,0.8433596363163218,19.654
2025-09-04T07:30:00Z,0.8436877203058231,19.646
2025-09-04T07:45:00Z,0.8359689123186698,19.638
2025-09-04T08:00:00Z,0.8356408283291685,19.634
2025-09-04T08:15:00Z,0.8346565763606648,19.627
2025-09-04T08:30:00Z,0.8330161564131586,19.621
2025-09-04T08:45:00Z,0.8147986607619657,19.614
2025-09-04T09:00:00Z,0.8141424927829632,19.61
2025-09-04T09:15:00Z,0.8131582408144524,19.605
2025-09-04T09:30:00Z,0.821205132791107,19.602
2025-09-04T09:45:00Z,0.8205489648121116,19.601
2025-09-04T10:00:00Z,0.8208770488016057,19.594
2025-09-04T10:15:00Z,0.8225174687491119,19.591
2025-09-04T10:30:00Z,0.819892796833102,19.592
2025-09-04T10:45:00Z,0.8152996209800847,19.592
2025-09-04T11:00:00Z,0.8064413532635513,19.592
2025-09-04T11:15:00Z,0.8021762614000281,19.592
2025-09-04T11:30:00Z,0.7975830855470107,19.591
2025-09-04T11:45:00Z,0.7959426655995117,19.592
2025-09-04T12:00:00Z,0.8072703974711857,19.592
2025-09-04T12:15:00Z,0.8039895575761662,19.592
2025-09-04T12:30:00Z,0.8090836936473167,19.594
2025-09-04T12:45:00Z,0.8031781818362944,19.593
2025-09-04T13:00:00Z,0.7910390742247486,19.593
2025-09-04T13:15:00Z,0.7828369744872106,19.595
2025-09-04T13:30:00Z,0.7743067907601784,19.597
2025-09-04T13:45:00Z,0.7784166748628181,19.595
2025-09-04T14:00:00Z,0.7818703909864624,19.599
2025-09-04T14:15:00Z,0.7749806272069293,19.598
2025-09-04T14:30:00Z,0.7784343433305665,19.602
2025-09-04T14:45:00Z,0.770888411572038,19.606
2025-09-04T15:00:00Z,0.7736859597166799,19.607
2025-09-04T15:15:00Z,0.7781239278088208,19.61
2025-09-04T15:30:00Z,0.7735307519558035,19.613
2025-09-04T15:45:00Z,0.7776406360584431,19.616
2025-09-04T16:00:00Z,0.7889683679301172,19.619
2025-09-04T16:15:00Z,0.7833909401085961,19.623
2025-09-04T16:30:00Z,0.7794539322345742,19.629
2025-09-04T16:45:00Z,0.7845480683057247,19.635
2025-09-04T17:00:00Z,0.7766740525576878,19.637
2025-09-04T17:15:00Z,0.7724089606941718,19.644
2025-09-04T17:30:00Z,0.7843928605448482,19.648
2025-09-04T17:45:00Z,0.7797996846918309,19.654
2025-09-04T18:00:00Z,0.7875184926789913,19.657
2025-09-04T18:15:00Z,0.7914555005530062,19.662
2025-09-04T18:30:00Z,0.7927678365110111,19.666
2025-09-04T18:45:00Z,0.7947363404480186,19.669
2025-09-04T19:00:00Z,0.7996576002905371,19.674
2025-09-04T19:15:00Z,0.7973610123640285,19.676
2025-09-04T19:30:00Z,0.7990014323115417,19.683
2025-09-04T19:45:00Z,0.8045788601330628,19.692
2025-09-04T20:00:00Z,0.7962038841668928,19.7
2025-09-04T20:15:00Z,0.7958758001773987,19.705
2025-09-04T20:30:00Z,0.7939072962403841,19.71
2025-09-04T20:45:00Z,0.7968600521458953,19.714
2025-09-04T21:00:00Z,0.8014532279989197,19.718
2025-09-04T21:15:00Z,0.7888131601692407,19.719
2025-09-04T21:30:00Z,0.8007970600199172,19.721
2025-09-04T21:45:00Z,0.7825795643687101,19.72
2025-09-04T22:00:00Z,0.7838919003267222,19.722
2025-09-04T22:15:00Z,0.7822514803792089,19.721
2025-09-04T22:30:00Z,0.7897974121377445,19.721
2025-09-04T22:45:00Z,0.7966871759172705,19.719
2025-09-04T23:00:00Z,0.7920940000642531,19.721
2025-09-04T23:15:00Z,0.7911097480957423,19.719
2025-09-04T23:30:00Z,0.7943905879907618,19.718
2025-09-04T23:45:00Z,0.7945457957516382,19.714
2025-09-05T00:00:00Z,0.8301517428464038,19.697
2025-09-05T00:15:00Z,0.8472121103004753,19.684
2025-09-05T00:30:00Z,0.8616478058385297,19.681
2025-09-05T00:45:00Z,0.8595064256728975,19.682
2025-09-05T01:00:00Z,0.8624591815784157,19.685
2025-09-05T01:15:00Z,0.8640996015259148,19.688
2025-09-05T01:30:00Z,0.8621310975889074,19.689
2025-09-05T01:45:00Z,0.8634434335469123,19.688
2025-09-05T02:00:00Z,0.8534280376332433,19.686
2025-09-05T02:15:00Z,0.8637715175364136,19.685
2025-09-05T02:30:00Z,0.864427685515416,19.682
2025-09-05T02:45:00Z,0.8637715175364136,19.68
2025-09-05T03:00:00Z,0.8540842056122528,19.675
2025-09-05T03:15:00Z,0.8521157016752383,19.672
2025-09-05T03:30:00Z,0.8445697699167098,19.665
2025-09-05T03:45:00Z,0.8403046780531938,19.661
2025-09-05T04:00:00Z,0.8432574339587049,19.657
2025-09-05T04:15:00Z,0.840632762042695,19.651
2025-09-05T04:30:00Z,0.8435855179482061,19.646
2025-09-05T04:45:00Z,0.8604906776414012,19.641
2025-09-05T05:00:00Z,0.8514595336962429,19.635
2025-09-05T05:15:00Z,0.8540842056122528,19.627
2025-09-05T05:30:00Z,0.8619582213602826,19.62
2025-09-05T05:45:00Z,0.8603178014127693,19.609
2025-09-05T06:00:00Z,0.8519428254466135,19.597
2025-09-05T06:15:00Z,0.8555517493311342,19.584
2025-09-05T06:30:00Z,0.8435678494804577,19.572
2025-09-05T06:45:00Z,0.8488171933124775,19.563
2025-09-05T07:00:00Z,0.8394579653778109,19.556
2025-09-05T07:15:00Z,0.8433949732518258,19.548
2025-09-05T07:30:00Z,0.8427388052728233,19.54
2025-09-05T07:45:00Z,0.8287864014851465,19.533
2025-09-05T08:00:00Z,0.8307549054221539,19.528
2025-09-05T08:15:00Z,0.8346919132961688,19.523
2025-09-05T08:30:00Z,0.8373165852121787,19.515
2025-09-05T08:45:00Z,0.840597425107191,19.511
2025-09-05T09:00:00Z,0.8399412571281886,19.505
2025-09-05T09:15:00Z,0.8309101131830232,19.504
2025-09-05T09:30:00Z,0.8295977772250254,19.499
2025-09-05T09:45:00Z,0.8328786171200377,19.492
2025-09-05T10:00:00Z,0.8351752050465464,19.49
2025-09-05T10:15:00Z,0.8166296254058452,19.488
2025-09-05T10:30:00Z,0.8166296254058452,19.484
2025-09-05T10:45:00Z,0.8176138773743489,19.483
2025-09-05T11:00:00Z,0.8192542973218551,19.479
2025-09-05T11:15:00Z,0.8189262133323609,19.477
2025-09-05T11:30:00Z,0.8169577093953464,19.472
2025-09-05T11:45:00Z,0.8064590217313068,19.473
2025-09-05T12:00:00Z,0.7976007540147734,19.471
2025-09-05T12:15:00Z,0.7874301503402279,19.469
2025-09-05T12:30:00Z,0.7769314626761883,19.467
2025-09-05T12:45:00Z,0.7846502706633416,19.467
2025-09-05T13:00:00Z,0.7813694307683292,19.467
2025-09-05T13:15:00Z,0.7858073988604772,19.463
2025-09-05T13:30:00Z,0.7882768630156036,19.467
2025-09-05T13:45:00Z,0.7892611149841073,19.469
2025-09-05T14:00:00Z,0.7999326788767789,19.47
2025-09-05T14:15:00Z,0.7969799229712677,19.472
2025-09-05T14:30:00Z,0.800433639094912,19.475
2025-09-05T14:45:00Z,0.7958404632418947,19.479
2025-09-05T15:00:00Z,0.796168547231396,19.484
2025-09-05T15:15:00Z,0.796168547231396,19.491
2025-09-05T15:30:00Z,0.8042154392080505,19.497
2025-09-05T15:45:00Z,0.8042154392080505,19.503
2025-09-05T16:00:00Z,0.800934599313031,19.512
2025-09-05T16:15:00Z,0.7979818434075199,19.519
2025-09-05T16:30:00Z,0.7943729195230134,19.528
2025-09-05T16:45:00Z,0.7917482476070035,19.534
2025-09-05T17:00:00Z,0.7891235756909936,19.539
2025-09-05T17:15:00Z,0.7948738797411465,19.547
2025-09-05T17:30:00Z,0.7958581317096431,19.554
2025-09-05T17:45:00Z,0.7915930398461271,19.56
2025-09-05T18:00:00Z,0.7879841159616134,19.567
2025-09-05T18:15:00Z,0.7853594440456035,19.573
2025-09-05T18:30:00Z,0.7817505201610828,19.578
2025-09-05T18:45:00Z,0.7973433438962729,19.581
2025-09-05T19:00:00Z,0.7970152599067717,19.587
2025-09-05T19:15:00Z,0.8035769396967964,19.592
2025-09-05T19:30:00Z,0.8058735276233051,19.596
2025-09-05T19:45:00Z,0.8107947874658237,19.596
2025-09-05T20:00:00Z,0.815387963318841,19.597
2025-09-05T20:15:00Z,0.8099657432582035,19.597
2025-09-05T20:30:00Z,0.8119342471952038,19.596
2025-09-05T20:45:00Z,0.8129184991637146,19.593
2025-09-05T21:00:00Z,0.8068401111240604,19.586
2025-09-05T21:15:00Z,0.8091366990505691,19.579
2025-09-05T21:30:00Z,0.7994493871264083,19.573
2025-09-05T21:45:00Z,0.7951842952628922,19.563
2025-09-05T22:00:00Z,0.7968247152103984,19.552
2025-09-05T22:15:00Z,0.803058311010922,19.543
2025-09-05T22:30:00Z,0.8076514868639464,19.534
2025-09-05T22:45:00Z,0.8083076548429418,19.524
2025-09-05T23:00:00Z,0.8022292668032875,19.517
2025-09-05T23:15:00Z,0.8032135187717913,19.504
2025-09-05T23:30:00Z,0.8038696867508008,19.492
2025-09-05T23:45:00Z,0.8058381906878083,19.479
2025-09-06T00:00:00Z,0.7984474666901491,19.467
2025-09-06T00:15:00Z,0.8036968105221689,19.454
2025-09-06T00:30:00Z,0.8076338183961838,19.442
2025-09-06T00:45:00Z,0.8076338183961838,19.43
2025-09-06T01:00:00Z,0.7972903384930206,19.42
2025-09-06T01:15:00Z,0.8035239342935512,19.406
2025-09-06T01:30:00Z,0.8100856140835688,19.393
2025-09-06T01:45:00Z,0.8003983021594081,19.38
2025-09-06T02:00:00Z,0.7997421341804056,19.363
2025-09-06T02:15:00Z,0.8023668060964155,19.352
2025-09-06T02:30:00Z,0.7930075781617489,19.341
2025-09-06T02:45:00Z,0.7989130899727783,19.329
2025-09-06T02:45:00Z,0.7989130899727783,19.329
2025-09-06T03:00:00Z,0.7969445860357709,19.317
2025-09-06T03:15:00Z,0.8008815939097857,19.311
2025-09-06T03:30:00Z,0.8035062658257957,19.299
2025-09-06T03:45:00Z,0.8103960296053216,19.294
2025-09-06T04:00:00Z,0.8185981293428597,19.286
2025-09-06T04:15:00Z,0.811863573324203,19.277
2025-09-06T04:30:00Z,0.8177690851352253,19.266
2025-09-06T04:30:00Z,0.8177690851352253,19.266
2025-09-06T04:45:00Z,0.825643100883255,19.257
2025-09-06T05:00:00Z,0.8215332167806082,19.246
2025-09-06T05:15:00Z,0.8254702246546302,19.233
2025-09-06T05:30:00Z,0.8151267447514599,19.219
2025-09-06T05:45:00Z,0.8074079367642923,19.201
2025-09-06T06:00:00Z,0.8087202727223044,19.18
2025-09-06T06:15:00Z,0.8152819525123292,19.159
2025-09-06T06:30:00Z,0.810515900430687,19.144
2025-09-06T06:45:00Z,0.8216707560737362,19.132
2025-09-06T07:00:00Z,0.8295447718217659,19.123
2025-09-06T07:15:00Z,0.8228102158031092,19.119
2025-09-06T07:30:00Z,0.8251068037296179,19.113
2025-09-06T07:45:00Z,0.8203407516479757,19.108
2025-09-06T08:00:00Z,0.8103253557343066,19.104
2025-09-06T08:15:00Z,0.8145904475978227,19.1
2025-09-06T08:30:00Z,0.8139342796188203,19.097
2025-09-06T08:45:00Z,0.807855891579166,19.094
2025-09-06T09:00:00Z,0.8124490674321834,19.091
2025-09-06T09:15:00Z,0.8167141592957066,19.091
2025-09-06T09:30:00Z,0.8213073351487239,19.095
2025-09-06T09:45:00Z,0.8070268473715316,19.095
2025-09-06T10:00:00Z,0.8050583434345313,19.096
2025-09-06T10:15:00Z,0.8006203753423904,19.095
2025-09-06T10:30:00Z,0.8006203753423904,19.095
2025-09-06T10:45:00Z,0.8012765433213929,19.094
2025-09-06T11:00:00Z,0.8009484593318845,19.094
2025-09-06T11:15:00Z,0.8009484593318845,19.094
2025-09-06T11:30:00Z,0.7970114514578768,19.095
2025-09-06T11:45:00Z,0.7914340236363557,19.096
2025-09-06T12:00:00Z,0.7888093517203458,19.096
2025-09-06T12:15:00Z,0.7868408477833384,19.098
2025-09-06T12:30:00Z,0.7838880918778273,19.101
2025-09-06T12:45:00Z,0.7799510840038053,19.101
2025-09-06T13:00:00Z,0.7853733040644499,19.104
2025-09-06T13:15:00Z,0.7804520442219314,19.107
2025-09-06T13:30:00Z,0.7781554562954227,19.112
2025-09-06T13:45:00Z,0.7735622804424054,19.113
2025-09-06T14:00:00Z,0.7750474926290352,19.115
2025-09-06T14:15:00Z,0.7730789886920277,19.118
2025-09-06T14:30:00Z,0.7697981487970154,19.122
2025-09-06T14:45:00Z,0.7768607888051733,19.126
2025-09-06T15:00:00Z,0.7888446886558498,19.13
2025-09-06T15:15:00Z,0.7855638487608374,19.136
2025-09-06T15:30:00Z,0.7826110928553263,19.141
2025-09-06T15:45:00Z,0.7806425889183188,19.146
2025-09-06T16:00:00Z,0.7793302529603139,19.15
2025-09-06T16:15:00Z,0.7799864209393164,19.155
2025-09-06T16:30:00Z,0.7877052289264697,19.162
2025-09-06T16:45:00Z,0.7880333129159709,19.17
2025-09-06T17:00:00Z,0.7900018168529712,19.176
2025-09-06T17:15:00Z,0.7890175648844746,19.182
2025-09-06T17:30:00Z,0.7870490609474601,19.189
2025-09-06T17:45:00Z,0.7857367249894622,19.194
2025-09-06T18:00:00Z,0.7804873811574424,19.201
2025-09-06T18:15:00Z,0.7788469612099291,19.206
2025-09-06T18:30:00Z,0.7788469612099291,19.212
2025-09-06T18:45:00Z,0.7804873811574424,19.218
2025-09-06T19:00:00Z,0.7960802048926254,19.223
2025-09-06T19:15:00Z,0.802313800693156,19.228
2025-09-06T19:30:00Z,0.8098597324516845,19.232
2025-09-06T19:45:00Z,0.8054217643595365,19.238
2025-09-06T20:00:00Z,0.8083745202650476,19.242
2025-09-06T20:15:00Z,0.8006557122778943,19.243
2025-09-06T20:30:00Z,0.802952300204403,19.246
2025-09-06T20:45:00Z,0.7962177441857534,19.247
2025-09-06T21:00:00Z,0.7962177441857534,19.244
2025-09-06T21:15:00Z,0.7952334922172497,19.242
2025-09-06T21:30:00Z,0.7839057603455757,19.236
2025-09-06T21:45:00Z,0.7875146842300893,19.225
2025-09-06T22:00:00Z,0.7862023482720844,19.208
2025-09-06T22:15:00Z,0.7845619283245782,19.189
2025-09-06T22:30:00Z,0.7862023482720844,19.171
2025-09-06T22:45:00Z,0.7911236081146029,19.144
2025-09-06T23:00:00Z,0.7921078600831066,19.119
2025-09-06T23:15:00Z,0.7947325319991165,19.094
2025-09-06T23:30:00Z,0.7927640280621091,19.068
2025-09-06T23:45:00Z,0.7807801282114326,19.043
2025-09-07T00:00:00Z,0.7824205481589388,19.017
2025-09-07T00:15:00Z,0.7820924641694376,18.99
2025-09-07T00:30:00Z,0.7830767161379413,18.96
2025-09-07T00:45:00Z,0.7811082122009338,18.929
2025-09-07T01:00:00Z,0.7837328841169438,18.899
2025-09-07T01:15:00Z,0.7788116242744252,18.864
2025-09-07T01:30:00Z,0.7788116242744252,18.831
2025-09-07T01:45:00Z,0.7824205481589388,18.79
2025-09-07T02:00:00Z,0.7834048001274425,18.75
2025-09-07T02:15:00Z,0.7830767161379413,18.708
2025-09-07T02:30:00Z,0.7830767161379413,18.668
2025-09-07T02:45:00Z,0.7820924641694376,18.63
2025-09-07T03:00:00Z,0.7853733040644499,18.591
2025-09-07T03:15:00Z,0.7879979759804598,18.558
2025-09-07T03:30:00Z,0.7919349838544747,18.523
2025-09-07T03:45:00Z,0.7925911518334843,18.487
2025-09-07T04:00:00Z,0.7945596557704846,18.456
2025-09-07T04:15:00Z,0.8024336715185214,18.432
2025-09-07T04:30:00Z,0.798651871405383,18.409
2025-09-07T04:45:00Z,0.8039012152374028,18.386
2025-09-07T05:00:00Z,0.8084943910904272,18.363
2025-09-07T05:15:00Z,0.8011036670927609,18.337
2025-09-07T05:30:00Z,0.8053687589562841,18.31
2025-09-07T05:45:00Z,0.7956814470321092,18.284
2025-09-07T06:00:00Z,0.7999465388956253,18.258
2025-09-07T06:15:00Z,0.8071643866646596,18.237
2025-09-07T06:30:00Z,0.8007579146355113,18.221
2025-09-07T06:45:00Z,0.8046949225095261,18.204
2025-09-07T07:00:00Z,0.8060072584675311,18.189
2025-09-07T07:15:00Z,0.800256954417371,18.176
2025-09-07T07:30:00Z,0.8055062982493908,18.17
2025-09-07T07:45:00Z,0.8097713901129069,18.159
2025-09-07T08:00:00Z,0.8117398940499214,18.153
2025-09-07T08:15:00Z,0.8059895899997827,18.144
2025-09-07T08:30:00Z,0.8102546818632987,18.134
2025-09-07T08:45:00Z,0.8122231858003062,18.131
2025-09-07T09:00:00Z,0.8200972015483359,18.125
2025-09-07T09:15:00Z,0.8113941415926647,18.126
2025-09-07T09:30:00Z,0.8140188135086817,18.124
2025-09-07T09:45:00Z,0.8150030654771783,18.125
2025-09-07T10:00:00Z,0.8036753336055114,18.128
2025-09-07T10:15:00Z,0.801706829668511,18.131
2025-09-07T10:30:00Z,0.8007225777000002,18.137
2025-09-07T10:45:00Z,0.7987540737629928,18.142
2025-09-07T11:00:00Z,0.7984259897734916,18.154
2025-09-07T11:15:00Z,0.793504729930973,18.162
2025-09-07T11:30:00Z,0.7951451498784792,18.175
2025-09-07T11:45:00Z,0.7925204779624693,18.188
2025-09-07T12:00:00Z,0.7905519740254618,18.201
2025-09-07T12:15:00Z,0.795318026107104,18.21
2025-09-07T12:30:00Z,0.7913810182330892,18.221
2025-09-07T12:45:00Z,0.7917091022225904,18.233
2025-09-07T13:00:00Z,0.7890844303065805,18.247
2025-09-07T13:15:00Z,0.7874440103590672,18.26
2025-09-07T13:30:00Z,0.7925381464302319,18.273
2025-09-07T13:45:00Z,0.7889292225457112,18.286
2025-09-07T14:00:00Z,0.7836798787136914,18.299
2025-09-07T14:15:00Z,0.7758058629656617,18.313
2025-09-07T14:30:00Z,0.7825404189843042,18.326
2025-09-07T14:45:00Z,0.7779472431312797,18.343
2025-09-07T15:00:00Z,0.7743383192467661,18.357
2025-09-07T15:15:00Z,0.7800886232969262,18.373
2025-09-07T15:30:00Z,0.7718865235593952,18.385
2025-09-07T15:45:00Z,0.7786210795780448,18.403
2025-09-07T16:00:00Z,0.7756683236725266,18.417
2025-09-07T16:15:00Z,0.770747063830008,18.432
2025-09-07T16:30:00Z,0.780434375754183,18.448
2025-09-07T16:45:00Z,0.7771535358591706,18.462
2025-09-07T17:00:00Z,0.7845442598568226,18.475
2025-09-07T17:15:00Z,0.7773264120877954,18.489
2025-09-07T17:30:00Z,0.7733894042137806,18.502
2025-09-07T17:45:00Z,0.7724051522452768,18.516
2025-09-07T18:00:00Z,0.7830767161379413,18.53
2025-09-07T18:15:00Z,0.78274863214844,18.542
2025-09-07T18:30:00Z,0.7893103119384648,18.558
2025-09-07T18:45:00Z,0.7919349838544747,18.57
2025-09-07T19:00:00Z,0.796528159707492,18.583
2025-09-07T19:15:00Z,0.7991528316235019,18.596
2025-09-07T19:30:00Z,0.8053864274240325,18.608
2025-09-07T19:45:00Z,0.8103076872665511,18.619
2025-09-07T20:00:00Z,0.804229299226904,18.63
2025-09-07T20:15:00Z,0.8081663071009189,18.642
2025-09-07T20:30:00Z,0.8130875669434374,18.651
2025-09-07T20:45:00Z,0.8040564229982721,18.664
2025-09-07T21:00:00Z,0.8063530109247807,18.674
2025-09-07T21:15:00Z,0.807993430872294,18.685
2025-09-07T21:30:00Z,0.7983061189481191,18.695
2025-09-07T21:45:00Z,0.8002746228851265,18.704
2025-09-07T22:00:00Z,0.7999465388956253,18.712
2025-09-07T22:15:00Z,0.7876345550554618,18.72
2025-09-07T22:30:00Z,0.7846817991499506,18.726
2025-09-07T22:45:00Z,0.7846817991499506,18.733
2025-09-07T23:00:00Z,0.7856660511184472,18.737
2025-09-07T23:15:00Z,0.787962639044963,18.738
2025-09-07T23:30:00Z,0.7889468910134596,18.736
2025-09-07T23:45:00Z,0.7902592269714717,18.727
2025-09-08T00:00:00Z,0.7899311429819704,18.71
2025-09-08T00:15:00Z,0.7905873109609729,18.69
2025-09-08T00:30:00Z,0.7896030589924692,18.669
2025-09-08T00:45:00Z,0.7863222190974497,18.642
2025-09-08T01:00:00Z,0.7856660511184472,18.614
2025-09-08T01:15:00Z,0.7800886232969262,18.59
2025-09-08T01:30:00Z,0.7787762873389212,18.562
2025-09-08T01:45:00Z,0.7768077834019138,18.531
2025-09-08T02:00:00Z,0.7741831114859039,18.504
2025-09-08T02:15:00Z,0.7845265913890671,18.472
2025-09-08T02:30:00Z,0.7874793472945782,18.444
2025-09-08T02:45:00Z,0.7874793472945782,18.416
2025-09-08T03:00:00Z,0.7864950953260745,18.384
2025-09-08T03:15:00Z,0.7848546753785683,18.356
2025-09-08T03:30:00Z,0.7822300034625584,18.325
2025-09-08T03:45:00Z,0.781573835483556,18.296
2025-09-08T04:00:00Z,0.7868231793155758,18.27
2025-09-08T04:15:00Z,0.7881355152735807,18.246
2025-09-08T04:30:00Z,0.7878074312840795,18.219
2025-09-08T04:45:00Z,0.7901040192105881,18.195
2025-09-08T05:00:00Z,0.7904321032000894,18.174
2025-09-08T05:15:00Z,0.7937129430951089,18.15
2025-09-08T05:30:00Z,0.7979780349586179,18.127
2025-09-08T05:45:00Z,0.8002746228851265,18.106
2025-09-08T06:00:00Z,0.8065082186856571,18.08
2025-09-08T06:15:00Z,0.8001017466565088,18.053
2025-09-08T06:30:00Z,0.80042983064601,18.029
2025-09-08T06:45:00Z,0.8030545025620199,18.019
2025-09-08T07:00:00Z,0.7953356945748524,18.008
2025-09-08T07:15:00Z,0.7959918625538549,18.002
2025-09-08T07:30:00Z,0.7986165344698719,17.996
2025-09-08T07:45:00Z,0.7915538944617211,17.991
2025-09-08T08:00:00Z,0.79385048238822975,17.992
2025-09-08T08:15:00Z,0.8007402461677628,17.989
2025-09-08T08:30:00Z,0.8030368340942715,17.986
2025-09-08T08:45:00Z,0.7933495221700966,17.981
2025-09-08T09:00:00Z,0.795318026107104,17.979
2025-09-08T09:15:00Z,0.796630362065109,17.978
2025-09-08T09:30:00Z,0.7843183782249383,17.98
2025-09-08T09:45:00Z,0.7843183782249383,17.983
2025-09-08T10:00:00Z,0.7803813703509235,17.987
2025-09-08T10:15:00Z,0.7800532863614222,17.994
2025-09-08T10:30:00Z,0.7793971183824198,18.002
2025-09-08T10:45:00Z,0.7790690343929114,18.012
2025-09-08T11:00:00Z,0.7787409504034102,18.021
2025-09-08T11:15:00Z,0.7835070024850594,18.034
2025-09-08T11:30:00Z,0.7762891547160251,18.042
2025-09-08T11:45:00Z,0.7687432229574966,18.055
2025-09-08T12:00:00Z,0.7631657951359756,18.068
2025-09-08T12:15:00Z,0.7559479473669484,18.08
2025-09-08T12:30:00Z,0.7574331595535853,18.09
2025-09-08T12:45:00Z,0.7602307076982129,18.104
2025-09-08T13:00:00Z,0.7546532798766918,18.115
2025-09-08T13:15:00Z,0.7617159198848498,18.129
2025-09-08T13:30:00Z,0.7622168801029758,18.142
2025-09-08T13:45:00Z,0.7566394522814548,18.154
2025-09-08T14:00:00Z,0.754515740583571,18.166
2025-09-08T14:15:00Z,0.7466417248355413,18.18
2025-09-08T14:30:00Z,0.7533762808541979,18.196
2025-09-08T14:45:00Z,0.7574861649568376,18.209
2025-09-08T15:00:00Z,0.7612679650699832,18.222
2025-09-08T15:15:00Z,0.7630812612461213,18.236
2025-09-08T15:30:00Z,0.7548791615085833,18.25
2025-09-08T15:45:00Z,0.7580047936427263,18.264
2025-09-08T16:00:00Z,0.7527554498107065,18.278
2025-09-08T16:15:00Z,0.7581776698713512,18.293
2025-09-08T16:30:00Z,0.7642560579110054,18.307
2025-09-08T16:45:00Z,0.7613033020054871,18.32
2025-09-08T17:00:00Z,0.768365942013638,18.336
2025-09-08T17:15:00Z,0.7647570181291243,18.35
2025-09-08T17:30:00Z,0.7780532539378129,18.364
2025-09-08T17:45:00Z,0.775428582021803,18.379
2025-09-08T18:00:00Z,0.7751004980323017,18.39
2025-09-08T18:15:00Z,0.7751004980323017,18.405
2025-09-08T18:30:00Z,0.7760847500008055,18.419
2025-09-08T18:45:00Z,0.7760847500008055,18.431
2025-09-08T19:00:00Z,0.7793655898958249,18.445
2025-09-08T19:15:00Z,0.7865834376648522,18.458
2025-09-08T19:30:00Z,0.7947855374023831,18.472
2025-09-08T19:45:00Z,0.7990506292658921,18.484
2025-09-08T20:00:00Z,0.804299973097919,18.495
2025-09-08T20:15:00Z,0.8036438051189165,18.509
2025-09-08T20:30:00Z,0.7952688291527537,18.525
2025-09-08T20:45:00Z,0.8005181729847735,18.539
2025-09-08T21:00:00Z,0.7921431970186177,18.555
2025-09-08T21:15:00Z,0.7924712810081118,18.567
2025-09-08T21:30:00Z,0.7970644568611363,18.576
2025-09-08T21:45:00Z,0.7857367249894622,18.591
2025-09-08T22:00:00Z,0.7942669087164944,18.6
2025-09-08T22:15:00Z,0.8398705832571736,18.594
2025-09-08T22:30:00Z,0.8943325255143932,18.582
2025-09-08T22:45:00Z,0.9061435491364378,18.593
2025-09-08T23:00:00Z,0.9048312131784328,18.606
2025-09-08T23:15:00Z,0.88398904561123,18.62
2025-09-08T23:30:00Z,0.8748026939051954,18.636
2025-09-08T23:45:00Z,0.8798968299763317,18.651
2025-09-09T00:00:00Z,0.860695082356635,18.666
2025-09-09T00:15:00Z,0.8657892184277785,18.68
2025-09-09T00:30:00Z,0.856930950711245,18.694
2025-09-09T00:45:00Z,0.8467603470366996,18.701
2025-09-09T01:00:00Z,0.8428233391626918,18.712
2025-09-09T01:15:00Z,0.8365897433621612,18.719
2025-09-09T01:30:00Z,0.8310123155406401,18.723
2025-09-09T01:45:00Z,0.8354502836327882,18.73
2025-09-09T02:00:00Z,0.8265920159162548,18.732
2025-09-09T02:15:00Z,0.8239673440002449,18.728
2025-09-09T02:30:00Z,0.8167494962312105,18.72
2025-09-09T02:45:00Z,0.8218436323023539,18.711
2025-09-09T03:00:00Z,0.8149538685228208,18.701
2025-09-09T03:15:00Z,0.813641532564823,18.687
2025-09-09T03:30:00Z,0.8116730286278155,18.668
2025-09-09T03:45:00Z,0.818079500656971,18.653
2025-09-09T04:00:00Z,0.8138144087934549,18.638
2025-09-09T04:15:00Z,0.8092212329404447,18.614
2025-09-09T04:30:00Z,0.8128301568249512,18.591
2025-09-09T04:45:00Z,0.8248140566756206,18.568
2025-09-09T05:00:00Z,0.8248140566756206,18.539
2025-09-09T05:15:00Z,0.8241578886966181,18.514
2025-09-09T05:30:00Z,0.8300634005076404,18.486
2025-09-09T05:45:00Z,0.8333442404026599,18.458
2025-09-09T06:00:00Z,0.8353127443396602,18.431
2025-09-09T06:15:00Z,0.8269377683735115,18.402
2025-09-09T06:30:00Z,0.8259535164050078,18.377
2025-09-09T06:45:00Z,0.8272658523630128,18.353
2025-09-09T07:00:00Z,0.8175785404388378,18.337
2025-09-09T07:15:00Z,0.8142977005438254,18.327
2025-09-09T07:30:00Z,0.8149538685228208,18.324
2025-09-09T07:45:00Z,NA,18.327
2025-09-09T08:00:00Z,0.820531296344349,18.334
2025-09-09T08:15:00Z,0.8211874643233514,18.343
2025-09-09T08:30:00Z,0.8241402202288626,18.353
2025-09-09T08:45:00Z,0.8254525561868675,18.361
2025-09-09T09:00:00Z,0.8170775802207118,18.371
2025-09-09T09:15:00Z,0.8167494962312105,18.383
2025-09-09T09:30:00Z,0.816093328252208,18.397
2025-09-09T09:45:00Z,0.8197022521367217,18.415
2025-09-09T10:00:00Z,0.8054217643595365,18.43
2025-09-09T10:15:00Z,0.8027970924435266,18.445
2025-09-09T10:30:00Z,0.8018128404750229,18.46
2025-09-09T10:45:00Z,0.797875832601008,18.473
2025-09-09T11:00:00Z,0.7926264887689882,18.485
2025-09-09T11:15:00Z,0.7824558850944427,18.5
2025-09-09T11:30:00Z,0.7911589450501069,18.511
2025-09-09T11:45:00Z,0.787221937176092,18.519
2025-09-09T12:00:00Z,0.7826287613230747,18.53
2025-09-09T12:15:00Z,0.7900194853207267,18.535
2025-09-09T12:30:00Z,0.7870667294152156,18.546
2025-09-09T12:45:00Z,0.7908485295283612,18.552
2025-09-09T13:00:00Z,0.7839587657488352,18.558
2025-09-09T13:15:00Z,0.7724758261162918,18.565
2025-09-09T13:30:00Z,0.7626333064312547,18.571
2025-09-09T13:45:00Z,0.767727442502391,18.576
2025-09-09T14:00:00Z,0.7711811586260353,18.582
2025-09-09T14:15:00Z,0.7613386389409982,18.588
2025-09-09T14:30:00Z,0.76413618708564,18.594
2025-09-09T14:45:00Z,0.7669337352302747,18.6
2025-09-09T15:00:00Z,0.7593878034717463,18.605
2025-09-09T15:15:00Z,0.7654661915113934,18.612
2025-09-09T15:30:00Z,0.7699041596035343,18.618
2025-09-09T15:45:00Z,0.7753263796641789,18.626
2025-09-09T16:00:00Z,0.7690927838636625,18.632
2025-09-09T16:15:00Z,0.7754992558928109,18.64
2025-09-09T16:30:00Z,0.7822338119114605,18.65
2025-09-09T16:45:00Z,0.781577643932458,18.657
2025-09-09T17:00:00Z,0.780265307974453,18.668
2025-09-09T17:15:00Z,0.7899526198986209,18.675
2025-09-09T17:30:00Z,0.7876560319721122,18.684
2025-09-09T17:45:00Z,0.7883121999511147,18.693
2025-09-09T18:00:00Z,0.7863436960141073,18.701
2025-09-09T18:15:00Z,0.7902807038881221,18.708
2025-09-09T18:30:00Z,0.7902807038881221,18.717
2025-09-09T18:45:00Z,0.7899526198986209,18.724
2025-09-09T19:00:00Z,0.7922492078251295,18.733
2025-09-09T19:15:00Z,0.8027478954891762,18.741
2025-09-09T19:30:00Z,0.807997239321196,18.749
2025-09-09T19:45:00Z,0.807997239321196,18.759
2025-09-09T20:00:00Z,0.806684903363184,18.77
2025-09-09T20:15:00Z,0.7992941793655319,18.776
2025-09-09T20:30:00Z,0.8058558591555496,18.786
2025-09-09T20:45:00Z,0.8111052029875765,18.794
2025-09-09T21:00:00Z,0.8783624208353444,18.771
2025-09-09T21:15:00Z,1.0476537594180186,18.775
2025-09-09T21:30:00Z,1.053058311010922,18.796
2025-09-09T21:45:00Z,1.0458404632418947,18.819
2025-09-09T22:00:00Z,1.0356698595673564,18.846
2025-09-09T22:15:00Z,0.994003192900685,18.884
2025-09-09T22:30:00Z,0.9631632978875615,18.924
2025-09-09T22:45:00Z,0.9579139540555417,18.969
2025-09-09T23:00:00Z,0.9969559488061961,19.012
2025-09-09T23:15:00Z,1.0376383635043638,19.053
2025-09-09T23:30:00Z,1.0015491246592134,19.093
2025-09-09T23:45:00Z,0.953804069952902,19.131
2025-09-10T00:00:00Z,0.9695521014489614,19.165
2025-09-10T00:15:00Z,1.0469799229712677,19.197
2025-09-10T00:30:00Z,1.0010481644410874,19.228
2025-09-10T00:45:00Z,0.9613500017114305,19.254
2025-09-10T01:00:00Z,0.9393683744148404,19.285
2025-09-10T01:15:00Z,0.9265730988242922,19.327
2025-09-10T01:30:00Z,0.9190271670657566,19.37
2025-09-10T01:45:00Z,0.9001535034355541,19.412
2025-09-10T02:00:00Z,0.8986859597166799,19.448
2025-09-10T02:15:00Z,0.8937646998741613,19.481
2025-09-10T02:30:00Z,0.885234516147122,19.506
2025-09-10T02:45:00Z,0.8760481644410874,19.53
2025-09-10T03:00:00Z,0.8801580485437341,19.544
2025-09-10T03:15:00Z,0.8596439649660184,19.561
2025-09-10T03:30:00Z,0.8543946211339986,19.572
2025-09-10T03:45:00Z,0.8478329413439738,19.584
2025-09-10T04:00:00Z,0.8393027576169416,19.592
2025-09-10T04:15:00Z,0.8324129938374085,19.6
2025-09-10T04:30:00Z,0.8281479019738924,19.603
2025-09-10T04:45:00Z,0.8311006578794107,19.608
2025-09-10T05:00:00Z,0.8409431775644478,19.61
2025-09-10T05:15:00Z,0.8585045052366453,19.612
2025-09-10T05:30:00Z,0.866378520984675,19.61
2025-09-10T05:45:00Z,0.8639090568295416,19.61
2025-09-10T06:00:00Z,0.8509409050103542,19.607
2025-09-10T06:15:00Z,0.8379727531911811,19.601
2025-09-10T06:30:00Z,0.836159457015043,19.597
2025-09-10T06:45:00Z,0.8228632212063687,19.588
2025-09-10T07:00:00Z,0.8238474731748795,19.584
2025-09-10T07:15:00Z,0.8212228012588696,19.575
2025-09-10T07:30:00Z,0.8128478252927067,19.569
2025-09-10T07:45:00Z,0.8213780090197389,19.56
2025-09-10T08:00:00Z,0.8299081927467711,19.556
2025-09-10T08:15:00Z,0.8295801087572698,19.547
2025-09-10T08:30:00Z,0.8354856205682921,19.543
2025-09-10T08:45:00Z,0.8277668125811317,19.539
2025-09-10T09:00:00Z,0.8203760885834868,19.535
2025-09-10T09:15:00Z,0.8239850124679933,19.529
2025-09-10T09:30:00Z,0.8149538685228208,19.528
2025-09-10T09:45:00Z,0.8126572805963121,19.523
2025-09-10T10:00:00Z,0.8139696165543242,19.52
2025-09-10T10:15:00Z,0.802313800693156,19.518
2025-09-10T10:30:00Z,0.8006733807456499,19.515
2025-09-10T10:45:00Z,0.7957521209031242,19.514
2025-09-10T11:00:00Z,0.792799364997613,19.512
2025-09-10T11:15:00Z,0.7905027770711044,19.508
2025-09-10T11:30:00Z,0.7908308610606056,19.509
2025-09-10T11:45:00Z,0.7941117009556251,19.509
2025-09-10T12:00:00Z,0.8057675168167933,19.508
2025-09-10T12:15:00Z,0.805439432827292,19.509
2025-09-10T12:30:00Z,0.8057675168167933,19.509
2025-09-10T12:45:00Z,0.8070798527747911,19.512
2025-09-10T13:00:00Z,0.8037990128797787,19.512
2025-09-10T13:15:00Z,0.7985496690477589,19.514
2025-09-10T13:30:00Z,0.7992058370267614,19.517
2025-09-10T13:45:00Z,0.7944397849451263,19.521
2025-09-10T14:00:00Z,0.8238121362393613,19.525
2025-09-10T14:15:00Z,0.8402163357144232,19.527
2025-09-10T14:30:00Z,0.8523554433259761,19.533
2025-09-10T14:45:00Z,0.8728695269036919,19.541
2025-09-10T15:00:00Z,0.8774627027567163,19.555
2025-09-10T15:15:00Z,0.8946959464393984,19.572
2025-09-10T15:30:00Z,0.8946959464393984,19.596
2025-09-10T15:45:00Z,0.9032261301664377,19.612
2025-09-10T16:00:00Z,0.9212707495890129,19.636
2025-09-10T16:15:00Z,0.9408005811982179,19.664
2025-09-10T16:30:00Z,0.9371916573137042,19.707
2025-09-10T16:45:00Z,0.92734913762866,19.768
2025-09-10T17:00:00Z,0.9201312898596328,19.841
2025-09-10T17:15:00Z,0.9132415260801068,19.925
2025-09-10T17:30:00Z,0.915382906245739,20.011
2025-09-10T17:45:00Z,0.9058684705502102,20.091
2025-09-10T18:00:00Z,0.8947136149071611,20.173
2025-09-10T18:15:00Z,0.8881519351171363,20.251
2025-09-10T18:30:00Z,0.892261819219776,20.321
2025-09-10T18:45:00Z,0.8896371473037661,20.383
2025-09-10T19:00:00Z,0.8889809793247565,20.435
2025-09-10T19:15:00Z,0.8834035515032355,20.486
2025-09-10T19:30:00Z,0.8834035515032355,20.528
2025-09-10T19:45:00Z,0.8681388117575537,20.562
2025-09-10T20:00:00Z,0.8684668957470549,20.595
2025-09-10T20:15:00Z,0.8674826437785512,20.622
2025-09-10T20:30:00Z,0.8574672478648822,20.643
2025-09-10T20:45:00Z,0.8600919197808921,20.66
2025-09-10T21:00:00Z,0.8607480877598945,20.674
2025-09-10T21:15:00Z,0.8594357518018896,20.686
2025-09-10T21:30:00Z,0.8474518519512131,20.691
2025-09-10T21:45:00Z,0.8471237679617118,20.697
2025-09-10T22:00:00Z,0.8474518519512131,20.699
2025-09-10T22:15:00Z,0.83448370013204,20.698
2025-09-10T22:30:00Z,0.8328432801845338,20.697
2025-09-10T22:45:00Z,0.8298905242790227,20.689
2025-09-10T23:00:00Z,0.827593936352514,20.682
2025-09-10T23:15:00Z,0.8266096843840103,20.673
2025-09-10T23:30:00Z,0.8295624402895214,20.663
2025-09-10T23:45:00Z,0.8279220203420152,20.652
2025-09-11T00:00:00Z,0.8289062723105189,20.64
2025-09-11T00:15:00Z,0.827593936352514,20.627
2025-09-11T00:30:00Z,0.8298905242790227,20.608
2025-09-11T00:45:00Z,0.8312028602370276,20.591
2025-09-11T01:00:00Z,0.8354679521005437,20.576
2025-09-11T01:15:00Z,0.8348117841215412,20.555
2025-09-11T01:30:00Z,0.8284053120923787,20.536
2025-09-11T01:45:00Z,0.8280772281028774,20.52
2025-09-11T02:00:00Z,0.8208593803338502,20.497
2025-09-11T02:15:00Z,0.8238121362393613,20.477
2025-09-11T02:30:00Z,0.827421060123875,20.454
2025-09-11T02:45:00Z,0.8124844043676944,20.431
2025-09-11T03:00:00Z,0.8238121362393613,20.409
2025-09-11T03:15:00Z,0.8284053120923787,20.385
2025-09-11T03:30:00Z,0.817405664210213,20.361
2025-09-11T03:45:00Z,0.8280772281028774,20.336
2025-09-11T04:00:00Z,0.8307019000188944,20.312
2025-09-11T04:15:00Z,0.8197022521367217,20.287
2025-09-11T04:30:00Z,0.8359512438509142,20.259
2025-09-11T04:45:00Z,0.8252796799582427,20.234
2025-09-11T05:00:00Z,0.8288886038427563,20.203
2025-09-11T05:15:00Z,0.8321694437377758,20.172
2025-09-11T05:30:00Z,0.8367626195907931,20.141
2025-09-11T05:45:00Z,0.8410277114543092,20.108
2025-09-11T06:00:00Z,0.8443085513493216,20.071
2025-09-11T06:15:00Z,0.846277055286329,20.033
2025-09-11T06:30:00Z,0.8316684835196426,19.999
2025-09-11T06:45:00Z,0.8339650714461513,19.966
2025-09-11T07:00:00Z,0.8269024314380005,19.933
2025-09-11T07:15:00Z,0.826246263458998,19.908
2025-09-11T07:30:00Z,0.8342931554356525,19.88
2025-09-11T07:45:00Z,0.8229654235639856,19.857
2025-09-11T08:00:00Z,0.8278866834065042,19.834
2025-09-11T08:15:00Z,0.8334641112280252,19.815
2025-09-11T08:30:00Z,0.8354326151650326,19.798
2025-09-11T08:45:00Z,0.8370730351125459,19.78
2025-09-11T09:00:00Z,0.8383853710705438,19.765
2025-09-11T09:15:00Z,0.8293542271253784,19.749
2025-09-11T09:30:00Z,0.8309946470728917,19.735
2025-09-11T09:45:00Z,0.8339474029784029,19.724
2025-09-11T10:00:00Z,0.8319788990413954,19.71
2025-09-11T10:15:00Z,0.8293542271253784,19.7
2025-09-11T10:30:00Z,0.8111367314741855,19.686
2025-09-11T10:45:00Z,0.8075278075896648,19.675
2025-09-11T11:00:00Z,0.80359079971565,19.666
2025-09-11T11:15:00Z,0.8052312196631561,19.656
2025-09-11T11:30:00Z,0.8116376916923116,19.651
2025-09-11T11:45:00Z,0.8063883478602918,19.644
2025-09-11T12:00:00Z,0.8077006838182967,19.638
2025-09-11T12:15:00Z,0.8083568517972992,19.63
2025-09-11T12:30:00Z,0.8060602638707905,19.623
2025-09-11T12:45:00Z,0.8131229038789485,19.62
2025-09-11T13:00:00Z,0.813779071857951,19.617
2025-09-11T13:15:00Z,0.8062331400994154,19.613
2025-09-11T13:30:00Z,0.7983591243513857,19.609
2025-09-11T13:45:00Z,0.7931097805193659,19.606
2025-09-11T14:00:00Z,0.7872042687083436,19.606
2025-09-11T14:15:00Z,0.7932826567479907,19.607
2025-09-11T14:30:00Z,0.7980487088296329,19.606
2025-09-11T14:45:00Z,0.7924712810081118,19.607
2025-09-11T15:00:00Z,0.7975654170792552,19.608
2025-09-11T15:15:00Z,0.7893633173417243,19.609
2025-09-11T15:30:00Z,0.7911766135178624,19.612
2025-09-11T15:45:00Z,0.7842868497383435,19.614
2025-09-11T16:00:00Z,0.7783813379273141,19.616
2025-09-11T16:15:00Z,0.7854439779354649,19.622
2025-09-11T16:30:00Z,0.7928347019331241,19.625
2025-09-11T16:45:00Z,0.789881946027613,19.63
2025-09-11T17:00:00Z,0.799897341941282,19.634
2025-09-11T17:15:00Z,0.7976007540147734,19.638
2025-09-11T17:30:00Z,0.7972726700252721,19.642
2025-09-11T17:45:00Z,0.8053195620019267,19.647
2025-09-11T18:00:00Z,0.8049914780124254,19.651
2025-09-11T18:15:00Z,0.8046633940229242,19.655
2025-09-11T18:30:00Z,0.7933356621512573,19.658
2025-09-11T18:45:00Z,0.8059757299809291,19.662
2025-09-11T19:00:00Z,0.8082723179074378,19.665
2025-09-11T19:15:00Z,0.8190990895609787,19.669
2025-09-11T19:30:00Z,0.8240203494034972,19.674
2025-09-11T19:45:00Z,0.8276292732880179,19.676
2025-09-11T20:00:00Z,0.8185981293428597,19.68
2025-09-11T20:15:00Z,0.823191305195877,19.68
2025-09-11T20:30:00Z,0.8171129171562228,19.684
2025-09-11T20:45:00Z,0.813175909282208,19.683
2025-09-11T21:00:00Z,0.7998796734735194,19.683
2025-09-11T21:15:00Z,0.7975830855470107,19.684
2025-09-11T21:30:00Z,0.7975830855470107,19.683
2025-09-11T21:45:00Z,0.793646077673003,19.681
2025-09-11T22:00:00Z,0.793646077673003,19.678
2025-09-11T22:15:00Z,0.7982392535260203,19.674
2025-09-11T22:30:00Z,0.810551237366198,19.669
2025-09-11T22:45:00Z,0.8085827334291835,19.663
2025-09-11T23:00:00Z,0.7920056577254897,19.66
2025-09-11T23:15:00Z,0.7943022456519984,19.655
2025-09-11T23:30:00Z,0.7943022456519984,19.648
2025-09-11T23:45:00Z,0.793646077673003,19.64
2025-09-12T00:00:00Z,0.8033333895971637,19.631
2025-09-12T00:15:00Z,0.801036801670655,19.625
2025-09-12T00:30:00Z,0.8007087176811538,19.613
2025-09-12T00:45:00Z,0.7974278777861414,19.604
2025-09-12T01:00:00Z,0.8013648856601563,19.593
2025-09-12T01:15:00Z,0.8030053056076625,19.576
2025-09-12T01:30:00Z,0.8030053056076625,19.561
2025-09-12T01:45:00Z,0.8033333895971637,19.544
2025-09-12T02:00:00Z,0.8072703974711857,19.524
2025-09-12T02:15:00Z,0.8033333895971637,19.509
2025-09-12T02:30:00Z,0.8062861455026749,19.489
2025-09-12T02:45:00Z,0.8075984814606869,19.47
2025-09-12T03:00:00Z,0.810551237366198,19.451
2025-09-12T03:15:00Z,0.8128478252927067,19.431
2025-09-12T03:30:00Z,0.8144882452402129,19.41
2025-09-12T03:45:00Z,0.8028324293790305,19.387
2025-09-12T04:00:00Z,0.8054571012950476,19.36
2025-09-12T04:15:00Z,0.8077536892215491,19.334
2025-09-12T04:30:00Z,0.807425605232055,19.305
2025-09-12T04:45:00Z,0.8110345291165686,19.277
2025-09-12T05:00:00Z,0.814315369011581,19.247
2025-09-12T05:15:00Z,0.8159557889590872,19.211
2025-09-12T05:30:00Z,0.8228455527386132,19.168
2025-09-12T05:45:00Z,0.811189736877445,19.127
2025-09-12T06:00:00Z,0.8174233326779756,19.096
2025-09-12T06:15:00Z,0.8203760885834868,19.066
2025-09-12T06:30:00Z,0.8169223724598353,19.036
2025-09-12T06:45:00Z,0.8224998002813564,19.01
2025-09-12T07:00:00Z,0.8270929761343737,18.994
2025-09-12T07:15:00Z,0.8206865041052254,18.983
2025-09-12T07:30:00Z,0.8252796799582427,18.973
2025-09-12T07:45:00Z,0.8100149402125538,18.969
2025-09-12T08:00:00Z,0.8123115281390625,18.962
2025-09-12T08:15:00Z,0.8152642840445807,18.957
2025-09-12T08:30:00Z,0.808529728025924,18.951
2025-09-12T08:45:00Z,0.8104982319629386,18.951
2025-09-12T09:00:00Z,0.8098420639839361,18.952
2025-09-12T09:15:00Z,0.808529728025924,18.95
2025-09-12T09:30:00Z,0.8065612240889237,18.955
2025-09-12T09:45:00Z,0.7968739121647488,18.957
2025-09-12T10:00:00Z,0.7958896601962522,18.954
2025-09-12T10:15:00Z,0.7955615762067509,18.957
2025-09-12T10:30:00Z,0.8072173920679262,18.956
2025-09-12T10:45:00Z,0.8003276282883931,18.958
2025-09-12T11:00:00Z,0.7963906204143854,18.962
2025-09-12T11:15:00Z,0.7878604366873461,18.965
2025-09-12T11:30:00Z,0.7786740849813043,18.967
2025-09-12T11:45:00Z,0.7760494130652944,18.971
2025-09-12T12:00:00Z,0.7847524730209514,18.976
2025-09-12T12:15:00Z,0.7837682210524548,18.98
2025-09-12T12:30:00Z,0.7918151130291164,18.985
2025-09-12T12:45:00Z,0.7832849293020772,18.988
2025-09-12T13:00:00Z,0.7780355854700574,18.992
2025-09-12T13:15:00Z,0.7724581576485363,18.996
2025-09-12T13:30:00Z,0.7768961257406701,19.001
2025-09-12T13:45:00Z,0.7842868497383435,19.008
2025-09-12T14:00:00Z,0.7793655898958249,19.012
2025-09-12T14:15:00Z,0.7751004980323017,19.016
2025-09-12T14:30:00Z,0.7815069700614501,19.021
2025-09-12T14:45:00Z,0.7795384661244427,19.027
2025-09-12T15:00:00Z,0.7872572741116031,19.035
2025-09-12T15:15:00Z,0.7862730221430994,19.04
2025-09-12T15:30:00Z,0.7810236783110724,19.045
2025-09-12T15:45:00Z,0.7893986542772353,19.053
2025-09-12T16:00:00Z,0.7884144023087387,19.059
2025-09-12T16:15:00Z,0.7857897303927288,19.068
2025-09-12T16:30:00Z,0.7871020663507267,19.074
2025-09-12T16:45:00Z,0.7958051263063837,19.083
2025-09-12T17:00:00Z,0.7967893782748874,19.092
2025-09-12T17:15:00Z,0.7997421341804056,19.098
2025-09-12T17:30:00Z,0.8013825541279047,19.105
2025-09-12T17:45:00Z,0.8003983021594081,19.11
2025-09-12T18:00:00Z,0.801710638117406,19.119
2025-09-12T18:15:00Z,0.8026948900859168,19.128
2025-09-12T18:30:00Z,0.8043353100334159,19.135
2025-09-12T18:45:00Z,0.8063038139704233,19.141
2025-09-12T19:00:00Z,0.7972726700252721,19.148
2025-09-12T19:15:00Z,NA,19.155
2025-09-12T19:30:00Z,0.799897341941282,19.161
2025-09-12T19:45:00Z,0.8005535099202845,19.165
2025-09-12T20:00:00Z,0.8021939298677907,19.171
2025-09-12T20:15:00Z,0.8005535099202845,19.178
2025-09-12T20:30:00Z,0.8025220138572919,19.181
2025-09-12T20:45:00Z,0.8038343498152969,19.187
2025-09-12T21:00:00Z,0.7984121297546452,19.191
2025-09-12T21:15:00Z,0.7970997937966402,19.194
2025-09-12T21:30:00Z,0.7941470378911291,19.193
2025-09-12T21:45:00Z,0.7931627859226253,19.192
2025-09-12T22:00:00Z,0.7934908699121266,19.189
2025-09-12T22:15:00Z,0.7795384661244427,19.186
2025-09-12T22:30:00Z,0.7849606861850944,19.18
2025-09-12T22:45:00Z,0.7846326021955932,19.177
2025-09-12T23:00:00Z,0.7813517623005737,19.171
2025-09-12T23:15:00Z,0.7761024184685539,19.167
2025-09-12T23:30:00Z,0.784805478424218,19.159
2025-09-12T23:45:00Z,0.7831650584767189,19.152
2025-09-13T00:00:00Z,0.7834931424662201,19.143
2025-09-13T00:15:00Z,0.7811965545397044,19.137
2025-09-13T00:30:00Z,0.793508538379875,19.127
2025-09-13T00:45:00Z,0.7958051263063837,19.119
2025-09-13T01:00:00Z,0.7977736302433982,19.106
2025-09-13T01:15:00Z,0.8023668060964155,19.093
2025-09-13T01:30:00Z,0.801710638117406,19.077
2025-09-13T01:45:00Z,0.8049914780124254,19.061
2025-09-13T02:00:00Z,0.809912737854944,19.044
2025-09-13T02:15:00Z,0.8018658458782895,19.024
2025-09-13T02:30:00Z,0.8018658458782895,19.002
2025-09-13T02:45:00Z,0.8038343498152969,18.98
2025-09-13T03:00:00Z,0.8041624338047981,18.954
2025-09-13T03:15:00Z,0.7925066179436229,18.934
2025-09-13T03:30:00Z,0.7934908699121266,18.91
2025-09-13T03:45:00Z,0.7941470378911291,18.889
2025-09-13T04:00:00Z,0.7970997937966402,18.869
2025-09-13T04:15:00Z,0.8026772216181612,18.847
2025-09-13T04:30:00Z,0.8016929696496575,18.826
2025-09-13T04:45:00Z,0.8062861455026749,18.807
2025-09-13T05:00:00Z,0.8125197413032055,18.787
2025-09-13T05:15:00Z,0.8167848331667216,18.765
2025-09-13T05:30:00Z,0.8190814210932231,18.746
2025-09-13T05:45:00Z,0.810378361137559,18.724
2025-09-13T06:00:00Z,0.8107064451270674,18.702
2025-09-13T06:15:00Z,0.8065965610244348,18.683
2025-09-13T06:30:00Z,0.811189736877445,18.663
2025-09-13T06:45:00Z,0.8118459048564546,18.648
2025-09-13T07:00:00Z,0.8131582408144524,18.641
2025-09-13T07:15:00Z,0.7988777530372602,18.635
2025-09-13T07:30:00Z,0.7988777530372602,18.634
2025-09-13T07:45:00Z,0.7982215850582577,18.635
2025-09-13T08:00:00Z,0.8005181729847735,18.633
2025-09-13T08:00:00Z,0.8005181729847735,18.633
2025-09-13T08:15:00Z,0.8047832648482824,18.633
2025-09-13T08:30:00Z,0.8123291966068109,18.629
2025-09-13T08:45:00Z,0.8182347084178403,18.63
2025-09-13T09:00:00Z,0.8228278842708576,18.629
2025-09-13T09:15:00Z,0.8137967403256994,18.627
2025-09-13T09:30:00Z,0.8085473964936796,18.628
2025-09-13T09:45:00Z,0.7945949927059957,18.631
2025-09-13T10:00:00Z,0.790986068821482,18.636
2025-09-13T10:15:00Z,0.7900018168529712,18.642
2025-09-13T10:30:00Z,0.7945949927059957,18.647
2025-09-13T10:45:00Z,0.799188168559013,18.655
2025-09-13T11:00:00Z,0.8085473964936796,18.663
2025-09-13T11:15:00Z,0.8052665565986672,18.669
2025-09-13T11:30:00Z,0.7886894808949734,18.674
2025-09-13T11:45:00Z,0.7870490609474601,18.682
2025-09-13T12:00:00Z,0.7831120530734523,18.692
2025-09-13T12:15:00Z,0.7795031291889316,18.697
2025-09-13T12:30:00Z,0.7826287613230747,18.701
2025-09-13T12:45:00Z,0.7767232495120524,18.707
2025-09-13T13:00:00Z,0.7688492337640156,18.713
2025-09-13T13:15:00Z,0.7719748658981516,18.717
2025-09-13T13:30:00Z,0.7693501939821417,18.723
2025-09-13T13:45:00Z,0.7724758261162918,18.73
2025-09-13T14:00:00Z,0.7778980461769365,18.736
2025-09-13T14:15:00Z,0.7742891222924229,18.742
2025-09-13T14:30:00Z,0.7852887701745956,18.747
2025-09-13T14:45:00Z,0.7856168541640969,18.755
2025-09-13T15:00:00Z,0.7923514101827465,18.76
2025-09-13T15:15:00Z,0.7867739823612254,18.766
2025-09-13T15:30:00Z,0.7788999666131957,18.772
2025-09-13T15:45:00Z,0.776603378686687,18.778
2025-09-13T16:00:00Z,0.7759472107076846,18.784
2025-09-13T16:15:00Z,0.7729944548021734,18.792
2025-09-13T16:30:00Z,0.7787447588523193,18.795
2025-09-13T16:45:00Z,0.7774324228943144,18.803
2025-09-13T17:00:00Z,0.7725111630517958,18.811
2025-09-13T17:15:00Z,0.7759648791754401,18.816
2025-09-13T17:30:00Z,0.7694031993854082,18.823
2025-09-13T17:45:00Z,0.7654661915113934,18.829
2025-09-13T18:00:00Z,0.7602168476793736,18.835
2025-09-13T18:15:00Z,0.7699041596035343,18.842
2025-09-13T18:30:00Z,0.7712164955615393,18.848
2025-09-13T18:45:00Z,0.7832003954122086,18.851
2025-09-13T19:00:00Z,0.7881216552547343,18.859
2025-09-13T19:15:00Z,0.7930429150972529,18.864
2025-09-13T19:30:00Z,0.7946833350447591,18.868
2025-09-13T19:45:00Z,0.7914024951497467,18.873
2025-09-13T20:00:00Z,0.7917305791392479,18.878
2025-09-13T20:15:00Z,0.7767939233830603,18.882
2025-09-13T20:30:00Z,0.7843398551415888,18.886
2025-09-13T20:45:00Z,0.7918857869001172,18.891
2025-09-13T21:00:00Z,0.7935262068476234,18.893
2025-09-13T21:15:00Z,0.8038696867508008,18.897
2025-09-13T21:30:00Z,0.7922138708896256,18.899
2025-09-13T21:45:00Z,0.7931981228581293,18.9
2025-09-13T22:00:00Z,0.7795738030599466,18.902
2025-09-13T22:15:00Z,0.7838388949234698,18.904
2025-09-13T22:30:00Z,0.7971351307321441,18.902
2025-09-13T22:45:00Z,0.7969622545035193,18.902
2025-09-13T23:00:00Z,0.8069776504171813,18.904
2025-09-13T23:15:00Z,0.7940094985980082,18.902
2025-09-13T23:30:00Z,0.7900724907239933,18.9
2025-09-13T23:45:00Z,0.7800570948103243,18.901
2025-09-14T00:00:00Z,0.7784166748628181,18.9
2025-09-14T00:15:00Z,0.7777605068838156,18.898
2025-09-14T00:30:00Z,0.7771043389048131,18.895
2025-09-14T00:45:00Z,0.7920409946610008,18.894
2025-09-14T01:00:00Z,0.7887601547659884,18.892
2025-09-14T01:15:00Z,0.786791650828981,18.89
2025-09-14T01:30:00Z,0.7802299710389491,18.885
2025-09-14T01:45:00Z,0.7782614671019488,18.879
2025-09-14T02:00:00Z,0.7769491311439367,18.862
2025-09-14T02:15:00Z,0.7844950629024723,18.846
2025-09-14T02:30:00Z,0.7984474666901491,18.828
2025-09-14T02:45:00Z,0.8040248945116701,18.81
2025-09-14T03:00:00Z,0.8017283065851544,18.788
2025-09-14T03:15:00Z,0.7864635668394797,18.769
2025-09-14T03:30:00Z,0.7835108109339686,18.753
2025-09-14T03:45:00Z,0.7854793148709689,18.736
2025-09-14T04:00:00Z,0.7874478188079834,18.717
2025-09-14T04:15:00Z,0.7917129106714995,18.698
2025-09-14T04:30:00Z,0.7956499185455144,18.676
2025-09-14T04:45:00Z,0.7972903384930206,18.66
2025-09-14T05:00:00Z,0.7995869264195292,18.651
2025-09-14T05:15:00Z,0.8068047741885565,18.645
2025-09-14T05:30:00Z,0.808773278125571,18.647
2025-09-14T05:45:00Z,0.8110698660520796,18.641
2025-09-14T06:00:00Z,0.8056476459914279,18.637
2025-09-14T06:15:00Z,0.8122093257814527,18.639
2025-09-14T06:30:00Z,0.8145059137079613,18.631
2025-09-14T06:45:00Z,0.8197552575399811,18.626
2025-09-14T07:00:00Z,0.8230360974349935,18.619
2025-09-14T07:15:00Z,0.8130207015213315,18.618
2025-09-14T07:30:00Z,0.8153172894478402,18.615
2025-09-14T07:45:00Z,0.8189262133323609,18.609
2025-09-14T08:00:00Z,0.8144882452402129,18.608
2025-09-14T08:15:00Z,0.8158005811982179,18.605
2025-09-14T08:30:00Z,0.8151444132192154,18.602
2025-09-14T08:45:00Z,0.8194095050827315,18.598
2025-09-14T09:00:00Z,0.8100502771480649,18.596
2025-09-14T09:15:00Z,0.8116906970955711,18.591
2025-09-14T09:30:00Z,0.8116906970955711,18.588
2025-09-14T09:45:00Z,0.807425605232055,18.583
2025-09-14T10:00:00Z,0.810378361137559,18.582
2025-09-14T10:15:00Z,0.8100502771480649,18.578
2025-09-14T10:30:00Z,0.8057851852845488,18.577
2025-09-14T10:45:00Z,0.8034885973580401,18.576
2025-09-14T11:00:00Z,0.800535841452529,18.576
2025-09-14T11:15:00Z,0.8002077574630206,18.58
2025-09-14T11:30:00Z,0.7972550015575095,18.584
2025-09-14T11:45:00Z,0.7946303296414996,18.586
2025-09-14T12:00:00Z,0.8043176415656745,18.59
2025-09-14T12:15:00Z,0.7980840457651439,18.596
2025-09-14T12:30:00Z,0.7925066179436229,18.602
2025-09-14T12:45:00Z,0.7852887701745956,18.609
2025-09-14T13:00:00Z,0.7777428384160672,18.612
2025-09-14T13:15:00Z,0.7795561345921982,18.618
2025-09-14T13:30:00Z,0.7733225387916747,18.623
2025-09-14T13:45:00Z,0.7830098507158354,18.629
2025-09-14T14:00:00Z,0.7761200869363094,18.633
2025-09-14T14:15:00Z,0.7874478188079834,18.64
2025-09-14T14:30:00Z,0.791557702910616,18.643
2025-09-14T14:45:00Z,0.787292611047107,18.646
2025-09-14T15:00:00Z,0.7807309312570752,18.653
2025-09-14T15:15:00Z,0.779090511309569,18.658
2025-09-14T15:30:00Z,0.7864812353072281,18.663
2025-09-14T15:45:00Z,0.7851688993492232,18.669
2025-09-14T16:00:00Z,0.7928877073363836,18.674
2025-09-14T16:15:00Z,0.7853417755778551,18.678
2025-09-14T16:30:00Z,0.7810766837143319,18.685
2025-09-14T16:45:00Z,0.7758273398823121,18.691
2025-09-14T17:00:00Z,0.7832180638799642,18.697
2025-09-14T17:15:00Z,0.7799372239849518,18.7
2025-09-14T17:30:00Z,0.7909368718671246,18.706
2025-09-14T17:45:00Z,0.786015612024606,18.71
2025-09-14T18:00:00Z,0.7824066881400924,18.715
2025-09-14T18:15:00Z,0.7797820162240754,18.719
2025-09-14T18:30:00Z,0.7768292603185643,18.723
2025-09-14T18:45:00Z,0.7845480683057247,18.728
2025-09-14T19:00:00Z,0.7848761522952188,18.733
2025-09-14T19:15:00Z,0.7875008242112358,18.739
2025-09-14T19:30:00Z,0.7888131601692407,18.742
2025-09-14T19:45:00Z,0.8007970600199172,18.746
2025-09-14T20:00:00Z,0.8050621518834333,18.75
2025-09-14T20:15:00Z,0.7996399318227816,18.755
2025-09-14T20:30:00Z,0.8022646037387915,18.757
2025-09-14T20:45:00Z,0.7999680158122828,18.759
2025-09-14T21:00:00Z,0.8009522677807865,18.762
2025-09-14T21:15:00Z,0.7915930398461271,18.761
2025-09-14T21:30:00Z,0.794217711762137,18.764
2025-09-14T21:45:00Z,0.7988108876151543,18.762
2025-09-14T22:00:00Z,0.8020917275101667,18.764
2025-09-14T22:15:00Z,0.8057006513946874,18.761
2025-09-14T22:30:00Z,0.8040602314471741,18.761
2025-09-14T22:45:00Z,0.7933886675545025,18.759
2025-09-14T23:00:00Z,0.7999503473445344,18.76
2025-09-14T23:15:00Z,0.8051996911765542,18.758
2025-09-14T23:30:00Z,0.810449035008574,18.756
2025-09-14T23:45:00Z,0.8120894549560802,18.756
2025-09-15T00:00:00Z,0.8033863950004232,18.754
2025-09-15T00:15:00Z,0.7997774711159096,18.755
2025-09-15T00:30:00Z,0.7818880594542108,18.753
2025-09-15T00:45:00Z,0.7815599754647096,18.753
2025-09-15T01:00:00Z,0.7838565633912182,18.754
2025-09-15T01:15:00Z,0.7861531513177269,18.755
2025-09-15T01:30:00Z,0.7964966312208972,18.755
2025-09-15T01:45:00Z,0.7968247152103984,18.754
2025-09-15T02:00:00Z,0.7812318914752083,18.754
2025-09-15T02:15:00Z,0.7919034553678728,18.751
2025-09-15T02:30:00Z,0.7802476395067046,18.751
2025-09-15T02:45:00Z,0.7905911194098749,18.752
2025-09-15T03:00:00Z,0.7905911194098749,18.75
2025-09-15T03:15:00Z,0.7922315393573811,18.75
2025-09-15T03:30:00Z,0.7909192033993762,18.751
2025-09-15T03:45:00Z,0.7919034553678728,18.75
2025-09-15T04:00:00Z,0.7932157913258848,18.747
2025-09-15T04:15:00Z,0.7964966312208972,18.749
2025-09-15T04:30:00Z,0.8001055551054108,18.75
2025-09-15T04:45:00Z,0.8014178910634158,18.749
2025-09-15T05:00:00Z,0.8063391509059343,18.748
2025-09-15T05:15:00Z,0.8106042427694504,18.749
2025-09-15T05:30:00Z,0.8041977707403021,18.749
2025-09-15T05:45:00Z,0.8117437024988305,18.748
2025-09-15T06:00:00Z,0.8176492143098528,18.748
2025-09-15T06:15:00Z,0.8141954981862085,18.748
2025-09-15T06:30:00Z,0.8194448420182283,18.747
2025-09-15T06:45:00Z,0.8156630419050899,18.747
2025-09-15T07:00:00Z,0.8196000497791118,18.745
2025-09-15T07:15:00Z,0.8128654937604551,18.747
2025-09-15T07:30:00Z,0.8148339976974626,18.744
2025-09-15T07:45:00Z,0.8031781818362944,18.745
2025-09-15T08:00:00Z,0.8031781818362944,18.747
2025-09-15T08:15:00Z,0.7931627859226253,18.745
2025-09-15T08:30:00Z,0.7970997937966402,18.746
2025-09-15T08:45:00Z,0.801036801670655,18.746
2025-09-15T09:00:00Z,0.8059580615131736,18.746
2025-09-15T09:15:00Z,0.8085827334291835,18.748
2025-09-15T09:30:00Z,0.8092389014081931,18.747
2025-09-15T09:45:00Z,0.7995515894840182,18.747
2025-09-15T10:00:00Z,0.7995515894840182,18.75
2025-09-15T10:15:00Z,0.800535841452529,18.749
2025-09-15T10:30:00Z,0.7985673375155216,18.75
2025-09-15T10:45:00Z,0.7875676896333559,18.755
2025-09-15T11:00:00Z,0.7972550015575095,18.755
2025-09-15T11:15:00Z,0.7872396056438546,18.758
2025-09-15T11:30:00Z,0.7846149337278447,18.761
2025-09-15T11:45:00Z,0.7796936738853191,18.763
2025-09-15T12:00:00Z,0.7854439779354649,18.767
2025-09-15T12:15:00Z,0.7801946341034451,18.771
2025-09-15T12:30:00Z,0.7782261301664377,18.774
2025-09-15T12:45:00Z,0.7762576262294303,18.778
2025-09-15T13:00:00Z,0.7872572741116031,18.783
2025-09-15T13:15:00Z,0.7826640982585857,18.786
2025-09-15T13:30:00Z,0.7813517623005737,18.793
2025-09-15T13:45:00Z,0.7774147544265659,18.796
2025-09-15T14:00:00Z,0.7787270903845638,18.8
2025-09-15T14:15:00Z,0.7841493104452155,18.806
2025-09-15T14:30:00Z,0.7769314626761883,18.814
2025-09-15T14:45:00Z,0.7697136149071611,18.819
2025-09-15T15:00:00Z,0.7680731949596549,18.825
2025-09-15T15:15:00Z,0.7787447588523193,18.834
2025-09-15T15:30:00Z,0.7761200869363094,18.841
2025-09-15T15:45:00Z,0.7835108109339686,18.846
2025-09-15T16:00:00Z,0.7808861390179587,18.853
2025-09-15T16:15:00Z,0.7802299710389491,18.861
2025-09-15T16:30:00Z,0.7759648791754401,18.868
2025-09-15T16:45:00Z,0.7863083590785962,18.873
2025-09-15T17:00:00Z,0.7813870992360776,18.881
2025-09-15T17:15:00Z,0.7813870992360776,18.888
2025-09-15T17:30:00Z,0.7761377554040578,18.896
2025-09-15T17:45:00Z,0.7741692514670504,18.902
2025-09-15T18:00:00Z,0.7854969833387244,18.908
2025-09-15T18:15:00Z,0.7854969833387244,18.915
2025-09-15T18:30:00Z,0.7874654872757318,18.92
2025-09-15T18:45:00Z,0.7900901591917417,18.923
2025-09-15T19:00:00Z,0.7927148311077516,18.93
2025-09-15T19:15:00Z,0.7936990830762554,18.936
2025-09-15T19:30:00Z,0.798620342918781,18.941
2025-09-15T19:45:00Z,0.8022292668032875,18.946
2025-09-15T20:00:00Z,0.80288543478229,18.951
2025-09-15T20:15:00Z,0.8061662746773095,18.955
2025-09-15T20:30:00Z,0.7971351307321441,18.957
2025-09-15T20:45:00Z,0.7987755506796503,18.96
2025-09-15T21:00:00Z,0.8056653144591763,18.964
2025-09-15T21:00:00Z,0.8056653144591763,18.964
2025-09-15T21:15:00Z,0.8008992623775342,18.968
2025-09-15T21:30:00Z,0.8058205222200598,18.967
2025-09-15T21:45:00Z,0.8127102859995787,18.971
2025-09-15T22:00:00Z,0.8166472938736007,18.971
2025-09-15T22:15:00Z,0.8079442339179366,18.973
2025-09-15T22:30:00Z,0.8028500978467932,18.975
2025-09-15T22:45:00Z,0.808099441678813,18.975
2025-09-15T23:00:00Z,0.8016929696496575,18.976
2025-09-15T23:15:00Z,0.8056299775236724,18.976
2025-09-15T23:30:00Z,0.8089108174186848,18.975
2025-09-15T23:45:00Z,0.7946303296414996,18.976
2025-09-16T00:00:00Z,0.7979111695365191,18.976
2025-09-16T00:15:00Z,0.7842868497383435,18.976
2025-09-16T00:30:00Z,0.7846149337278447,18.975
2025-09-16T00:45:00Z,0.7969269175680083,18.973
2025-09-16T01:00:00Z,0.7839587657488352,18.973
2025-09-16T01:15:00Z,0.784943017717346,18.969
2025-09-16T01:15:00Z,0.784943017717346,18.969
2025-09-16T01:30:00Z,0.784943017717346,18.969
2025-09-16T01:45:00Z,0.7852711017068401,18.967
2025-09-16T02:00:00Z,0.7839587657488352,18.964
2025-09-16T02:15:00Z,0.7929899096940005,18.959
2025-09-16T02:30:00Z,0.788068649851482,18.956
2025-09-16T02:45:00Z,0.7811788860719489,18.954
2025-09-16T03:00:00Z,0.7788822981454402,18.949
2025-09-16T03:15:00Z,0.7795384661244427,18.946
2025-09-16T03:30:00Z,0.7844597259669612,18.942
2025-09-16T03:45:00Z,0.8020210536391659,18.935
2025-09-16T04:00:00Z,0.8075984814606869,18.932
2025-09-16T04:15:00Z,0.8141601612507046,18.929
2025-09-16T04:30:00Z,0.8184252531142278,18.924
2025-09-16T04:45:00Z,0.8249869329042525,18.922
2025-09-16T05:00:00Z,0.819892796833102,18.918
2025-09-16T05:15:00Z,0.8257983086441314,18.917
2025-09-16T05:30:00Z,0.8317038204551537,18.909
2025-09-16T05:45:00Z,0.8230007604994967,18.906
2025-09-16T06:00:00Z,0.8305466922580251,18.903
2025-09-16T06:15:00Z,0.8374364560375511,18.9
2025-09-16T06:30:00Z,0.8346389078929022,18.898
2025-09-16T06:45:00Z,0.8438252595989439,18.893
2025-09-16T07:00:00Z,0.8451375955569418,18.889
2025-09-16T07:15:00Z,0.8295447718217659,18.886
2025-09-16T07:30:00Z,0.8321694437377758,18.883
2025-09-16T07:45:00Z,0.8205136278766005,18.878
2025-09-16T08:00:00Z,0.8283876436246302,18.874
2025-09-16T08:15:00Z,0.8346212394251538,18.874
2025-09-16T08:30:00Z,0.8424952551731835,18.871
2025-09-16T08:45:00Z,0.851353522889724,18.872
2025-09-16T09:00:00Z,0.8493850189527095,18.873
2025-09-16T09:15:00Z,0.8380572870810425,18.871
2025-09-16T09:30:00Z,0.8270576391988698,18.872
2025-09-16T09:45:00Z,0.8104805634951759,18.873
2025-09-16T10:00:00Z,0.8094963115266793,18.875
2025-09-16T10:15:00Z,0.80359079971565,18.876
2025-09-16T10:30:00Z,0.7996537918416351,18.878
2025-09-16T10:45:00Z,0.8116376916923116,18.879
2025-09-16T11:00:00Z,0.8090130197763017,18.879
2025-09-16T11:15:00Z,0.8086849357868005,18.879
2025-09-16T11:30:00Z,0.819356499679472,18.882
2025-09-16T11:45:00Z,0.812466735899946,18.88
2025-09-16T12:00:00Z,0.8055769721204129,18.884
2025-09-16T12:15:00Z,0.7990152923303953,18.883
2025-09-16T12:30:00Z,0.7980310403618844,18.884
2025-09-16T12:45:00Z,0.7921255285508622,18.882
2025-09-16T13:00:00Z,0.8024690084540254,18.885
2025-09-16T13:15:00Z,0.7998443365380155,18.885
2025-09-16T13:30:00Z,0.7982039165905093,18.886
2025-09-16T13:45:00Z,0.8042823046301635,18.887
2025-09-16T14:00:00Z,0.7950959529241288,18.886
2025-09-16T14:15:00Z,0.7790198374385611,18.888
2025-09-16T14:30:00Z,0.7668807298270153,18.889
2025-09-16T14:45:00Z,0.7681930657850131,18.892
2025-09-16T15:00:00Z,0.7782084616986822,18.894
2025-09-16T15:15:00Z,0.7908485295283612,18.897
2025-09-16T15:30:00Z,0.800535841452529,18.9
2025-09-16T15:45:00Z,0.799223505494524,18.902
2025-09-16T16:00:00Z,0.7926618257044922,18.906
2025-09-16T16:15:00Z,0.791021405756986,18.91
2025-09-16T16:30:00Z,0.7847878099564625,18.914
2025-09-16T16:45:00Z,0.7913494897464872,18.919
2025-09-16T17:00:00Z,0.7951312898596328,18.922
2025-09-16T17:15:00Z,0.7908661979961167,18.928
2025-09-16T17:30:00Z,0.8008815939097857,18.932
2025-09-16T17:45:00Z,0.7859449381535981,18.938
2025-09-16T18:00:00Z,0.7995692579517808,18.942
2025-09-16T18:15:00Z,0.7972726700252721,18.95
2025-09-16T18:30:00Z,0.8008815939097857,18.954
2025-09-16T18:45:00Z,0.8021939298677907,18.957
2025-09-16T19:00:00Z,0.8061309377418056,18.962
2025-09-16T19:15:00Z,0.814989205458339,18.968
2025-09-16T19:30:00Z,0.8241755571643807,18.972
2025-09-16T19:45:00Z,0.817441001145724,18.977
2025-09-16T20:00:00Z,0.8207218410407364,18.98
2025-09-16T20:15:00Z,0.8090660251795612,18.984
2025-09-16T20:30:00Z,0.7964259573498822,18.988
2025-09-16T20:45:00Z,0.7997067972449017,18.99
2025-09-16T21:00:00Z,0.8049561410769215,18.995
2025-09-16T21:15:00Z,0.8039718891084178,18.997
2025-09-16T21:30:00Z,0.8023314691609116,18.997
2025-09-16T21:45:00Z,0.7913318212787317,19.001
2025-09-16T22:00:00Z,0.7916599052682329,19.002
2025-09-16T22:15:00Z,0.7933003252157391,19.005
2025-09-16T22:30:00Z,0.7923160732472354,19.004
2025-09-16T22:45:00Z,0.7906756532997292,19.005
2025-09-16T23:00:00Z,0.7923160732472354,19.006
2025-09-16T23:15:00Z,0.7860824774467119,19.006
2025-09-16T23:30:00Z,0.7824735535621912,19.005
2025-09-16T23:45:00Z,0.7850982254782011,19.006
2025-09-17T00:00:00Z,0.7933003252157391,19.005
2025-09-17T00:15:00Z,0.8003629652239042,19.003
2025-09-17T00:30:00Z,0.7938012854338723,18.999
2025-09-17T00:45:00Z,0.7839587657488352,18.996
2025-09-17T01:00:00Z,0.7624604302026157,18.99
2025-09-17T01:15:00Z,0.7506494065805711,18.985
2025-09-17T01:30:00Z,0.761649054462751,18.979
2025-09-17T01:45:00Z,0.7742891222924229,18.97
2025-09-17T02:00:00Z,0.7879134420906055,18.966
2025-09-17T02:15:00Z,0.8058028537523043,18.961
2025-09-17T02:30:00Z,0.806787105720808,18.954
2025-09-17T02:45:00Z,0.8071151897103093,18.948
2025-09-17T03:00:00Z,0.7984121297546452,18.945
2025-09-17T03:15:00Z,0.7938189539016278,18.939
2025-09-17T03:30:00Z,0.7970997937966402,18.936
2025-09-17T03:45:00Z,0.7839764342165836,18.931
2025-09-17T04:00:00Z,0.7931627859226253,18.931
2025-09-17T04:15:00Z,0.788569610069608,18.928
2025-09-17T04:30:00Z,0.7987402137441464,18.928
2025-09-17T04:45:00Z,0.8225351372168674,18.926
2025-09-17T05:00:00Z,0.8213780090197389,18.921
2025-09-17T05:15:00Z,0.8246588489147513,18.917
2025-09-17T05:30:00Z,0.8144882452402129,18.915
2025-09-17T05:45:00Z,0.7928170334653757,18.913
2025-09-17T06:00:00Z,0.8072527290034301,18.906
2025-09-17T06:15:00Z,0.8075808129929314,18.904
2025-09-17T06:30:00Z,0.8072527290034301,18.9
2025-09-17T06:45:00Z,0.8049561410769215,18.901
2025-09-17T07:00:00Z,0.7831297215412008,18.901
2025-09-17T07:15:00Z,0.7887071493627218,18.902
2025-09-17T07:30:00Z,0.790347569310228,18.902
2025-09-17T07:45:00Z,0.7936284092052404,18.904
2025-09-17T08:00:00Z,0.8075808129929314,18.904
2025-09-17T08:15:00Z,0.8138144087934549,18.907
2025-09-17T08:30:00Z,0.8115178208669462,18.908
2025-09-17T08:45:00Z,0.8079088969824326,18.909
2025-09-17T09:00:00Z,0.7955969131422478,18.909
2025-09-17T09:15:00Z,0.795924997131749,18.909
2025-09-17T09:30:00Z,0.8077360207537936,18.911
2025-09-17T09:45:00Z,0.8218436323023539,18.916
2025-09-17T10:00:00Z,0.820531296344349,18.921
2025-09-17T10:15:00Z,0.8162662044808329,18.924
2025-09-17T10:30:00Z,0.7826287613230747,18.927
2025-09-17T10:45:00Z,0.7598180898188502,18.93
2025-09-17T11:00:00Z,0.7493194021548106,18.932
2025-09-17T11:15:00Z,0.7478518584359364,18.931
2025-09-17T11:30:00Z,0.754759290683225,18.933
2025-09-17T11:45:00Z,0.7500109070693242,18.934
2025-09-17T12:00:00Z,0.7606824709619957,18.935
2025-09-17T12:15:00Z,0.7592149272431215,18.935
2025-09-17T12:30:00Z,0.7744796669888032,18.937
2025-09-17T12:45:00Z,0.7871197348184822,18.937
2025-09-17T13:00:00Z,0.7838388949234698,18.937
2025-09-17T13:15:00Z,0.7951666267951367,18.941
2025-09-17T13:30:00Z,0.7905734509421194,18.944
2025-09-17T13:45:00Z,0.7902453669526182,18.948
2025-09-17T14:00:00Z,0.7966518389817665,18.95
2025-09-17T14:15:00Z,0.7843398551415888,18.954
2025-09-17T14:30:00Z,0.7979641749397715,18.958
2025-09-17T14:45:00Z,0.7886049470051049,18.962
2025-09-17T15:00:00Z,0.7989484269082823,18.969
2025-09-17T15:15:00Z,0.8022292668032875,18.971
2025-09-17T15:30:00Z,0.7992765108977764,18.978
2025-09-17T15:45:00Z,0.7851688993492232,18.983
2025-09-17T16:00:00Z,0.7818880594542108,18.988
2025-09-17T16:15:00Z,0.7639986477925049,18.993
2025-09-17T16:30:00Z,0.7753263796641789,19
2025-09-17T16:45:00Z,0.7882945314833663,19.008
2025-09-17T17:00:00Z,0.7928877073363836,19.012
2025-09-17T17:15:00Z,0.7938719593048873,19.02
2025-09-17T17:30:00Z,0.7960133394705196,19.024
2025-09-17T17:45:00Z,0.7745150039243072,19.028
2025-09-17T18:00:00Z,0.7702499120607911,19.035
2025-09-17T18:15:00Z,0.7689375761027861,19.04
2025-09-17T18:30:00Z,0.7786248880269468,19.046
2025-09-17T18:45:00Z,0.7912649558566258,19.049
2025-09-17T19:00:00Z,0.8043883154366753,19.055
2025-09-17T19:15:00Z,0.812262331184705,19.058
2025-09-17T19:30:00Z,0.8358843784288084,19.064
2025-09-17T19:45:00Z,0.8416170140111987,19.068
2025-09-17T20:00:00Z,0.8455540218852136,19.074
2025-09-17T20:15:00Z,0.8342262900135466,19.08
2025-09-17T20:30:00Z,0.8115708262701986,19.086
2025-09-17T20:45:00Z,0.7933533306190057,19.091
2025-09-17T21:00:00Z,0.7902276984848626,19.093
2025-09-17T21:15:00Z,0.7954770423168824,19.098
2025-09-17T21:30:00Z,0.8074609421675589,19.1
2025-09-17T21:45:00Z,0.7949937505665119,19.106
2025-09-17T22:00:00Z,0.7794009268313218,19.106
2025-09-17T22:15:00Z,0.7767762549153048,19.11
2025-09-17T22:30:00Z,0.7721830790622946,19.112
2025-09-17T22:45:00Z,0.7799018870494479,19.114
2025-09-17T23:00:00Z,0.7808861390179587,19.116
2025-09-17T23:15:00Z,0.7971351307321441,19.118
2025-09-17T23:30:00Z,0.8036968105221689,19.119
2025-09-17T23:45:00Z,0.8118989102596998,19.119
2025-09-18T00:00:00Z,0.8237099338817444,19.121
2025-09-18T00:15:00Z,0.823053765902749,19.122
2025-09-18T00:30:00Z,0.8054924382305515,19.123
2025-09-18T00:45:00Z,0.7938366223693762,19.123
2025-09-18T01:00:00Z,0.7697136149071611,19.127
2025-09-18T01:15:00Z,0.7077057408914129,19.128
2025-09-18T01:30:00Z,0.7262513205321071,19.127
2025-09-18T01:45:00Z,0.737078092185655,19.13
2025-09-18T02:00:00Z,0.7434845642148105,19.13
2025-09-18T02:15:00Z,0.8055454436338039,19.13
2025-09-18T02:30:00Z,0.8168555070377295,19.13
2025-09-18T02:45:00Z,0.8178220905384848,19.131
2025-09-18T03:00:00Z,0.8373519221476826,19.132
2025-09-18T03:15:00Z,0.8601625936519071,19.131
2025-09-18T03:30:00Z,0.8417722217720751,19.132
2025-09-18T03:45:00Z,0.8005711783880329,19.13
2025-09-18T04:00:00Z,0.797946506472023,19.128
2025-09-18T04:15:00Z,0.7853064386423441,19.127
2025-09-18T04:30:00Z,0.7741515829992949,19.127
2025-09-18T04:30:00Z,0.7741515829992949,19.127
2025-09-18T04:45:00Z,0.7743244592279268,19.125
2025-09-18T05:00:00Z,0.7575921757633637,19.124
2025-09-18T05:15:00Z,0.7633424798135096,19.122
2025-09-18T05:30:00Z,0.7694208678531567,19.118
2025-09-18T05:45:00Z,0.7889506994623687,19.118
2025-09-18T06:00:00Z,0.8088086150610678,19.114
2025-09-18T06:15:00Z,0.8165274230482282,19.113
2025-09-18T06:30:00Z,0.8204644309222431,19.11
2025-09-18T06:45:00Z,0.8201363469327418,19.107
2025-09-18T07:00:00Z,0.8074962791030629,19.104
2025-09-18T07:15:00Z,0.8097928670295715,19.104
2025-09-18T07:30:00Z,0.8088086150610678,19.101
2025-09-18T07:45:00Z,0.8053725674051861,19.098
2025-09-18T08:00:00Z,0.8047163994261766,19.097
2025-09-18T08:15:00Z,0.8132465831532159,19.096
2025-09-18T08:30:00Z,0.846383066092848,19.092
2025-09-18T08:45:00Z,0.8780520053135916,19.09
2025-09-18T09:00:00Z,0.8929886610697864,19.087
2025-09-18T09:15:00Z,0.8796924252611049,19.084
2025-09-18T09:30:00Z,0.8376623376694283,19.084
2025-09-18T09:45:00Z,0.8237099338817444,19.084
2025-09-18T10:00:00Z,0.8286311937242701,19.082
2025-09-18T10:15:00Z,0.8286311937242701,19.08
2025-09-18T10:30:00Z,0.829943529682275,19.078
2025-09-18T10:45:00Z,0.8305996976612775,19.078
2025-09-18T11:00:00Z,0.8273188577662651,19.076
2025-09-18T11:15:00Z,0.8081171101465614,19.077
2025-09-18T11:30:00Z,0.8045081862620478,19.076
2025-09-18T11:45:00Z,0.7976184224825218,19.076
2025-09-18T12:00:00Z,0.8043529785011714,19.076
2025-09-18T12:15:00Z,0.801072138606159,19.077
2025-09-18T12:30:00Z,0.8058381906878083,19.077
2025-09-18T12:45:00Z,0.8084628626038182,19.076
2025-09-18T13:00:00Z,0.8022292668032875,19.075
2025-09-18T13:15:00Z,0.8096199908009467,19.078
2025-09-18T13:30:00Z,0.8043706469689269,19.077
2025-09-18T13:45:00Z,0.7964966312208972,19.076
2025-09-18T14:00:00Z,0.7955123792523935,19.078
2025-09-18T14:15:00Z,0.8015907672920406,19.081
2025-09-18T14:30:00Z,0.7930605835650013,19.079
2025-09-18T14:45:00Z,0.8020917275101667,19.08
2025-09-18T15:00:00Z,0.807997239321196,19.079
2025-09-18T15:15:00Z,0.8073410713421936,19.079
2025-09-18T15:30:00Z,0.8229338950773766,19.08
2025-09-18T15:45:00Z,0.8340887507204187,19.081
2025-09-18T16:00:00Z,0.844432230623589,19.082
2025-09-18T16:15:00Z,0.8327764147624137,19.082
2025-09-18T16:30:00Z,0.8321202467834112,19.084
2025-09-18T16:45:00Z,0.8347449186994211,19.087
2025-09-18T17:00:00Z,0.8390100105629372,19.089
2025-09-18T17:15:00Z,0.8559151702561323,19.092
2025-09-18T17:30:00Z,0.8542747503086261,19.094
2025-09-18T17:45:00Z,0.8549309182876286,19.099
2025-09-18T18:00:00Z,0.8403223465209422,19.101
2025-09-18T18:15:00Z,0.8442593543949641,19.107
2025-09-18T18:30:00Z,0.8465559423214728,19.109
2025-09-18T18:45:00Z,0.8514772021639914,19.114
2025-09-18T19:00:00Z,0.8504929501954805,19.117
2025-09-18T19:15:00Z,0.8527895381219963,19.119
2025-09-18T19:30:00Z,0.855086126048505,19.123
2025-09-18T19:45:00Z,0.8506481579563641,19.126
2025-09-18T20:00:00Z,0.8529447458828727,19.128
2025-09-18T20:15:00Z,0.8435855179482061,19.131
2025-09-18T20:30:00Z,0.8416170140111987,19.133
2025-09-18T20:45:00Z,0.8439136019377074,19.134
2025-09-18T21:00:00Z,0.8329139540555417,19.136
2025-09-18T21:15:00Z,0.8325858700660405,19.136
2025-09-18T21:30:00Z,0.8398037178350748,19.135
2025-09-18T21:45:00Z,0.8394756338455664,19.138
2025-09-18T22:00:00Z,0.8421003057615764,19.139
2025-09-18T22:15:00Z,0.8304444899004011,19.14
2025-09-18T22:30:00Z,0.8311006578794107,19.141
2025-09-18T22:45:00Z,0.8333972458059193,19.14
2025-09-18T23:00:00Z,0.8171482540917268,19.14
2025-09-18T23:15:00Z,0.8151797501547122,19.139
2025-09-18T23:30:00Z,0.8148516661652181,19.138
2025-09-18T23:45:00Z,0.8112427422806974,19.14
2025-09-19T00:00:00Z,0.8118989102596998,19.136
2025-09-19T00:15:00Z,0.8109146582911961,19.138
2025-09-19T00:30:00Z,0.8141954981862085,19.139
2025-09-19T00:45:00Z,0.8258513140473909,19.135
2025-09-19T01:00:00Z,0.8265074820263862,19.136
2025-09-19T01:15:00Z,0.8278198179843912,19.135
2025-09-19T01:30:00Z,0.8187886740392258,19.133
2025-09-19T01:45:00Z,0.8204290939867391,19.133
2025-09-19T02:00:00Z,0.8223975979237466,19.133
2025-09-19T02:15:00Z,0.8243661018607469,19.13
2025-09-19T02:30:00Z,0.8283031097347688,19.131
2025-09-19T02:45:00Z,0.8286311937242701,19.129
2025-09-19T03:00:00Z,0.8286311937242701,19.128
2025-09-19T03:15:00Z,0.8255055615901341,19.126
2025-09-19T03:30:00Z,0.8615948004352774,19.119
2025-09-19T03:45:00Z,1.0338388949234698,19.121
2025-09-19T04:00:00Z,1.034166978912971,19.124
2025-09-19T04:15:00Z,1.014810023532391,19.124
2025-09-19T04:30:00Z,0.9947969001728083,19.126
2025-09-19T04:45:00Z,0.9800331206452526,19.129
2025-09-19T05:00:00Z,0.955582029193522,19.138
2025-09-19T05:15:00Z,0.9450833415294824,19.149
2025-09-19T05:30:00Z,0.9480360974349935,19.165
2025-09-19T05:45:00Z,0.9500046013720009,19.184
2025-09-19T06:00:00Z,0.947379929455991,19.204
2025-09-19T06:15:00Z,0.9470518454664969,19.225
2025-09-19T06:30:00Z,0.9334275256683142,19.247
2025-09-19T06:45:00Z,0.9330994416788201,19.266
2025-09-19T07:00:00Z,0.9304747697628031,19.284
2025-09-19T07:15:00Z,0.9145538620381117,19.301
2025-09-19T07:30:00Z,0.9083202662375882,19.317
2025-09-19T07:45:00Z,0.9060236783110724,19.33
2025-09-19T08:00:00Z,0.8953521144184009,19.34
2025-09-19T08:15:00Z,0.8969925343659142,19.354
2025-09-19T08:30:00Z,0.8996172062819241,19.365
2025-09-19T08:45:00Z,0.8950240304288997,19.374
2025-09-19T09:00:00Z,0.8986329543134204,19.382
2025-09-19T09:15:00Z,0.8873052224417535,19.39
2025-09-19T09:30:00Z,0.8843524665362423,19.399
2025-09-19T09:45:00Z,0.8827120465887361,19.406
2025-09-19T10:00:00Z,0.8687596428010451,19.411
2025-09-19T10:15:00Z,0.8694158107800405,19.42
2025-09-19T10:30:00Z,0.8628541309900228,19.423
2025-09-19T10:45:00Z,0.8592452071055021,19.43
2025-09-19T11:00:00Z,0.856292451199991,19.435
2025-09-19T11:15:00Z,0.8420119634228129,19.442
2025-09-19T11:30:00Z,0.8464499315149538,19.446
2025-09-19T11:45:00Z,0.8444814275779464,19.452
2025-09-19T12:00:00Z,0.839888251724922,19.457
2025-09-19T12:15:00Z,0.8369354958194108,19.462
2025-09-19T12:30:00Z,0.8336546559243985,19.467
2025-09-19T12:45:00Z,0.8297176480503836,19.472
2025-09-19T13:00:00Z,0.8357960360900449,19.479
2025-09-19T13:15:00Z,0.8305466922580251,19.482
2025-09-19T13:30:00Z,0.8239850124679933,19.487
2025-09-19T13:45:00Z,0.8197199206044843,19.492
2025-09-19T14:00:00Z,0.8151267447514599,19.495
2025-09-19T14:15:00Z,0.8221893847596107,19.5
2025-09-19T14:30:00Z,0.8235017207176227,19.502
2025-09-19T14:45:00Z,0.8387664604633045,19.506
2025-09-19T15:00:00Z,0.8384383764738033,19.509
2025-09-19T15:15:00Z,0.8374541245053067,19.513
2025-09-19T15:30:00Z,0.8364698725367958,19.515
2025-09-19T15:45:00Z,0.8354856205682921,19.52
2025-09-19T16:00:00Z,0.8371260405158054,19.528
2025-09-19T16:15:00Z,0.8374541245053067,19.537
2025-09-19T16:30:00Z,0.8448448485029587,19.546
2025-09-19T16:45:00Z,0.8471414364294674,19.554
2025-09-19T17:00:00Z,0.8468133524399661,19.56
2025-09-19T17:15:00Z,0.8445167645134575,19.568
2025-09-19T17:30:00Z,0.8422201765869488,19.578
2025-09-19T17:45:00Z,0.838283168712934,19.585
2025-09-19T18:00:00Z,0.836970832754929,19.592
2025-09-19T18:15:00Z,0.8223622609882426,19.596
2025-09-19T18:30:00Z,0.8194095050827315,19.604
2025-09-19T18:45:00Z,0.8287687330173981,19.608
2025-09-19T19:00:00Z,0.830081068975403,19.613
2025-09-19T19:15:00Z,0.8359865807864253,19.617
2025-09-19T19:30:00Z,0.8402516726499414,19.625
2025-09-19T19:45:00Z,0.8481256883979782,19.633
2025-09-19T20:00:00Z,0.849438024355976,19.64
2025-09-19T20:15:00Z,0.8367979565263042,19.646
2025-09-19T20:30:00Z,0.83482945258929675,19.653
2025-09-19T20:45:00Z,0.8225174687491119,19.657
2025-09-19T21:00:00Z,0.8102054849089413,19.662
2025-09-19T21:15:00Z,0.8105335688984425,19.667
2025-09-19T21:30:00Z,0.8192366288540995,19.673
2025-09-19T21:45:00Z,0.8085650649614351,19.673
2025-09-19T22:00:00Z,0.8228455527386132,19.678
2025-09-19T22:15:00Z,0.8271106446021292,19.678
2025-09-19T22:30:00Z,0.8326880724236503,19.68
2025-09-19T22:45:00Z,0.8313757364656524,19.681
2025-09-19T23:00:00Z,0.8216884245414917,19.68
2025-09-19T23:15:00Z,0.8210322565624821,19.679
2025-09-19T23:30:00Z,0.8077360207537936,19.68
2025-09-19T23:45:00Z,0.8080641047433019,19.677
2025-09-20T00:00:00Z,0.8116730286278155,19.674
2025-09-20T00:15:00Z,0.8123291966068109,19.673
2025-09-20T00:30:00Z,0.8116730286278155,19.669
2025-09-20T00:45:00Z,0.809704524690801,19.664
2025-09-20T01:00:00Z,0.8156100365018304,19.663
2025-09-20T01:15:00Z,0.8152819525123292,19.658
2025-09-20T01:30:00Z,0.8152819525123292,19.656
2025-09-20T01:45:00Z,0.8169223724598353,19.653
2025-09-20T02:00:00Z,0.8165942884703341,19.648
2025-09-20T02:15:00Z,0.819218960386344,19.644
2025-09-20T02:30:00Z,0.8202032123548477,19.642
2025-09-20T02:45:00Z,0.819218960386344,19.637
2025-09-20T03:00:00Z,0.819218960386344,19.632
2025-09-20T03:15:00Z,0.8202032123548477,19.63
2025-09-20T03:30:00Z,0.8115001523991907,19.626
2025-09-20T03:45:00Z,0.8108439844201882,19.624
2025-09-20T04:00:00Z,0.8238121362393613,19.62
2025-09-20T04:15:00Z,0.8244683042183638,19.615
2025-09-20T04:30:00Z,0.8170775802207118,19.613
2025-09-20T04:45:00Z,0.8233111760212353,19.61
2025-09-20T05:00:00Z,0.8285605198532551,19.607
2025-09-20T05:15:00Z,0.8315132757587733,19.602
2025-09-20T05:30:00Z,0.8374187875697956,19.599
2025-09-20T05:45:00Z,0.8323246514986451,19.595
2025-09-20T06:00:00Z,0.8356054913936575,19.591
2025-09-20T06:15:00Z,0.8408548352256773,19.588
2025-09-20T06:30:00Z,0.8318236912805261,19.584
2025-09-20T06:45:00Z,0.8264014712198744,19.582
2025-09-20T07:00:00Z,0.8332912349994004,19.579
2025-09-20T07:15:00Z,0.8346035709574053,19.572
2025-09-20T07:30:00Z,0.8378844108524177,19.57
2025-09-20T07:45:00Z,0.8285251829177511,19.567
2025-09-20T08:00:00Z,0.8208063749305907,19.563
2025-09-20T08:15:00Z,0.8204782909410895,19.559
2025-09-20T08:30:00Z,0.8273680547206226,19.555
2025-09-20T08:45:00Z,0.8299927266366325,19.553
2025-09-20T09:00:00Z,0.8255547585444845,19.547
2025-09-20T09:15:00Z,0.8301479343975089,19.547
2025-09-20T09:30:00Z,0.8304760183870101,19.542
2025-09-20T09:45:00Z,0.8258828425339857,19.54
2025-09-20T10:00:00Z,0.8155393626308225,19.535
2025-09-20T10:15:00Z,0.81488319465182,19.537
2025-09-20T10:30:00Z,0.7992903709166299,19.531
2025-09-20T10:45:00Z,0.8073372628932916,19.532
2025-09-20T11:00:00Z,0.8063530109247807,19.527
2025-09-20T11:15:00Z,0.8043845069877733,19.526
2025-09-20T11:30:00Z,0.8017598350717634,19.524
2025-09-20T11:45:00Z,0.8004474991137585,19.525
2025-09-20T12:00:00Z,0.7961824072502424,19.526
2025-09-20T12:15:00Z,0.7970114514578768,19.525
2025-09-20T12:30:00Z,0.7868408477833384,19.525
2025-09-20T12:45:00Z,0.7812634199618174,19.525
2025-09-20T13:00:00Z,0.7704366483082694,19.526
2025-09-20T13:15:00Z,0.7778273723059215,19.527
2025-09-20T13:30:00Z,0.7871866002405881,19.531
2025-09-20T13:45:00Z,0.7962177441857534,19.532
2025-09-20T14:00:00Z,0.7981862481227608,19.535
2025-09-20T14:15:00Z,0.8072173920679262,19.535
2025-09-20T14:30:00Z,0.8013118802569039,19.538
2025-09-20T14:45:00Z,0.7954063684458745,19.539
2025-09-20T15:00:00Z,0.789172772645351,19.542
2025-09-20T15:15:00Z,0.78359534482383,19.546
2025-09-20T15:30:00Z,0.7806425889183188,19.55
2025-09-20T15:45:00Z,0.7873771449369613,19.553
2025-09-20T16:00:00Z,0.7947678689346276,19.555
2025-09-20T16:15:00Z,0.7901746930816032,19.56
2025-09-20T16:30:00Z,0.787221937176092,19.564
2025-09-20T16:45:00Z,0.7949407451632453,19.568
2025-09-20T17:00:00Z,0.7923160732472354,19.574
2025-09-20T17:15:00Z,0.7887071493627218,19.577
2025-09-20T17:30:00Z,0.797410209318393,19.582
2025-09-20T17:45:00Z,0.7970821253288918,19.586
2025-09-20T18:00:00Z,0.7941293694233806,19.593
2025-09-20T18:15:00Z,0.7921608654863732,19.598
2025-09-20T18:30:00Z,0.7911766135178624,19.602
2025-09-20T18:45:00Z,0.8015200934210327,19.609
2025-09-20T19:00:00Z,0.8015200934210327,19.613
2025-09-20T19:15:00Z,NA,19.615
2025-09-20T19:30:00Z,0.8041447653370426,19.62
2025-09-20T19:45:00Z,0.8077536892215491,19.624
2025-09-20T20:00:00Z,0.8080817732110575,19.628
2025-09-20T20:15:00Z,0.8057851852845488,19.631
2025-09-20T20:30:00Z,0.8077536892215491,19.635
2025-09-20T20:45:00Z,0.7944574534128819,19.638
2025-09-20T21:00:00Z,0.7960978733603881,19.64
2025-09-20T21:15:00Z,0.8097221931585636,19.64
2025-09-20T21:30:00Z,0.798722545276398,19.645
2025-09-20T21:45:00Z,0.7980663772973955,19.645
2025-09-20T22:00:00Z,0.7980663772973955,19.646
2025-09-20T22:15:00Z,0.797410209318393,19.645
2025-09-20T22:30:00Z,0.7951136213918844,19.646
2025-09-20T22:45:00Z,0.7947855374023831,19.647
2025-09-20T23:00:00Z,0.790520445538867,19.644
2025-09-20T23:15:00Z,0.7895361935703633,19.645
2025-09-20T23:30:00Z,0.8041447653370426,19.643
2025-09-20T23:45:00Z,0.8070975212425537,19.641
2025-09-21T00:00:00Z,0.8077536892215491,19.64
2025-09-21T00:15:00Z,0.8054571012950476,19.639
2025-09-21T00:30:00Z,0.8048009333160451,19.639
2025-09-21T00:45:00Z,0.8064413532635513,19.636
2025-09-21T01:00:00Z,0.8044728493265438,19.635
2025-09-21T01:15:00Z,0.8018481774105339,19.63
2025-09-21T01:30:00Z,0.7962707495890129,19.628
2025-09-21T01:45:00Z,0.7816621778223336,19.626
2025-09-21T02:00:00Z,0.789709069798981,19.623
2025-09-21T02:15:00Z,0.7870843978829711,19.617
2025-09-21T02:30:00Z,0.7990682977336476,19.615
2025-09-21T02:45:00Z,0.8013648856601563,19.612
2025-09-21T03:00:00Z,0.7990682977336476,19.608
2025-09-21T03:15:00Z,0.799396381723156,19.603
2025-09-21T03:30:00Z,0.7964436258176377,19.599
2025-09-21T03:45:00Z,0.7987402137441464,19.594
2025-09-21T04:00:00Z,0.8007087176811538,19.588
2025-09-21T04:15:00Z,0.8016929696496575,19.583
2025-09-21T04:30:00Z,0.8176138773743489,19.576
2025-09-21T04:45:00Z,0.824503641153882,19.57
2025-09-21T05:00:00Z,0.8366427487654278,19.562
2025-09-21T05:15:00Z,0.8328609486522822,19.556
2025-09-21T05:30:00Z,0.8407349644003119,19.549
2025-09-21T05:45:00Z,0.8466404762113342,19.543
2025-09-21T06:00:00Z,0.8435148440771982,19.533
2025-09-21T06:15:00Z,0.8387487919955561,19.527
2025-09-21T06:30:00Z,0.8417015479010743,19.519
2025-09-21T06:45:00Z,0.8338275321530375,19.508
2025-09-21T07:00:00Z,0.8254525561868675,19.498
2025-09-21T07:15:00Z,0.8280772281028774,19.488
2025-09-21T07:30:00Z,0.835623159861413,19.482
2025-09-21T07:45:00Z,0.831686151987391,19.472
2025-09-21T07:45:00Z,0.831686151987391,19.472
2025-09-21T08:00:00Z,0.8366074118299096,19.464
2025-09-21T08:15:00Z,0.8359512438509142,19.458
2025-09-21T08:30:00Z,0.8249515959687486,19.452
2025-09-21T08:45:00Z,0.835623159861413,19.442
2025-09-21T09:00:00Z,0.816093328252208,19.435
2025-09-21T09:15:00Z,0.8164214122417164,19.43
2025-09-21T09:30:00Z,0.8213426720842278,19.423
2025-09-21T09:45:00Z,0.8256077639477439,19.417
2025-09-21T10:00:00Z,0.8431690916199415,19.41
2025-09-21T10:15:00Z,0.8507150233784699,19.402
2025-09-21T10:30:00Z,0.8516992753469736,19.394
2025-09-21T10:45:00Z,0.8347941156537857,19.385
2025-09-21T11:00:00Z,0.8175608719710823,19.379
2025-09-21T11:15:00Z,0.8049208041414175,19.373
2025-09-21T11:30:00Z,0.8003276282883931,19.366
2025-09-21T11:45:00Z,0.8006557122778943,19.359
2025-09-21T12:00:00Z,0.8113272761705588,19.355
2025-09-21T12:15:00Z,0.8021409244645241,19.349
2025-09-21T12:30:00Z,0.7995162525485142,19.346
2025-09-21T12:45:00Z,0.7932826567479907,19.343
2025-09-21T13:00:00Z,0.7934555329766155,19.339
2025-09-21T13:15:00Z,0.7836130132915784,19.337
2025-09-21T13:30:00Z,0.7763951655225441,19.332
2025-09-21T13:45:00Z,0.7857543934572107,19.33
2025-09-21T14:00:00Z,0.7885519416018525,19.327
2025-09-21T14:15:00Z,0.7913494897464872,19.327
2025-09-21T14:30:00Z,0.7847878099564625,19.326
2025-09-21T14:45:00Z,0.7769137942084328,19.324
2025-09-21T15:00:00Z,0.7836483502270823,19.326
2025-09-21T15:15:00Z,0.7880863183192375,19.323
2025-09-21T15:30:00Z,0.790382906245739,19.323
2025-09-21T15:45:00Z,0.7961332102958849,19.326
2025-09-21T16:00:00Z,0.7862906906108478,19.325
2025-09-21T16:15:00Z,0.7949937505665119,19.326
2025-09-21T16:30:00Z,0.7926971626400032,19.327
2025-09-21T16:45:00Z,0.7920409946610008,19.329
2025-09-21T17:00:00Z,0.8036968105221689,19.33
2025-09-21T17:15:00Z,0.8043529785011714,19.333
2025-09-21T17:30:00Z,0.8007440546166578,19.333
2025-09-21T17:45:00Z,0.8007440546166578,19.337
2025-09-21T18:00:00Z,0.7977912987111466,19.338
2025-09-21T18:15:00Z,0.8030406425431664,19.34
2025-09-21T18:30:00Z,0.8099304063226924,19.341
2025-09-21T18:45:00Z,0.8118989102596998,19.343
2025-09-21T19:00:00Z,0.8161640021232159,19.343
2025-09-21T19:15:00Z,0.8191167580287271,19.347
2025-09-21T19:30:00Z,0.8123822020100775,19.35
2025-09-21T19:45:00Z,0.8140226219575908,19.352
2025-09-21T20:00:00Z,0.8150068739260874,19.356
2025-09-21T20:15:00Z,0.8020387221069143,19.36
2025-09-21T20:30:00Z,0.8046633940229242,19.363
2025-09-21T20:45:00Z,0.801710638117406,19.364
2025-09-21T21:00:00Z,0.8043353100334159,19.366
2025-09-21T21:15:00Z,0.8056476459914279,19.366
2025-09-21T21:30:00Z,0.8079442339179366,19.369
2025-09-21T21:45:00Z,0.8056476459914279,19.368
2025-09-21T22:00:00Z,0.801710638117406,19.368
2025-09-21T22:15:00Z,0.7997421341804056,19.367
2025-09-21T22:30:00Z,0.7893986542772353,19.367
2025-09-21T22:45:00Z,0.7961332102958849,19.364
2025-09-21T23:00:00Z,0.7915400344428676,19.363
2025-09-21T23:15:00Z,0.7905557824743639,19.362
2025-09-21T23:30:00Z,0.7843221866738403,19.361
2025-09-21T23:45:00Z,0.7794009268313218,19.36
2025-09-22T00:00:00Z,0.7874478188079834,19.357
2025-09-22T00:15:00Z,0.7874478188079834,19.356
2025-09-22T00:30:00Z,0.7907286587029958,19.352
2025-09-22T00:45:00Z,0.8036968105221689,19.351
2025-09-22T01:00:00Z,0.8040248945116701,19.35
2025-09-22T01:15:00Z,0.8027125585536652,19.347
2025-09-22T01:30:00Z,0.7958227947741392,19.344
2025-09-22T01:45:00Z,0.7974632147216454,19.34
2025-09-22T02:00:00Z,0.7991036346691445,19.338
2025-09-22T02:15:00Z,0.7925419548791268,19.334
2025-09-22T02:30:00Z,0.7909015349316135,19.333
2025-09-22T02:45:00Z,0.7928700388686281,19.33
2025-09-22T03:00:00Z,0.7905734509421194,19.326
2025-09-22T03:15:00Z,0.8015730988242922,19.322
2025-09-22T03:30:00Z,0.8032135187717913,19.318
2025-09-22T03:45:00Z,0.8005888468557814,19.314
2025-09-22T03:45:00Z,0.8005888468557814,19.314
2025-09-22T04:00:00Z,0.8005888468557814,19.313
2025-09-22T04:15:00Z,0.8019011828137934,19.307
2025-09-22T04:15:00Z,0.8019011828137934,19.307
2025-09-22T04:30:00Z,0.8084628626038182,19.305
2025-09-22T04:30:00Z,0.8084628626038182,19.305
2025-09-22T04:45:00Z,0.8107594505303197,19.301
2025-09-22T05:00:00Z,0.8186334662783565,19.299
2025-09-22T05:15:00Z,0.8199458022363615,19.293
2025-09-22T05:30:00Z,0.80664956642768,19.293
2025-09-22T05:45:00Z,0.8059933984486776,19.289
2025-09-22T06:00:00Z,0.8155078341442135,19.287
2025-09-22T06:15:00Z,0.8097575300940676,19.283
2025-09-22T06:30:00Z,0.8253503538292577,19.283
2025-09-22T06:45:00Z,0.8246941858502552,19.28
2025-09-22T07:00:00Z,0.8117260340310821,19.276
2025-09-22T07:15:00Z,0.8010544701384035,19.275
2025-09-22T07:30:00Z,0.7971174622643957,19.272
2025-09-22T07:45:00Z,0.8072880659389341,19.272
2025-09-22T08:00:00Z,0.8066318979599245,19.267
2025-09-22T08:15:00Z,0.8145059137079613,19.267
2025-09-22T08:30:00Z,0.8200833415294824,19.264
2025-09-22T08:45:00Z,0.823692265413996,19.263
2025-09-22T09:00:00Z,0.8220518454664969,19.262
2025-09-22T09:15:00Z,0.8159734574268498,19.261
2025-09-22T09:30:00Z,0.8059580615131736,19.26
2025-09-22T09:45:00Z,0.8039895575761662,19.257
2025-09-22T10:00:00Z,0.7987402137441464,19.255
2025-09-22T10:15:00Z,0.7944751218806303,19.255
2025-09-22T10:30:00Z,0.7859449381535981,19.256
2025-09-22T10:45:00Z,0.7810236783110724,19.253
2025-09-22T11:00:00Z,0.7787270903845638,19.254
2025-09-22T11:15:00Z,0.7857897303927288,19.253
2025-09-22T11:30:00Z,0.7961332102958849,19.253
2025-09-22T11:45:00Z,0.7921962024218772,19.253
2025-09-22T12:00:00Z,0.7905557824743639,19.252
2025-09-22T12:00:00Z,0.7905557824743639,19.252
2025-09-22T12:15:00Z,0.7989307584405267,19.25
2025-09-22T12:30:00Z,0.7969622545035193,19.25
2025-09-22T12:45:00Z,0.7904005747134875,19.251
2025-09-22T13:00:00Z,0.782854642954959,19.248
2025-09-22T13:15:00Z,0.7876206950366083,19.249
2025-09-22T13:30:00Z,0.7823713512045813,19.246
2025-09-22T13:45:00Z,0.7764658393935591,19.249
2025-09-22T14:00:00Z,0.782216143443712,19.248
2025-09-22T14:15:00Z,0.7889506994623687,19.251
2025-09-22T14:30:00Z,0.7830451876513465,19.252
2025-09-22T14:45:00Z,0.79535717149151,19.253
2025-09-22T15:00:00Z,0.7930605835650013,19.254
2025-09-22T15:15:00Z,0.8053725674051861,19.258
2025-09-22T15:30:00Z,0.8001232235731663,19.259
2025-09-22T15:45:00Z,0.7955300477201419,19.261
2025-09-22T16:00:00Z,0.7883121999511147,19.263
2025-09-22T16:15:00Z,0.7820786041505841,19.266
2025-09-22T16:30:00Z,0.7960310079382609,19.269
2025-09-22T16:45:00Z,0.793406336022251,19.272
2025-09-22T17:00:00Z,0.8063744878414383,19.276
2025-09-22T17:15:00Z,0.8076868237994432,19.28
2025-09-22T17:30:00Z,0.8099834117259519,19.283
2025-09-22T17:45:00Z,0.8093272437469494,19.285
2025-09-22T18:00:00Z,0.808671075767947,19.287
2025-09-22T18:15:00Z,0.8089991597574482,19.29
2025-09-22T18:30:00Z,0.7999680158122828,19.293
2025-09-22T18:45:00Z,0.8109676636944556,19.295
2025-09-22T19:00:00Z,0.8145765875789692,19.297
2025-09-22T19:15:00Z,0.8158889235369742,19.297
2025-09-22T19:30:00Z,0.8091543675183175,19.301
2025-09-22T19:45:00Z,0.8140756273608432,19.301
2025-09-22T20:00:00Z,0.8160441312978435,19.304
2025-09-22T20:15:00Z,0.8180126352348509,19.304
2025-09-22T20:30:00Z,0.8242462310353815,19.304
2025-09-22T20:45:00Z,0.8129184991637146,19.306
2025-09-22T21:00:00Z,0.8175116750167319,19.305
2025-09-22T21:15:00Z,0.8221048508697493,19.303
2025-09-22T21:30:00Z,0.8061839431450579,19.301
2025-09-22T21:45:00Z,0.8051996911765542,19.302
2025-09-22T22:00:00Z,0.7992941793655319,19.302
2025-09-22T22:15:00Z,0.7781239278088208,19.299
2025-09-22T22:30:00Z,0.7901078276594902,19.297
2025-09-22T22:45:00Z,0.7874831557434803,19.296
2025-09-22T23:00:00Z,0.7874831557434803,19.294
2025-09-22T23:15:00Z,0.8073410713421936,19.291
2025-09-22T23:30:00Z,0.810621911237206,19.29
2025-09-22T23:30:00Z,0.810621911237206,19.29
2025-09-22T23:45:00Z,0.8073410713421936,19.286
2025-09-23T00:00:00Z,0.802419811499675,19.284
2025-09-23T00:15:00Z,0.807997239321196,19.281
2025-09-23T00:30:00Z,0.8015907672920406,19.28
2025-09-23T00:45:00Z,0.8109499952267072,19.274
2025-09-23T01:00:00Z,0.8089814912896927,19.273
2025-09-23T01:15:00Z,0.7930605835650013,19.269
2025-09-23T01:30:00Z,0.7874831557434803,19.264
2025-09-23T01:30:00Z,0.7874831557434803,19.264
2025-09-23T01:45:00Z,0.7838742318589667,19.261
2025-09-23T02:00:00Z,0.7906087878776233,19.258
2025-09-23T02:00:00Z,0.7906087878776233,19.258
2025-09-23T02:15:00Z,0.7978266356466506,19.254
2025-09-23T02:30:00Z,0.7965142996886456,19.251
2025-09-23T02:45:00Z,0.8075139475708113,19.245
2025-09-23T03:00:00Z,0.8058735276233051,19.243
2025-09-23T03:15:00Z,0.8075139475708113,19.239
2025-09-23T03:30:00Z,0.8062016116128135,19.234
2025-09-23T03:45:00Z,0.8101386194868212,19.233
2025-09-23T04:00:00Z,0.8144037113503444,19.231
2025-09-23T04:15:00Z,0.8226058110878753,19.227
2025-09-23T04:30:00Z,0.820965391140362,19.225
2025-09-23T04:45:00Z,0.8222777270983741,19.224
2025-09-23T05:00:00Z,0.8239181470458803,19.218
2025-09-23T05:15:00Z,0.8184959269852357,19.219
2025-09-23T05:30:00Z,0.8253856907647616,19.216
2025-09-23T05:45:00Z,0.8289946146492753,19.214
2025-09-23T06:00:00Z,0.8342439584812951,19.215
2025-09-23T06:15:00Z,0.8427741422083344,19.211
2025-09-23T06:30:00Z,0.8426012659797024,19.21
2025-09-23T06:45:00Z,0.8471944418327197,19.209
2025-09-23T07:00:00Z,0.8524437856647396,19.208
2025-09-23T07:15:00Z,0.8322577860765392,19.204
2025-09-23T07:30:00Z,0.8251951460683813,19.203
2025-09-23T07:45:00Z,0.8297883219213986,19.2
2025-09-23T08:00:00Z,0.8171482540917268,19.2
2025-09-23T08:15:00Z,0.8360219177219292,19.198
2025-09-23T08:30:00Z,0.8320849098479073,19.198
2025-09-23T08:45:00Z,0.8283031097347688,19.197
2025-09-23T09:00:00Z,0.841271261553949,19.196
2025-09-23T09:15:00Z,0.8279750257452676,19.192
2025-09-23T09:30:00Z,0.8246941858502552,19.191
2025-09-23T09:45:00Z,0.8253503538292577,19.189
2025-09-23T10:00:00Z,0.8250222698397565,19.19
2025-09-23T10:15:00Z,0.8283031097347688,19.187
2025-09-23T10:30:00Z,0.8266626897872555,19.189
2025-09-23T10:45:00Z,0.8266626897872555,19.188
2025-09-23T11:00:00Z,0.8309277816507787,19.187
2025-09-23T11:15:00Z,0.8292873617032654,19.183
2025-09-23T11:30:00Z,0.8335524535667886,19.185
2025-09-23T11:45:00Z,0.8283031097347688,19.185
2025-09-23T12:00:00Z,0.8178044220707221,19.184
2025-09-23T12:15:00Z,0.8132112462177048,19.184
2025-09-23T12:30:00Z,0.7946656665770107,19.182
2025-09-23T12:45:00Z,0.8030406425431664,19.184
2025-09-23T13:00:00Z,0.801072138606159,19.183
2025-09-23T13:15:00Z,0.8101032825513244,19.185
2025-09-23T13:30:00Z,0.8207748464439959,19.184
2025-09-23T13:45:00Z,0.8188063425069885,19.184
2025-09-23T14:00:00Z,0.8168378385699739,19.186
2025-09-23T14:15:00Z,0.8155255026119761,19.188
2025-09-23T14:30:00Z,0.8161816705909715,19.19
2025-09-23T14:45:00Z,0.8151974186224749,19.193
2025-09-23T15:00:00Z,0.8089638228219442,19.192
2025-09-23T15:15:00Z,0.8186511347461121,19.199
2025-09-23T15:30:00Z,0.8066672348954356,19.2
2025-09-23T15:45:00Z,0.8252128145361297,19.205
2025-09-23T16:00:00Z,1.5463414234600208,19.205
2025-09-23T16:15:00Z,1.3632705573182804,19.231
2025-09-23T16:30:00Z,1.2261314497067417,19.314
2025-09-23T16:45:00Z,1.1526406360584431,19.449
2025-09-23T17:00:00Z,1.1096616334337739,19.617
2025-09-23T17:15:00Z,1.0697905944754922,19.792
2025-09-23T17:30:00Z,1.0601209510190728,19.965
2025-09-23T17:45:00Z,1.0417482476070035,20.125
2025-09-23T18:00:00Z,1.0223912922264233,20.276
2025-09-23T18:15:00Z,1.0076275126988605,20.411
2025-09-23T18:30:00Z,0.995816489076816,20.529
2025-09-23T18:45:00Z,0.9895828932762925,20.633
2025-09-23T19:00:00Z,0.9700530616670946,20.718
2025-09-23T19:15:00Z,0.9825202532681416,20.793
2025-09-23T19:30:00Z,0.9734891093229763,20.858
2025-09-23T19:45:00Z,0.9754576132599837,20.914
2025-09-23T20:00:00Z,0.9523188577662651,20.96
2025-09-23T20:15:00Z,0.9327890261570602,21.002
2025-09-23T20:30:00Z,0.9178523704008725,21.034
2025-09-23T20:45:00Z,0.9276948900859168,21.062
2025-09-23T21:00:00Z,0.9385216617394576,21.082
2025-09-23T21:15:00Z,0.9391778297184601,21.1
2025-09-23T21:30:00Z,0.940490165676465,21.111
2025-09-23T21:45:00Z,0.9147267382667366,21.12
2025-09-23T22:00:00Z,0.8819006708488502,21.123
2025-09-23T22:15:00Z,0.8997724140428005,21.122
2025-09-23T22:30:00Z,1.1563340938328253,21.106
2025-09-23T22:45:00Z,1.8942126546890279,21.11
2025-09-23T23:00:00Z,1.7303258676992428,21.098
2025-09-23T23:15:00Z,1.5362376852075883,21.073
2025-09-23T23:30:00Z,1.3969748658981516,21.044
2025-09-23T23:45:00Z,1.3100502771480649,21.015
2025-09-24T00:00:00Z,1.2372156314787688,20.984
2025-09-24T00:00:00Z,1.2372156314787688,20.984
2025-09-24T00:15:00Z,1.181614229492176,20.952
2025-09-24T00:30:00Z,1.117620183071672,20.917
2025-09-24T00:45:00Z,1.088921668224181,20.879
2025-09-24T01:00:00Z,1.08793741625567,20.842
2025-09-24T01:15:00Z,1.047911169536512,20.808
2025-09-24T01:30:00Z,1.0075568388278526,20.774
2025-09-24T01:45:00Z,0.9854023353026449,20.74
2025-09-24T02:00:00Z,0.9540438116036327,20.706
2025-09-24T02:15:00Z,0.9776835273154774,20.68
2025-09-24T02:30:00Z,0.9916359311031684,20.649
2025-09-24T02:45:00Z,0.9957458152058081,20.622
2025-09-24T03:00:00Z,0.9895122194052846,20.593
2025-09-24T03:15:00Z,0.9831234158438846,20.569
2025-09-24T03:30:00Z,0.9698271800352032,20.546
2025-09-24T03:45:00Z,0.9555466922580251,20.524
2025-09-24T04:00:00Z,0.9529220203420152,20.5
2025-09-24T04:15:00Z,0.9708114320037069,20.483
2025-09-24T04:30:00Z,0.9529220203420152,20.465
2025-09-24T04:45:00Z,0.9558747762475264,20.449
2025-09-24T05:00:00Z,0.9419223724598353,20.433
2025-09-24T05:15:00Z,0.9373291966068109,20.418
2025-09-24T05:30:00Z,0.9360168606488131,20.405
2025-09-24T05:45:00Z,0.9181274489871143,20.392
2025-09-24T06:00:00Z,0.913534273134097,20.381
2025-09-24T06:15:00Z,0.9151746930816032,20.367
2025-09-24T06:30:00Z,0.9181274489871143,20.355
2025-09-24T06:45:00Z,0.9210802048926254,20.345
2025-09-24T07:00:00Z,0.9151746930816032,20.331
2025-09-24T07:15:00Z,0.913534273134097,20.321
2025-09-24T07:30:00Z,0.9015503732834205,20.308
2025-09-24T07:45:00Z,0.8954719852437734,20.3
2025-09-24T08:00:00Z,0.8944877332752768,20.288
2025-09-24T08:15:00Z,0.9010494130652944,20.282
2025-09-24T08:30:00Z,0.9033460009918031,20.272
2025-09-24T08:45:00Z,0.90859534482383,20.264
2025-09-24T09:00:00Z,0.8982518649206597,20.253
2025-09-24T09:15:00Z,0.8888926369859931,20.245
2025-09-24T09:30:00Z,0.8869241330489857,20.239
2025-09-24T09:45:00Z,0.8810186212379563,20.23
2025-09-24T10:00:00Z,0.8782210730933215,20.407
2025-09-24T10:15:00Z,0.8782210730933215,20.306
2025-09-24T10:30:00Z,0.856394653557615,20.269
2025-09-24T10:45:00Z,0.8595202856917439,20.25
2025-09-24T11:00:00Z,0.8513181859542129,20.233
2025-09-24T11:15:00Z,0.8463969261116944,20.22
2025-09-24T11:30:00Z,0.843116086216682,20.211
2025-09-24T11:45:00Z,0.8514910621828449,20.204
2025-09-24T12:00:00Z,0.84755405430883,20.2
2025-09-24T12:15:00Z,0.8529762743694818,20.195
2025-09-24T12:30:00Z,0.8500235184639706,20.192
2025-09-24T12:45:00Z,0.8434618386739388,20.189
2025-09-24T13:00:00Z,0.8405090827684276,20.19
2025-09-24T13:15:00Z,0.8414933347369313,20.19
2025-09-24T13:30:00Z,0.8398529147894251,20.192
2025-09-24T13:45:00Z,0.8465874708080818,20.194
2025-09-24T14:00:00Z,0.8446189668710744,20.199
2025-09-24T14:15:00Z,0.8423223789445657,20.203
2025-09-24T14:30:00Z,0.841338126976062,20.21
2025-09-24T14:45:00Z,0.8477445990052104,20.214
2025-09-24T15:00:00Z,0.8484007669842129,20.221
2025-09-24T15:15:00Z,0.8447918430996921,20.227
2025-09-24T15:30:00Z,0.8434795071416943,20.235
2025-09-24T15:45:00Z,0.8444637591101909,20.242
2025-09-24T16:00:00Z,0.845776095068203,20.25
2025-09-24T16:15:00Z,0.841839087194181,20.259
2025-09-24T16:30:00Z,0.8511983151288476,20.265
2025-09-24T16:45:00Z,0.83626165937266,20.277
2025-09-24T17:00:00Z,0.8323246514986451,20.282
2025-09-24T17:15:00Z,0.8296999795826352,20.291
2025-09-24T17:30:00Z,0.8429962153913166,20.3
2025-09-24T17:45:00Z,0.8413557954438105,20.31
2025-09-24T18:00:00Z,0.8403715434753067,20.318
2025-09-24T18:15:00Z,0.8354502836327882,20.324
2025-09-24T18:30:00Z,0.832497527727277,20.333
2025-09-24T18:45:00Z,0.8364345356012919,20.34
2025-09-24T19:00:00Z,0.8429962153913166,20.343
2025-09-24T19:15:00Z,0.8589171231160009,20.349
2025-09-24T19:30:00Z,0.8592452071055021,20.352
2025-09-24T19:45:00Z,0.8492298111918473,20.354
2025-09-24T20:00:00Z,0.8469332232653315,20.354
2025-09-24T20:15:00Z,0.834949323414655,20.354
2025-09-24T20:30:00Z,0.8379020793201732,20.354
2025-09-24T20:45:00Z,0.8421671711836822,20.353
2025-09-24T21:00:00Z,0.8379020793201732,20.35
2025-09-24T21:15:00Z,0.8379020793201732,20.347
2025-09-24T21:30:00Z,0.8379020793201732,20.343
2025-09-24T21:45:00Z,0.8219811715954819,20.34
2025-09-24T22:00:00Z,0.8173879957424646,20.336
2025-09-24T22:15:00Z,0.8160756597844596,20.33
2025-09-24T22:30:00Z,0.8190284156899708,20.326
2025-09-24T22:45:00Z,0.8290438116036327,20.32
2025-09-24T23:00:00Z,0.8313403995301414,20.313
2025-09-24T23:15:00Z,0.8274033916561265,20.308
2025-09-24T23:30:00Z,0.8257629717086203,20.302
2025-09-24T23:45:00Z,0.8247787197401166,20.297
2025-09-25T00:00:00Z,0.8141071558474522,20.29
2025-09-25T00:15:00Z,0.8251068037296179,20.284
2025-09-25T00:30:00Z,0.8283876436246302,20.276
2025-09-25T00:45:00Z,0.8277314756456278,20.271
2025-09-25T01:00:00Z,0.8300280635721364,20.265
2025-09-25T01:15:00Z,0.826747223677124,20.259
2025-09-25T01:30:00Z,0.8164037437739609,20.252
2025-09-25T01:45:00Z,0.8177160797319658,20.245
2025-09-25T02:00:00Z,0.8173879957424646,20.239
2025-09-25T02:15:00Z,0.8213250036164794,20.234
2025-09-25T02:30:00Z,0.824933927500993,20.228
2025-09-25T02:45:00Z,0.8246058435114918,20.222
2025-09-25T03:00:00Z,0.834448363196536,20.215
2025-09-25T03:15:00Z,0.8380572870810425,20.211
2025-09-25T03:30:00Z,0.8221363793563512,20.205
2025-09-25T03:45:00Z,0.8341202792070348,20.199
2025-09-25T04:00:00Z,0.82180829536685,20.192
2025-09-25T04:15:00Z,0.8055593036526574,20.186
2025-09-25T04:30:00Z,0.8152466155768323,20.18
2025-09-25T04:45:00Z,0.8139342796188203,20.175
2025-09-25T05:00:00Z,0.8204959594088521,20.17
2025-09-25T05:15:00Z,0.8234487153143633,20.16
2025-09-25T05:30:00Z,0.8260733872303732,20.155
2025-09-25T05:45:00Z,0.8250891352618694,20.15
2025-09-25T06:00:00Z,0.8224644633458595,20.143
2025-09-25T06:15:00Z,0.8309946470728917,20.136
2025-09-25T06:30:00Z,0.8259005110017412,20.131
2025-09-25T06:45:00Z,0.833774526749778,20.122
2025-09-25T07:00:00Z,0.8496954344744623,20.117
2025-09-25T07:15:00Z,0.8432889624453068,20.11
2025-09-25T07:30:00Z,0.8345859024896427,20.103
2025-09-25T07:45:00Z,0.8368824904161514,20.097
2025-09-25T08:00:00Z,0.8268670945024965,20.091
2025-09-25T08:15:00Z,0.8278513464710002,20.085
2025-09-25T08:30:00Z,0.8235862546074841,20.079
2025-09-25T08:45:00Z,0.81488319465182,20.073
2025-09-25T09:00:00Z,0.8198044544943386,20.065
2025-09-25T09:15:00Z,0.8165236145993262,20.06
2025-09-25T09:30:00Z,0.8171797825783287,20.053
2025-09-25T09:45:00Z,0.8165236145993262,20.047
2025-09-25T10:00:00Z,0.8125866067253114,20.042
2025-09-25T10:15:00Z,0.8122585227358101,20.038
2025-09-25T10:30:00Z,0.8135708586938151,20.032
2025-09-25T10:45:00Z,0.8152112786413213,20.025
2025-09-25T11:00:00Z,0.8158674466203237,20.02
2025-09-25T11:15:00Z,0.818008826785956,20.018
2025-09-25T11:30:00Z,0.798478995176751,20.011
2025-09-25T11:45:00Z,0.7873241395337089,20.009
2025-09-25T12:00:00Z,0.7850275516072003,20.006
2025-09-25T12:15:00Z,0.797339535447378,20.001
2025-09-25T12:30:00Z,0.8086672673190449,19.998
2025-09-25T12:45:00Z,0.8147456553586991,19.997
2025-09-25T13:00:00Z,0.806215471631667,19.994
2025-09-25T13:15:00Z,0.8075278075896648,19.991
2025-09-25T13:30:00Z,0.8029346317366475,19.99
2025-09-25T13:45:00Z,0.8093411037658029,19.988
2025-09-25T14:00:00Z,0.8073725998287955,19.987
2025-09-25T14:15:00Z,0.8004828360492695,19.985
2025-09-25T14:30:00Z,0.8042646361624151,19.985
2025-09-25T14:45:00Z,0.8016399642464052,19.982
2025-09-25T15:00:00Z,0.7993433763198965,19.983
2025-09-25T15:15:00Z,0.8008285885065192,19.982
2025-09-25T15:30:00Z,0.7939388247269932,19.983
2025-09-25T15:45:00Z,0.8065788925566721,19.982
2025-09-25T16:00:00Z,0.8039542206406622,19.983
2025-09-25T16:15:00Z,0.802313800693156,19.983
2025-09-25T16:30:00Z,0.8093764407012998,19.98
2025-09-25T16:45:00Z,0.8044551808587812,19.981
2025-09-25T17:00:00Z,0.7985496690477589,19.986
2025-09-25T17:15:00Z,0.80987740091944,19.984
2025-09-25T17:30:00Z,0.8108616528879438,19.983
2025-09-25T17:45:00Z,0.8154548287409611,19.984
2025-09-25T18:00:00Z,0.8175962089065933,19.982
2025-09-25T18:15:00Z,0.8231736367281215,19.983
2025-09-25T18:30:00Z,0.8205489648121116,19.982
2025-09-25T18:45:00Z,0.8192366288540995,19.981
2025-09-25T19:00:00Z,0.8182523768855958,19.981
2025-09-25T19:15:00Z,0.8189085448645983,19.979
2025-09-25T19:30:00Z,0.8257983086441314,19.978
2025-09-25T19:45:00Z,0.8241578886966181,19.976
2025-09-25T20:00:00Z,0.8244859726861193,19.969
2025-09-25T20:15:00Z,0.8244859726861193,19.967
2025-09-25T20:30:00Z,0.8284229805601413,19.962
2025-09-25T20:45:00Z,0.8280948965706401,19.957
2025-09-25T21:00:00Z,0.8261263926336326,19.952
2025-09-25T21:15:00Z,0.8251421406651218,19.945
2025-09-25T21:30:00Z,0.8241578886966181,19.941
2025-09-25T21:45:00Z,0.8079088969824326,19.932
2025-09-25T22:00:00Z,0.8116906970955711,19.928
2025-09-25T22:15:00Z,0.8084098572005587,19.923
2025-09-25T22:30:00Z,0.80611326927405,19.916
2025-09-25T22:45:00Z,0.8141601612507046,19.91
2025-09-25T23:00:00Z,0.803661473586665,19.901
2025-09-25T23:15:00Z,0.8054747697628031,19.898
2025-09-25T23:30:00Z,0.8097398616263192,19.888
2025-09-25T23:45:00Z,0.808099441678813,19.881
2025-09-26T00:00:00Z,0.8227080134454923,19.874
2025-09-26T00:15:00Z,0.8327234093591613,19.866
2025-09-26T00:30:00Z,0.8320672413801589,19.858
2025-09-26T00:45:00Z,0.8392850891491861,19.85
2025-09-26T01:00:00Z,0.8207395095084848,19.842
2025-09-26T01:15:00Z,0.8200833415294824,19.834
2025-09-26T01:30:00Z,0.8251774776006329,19.826
2025-09-26T01:45:00Z,0.8076161499284353,19.816
2025-09-26T02:00:00Z,0.8179596298315985,19.806
2025-09-26T02:15:00Z,0.8245213096216304,19.798
2025-09-26T02:30:00Z,0.8325682015982849,19.79
2025-09-26T02:45:00Z,0.838145629419806,19.778
2025-09-26T03:00:00Z,0.8358490414932973,19.77
2025-09-26T03:15:00Z,0.8173034618526032,19.758
2025-09-26T03:30:00Z,0.8150068739260874,19.749
2025-09-26T03:45:00Z,0.8117260340310821,19.738
2025-09-26T04:00:00Z,0.8156630419050899,19.725
2025-09-26T04:15:00Z,0.8179596298315985,19.714
2025-09-26T04:30:00Z,0.8335524535667886,19.705
2025-09-26T04:45:00Z,0.8371613774513023,19.693
2025-09-26T05:00:00Z,0.8407703013358159,19.683
2025-09-26T05:15:00Z,0.8489724010733468,19.671
2025-09-26T05:30:00Z,0.8383008371806895,19.661
2025-09-26T05:45:00Z,0.8425659290441985,19.651
2025-09-26T06:00:00Z,0.836159457015043,19.639
2025-09-26T06:15:00Z,0.8404245488785662,19.632
2025-09-26T06:30:00Z,0.8423930528155736,19.623
2025-09-26T06:45:00Z,0.8418920925974476,19.615
2025-09-26T07:00:00Z,0.843860596534455,19.609
2025-09-26T07:15:00Z,0.8464852684504649,19.6
2025-09-26T07:30:00Z,0.8358137045577934,19.592
2025-09-26T07:45:00Z,0.83482945258929675,19.585
2025-09-26T08:00:00Z,0.8287510645496425,19.578
2025-09-26T08:15:00Z,0.8277668125811317,19.569
2025-09-26T08:30:00Z,0.8287510645496425,19.563
2025-09-26T08:45:00Z,0.8317038204551537,19.555
2025-09-26T09:00:00Z,0.8310476524761512,19.551
2025-09-26T09:15:00Z,0.8343284923711636,19.546
2025-09-26T09:30:00Z,0.8353127443396602,19.54
2025-09-26T09:45:00Z,0.8317038204551537,19.531
2025-09-26T10:00:00Z,0.8330161564131586,19.528
2025-09-26T10:15:00Z,0.8340004083816623,19.523
2025-09-26T10:30:00Z,0.8190637526254747,19.518
2025-09-26T10:45:00Z,0.8235017207176227,19.515
2025-09-26T11:00:00Z,0.8202208808226032,19.51
2025-09-26T11:15:00Z,0.8182523768855958,19.506
2025-09-26T11:30:00Z,0.8149715369905834,19.503
2025-09-26T11:45:00Z,0.8236745969462476,19.5
2025-09-26T12:00:00Z,0.818753337103729,19.496
2025-09-26T12:15:00Z,0.8121916573137042,19.494
2025-09-26T12:30:00Z,0.8202385492903588,19.494
2025-09-26T12:45:00Z,0.8159734574268498,19.49
2025-09-26T13:00:00Z,0.8130207015213315,19.49
2025-09-26T13:15:00Z,0.81680250163447,19.49
2025-09-26T13:30:00Z,0.8161463336554675,19.488
2025-09-26T13:45:00Z,0.8205843017476084,19.488
2025-09-26T14:00:00Z,0.8150068739260874,19.488
2025-09-26T14:15:00Z,0.8178044220707221,19.488
2025-09-26T14:30:00Z,0.8164920861127172,19.488
2025-09-26T14:45:00Z,0.8132112462177048,19.488
2025-09-26T15:00:00Z,0.8212581381943664,19.491
2025-09-26T15:15:00Z,0.8270084422445194,19.491
2025-09-26T15:30:00Z,0.8260241902760157,19.494
2025-09-26T15:45:00Z,0.8279926942130231,19.495
2025-09-26T16:00:00Z,0.8289769461815268,19.496
2025-09-26T16:15:00Z,0.8363676701791789,19.499
2025-09-26T16:30:00Z,0.8357115022001693,19.501
2025-09-26T16:45:00Z,0.8366957541686801,19.504
2025-09-26T17:00:00Z,0.832430662305164,19.505
2025-09-26T17:15:00Z,0.8396485100741913,19.508
2025-09-26T17:30:00Z,0.8429293499692037,19.511
2025-09-26T17:45:00Z,0.8445697699167098,19.513
2025-09-26T18:00:00Z,0.8412889300216975,19.515
2025-09-26T18:15:00Z,0.8501471977382309,19.516
2025-09-26T18:30:00Z,0.8544122896017541,19.517
2025-09-26T18:45:00Z,0.8580212134862606,19.519
2025-09-26T19:00:00Z,0.8629424733287792,19.524
2025-09-26T19:15:00Z,0.853911329383628,19.523
2025-09-26T19:30:00Z,0.8581764212471441,19.524
2025-09-26T19:45:00Z,0.8583316290080134,19.528
2025-09-26T20:00:00Z,0.8570192930500085,19.529
2025-09-26T20:15:00Z,0.8635809728400403,19.528
2025-09-26T20:30:00Z,0.856190248842374,19.53
2025-09-26T20:45:00Z,0.8478152728762183,19.533
2025-09-26T21:00:00Z,0.851424196760739,19.532
2025-09-26T21:15:00Z,0.8586420445297662,19.53
2025-09-26T21:30:00Z,0.8407526328680675,19.532
2025-09-26T21:45:00Z,0.845673892710586,19.531
2025-09-26T22:00:00Z,0.8450177247315835,19.532
2025-09-26T22:00:00Z,0.8450177247315835,19.532
2025-09-26T22:15:00Z,0.8310653209439067,19.528
2025-09-26T22:30:00Z,0.8505951525531046,19.527
2025-09-26T22:45:00Z,0.8389393366919364,19.526
2025-09-26T23:00:00Z,0.8320495729124104,19.525
2025-09-26T23:15:00Z,0.8277844810488872,19.525
2025-09-26T23:30:00Z,0.8208947172693684,19.524
2025-09-26T23:45:00Z,0.8182700453533585,19.521
2025-09-27T00:00:00Z,0.823191305195877,19.517
2025-09-27T00:15:00Z,0.829269693235517,19.518
2025-09-27T00:30:00Z,0.8217237614769886,19.513
2025-09-27T00:45:00Z,0.8343638293066675,19.511
2025-09-27T01:00:00Z,0.8164744176449688,19.509
2025-09-27T01:15:00Z,0.8304268214326527,19.508
2025-09-27T01:30:00Z,0.8274740655271415,19.505
2025-09-27T01:45:00Z,0.8271459815376403,19.503
2025-09-27T02:00:00Z,0.8258336455796353,19.5
2025-09-27T02:15:00Z,0.8274740655271415,19.497
2025-09-27T02:30:00Z,0.8268178975481391,19.496
2025-09-27T02:45:00Z,0.8261617295691366,19.493
2025-09-27T03:00:00Z,0.836833293461801,19.491
2025-09-27T03:15:00Z,0.8305996976612775,19.49
2025-09-27T03:30:00Z,0.8266626897872555,19.485
2025-09-27T03:45:00Z,0.8283031097347688,19.484
2025-09-27T04:00:00Z,0.8305996976612775,19.48
2025-09-27T04:15:00Z,0.8322401176087837,19.478
2025-09-27T04:30:00Z,0.8322401176087837,19.474
2025-09-27T04:45:00Z,0.8351928735142948,19.473
2025-09-27T05:00:00Z,0.8394579653778109,19.469
2025-09-27T05:15:00Z,0.8417545533043196,19.466
2025-09-27T05:30:00Z,0.8456915611783344,19.463
2025-09-27T05:45:00Z,0.8479881491048431,19.459
2025-09-27T06:00:00Z,0.8409255090966994,19.456
2025-09-27T06:15:00Z,0.844534432981213,19.455
2025-09-27T06:30:00Z,0.8497837768132328,19.451
2025-09-27T06:45:00Z,0.8510961127712378,19.449
2025-09-27T07:00:00Z,0.840096464889065,19.445
2025-09-27T07:15:00Z,0.8423930528155736,19.444
2025-09-27T07:30:00Z,0.8327057408914129,19.442
2025-09-27T07:45:00Z,0.8340180768494179,19.438
2025-09-27T08:00:00Z,0.838283168712934,19.433
2025-09-27T08:15:00Z,0.8418920925974476,19.432
2025-09-27T08:30:00Z,0.8455010164819612,19.429
2025-09-27T08:45:00Z,0.8484537723874794,19.426
2025-09-27T09:00:00Z,0.8417192163688156,19.424
2025-09-27T09:15:00Z,0.8430315523268277,19.421
2025-09-27T09:30:00Z,0.8397507124318153,19.422
2025-09-27T09:45:00Z,0.8271106446021292,19.416
2025-09-27T10:00:00Z,0.8248140566756206,19.417
2025-09-27T10:15:00Z,0.8261263926336326,19.413
2025-09-27T10:30:00Z,0.8297353165181391,19.412
2025-09-27T10:45:00Z,0.8274387285916305,19.411
2025-09-27T11:00:00Z,0.8251421406651218,19.409
2025-09-27T11:15:00Z,0.8251421406651218,19.41
2025-09-27T11:30:00Z,0.8221893847596107,19.408
2025-09-27T11:45:00Z,0.8238298047071169,19.406
2025-09-27T12:00:00Z,0.8238298047071169,19.407
2025-09-27T12:15:00Z,0.8231736367281215,19.407
2025-09-27T12:30:00Z,0.8195647128436008,19.409
2025-09-27T12:45:00Z,0.8120187810850723,19.407
2025-09-27T13:00:00Z,0.8133311170430773,19.407
2025-09-27T13:15:00Z,0.8120187810850723,19.41
2025-09-27T13:30:00Z,0.8087379411900599,19.41
2025-09-27T13:45:00Z,0.8085827334291835,19.409
2025-09-27T14:00:00Z,0.8098950693871956,19.411
2025-09-27T14:15:00Z,0.804973809544677,19.412
2025-09-27T14:30:00Z,0.8053018935341711,19.414
2025-09-27T14:45:00Z,0.8179419613638501,19.416
2025-09-27T15:00:00Z,0.8195823813113563,19.415
2025-09-27T15:15:00Z,0.8273011892985167,19.416
2025-09-27T15:30:00Z,0.8204114255189836,19.419
2025-09-27T15:45:00Z,0.8166296254058452,19.42
2025-09-27T16:00:00Z,0.806787105720808,19.422
2025-09-27T16:15:00Z,0.8110521975843241,19.423
2025-09-27T16:30:00Z,0.8233641814244947,19.425
2025-09-27T16:45:00Z,0.8058028537523043,19.429
2025-09-27T17:00:00Z,0.8135216617394576,19.429
2025-09-27T17:15:00Z,0.8145059137079613,19.428
2025-09-27T17:30:00Z,0.8174586696134725,19.433
2025-09-27T17:45:00Z,0.8210675934979861,19.433
2025-09-27T18:00:00Z,0.8366604172331762,19.435
2025-09-27T18:15:00Z,0.8383008371806895,19.435
2025-09-27T18:30:00Z,0.8273011892985167,19.436
2025-09-27T18:45:00Z,0.830582029193522,19.437
2025-09-27T19:00:00Z,0.8358313730255489,19.438
2025-09-27T19:15:00Z,0.8374717929730551,19.438
2025-09-27T19:30:00Z,0.8284406490278968,19.441
2025-09-27T19:45:00Z,0.8353304128074228,19.441
2025-09-27T20:00:00Z,0.8428763445659513,19.437
2025-09-27T20:15:00Z,0.8464852684504649,19.438
2025-09-27T20:30:00Z,0.8440158042953243,19.436
2025-09-27T20:45:00Z,0.8492651481273512,19.436
2025-09-27T21:00:00Z,0.8379374162556772,19.437
2025-09-27T21:15:00Z,0.8402340041821859,19.434
2025-09-27T21:30:00Z,0.8315309442265288,19.433
2025-09-27T21:45:00Z,0.8334994481635363,19.432
2025-09-27T22:00:00Z,0.8354679521005437,19.43
2025-09-27T22:15:00Z,0.8251244721973663,19.429
2025-09-27T22:30:00Z,0.8185627924073415,19.426
2025-09-27T22:45:00Z,0.8179066244283391,19.425
2025-09-27T23:00:00Z,0.8215155483128527,19.424
2025-09-27T23:15:00Z,0.8159381204913316,19.419
2025-09-27T23:30:00Z,0.8156100365018304,19.418
2025-09-27T23:45:00Z,0.8120011126173168,19.414
2025-09-28T00:00:00Z,0.8146257845333267,19.414
2025-09-28T00:15:00Z,0.8185627924073415,19.411
2025-09-28T00:30:00Z,0.8179066244283391,19.407
2025-09-28T00:45:00Z,0.8289062723105189,19.406
2025-09-28T01:00:00Z,0.8312028602370276,19.401
2025-09-28T01:15:00Z,0.8264368081553712,19.4
2025-09-28T01:30:00Z,0.8284053120923787,19.397
2025-09-28T01:45:00Z,0.8307019000188944,19.392
2025-09-28T02:00:00Z,0.8290614800713811,19.391
2025-09-28T02:15:00Z,0.824796388207865,19.386
2025-09-28T02:30:00Z,0.8151090762837043,19.382
2025-09-28T02:45:00Z,0.8141248243152006,19.378
2025-09-28T03:00:00Z,0.817405664210213,19.376
2025-09-28T03:15:00Z,0.8313580679978898,19.372
2025-09-28T03:30:00Z,0.8333265719349043,19.366
2025-09-28T03:45:00Z,0.8402163357144232,19.362
2025-09-28T04:00:00Z,0.8441533435884452,19.357
2025-09-28T04:15:00Z,0.8334817796957736,19.354
2025-09-28T04:30:00Z,0.8328256117167783,19.35
2025-09-28T04:45:00Z,0.8241225517611142,19.345
2025-09-28T05:00:00Z,0.8333089034671488,19.341
2025-09-28T05:15:00Z,0.8405267512361831,19.338
2025-09-28T05:30:00Z,0.8470884310262008,19.335
2025-09-28T05:45:00Z,0.8523377748582206,19.333
2025-09-28T06:00:00Z,0.8475717227765855,19.328
2025-09-28T06:00:00Z,0.8475717227765855,19.328
2025-09-28T06:15:00Z,0.838212494841919,19.326
2025-09-28T06:30:00Z,0.8428056706949363,19.321
2025-09-28T06:45:00Z,0.8390238705817978,19.32
2025-09-28T07:00:00Z,0.8452574663823142,19.317
2025-09-28T07:15:00Z,0.8401633303111709,19.314
2025-09-28T07:30:00Z,0.8408194982901733,19.311
2025-09-28T07:45:00Z,0.8291636824290052,19.31
2025-09-28T08:00:00Z,0.8337568582820225,19.306
2025-09-28T08:15:00Z,0.8237414623683534,19.304
2025-09-28T08:30:00Z,0.8283346382213708,19.303
2025-09-28T08:45:00Z,0.8362086539694005,19.298
2025-09-28T09:00:00Z,0.8427703337594323,19.297
2025-09-28T09:15:00Z,0.8460511736544447,19.295
2025-09-28T09:30:00Z,0.8330830218352574,19.292
2025-09-28T09:45:00Z,0.8343953577932695,19.291
2025-09-28T10:00:00Z,0.8220833739530988,19.29
2025-09-28T10:15:00Z,0.8227395419321013,19.289
2025-09-28T10:30:00Z,0.8207710379950939,19.287
2025-09-28T10:45:00Z,0.8220833739530988,19.286
2025-09-28T11:00:00Z,0.8188025340580793,19.285
2025-09-28T11:15:00Z,0.8194587020370818,19.286
2025-09-28T11:30:00Z,0.814209358205062,19.282
2025-09-28T11:45:00Z,0.814209358205062,19.283
2025-09-28T12:00:00Z,0.8151936101735728,19.283
2025-09-28T12:15:00Z,0.8109285183100496,19.282
2025-09-28T12:30:00Z,0.8060072584675311,19.281
2025-09-28T12:45:00Z,0.8060072584675311,19.283
2025-09-28T13:00:00Z,0.8060072584675311,19.283
2025-09-28T13:15:00Z,0.7984613267090026,19.284
2025-09-28T13:30:00Z,0.804867798738151,19.284
2025-09-28T13:45:00Z,0.802243126822141,19.286
2025-09-28T14:00:00Z,0.7969937829901141,19.287
2025-09-28T14:15:00Z,0.798478995176751,19.288
2025-09-28T14:30:00Z,0.8040564229982721,19.289
2025-09-28T14:45:00Z,0.8007755831032597,19.29
2025-09-28T15:00:00Z,0.7945419873027362,19.292
2025-09-28T15:15:00Z,0.8045573832164052,19.293
2025-09-28T15:30:00Z,0.8009484593318845,19.295
2025-09-28T15:45:00Z,0.7897936036888424,19.297
2025-09-28T16:00:00Z,0.7962000757179908,19.298
2025-09-28T16:15:00Z,0.7948877397599929,19.301
2025-09-28T16:30:00Z,0.7889822279489636,19.303
2025-09-28T16:45:00Z,0.8058873876421586,19.307
2025-09-28T17:00:00Z,0.8029346317366475,19.309
2025-09-28T17:15:00Z,0.8178712874928422,19.313
2025-09-28T17:30:00Z,0.8185274554718376,19.315
2025-09-28T17:45:00Z,0.8181993714823363,19.316
2025-09-28T18:00:00Z,0.8129500276503165,19.319
2025-09-28T18:15:00Z,0.8139342796188203,19.322
2025-09-28T18:30:00Z,0.8129500276503165,19.323
2025-09-28T18:45:00Z,0.8162308675453289,19.324
2025-09-28T19:00:00Z,0.8188555394613388,19.327
2025-09-28T19:15:00Z,0.8257453032408719,19.329
2025-09-28T19:30:00Z,0.8293542271253784,19.334
2025-09-28T19:45:00Z,0.8309946470728917,19.333
2025-09-28T20:00:00Z,0.8203230831802202,19.335
2025-09-28T20:15:00Z,0.8226196711067288,19.334
2025-09-28T20:30:00Z,0.8096515192875415,19.334
2025-09-28T20:45:00Z,0.8145727791300672,19.333
2025-09-28T21:00:00Z,0.8122761912035514,19.332
2025-09-28T21:15:00Z,0.8139166111510647,19.327
2025-09-28T21:30:00Z,0.8162131990775734,19.322
2025-09-28T21:45:00Z,0.8171974510460771,19.319
2025-09-28T22:00:00Z,0.8227748788675981,19.314
2025-09-28T22:15:00Z,0.8240872148256031,19.305
2025-09-28T22:30:00Z,0.8204782909410895,19.298
2025-09-28T22:45:00Z,0.8058697191744102,19.289
2025-09-28T23:00:00Z,0.8061978031639114,19.281
2025-09-28T23:15:00Z,0.7989799553948842,19.273
2025-09-28T23:30:00Z,0.7993080393843854,19.262
2025-09-28T23:45:00Z,0.7960271994893731,19.249
2025-09-29T00:00:00Z,0.8009484593318845,19.24
2025-09-29T00:15:00Z,0.8152289471090697,19.232
2025-09-29T00:30:00Z,0.8145727791300672,19.219
2025-09-29T00:45:00Z,0.8119481072140573,19.208
2025-09-29T01:00:00Z,0.8089953513085462,19.196
2025-09-29T01:15:00Z,0.8083391833295437,19.186
2025-09-29T01:30:00Z,0.8083391833295437,19.172
2025-09-29T01:45:00Z,0.8040740914660205,19.158
2025-09-29T02:00:00Z,0.8034179234870251,19.145
2025-09-29T02:15:00Z,0.8021055875290131,19.131
2025-09-29T02:30:00Z,0.7991528316235019,19.114
2025-09-29T02:45:00Z,0.8101524795056747,19.097
2025-09-29T03:00:00Z,0.8091682275371781,19.08
2025-09-29T03:15:00Z,0.811792899453188,19.064
2025-09-29T03:30:00Z,0.8104805634951759,19.049
2025-09-29T03:45:00Z,0.811792899453188,19.032
2025-09-29T04:00:00Z,0.8127771514216846,19.012
2025-09-29T04:15:00Z,0.8157299073271957,18.997
2025-09-29T04:30:00Z,0.818682663232714,18.979
2025-09-29T04:45:00Z,0.8219635031277264,18.963
2025-09-29T05:00:00Z,0.8239320070647338,18.947
2025-09-29T05:15:00Z,0.8232758390857313,18.931
2025-09-29T05:30:00Z,0.8096515192875415,18.915
2025-09-29T05:45:00Z,0.8112919392350548,18.897
2025-09-29T06:00:00Z,0.8152289471090697,18.881
2025-09-29T06:15:00Z,0.821134458920092,18.864
2025-09-29T06:30:00Z,0.8303208106261337,18.848
2025-09-29T06:45:00Z,0.8339297345106402,18.83
2025-09-29T07:00:00Z,0.836226322437156,18.814
2025-09-29T07:15:00Z,0.8196492467334622,18.799
2025-09-29T07:30:00Z,0.8106181027883039,18.785
2025-09-29T07:45:00Z,0.816195530609825,18.776
2025-09-29T08:00:00Z,0.8214448744418448,18.766
2025-09-29T08:15:00Z,0.82210104242084725,18.756
2025-09-29T08:30:00Z,0.8227572103998497,18.749
2025-09-29T08:45:00Z,0.8247257143368572,18.741
2025-09-29T09:00:00Z,0.8101171425701708,18.735
2025-09-29T09:15:00Z,0.8068363026751584,18.728
2025-09-29T09:30:00Z,0.8130698984756819,18.724
2025-09-29T09:45:00Z,0.8074924706541609,18.717
2025-09-29T10:00:00Z,0.8051958827276522,18.714
2025-09-29T10:15:00Z,0.8065082186856571,18.708
2025-09-29T10:30:00Z,0.8068363026751584,18.705
2025-09-29T10:45:00Z,0.8028992948011364,18.7
2025-09-29T11:00:00Z,0.8181640345468324,18.695
2025-09-29T11:15:00Z,0.8171797825783287,18.692
2025-09-29T11:30:00Z,0.8050406749667829,18.687
2025-09-29T11:45:00Z,0.7978228271977486,18.684
2025-09-29T12:00:00Z,0.7968385752292448,18.681
2025-09-29T12:15:00Z,0.7769806596305386,18.679
2025-09-29T12:30:00Z,0.7794501237856721,18.678
2025-09-29T12:45:00Z,0.7920901916153582,18.676
2025-09-29T13:00:00Z,0.7732341964529041,18.673
2025-09-29T13:15:00Z,0.7752027003899116,18.674
2025-09-29T13:30:00Z,0.7930921120516103,18.673
2025-09-29T13:45:00Z,0.7986695398731314,18.674
2025-09-29T14:00:00Z,0.8177160797319658,18.675
2025-09-29T14:15:00Z,0.8310123155406401,18.676
2025-09-29T14:30:00Z,0.8173879957424646,18.676
2025-09-29T14:45:00Z,0.8177160797319658,18.677
2025-09-29T15:00:00Z,0.8187003317004695,18.678
2025-09-29T15:15:00Z,0.8052488881309117,18.68
2025-09-29T15:30:00Z,0.8032803841939042,18.681
2025-09-29T15:45:00Z,0.8045927201519163,18.684
2025-09-29T16:00:00Z,0.8065612240889237,18.685
2025-09-29T16:15:00Z,0.819857459897591,18.686
2025-09-29T16:30:00Z,0.8201855438870993,18.691
2025-09-29T16:45:00Z,0.8162485360130844,18.69
2025-09-29T17:00:00Z,0.8096868562230526,18.693
2025-09-29T17:15:00Z,0.8034532604225291,18.694
2025-09-29T17:30:00Z,0.8014847564855216,18.697
2025-09-29T17:45:00Z,0.799188168559013,18.699
2025-09-29T18:00:00Z,0.7975477486115068,18.697
2025-09-29T18:15:00Z,0.810515900430687,18.702
2025-09-29T18:30:00Z,0.8137967403256994,18.702
2025-09-29T18:45:00Z,0.8141248243152006,18.705
2025-09-29T19:00:00Z,0.8124844043676944,18.705
2025-09-29T19:15:00Z,0.8144529083047019,18.705
2025-09-29T19:30:00Z,0.8069069765461734,18.706
2025-09-29T19:45:00Z,0.8065788925566721,18.704
2025-09-29T20:00:00Z,0.8115001523991907,18.704
2025-09-29T20:15:00Z,0.8098597324516845,18.701
2025-09-29T20:30:00Z,0.8128124883571957,18.696
2025-09-29T20:45:00Z,0.8190460841577263,18.695
2025-09-29T21:00:00Z,0.8151090762837043,18.688
2025-09-29T21:15:00Z,0.8052665565986672,18.683
2025-09-29T21:30:00Z,0.8187180001682179,18.676
2025-09-29T21:45:00Z,0.7959073286640006,18.668
2025-09-29T22:00:00Z,0.7932826567479907,18.66
2025-09-29T22:15:00Z,0.8062508085671709,18.652
2025-09-29T22:30:00Z,0.8177337481997142,18.644
2025-09-29T22:45:00Z,0.8147809922942031,18.635
2025-09-29T23:00:00Z,0.8200303361262229,18.624
2025-09-29T23:15:00Z,0.8216707560737362,18.613
2025-09-29T23:30:00Z,0.8106711081915634,18.603
2025-09-29T23:45:00Z,0.8109991921810575,18.594
2025-09-30T00:00:00Z,0.8149362000550724,18.584
2025-09-30T00:15:00Z,0.8149362000550724,18.576
2025-09-30T00:30:00Z,0.8178889559605906,18.566
2025-09-30T00:45:00Z,0.8182170399500919,18.558
2025-09-30T01:00:00Z,0.8088578120154324,18.549
2025-09-30T01:15:00Z,0.8088578120154324,18.541
2025-09-30T01:30:00Z,0.8114824839314423,18.531
2025-09-30T01:45:00Z,0.813779071857951,18.526
2025-09-30T02:00:00Z,0.8101701479734373,18.517
2025-09-30T02:15:00Z,0.8101701479734373,18.509
2025-09-30T02:30:00Z,0.7958896601962522,18.501
2025-09-30T02:45:00Z,0.7949054082277414,18.493
2025-09-30T03:00:00Z,0.8014670880177732,18.484
2025-09-30T03:15:00Z,0.7994985840807587,18.474
2025-09-30T03:30:00Z,0.8154194918054571,18.458
2025-09-30T03:45:00Z,0.8196845836689732,18.445
2025-09-30T04:00:00Z,0.8113096077028104,18.431
2025-09-30T04:15:00Z,0.8168870355243314,18.419
2025-09-30T04:30:00Z,0.8159027835558277,18.404
2025-09-30T04:45:00Z,0.8221363793563512,18.39
2025-09-30T05:00:00Z,0.8224644633458595,18.377
2025-09-30T05:15:00Z,0.8140894873796967,18.362
2025-09-30T05:30:00Z,0.8196669152012177,18.347
2025-09-30T05:45:00Z,0.8093234352980474,18.33
2025-09-30T06:00:00Z,0.8168693670565759,18.313
2025-09-30T06:15:00Z,0.8204782909410895,18.296
2025-09-30T06:30:00Z,0.822446794878104,18.282
2025-09-30T06:45:00Z,0.8280242226996251,18.269
2025-09-30T07:00:00Z,0.8199773307229634,18.257
2025-09-30T07:15:00Z,0.8248985905654891,18.244
2025-09-30T07:30:00Z,0.8171797825783287,18.239
2025-09-30T07:45:00Z,0.8243976303473559,18.233
2025-09-30T08:00:00Z,0.8303031421583782,18.232
2025-09-30T08:15:00Z,0.8235685861397286,18.229
2025-09-30T08:30:00Z,0.8275055940137364,18.224
2025-09-30T08:45:00Z,0.8191306180475806,18.223
2025-09-30T09:00:00Z,0.8247080458691087,18.222
2025-09-30T09:15:00Z,0.8160049859134375,18.219
2025-09-30T09:30:00Z,0.8219104977244598,18.217
2025-09-30T09:45:00Z,0.822238581713961,18.213
2025-09-30T10:00:00Z,0.8115670178213037,18.211
2025-09-30T10:15:00Z,0.8082861779262913,18.211
2025-09-30T10:30:00Z,0.8076300099472888,18.207
2025-09-30T10:45:00Z,0.7920371862120916,18.207
2025-09-30T11:00:00Z,0.7900686822750771,18.207
2025-09-30T11:15:00Z,0.7971313222832492,18.204
2025-09-30T11:30:00Z,0.7971313222832492,18.205
2025-09-30T11:45:00Z,0.7935223983987285,18.207
2025-09-30T12:00:00Z,0.7905696424932174,18.207
2025-09-30T12:15:00Z,0.7963199465433561,18.208
2025-09-30T12:30:00Z,0.7891020987743289,18.211
2025-09-30T12:45:00Z,0.7841808389318103,18.213
2025-09-30T13:00:00Z,0.7876345550554618,18.218
2025-09-30T13:15:00Z,0.7846817991499506,18.218
2025-09-30T13:30:00Z,0.7946971950636055,18.223
2025-09-30T13:45:00Z,0.792728691126598,18.229
2025-09-30T14:00:00Z,0.8017598350717634,18.231
2025-09-30T14:15:00Z,0.8014317510822622,18.234
2025-09-30T14:30:00Z,0.7997913311347631,18.241
2025-09-30T14:45:00Z,0.7932296513447312,18.247
2025-09-30T15:00:00Z,0.7889645594812151,18.25
2025-09-30T15:15:00Z,0.7976676194368792,18.256
2025-09-30T15:30:00Z,0.7950429475208693,18.263
2025-09-30T15:45:00Z,0.7960271994893731,18.269
2025-09-30T16:00:00Z,0.8063706793925363,18.273
2025-09-30T16:15:00Z,0.7994809156130032,18.279
2025-09-30T16:30:00Z,0.7935754038019809,18.285
2025-09-30T16:45:00Z,0.7889822279489636,18.289
2025-09-30T17:00:00Z,0.7801239602324301,18.294
2025-09-30T17:15:00Z,0.7888270201880943,18.3
2025-09-30T17:30:00Z,0.801139004028272,18.308
2025-09-30T17:45:00Z,0.7998266680702599,18.311
2025-09-30T18:00:00Z,0.8001547520597683,18.316
2025-09-30T18:15:00Z,0.8157475757949584,18.321
2025-09-30T18:30:00Z,0.812466735899946,18.326
2025-09-30T18:45:00Z,0.8216530876059807,18.333
2025-09-30T19:00:00Z,0.8246058435114918,18.337
2025-09-30T19:15:00Z,0.817543203503341,18.341
2025-09-30T19:30:00Z,0.8198397914298425,18.346
2025-09-30T19:45:00Z,0.8241048832933586,18.35
2025-09-30T20:00:00Z,0.8114648154636868,18.355
2025-09-30T20:15:00Z,0.8121209834426892,18.358
2025-09-30T20:30:00Z,0.8131052354111858,18.362
2025-09-30T20:45:00Z,0.8017775035395118,18.365
2025-09-30T21:00:00Z,0.8121209834426892,18.368
2025-09-30T21:15:00Z,0.8131052354111858,18.371
2025-09-30T21:30:00Z,0.818682663232714,18.373
2025-09-30T21:45:00Z,0.8109638552455536,18.375
2025-09-30T22:00:00Z,0.8132604431720623,18.379
2025-09-30T22:15:00Z,0.8116200232245561,18.379
2025-09-30T22:30:00Z,0.8070268473715316,18.38
2025-09-30T22:45:00Z,0.8096515192875415,18.381
2025-09-30T23:00:00Z,0.8099796032770499,18.38
2025-09-30T23:15:00Z,0.7979957034263805,18.377
2025-09-30T23:30:00Z,0.806042595403035,18.373
2025-09-30T23:45:00Z,0.8066987633820304,18.364
2025-10-01T00:00:00Z,0.8034179234870251,18.355
2025-10-01T00:15:00Z,0.8057145114135338,18.345
2025-10-01T00:30:00Z,0.80735493136104,18.332
2025-10-01T00:45:00Z,0.8103076872665511,18.321
2025-10-01T01:00:00Z,0.8126042751930598,18.31
2025-10-01T01:15:00Z,0.8139166111510647,18.298
2025-10-01T01:30:00Z,0.8139166111510647,18.288
2025-10-01T01:45:00Z,0.8103076872665511,18.272
2025-10-01T02:00:00Z,0.8089953513085462,18.257
2025-10-01T02:15:00Z,0.7999642073633879,18.239
2025-10-01T02:30:00Z,0.8109638552455536,18.221
2025-10-01T02:45:00Z,0.8103076872665511,18.195
2025-10-01T03:00:00Z,0.8103076872665511,18.176
2025-10-01T03:15:00Z,0.8116200232245561,18.16
2025-10-01T03:30:00Z,0.8139166111510647,18.146
2025-10-01T03:45:00Z,0.8145727791300672,18.125
2025-10-01T04:00:00Z,0.8191659549830845,18.098
2025-10-01T04:15:00Z,0.8204782909410895,18.074
2025-10-01T04:30:00Z,0.8208063749305907,18.052
2025-10-01T04:45:00Z,0.8214625429095932,18.03
2025-10-01T05:00:00Z,0.8163684068384569,18.01
2025-10-01T05:15:00Z,0.8183369107754572,17.99
2025-10-01T05:30:00Z,0.8222739186494792,17.974
2025-10-01T05:45:00Z,0.8245705065759878,17.952
2025-10-01T06:00:00Z,0.8245705065759878,17.933
2025-10-01T06:15:00Z,0.81488319465182,17.915
2025-10-01T06:30:00Z,0.8158674466203237,17.896
2025-10-01T06:45:00Z,0.8207887064628423,17.879
2025-10-01T07:00:00Z,0.8270223022633658,17.865
2025-10-01T07:15:00Z,0.8306312261478794,17.857
2025-10-01T07:30:00Z,0.8322716460953927,17.853
2025-10-01T07:45:00Z,0.822912418160719,17.855
2025-10-01T08:00:00Z,0.8255370900767289,17.855
2025-10-01T08:15:00Z,0.8158497781525682,17.858
2025-10-01T08:30:00Z,0.8197867860265902,17.859
2025-10-01T08:45:00Z,0.8227395419321013,17.863
2025-10-01T09:00:00Z,0.8273327177851186,17.865
2025-10-01T09:15:00Z,0.8276608017746199,17.867
2025-10-01T09:30:00Z,0.8150207339449338,17.869
2025-10-01T09:45:00Z,0.8150207339449338,17.872
2025-10-01T10:00:00Z,0.81666115389244,17.876
2025-10-01T10:15:00Z,0.8120679780394227,17.88
2025-10-01T10:30:00Z,0.8087871381444103,17.881
2025-10-01T10:45:00Z,0.8081309701654007,17.885
2025-10-01T11:00:00Z,0.8074748021863982,17.892
2025-10-01T11:15:00Z,0.8148655261840716,17.896
2025-10-01T11:30:00Z,0.8079757624045385,17.901
2025-10-01T11:45:00Z,0.8040387545305236,17.905
2025-10-01T12:00:00Z,0.80042983064601,17.914
2025-10-01T12:15:00Z,0.7928838988874816,17.919
2025-10-01T12:30:00Z,0.7992903709166299,17.926
2025-10-01T12:45:00Z,0.7920725231475956,17.934
2025-10-01T13:00:00Z,0.7965104912397436,17.938
2025-10-01T13:15:00Z,0.791589231397225,17.946
2025-10-01T13:30:00Z,0.8006203753423904,17.953
2025-10-01T13:45:00Z,0.8145727791300672,17.961
2025-10-01T14:00:00Z,0.8119481072140573,17.968
2025-10-01T14:15:00Z,0.824260091054235,17.973
2025-10-01T14:30:00Z,0.8232758390857313,17.983
2025-10-01T14:45:00Z,0.80735493136104,17.989
2025-10-01T15:00:00Z,0.8180264952537044,17.995
2025-10-01T15:15:00Z,0.8127771514216846,18
2025-10-01T15:30:00Z,0.8091682275371781,18.007
2025-10-01T15:45:00Z,0.8068716396106623,18.016
2025-10-01T16:00:00Z,0.8071997236001636,18.021
2025-10-01T16:15:00Z,0.8104805634951759,18.028
2025-10-01T16:30:00Z,0.8188555394613388,18.032
2025-10-01T16:45:00Z,0.8172151195138326,18.043
2025-10-01T17:00:00Z,0.8155746995663264,18.05
2025-10-01T17:15:00Z,0.802278463757645,18.053
2025-10-01T17:30:00Z,0.8145904475978227,18.06
2025-10-01T17:45:00Z,0.8152466155768323,18.067
2025-10-01T18:00:00Z,0.8168870355243314,18.072
2025-10-01T18:15:00Z,0.8208240433983534,18.078
2025-10-01T18:30:00Z,0.8188555394613388,18.083
2025-10-01T18:45:00Z,0.8198397914298425,18.09
2025-10-01T19:00:00Z,0.8201678754193509,18.095
2025-10-01T19:15:00Z,0.8185274554718376,18.102
2025-10-01T19:30:00Z,0.82180829536685,18.106
2025-10-01T19:45:00Z,0.8260733872303732,18.112
2025-10-01T20:00:00Z,0.8303384790938892,18.116
2025-10-01T20:15:00Z,0.8349316549468995,18.121
2025-10-01T20:30:00Z,0.8259005110017412,18.123
2025-10-01T20:45:00Z,0.8288532669072524,18.125
2025-10-01T21:00:00Z,0.814244695140566,18.129
2025-10-01T21:15:00Z,0.8152289471090697,18.127
2025-10-01T21:30:00Z,0.8168693670565759,18.127
2025-10-01T21:45:00Z,0.8135885271615635,18.119
2025-10-01T22:00:00Z,0.8152289471090697,18.11
2025-10-01T22:15:00Z,0.8194940389725858,18.097
2025-10-01T22:30:00Z,0.8204782909410895,18.086
2025-10-01T22:45:00Z,0.8198221229620941,18.074
2025-10-01T23:00:00Z,0.8185097870040821,18.068
2025-10-01T23:15:00Z,0.8065258871534127,18.058
2025-10-01T23:30:00Z,0.8045573832164052,18.043
2025-10-01T23:45:00Z,0.8022607952898966,18.027
2025-10-02T00:00:00Z,0.8066987633820304,18.006
2025-10-02T00:15:00Z,0.804730259445023,17.992
2025-10-02T00:30:00Z,0.8053864274240325,17.973
2025-10-02T00:45:00Z,0.7984966636444994,17.954
2025-10-02T01:00:00Z,0.7991528316235019,17.932
2025-10-02T01:15:00Z,0.8075278075896648,17.913
2025-10-02T01:30:00Z,0.7925911518334843,17.891
2025-10-02T01:45:00Z,0.8006380438101388,17.876
2025-10-02T02:00:00Z,0.7993257078521339,17.855
2025-10-02T02:15:00Z,0.7973572039151264,17.836
2025-10-02T02:30:00Z,0.7927640280621091,17.816
2025-10-02T02:45:00Z,0.8047479279127856,17.797
2025-10-02T03:00:00Z,0.8063883478602918,17.777
2025-10-02T03:15:00Z,0.8054040958917881,17.763
2025-10-02T03:30:00Z,0.8164037437739609,17.748
2025-10-02T03:45:00Z,0.8060602638707905,17.734
2025-10-02T04:00:00Z,0.8086849357868005,17.72
2025-10-02T04:15:00Z,0.8142623636083215,17.701
2025-10-02T04:30:00Z,0.817543203503341,17.681
2025-10-02T04:45:00Z,0.8188555394613388,17.666
2025-10-02T05:00:00Z,0.8250891352618694,17.652
2025-10-02T05:15:00Z,0.8329631510098991,17.639
2025-10-02T05:30:00Z,0.8281970989282499,17.622
2025-10-02T05:45:00Z,0.8341026107392722,17.606
2025-10-02T06:00:00Z,0.8386957865922966,17.588
2025-10-02T06:15:00Z,0.8326173985526424,17.571
2025-10-02T06:30:00Z,0.8229300866284746,17.551
2025-10-02T06:45:00Z,0.8285075144500027,17.539
2025-10-02T07:00:00Z,0.8234133783788522,17.534
2025-10-02T07:15:00Z,0.8263661342843633,17.533
2025-10-02T07:30:00Z,0.8296469741793828,17.536
2025-10-02T07:45:00Z,0.8206158302342104,17.541
2025-10-02T08:00:00Z,0.8202877462447091,17.548
2025-10-02T08:15:00Z,0.8135531902260595,17.551
2025-10-02T08:30:00Z,0.8148655261840716,17.559
2025-10-02T08:45:00Z,0.8125689382575629,17.566
2025-10-02T09:00:00Z,0.8122408542680617,17.571
2025-10-02T09:15:00Z,0.8115846862890521,17.576
2025-10-02T09:30:00Z,0.7969761145223586,17.585
2025-10-02T09:45:00Z,0.8046949225095261,17.592
2025-10-02T10:00:00Z,0.8043668385200249,17.598
2025-10-02T10:15:00Z,0.8053510904885286,17.605
2025-10-02T10:30:00Z,0.8020702505935162,17.61
2025-10-02T10:45:00Z,0.8033825865515212,17.615
2025-10-02T11:00:00Z,0.8140541504441856,17.624
2025-10-02T11:15:00Z,0.8133979824651831,17.631
2025-10-02T11:30:00Z,0.8078205546436621,17.639
2025-10-02T11:45:00Z,0.8042116307591485,17.65
2025-10-02T12:00:00Z,0.7999465388956253,17.658
2025-10-02T12:15:00Z,0.7901040192105881,17.667
2025-10-02T12:30:00Z,0.7835423394205634,17.676
2025-10-02T12:45:00Z,0.7799334155360498,17.683
2025-10-02T13:00:00Z,0.7817467117121808,17.693
2025-10-02T13:15:00Z,0.7832319238988177,17.701
2025-10-02T13:30:00Z,0.7848723438463239,17.709
2025-10-02T13:45:00Z,0.7984966636444994,17.717
2025-10-02T14:00:00Z,NA,17.727
2025-10-02T14:15:00Z,0.8104805634951759,17.735
2025-10-02T14:30:00Z,0.8081839755686673,17.743
2025-10-02T14:45:00Z,0.8058873876421586,17.752
2025-10-02T15:00:00Z,0.8191836234508401,17.762
2025-10-02T15:15:00Z,0.8085120595581685,17.77
2025-10-02T15:30:00Z,0.8075278075896648,17.78
2025-10-02T15:45:00Z,0.813606195629319,17.787
2025-10-02T16:00:00Z,0.8037636759442819,17.799
2025-10-02T16:15:00Z,0.7985143321122621,17.809
2025-10-02T16:30:00Z,0.7981862481227608,17.816
2025-10-02T16:45:00Z,0.79720199615425,17.825
2025-10-02T17:00:00Z,0.8118105679209435,17.834
2025-10-02T17:15:00Z,0.8296999795826352,17.845
2025-10-02T17:30:00Z,0.8342931554356525,17.854
2025-10-02T17:45:00Z,0.8306842315511389,17.864
2025-10-02T18:00:00Z,0.8306842315511389,17.871
2025-10-02T18:15:00Z,0.8278866834065042,17.877
2025-10-02T18:30:00Z,0.8282147673960054,17.886
2025-10-02T18:45:00Z,0.8347764471860373,17.896
2025-10-02T19:00:00Z,0.8301832713330128,17.905
2025-10-02T19:15:00Z,0.8374011191020472,17.913
2025-10-02T19:30:00Z,0.8396977070285558,17.922
2025-10-02T19:45:00Z,0.8309946470728917,17.927
2025-10-02T20:00:00Z,0.8208240433983534,17.936
2025-10-02T20:15:00Z,0.8221363793563512,17.943
2025-10-02T20:30:00Z,0.8264014712198744,17.952
2025-10-02T20:45:00Z,0.8316508150518942,17.96
2025-10-02T21:00:00Z,0.8446189668710744,17.967
2025-10-02T21:15:00Z,0.8398529147894251,17.974
2025-10-02T21:30:00Z,0.8411652507474301,17.979
2025-10-02T21:45:00Z,0.8362439909049115,17.987
2025-10-02T22:00:00Z,0.8391967468104227,17.995
2025-10-02T22:15:00Z,0.8252443430227387,18
2025-10-02T22:30:00Z,0.8219635031277264,18.004
2025-10-02T22:45:00Z,0.8190107472222152,18.01
2025-10-02T23:00:00Z,0.8203230831802202,18.012
2025-10-02T23:15:00Z,0.8150737393482004,18.019
2025-10-02T23:30:00Z,0.8157299073271957,18.023
2025-10-02T23:45:00Z,0.8124490674321834,18.025
2025-10-03T00:00:00Z,0.8250891352618694,18.028
2025-10-03T00:15:00Z,0.8227925473353608,18.03
2025-10-03T00:30:00Z,0.8234487153143633,18.032
2025-10-03T00:45:00Z,0.8208240433983534,18.03
2025-10-03T01:00:00Z,0.8195117074403413,18.03
2025-10-03T01:15:00Z,0.8191836234508401,18.025
2025-10-03T01:30:00Z,0.8224644633458595,18.019
2025-10-03T01:45:00Z,0.8214802113773487,18.012
2025-10-03T02:00:00Z,0.8321517752700274,18
2025-10-03T02:15:00Z,0.8188555394613388,17.991
2025-10-03T02:30:00Z,0.817543203503341,17.98
2025-10-03T02:45:00Z,0.82180829536685,17.965
2025-10-03T03:00:00Z,0.8178712874928422,17.956
2025-10-03T03:15:00Z,0.820668835637477,17.939
2025-10-03T03:30:00Z,0.820668835637477,17.923
2025-10-03T03:45:00Z,0.8145904475978227,17.899
2025-10-03T04:00:00Z,0.8242777595219906,17.874
2025-10-03T04:15:00Z,0.826246263458998,17.85
2025-10-03T04:30:00Z,0.8278866834065042,17.824
2025-10-03T04:45:00Z,0.8341202792070348,17.804
2025-10-03T05:00:00Z,0.8367449511230447,17.777
2025-10-03T05:15:00Z,0.831322731062393,17.747
2025-10-03T05:30:00Z,0.8316508150518942,17.719
2025-10-03T05:45:00Z,0.835587822925909,17.685
2025-10-03T06:00:00Z,0.8346035709574053,17.655
2025-10-03T06:15:00Z,0.8232758390857313,17.631
2025-10-03T06:30:00Z,0.8278690149387486,17.61
2025-10-03T06:45:00Z,0.8370553666447833,17.587
2025-10-03T07:00:00Z,0.832289314563134,17.572
2025-10-03T07:15:00Z,0.838039618613287,17.564
2025-10-03T07:30:00Z,0.8303208106261337,17.564
2025-10-03T07:45:00Z,0.832289314563134,17.563
2025-10-03T08:00:00Z,0.821945834659978,17.566
2025-10-03T08:15:00Z,0.8170245748174523,17.569
2025-10-03T08:30:00Z,0.8186649947649656,17.577
2025-10-03T08:45:00Z,0.8160403228489557,17.583
2025-10-03T09:00:00Z,0.8147279868909436,17.588
2025-10-03T09:15:00Z,0.8173526588069535,17.594
2025-10-03T09:30:00Z,0.8114471469959312,17.599
2025-10-03T09:45:00Z,0.8121033149749337,17.608
2025-10-03T10:00:00Z,0.8127594829539362,17.615
2025-10-03T10:15:00Z,0.8107909790169288,17.621
2025-10-03T10:30:00Z,0.8168693670565759,17.624
2025-10-03T10:45:00Z,0.8103076872665511,17.627
2025-10-03T11:00:00Z,0.804730259445023,17.633
2025-10-03T11:15:00Z,0.7988247476340007,17.639
2025-10-03T11:30:00Z,0.8032627157261487,17.648
2025-10-03T11:45:00Z,0.7986695398731314,17.656
2025-10-03T12:00:00Z,0.7914516921041042,17.667
2025-10-03T12:15:00Z,0.7955615762067509,17.676
2025-10-03T12:30:00Z,0.8003276282883931,17.686
2025-10-03T12:45:00Z,0.8027970924435266,17.696
2025-10-03T13:00:00Z,0.7972196646220056,17.702
2025-10-03T13:15:00Z,0.8013295487246452,17.71
2025-10-03T13:30:00Z,0.7934555329766155,17.715
2025-10-03T13:45:00Z,0.7982215850582577,17.723
2025-10-03T14:00:00Z,0.8046280570874202,17.73
2025-10-03T14:15:00Z,0.8010191332029066,17.738
2025-10-03T14:30:00Z,0.8136592010325785,17.744
2025-10-03T14:45:00Z,0.8107064451270674,17.752
2025-10-03T15:00:00Z,0.8220341769987414,17.76
2025-10-03T15:15:00Z,0.8190814210932231,17.769
2025-10-03T15:30:00Z,0.818753337103729,17.777
2025-10-03T15:45:00Z,0.8210499250302377,17.781
2025-10-03T16:00:00Z,0.8180971691247265,17.787
2025-10-03T16:15:00Z,0.8218789692378721,17.795
2025-10-03T16:30:00Z,0.8199104653008575,17.801
2025-10-03T16:45:00Z,0.8192542973218551,17.807
2025-10-03T17:00:00Z,0.8241755571643807,17.815
2025-10-03T17:15:00Z,0.8281125650383956,17.819
2025-10-03T17:30:00Z,0.8327057408914129,17.827
2025-10-03T17:45:00Z,0.8340180768494179,17.831
2025-10-03T18:00:00Z,0.8405797566394497,17.839
2025-10-03T18:15:00Z,0.8474695204189686,17.84
2025-10-03T18:30:00Z,0.8456562242428376,17.845
2025-10-03T18:45:00Z,0.854514491959371,17.838
2025-10-03T19:00:00Z,0.8497484398777218,17.813
2025-10-03T19:15:00Z,0.8579505396152598,17.792
2025-10-03T19:30:00Z,0.8499036476386053,17.773
2025-10-03T19:45:00Z,0.8415286716724353,17.754
2025-10-03T20:00:00Z,0.8328256117167783,17.742
2025-10-03T20:15:00Z,0.8224821318136009,17.724
2025-10-03T20:30:00Z,0.8152642840445807,17.702
2025-10-03T20:45:00Z,0.8075454760574274,17.678
2025-10-03T21:00:00Z,0.8121386519104448,17.659
2025-10-03T21:15:00Z,0.8167318277634621,17.641
2025-10-03T21:30:00Z,0.819356499679472,17.62
2025-10-03T21:45:00Z,0.811154399941934,17.6
2025-10-03T22:00:00Z,0.8173879957424646,17.584
2025-10-03T22:15:00Z,0.811154399941934,17.569
2025-10-03T22:30:00Z,0.7889998964167191,17.553
2025-10-03T22:45:00Z,0.783422468595198,17.536
2025-10-03T23:00:00Z,0.7878604366873461,17.524
2025-10-03T23:15:00Z,0.7845795967923337,17.513
2025-10-03T23:30:00Z,0.7944221164773708,17.505
2025-10-03T23:45:00Z,0.8106711081915634,17.497
2025-10-04T00:00:00Z,0.8203584201157241,17.489
2025-10-04T00:15:00Z,0.8293895640608824,17.479
2025-10-04T00:30:00Z,0.8027970924435266,17.468
2025-10-04T00:45:00Z,0.8034532604225291,17.453
2025-10-04T01:00:00Z,0.8054217643595365,17.44
2025-10-04T01:15:00Z,0.8001724205275167,17.427
2025-10-04T01:30:00Z,0.8046103886196647,17.414
2025-10-04T01:45:00Z,0.7837682210524548,17.401
2025-10-04T02:00:00Z,0.7791750451994304,17.39
2025-10-04T02:15:00Z,0.7826287613230747,17.377
2025-10-04T02:30:00Z,0.7780355854700574,17.37
2025-10-04T02:45:00Z,0.7864105614362131,17.36
2025-10-04T03:00:00Z,0.7785365456881834,17.355
2025-10-04T03:15:00Z,0.7921608654863732,17.345
2025-10-04T03:30:00Z,0.7934732014443782,17.341
2025-10-04T03:45:00Z,0.7836306817593339,17.331
2025-10-04T04:00:00Z,0.7883967338409761,17.319
2025-10-04T04:15:00Z,0.7906933217674919,17.31
2025-10-04T04:30:00Z,0.8013648856601563,17.308
2025-10-04T04:45:00Z,0.803661473586665,17.295
2025-10-04T05:00:00Z,0.807926565450181,17.285
2025-10-04T05:15:00Z,0.8089108174186848,17.265
2025-10-04T05:30:00Z,0.8151444132192154,17.243
2025-10-04T05:45:00Z,0.820065673061734,17.219
2025-10-04T06:00:00Z,0.8093941091690624,17.197
2025-10-04T06:15:00Z,0.8084098572005587,17.174
2025-10-04T06:30:00Z,0.8084098572005587,17.152
2025-10-04T06:45:00Z,0.8069246450139289,17.138
2025-10-04T07:00:00Z,0.80987740091944,17.128
2025-10-04T07:15:00Z,0.8115178208669462,17.123
2025-10-04T07:30:00Z,0.8161109967199636,17.129
2025-10-04T07:45:00Z,0.8174233326779756,17.138
2025-10-04T08:00:00Z,0.8093764407012998,17.15
2025-10-04T08:15:00Z,0.8100326086803022,17.16
2025-10-04T08:30:00Z,0.8146257845333267,17.169
2025-10-04T08:45:00Z,0.8165942884703341,17.179
2025-10-04T09:00:00Z,0.809203564472682,17.189
2025-10-04T09:15:00Z,0.8115001523991907,17.198
2025-10-04T09:30:00Z,0.8115001523991907,17.209
2025-10-04T09:45:00Z,0.810515900430687,17.218
2025-10-04T10:00:00Z,0.7939388247269932,17.225
2025-10-04T10:15:00Z,0.7926264887689882,17.231
2025-10-04T10:30:00Z,0.7873771449369613,17.239
2025-10-04T10:45:00Z,0.7867209769579588,17.245
2025-10-04T11:00:00Z,0.7947678689346276,17.254
2025-10-04T11:15:00Z,0.7931274489871143,17.263
2025-10-04T11:30:00Z,0.8011743409637688,17.271
2025-10-04T11:45:00Z,0.7949407451632453,17.283
2025-10-04T12:00:00Z,0.7873948134047168,17.293
2025-10-04T12:15:00Z,0.7772242097301714,17.304
2025-10-04T12:30:00Z,0.767053606055633,17.315
2025-10-04T12:45:00Z,0.7737881620742968,17.325
2025-10-04T13:00:00Z,0.7636175583997584,17.333
2025-10-04T13:15:00Z,0.7793832583635734,17.341
2025-10-04T13:30:00Z,0.7751181665000573,17.351
2025-10-04T13:45:00Z,0.7811965545397044,17.359
2025-10-04T14:00:00Z,0.7843221866738403,17.371
2025-10-04T14:15:00Z,0.7744796669888032,17.38
2025-10-04T14:30:00Z,0.7789176350809512,17.389
2025-10-04T14:45:00Z,0.7733402072594302,17.396
2025-10-04T15:00:00Z,0.7797466792885714,17.405
2025-10-04T15:15:00Z,0.783528479401717,17.414
2025-10-04T15:30:00Z,0.7799195555172034,17.421
2025-10-04T15:45:00Z,0.7869821955253542,17.43
2025-10-04T16:00:00Z,0.7837013556303418,17.437
2025-10-04T16:15:00Z,0.7920763315964976,17.448
2025-10-04T16:30:00Z,0.787155071753979,17.456
2025-10-04T16:45:00Z,0.7864989037749766,17.464
2025-10-04T17:00:00Z,0.7978266356466506,17.471
2025-10-04T17:15:00Z,0.792905375804132,17.48
2025-10-04T17:30:00Z,0.7879841159616134,17.488
2025-10-04T17:45:00Z,0.7943905879907618,17.495
2025-10-04T18:00:00Z,0.7797820162240754,17.502
2025-10-04T18:15:00Z,0.7907816641062411,17.508
2025-10-04T18:30:00Z,0.7924220840537544,17.52
2025-10-04T18:45:00Z,0.808671075767947,17.528
2025-10-04T19:00:00Z,0.8103114957154531,17.535
2025-10-04T19:15:00Z,0.8089991597574482,17.545
2025-10-04T19:30:00Z,0.8116238316734581,17.554
2025-10-04T19:45:00Z,0.8116238316734581,17.563
2025-10-04T20:00:00Z,0.8080149077889445,17.569
2025-10-04T20:15:00Z,0.8099834117259519,17.577
2025-10-04T20:30:00Z,0.8093272437469494,17.584
2025-10-04T20:45:00Z,0.808671075767947,17.577
2025-10-04T21:00:00Z,0.8089991597574482,17.554
2025-10-04T21:15:00Z,0.8083429917784457,17.531
2025-10-04T21:30:00Z,0.8070306558204408,17.509
2025-10-04T21:45:00Z,0.8083429917784457,17.478
2025-10-04T22:00:00Z,0.7924220840537544,17.448
2025-10-04T22:15:00Z,0.8027655639569247,17.421
2025-10-04T22:30:00Z,0.7971881361353965,17.39
2025-10-04T22:45:00Z,0.7978443041144061,17.36
2025-10-04T23:00:00Z,0.8001408920409148,17.329
2025-10-04T23:15:00Z,0.7998128080514064,17.303
2025-10-04T23:30:00Z,0.8091720359860801,17.274
2025-10-04T23:45:00Z,0.796531968156394,17.247
2025-10-05T00:00:00Z,0.7975162201249049,17.224
2025-10-05T00:15:00Z,0.8011251440094185,17.202
2025-10-05T00:30:00Z,0.8040778999149296,17.177
2025-10-05T00:45:00Z,0.8070306558204408,17.157
2025-10-05T01:00:00Z,0.8040778999149296,17.138
2025-10-05T01:15:00Z,0.7968600521458953,17.121
2025-10-05T01:30:00Z,0.7919387923033767,17.1
2025-10-05T01:45:00Z,0.789642204376868,17.083
2025-10-05T02:00:00Z,0.789642204376868,17.064
2025-10-05T02:15:00Z,0.7906264563453718,17.044
2025-10-05T02:30:00Z,0.8012980202380504,17.022
2025-10-05T02:45:00Z,0.8012980202380504,17.001
2025-10-05T03:00:00Z,0.7993295163010359,16.978
2025-10-05T03:15:00Z,0.7960486764060235,16.956
2025-10-05T03:30:00Z,0.7970329283745272,16.935
2025-10-05T03:45:00Z,0.7960486764060235,16.914
2025-10-05T04:00:00Z,0.7970329283745272,16.893
2025-10-05T04:15:00Z,0.7970329283745272,16.869
2025-10-05T04:30:00Z,0.8016261042275517,16.849
2025-10-05T04:45:00Z,0.8032665241750507,16.83
2025-10-05T05:00:00Z,0.8078597000280681,16.812
2025-10-05T05:15:00Z,0.8065473640700702,16.787
2025-10-05T05:30:00Z,0.8114686239125888,16.765
2025-10-05T05:45:00Z,0.8157337157760978,16.752
2025-10-05T06:00:00Z,0.804734067893925,16.732
2025-10-05T06:15:00Z,0.8099834117259519,16.71
2025-10-05T06:30:00Z,0.8126080836419618,16.689
2025-10-05T06:45:00Z,0.8185135954529841,16.67
2025-10-05T07:00:00Z,0.8257314432220184,16.658
2025-10-05T07:15:00Z,0.8219496431088729,16.652
2025-10-05T07:30:00Z,0.8239181470458803,16.657
2025-10-05T07:45:00Z,0.8178397590062332,16.662
2025-10-05T08:00:00Z,0.8201363469327418,16.671
2025-10-05T08:15:00Z,0.8101209510190728,16.679
2025-10-05T08:30:00Z,0.8124175389455814,16.689
2025-10-05T08:45:00Z,0.8111052029875765,16.699
2025-10-05T09:00:00Z,0.7994493871264083,16.708
2025-10-05T09:15:00Z,0.7978089671789022,16.721
2025-10-05T09:30:00Z,0.7978089671789022,16.731
2025-10-05T09:45:00Z,0.8001055551054108,16.741
2025-10-05T10:00:00Z,0.8001055551054108,16.75
2025-10-05T10:15:00Z,0.7945281272838827,16.759
2025-10-05T10:30:00Z,0.7925596233468823,16.766
2025-10-05T10:45:00Z,0.7896068674413641,16.777
2025-10-05T11:00:00Z,0.7896068674413641,16.786
2025-10-05T11:15:00Z,0.7940448355335121,16.796
2025-10-05T11:30:00Z,0.7894516596804877,16.808
2025-10-05T11:45:00Z,0.7864989037749766,16.821
2025-10-05T12:00:00Z,0.7809214759534555,16.833
2025-10-05T12:15:00Z,0.7840471080875986,16.845
2025-10-05T12:30:00Z,0.7794539322345742,16.855
2025-10-05T12:45:00Z,0.78520423628472,16.868
2025-10-05T13:00:00Z,0.7802829764422015,16.879
2025-10-05T13:15:00Z,0.7893141203873668,16.89
2025-10-05T13:30:00Z,0.785377112513352,16.899
2025-10-05T13:45:00Z,0.7947363404480186,16.911
2025-10-05T14:00:00Z,0.7898150806055,16.92
2025-10-05T14:15:00Z,0.8004866444981715,16.935
2025-10-05T14:30:00Z,0.7995023925296678,16.948
2025-10-05T14:45:00Z,0.7965496366241567,16.959
2025-10-05T15:00:00Z,0.8091897044538285,16.969
2025-10-05T15:15:00Z,0.8065650325378186,16.977
2025-10-05T15:30:00Z,0.8039403606218087,16.988
2025-10-05T15:45:00Z,0.8009876047162905,16.998
2025-10-05T16:00:00Z,0.7990191007792902,17.006
2025-10-05T16:15:00Z,0.8000033527477939,17.014
2025-10-05T16:30:00Z,0.7996752687582926,17.024
2025-10-05T16:45:00Z,0.8090344966929592,17.033
2025-10-05T17:00:00Z,0.8087064127034651,17.042
2025-10-05T17:15:00Z,0.8067379087664506,17.051
2025-10-05T17:30:00Z,0.8093625806824605,17.059
2025-10-05T17:45:00Z,0.8103468326509713,17.067
2025-10-05T18:00:00Z,0.811331084619475,17.074
2025-10-05T18:15:00Z,0.8110030006299738,17.084
2025-10-05T18:30:00Z,0.8106749166404725,17.091
2025-10-05T18:45:00Z,0.8129715045669812,17.1
2025-10-05T19:00:00Z,0.8126434205774729,17.107
2025-10-05T19:15:00Z,0.8152680924934899,17.112
2025-10-05T19:30:00Z,0.8165804284514948,17.12
2025-10-05T19:45:00Z,0.8211736043045121,17.125
2025-10-05T20:00:00Z,0.8254386961680282,17.129
2025-10-05T20:15:00Z,0.8190322241388657,17.134
2025-10-05T20:30:00Z,0.8226411480233793,17.137
2025-10-05T20:45:00Z,0.8262500719078929,17.119
2025-10-05T21:00:00Z,0.8172189279627347,17.096
2025-10-05T21:15:00Z,0.8201716838682529,17.071
2025-10-05T21:30:00Z,0.8254210277002727,17.047
2025-10-05T21:45:00Z,0.8150775477971024,17.022
2025-10-05T22:00:00Z,0.8170460517341098,16.996
2025-10-05T22:15:00Z,0.819998807639621,16.969
2025-10-05T22:30:00Z,0.8103114957154531,16.942
2025-10-05T22:45:00Z,0.8155608395474729,16.913
2025-10-05T23:00:00Z,0.8172012594949791,16.884
2025-10-05T23:15:00Z,0.8191697634319866,16.859
2025-10-05T23:30:00Z,0.8039050236862977,16.832
2025-10-05T23:45:00Z,0.8048892756548014,16.808
2025-10-06T00:00:00Z,0.8039050236862977,16.786
2025-10-06T00:15:00Z,0.8032488557072952,16.76
2025-10-06T00:30:00Z,0.8022646037387915,16.736
2025-10-06T00:45:00Z,0.8042331076757989,16.716
2025-10-06T01:00:00Z,0.8035769396967964,16.701
2025-10-06T01:15:00Z,0.8048892756548014,16.693
2025-10-06T01:30:00Z,0.8025926877282927,16.692
2025-10-06T01:45:00Z,0.7979995118752754,16.695
2025-10-06T02:00:00Z,0.7953748399592655,16.701
2025-10-06T02:15:00Z,0.7940625040012605,16.707
2025-10-06T02:30:00Z,0.7911097480957423,16.707
2025-10-06T02:45:00Z,0.7865165722427321,16.709
2025-10-06T03:00:00Z,0.7978443041144061,16.711
2025-10-06T03:15:00Z,0.7968600521458953,16.708
2025-10-06T03:30:00Z,0.7978443041144061,16.712
2025-10-06T03:45:00Z,0.8108124559335792,16.709
2025-10-06T04:00:00Z,0.8144213798180999,16.71
2025-10-06T04:15:00Z,0.8177022197131123,16.711
2025-10-06T04:30:00Z,0.8206549756186234,16.709
2025-10-06T04:45:00Z,0.826888571419147,16.711
2025-10-06T05:00:00Z,0.8204820993899915,16.708
2025-10-06T05:15:00Z,0.8273718631695175,16.71
2025-10-06T05:30:00Z,0.8309807870540382,16.71
2025-10-06T05:45:00Z,0.823590063056372,16.711
2025-10-06T06:00:00Z,0.826214734972389,16.711
2025-10-06T06:15:00Z,0.8201363469327418,16.711
2025-10-06T06:30:00Z,0.8240733548067567,16.712
2025-10-06T06:45:00Z,0.8156983788405938,16.711
2025-10-06T07:00:00Z,0.8196353867146087,16.714
2025-10-06T07:15:00Z,0.8248847305466285,16.714
2025-10-06T07:30:00Z,0.8291498224101517,16.717
2025-10-06T07:45:00Z,0.8207748464439959,16.72
2025-10-06T08:00:00Z,0.823727602349507,16.721
2025-10-06T08:15:00Z,0.8273365262340207,16.722
2025-10-06T08:30:00Z,0.8166649623413491,16.727
2025-10-06T08:45:00Z,0.820601970215364,16.729
2025-10-06T09:00:00Z,0.8242108940998776,16.733
2025-10-06T09:15:00Z,0.8125550782387023,16.735
2025-10-06T09:30:00Z,0.8128831622282036,16.739
2025-10-06T09:45:00Z,0.8128831622282036,16.744
2025-10-06T10:00:00Z,0.8115708262701986,16.749
2025-10-06T10:15:00Z,0.8128831622282036,16.752
2025-10-06T10:30:00Z,0.8112427422806974,16.761
2025-10-06T10:45:00Z,0.8086180703646875,16.768
2025-10-06T11:00:00Z,0.8056653144591763,16.774
2025-10-06T11:15:00Z,0.8004159706271565,16.784
2025-10-06T11:30:00Z,0.7994317186586457,16.791
2025-10-06T11:45:00Z,0.7994317186586457,16.802
2025-10-06T12:00:00Z,0.8074786106353145,16.812
2025-10-06T12:15:00Z,0.8051820227087987,16.82
2025-10-06T12:30:00Z,0.8041977707403021,16.832
2025-10-06T12:45:00Z,0.8009169308452897,16.841
2025-10-06T13:00:00Z,0.7950114190342603,16.85
2025-10-06T13:15:00Z,0.8027302270214207,16.862
2025-10-06T13:30:00Z,0.7991213031369071,16.871
2025-10-06T13:45:00Z,0.7958404632418947,16.882
2025-10-06T14:00:00Z,0.803559271229048,16.892
2025-10-06T14:15:00Z,0.800934599313031,16.9
2025-10-06T14:30:00Z,0.7986380113865295,16.911
2025-10-06T14:45:00Z,0.807997239321196,16.919
2025-10-06T15:00:00Z,0.8037321474576729,16.928
2025-10-06T15:15:00Z,0.8014355595311642,16.939
2025-10-06T15:30:00Z,0.7981547196361518,16.947
2025-10-06T15:45:00Z,0.7968423836781469,16.957
2025-10-06T16:00:00Z,0.8104667034763224,16.963
2025-10-06T16:15:00Z,0.8144037113503444,16.97
2025-10-06T16:30:00Z,0.8134194593818336,16.98
2025-10-06T16:45:00Z,0.8157160473083422,16.989
2025-10-06T17:00:00Z,0.8180126352348509,16.996
2025-10-06T17:15:00Z,0.8186688032138605,17.001
2025-10-06T17:30:00Z,0.8199811391718654,17.01
2025-10-06T17:45:00Z,0.819324971192863,17.017
2025-10-06T18:00:00Z,0.8196530551823642,17.026
2025-10-06T18:15:00Z,0.8076691553316948,17.031
2025-10-06T18:30:00Z,0.810621911237206,17.037
2025-10-06T18:45:00Z,0.8119342471952038,17.042
2025-10-06T19:00:00Z,0.8181678429957344,17.05
2025-10-06T19:15:00Z,0.8211205989012456,17.051
2025-10-06T19:30:00Z,0.8273541947017762,17.056
2025-10-06T19:45:00Z,0.8345720424707963,17.061
2025-10-06T20:00:00Z,0.8291498224101517,17.061
2025-10-06T20:15:00Z,0.8347272502316727,17.061
2025-10-06T20:30:00Z,0.8357115022001693,17.047
2025-10-06T20:45:00Z,0.8270084422445194,17.029
2025-10-06T21:00:00Z,0.8179772982993541,17.011
2025-10-06T21:15:00Z,0.8176492143098528,16.992
2025-10-06T21:30:00Z,0.8179772982993541,16.977
2025-10-06T21:45:00Z,0.8096023223331912,16.96
2025-10-06T22:00:00Z,0.8128831622282036,16.943
2025-10-06T22:15:00Z,0.8145235821757169,16.924
2025-10-06T22:30:00Z,0.8151797501547122,16.898
2025-10-06T22:45:00Z,0.8161640021232159,16.876
2025-10-06T23:00:00Z,0.8155078341442135,16.854
2025-10-06T23:15:00Z,0.8064766901990552,16.832
2025-10-06T23:30:00Z,0.8181325060602234,16.813
2025-10-06T23:45:00Z,0.8117260340310821,16.799
2025-10-07T00:00:00Z,0.8117260340310821,16.798
2025-10-07T00:15:00Z,0.8104136980730701,16.796
2025-10-07T00:15:00Z,0.8104136980730701,16.796
2025-10-07T00:30:00Z,0.8097575300940676,16.797
2025-10-07T00:45:00Z,0.8094294461045664,16.795
2025-10-07T01:00:00Z,0.8084451941360697,16.799
2025-10-07T01:15:00Z,0.804836270251549,16.799
2025-10-07T01:30:00Z,0.8008992623775342,16.802
2025-10-07T01:45:00Z,0.7999150104090305,16.807
2025-10-07T02:00:00Z,0.799258842430028,16.809
2025-10-07T02:00:00Z,0.799258842430028,16.809
2025-10-07T02:15:00Z,0.7959780025350156,16.809
2025-10-07T02:30:00Z,0.8063214824381788,16.813
2025-10-07T02:45:00Z,0.8046810624906726,16.816
2025-10-07T03:00:00Z,0.8020563905746627,16.817
2025-10-07T03:15:00Z,0.8030406425431664,16.818
2025-10-07T03:30:00Z,0.8017283065851544,16.82
2025-10-07T03:45:00Z,0.8027125585536652,16.821
2025-10-07T04:00:00Z,0.8166649623413491,16.821
2025-10-07T04:15:00Z,0.8063214824381788,16.823
2025-10-07T04:30:00Z,0.8176492143098528,16.826
2025-10-07T04:45:00Z,0.8199458022363615,16.824
2025-10-07T05:00:00Z,0.8112427422806974,16.823
2025-10-07T05:15:00Z,0.8122269942492011,16.824
2025-10-07T05:30:00Z,0.8155078341442135,16.824
2025-10-07T05:45:00Z,0.8158359181337147,16.824
2025-10-07T06:00:00Z,0.8096023223331912,16.822
2025-10-07T06:15:00Z,0.8089461543541887,16.824
2025-10-07T06:30:00Z,0.8058205222200598,16.822
2025-10-07T06:45:00Z,0.8243661018607469,16.825
2025-10-07T07:00:00Z,0.8319120336192753,16.823
2025-10-07T07:15:00Z,0.8384737134093072,16.823
2025-10-07T07:30:00Z,0.8323953253696601,16.821
2025-10-07T07:45:00Z,0.8415816770757019,16.823
2025-10-07T08:00:00Z,0.8338628690885344,16.825
2025-10-07T08:15:00Z,0.8374717929730551,16.828
2025-10-07T08:30:00Z,0.8310653209439067,16.829
2025-10-07T08:45:00Z,0.8233465129567463,16.832
2025-10-07T09:00:00Z,0.8266273528517587,16.834
2025-10-07T09:15:00Z,0.8295801087572698,16.836
2025-10-07T09:30:00Z,0.8185804608750971,16.837
2025-10-07T09:45:00Z,0.8189085448645983,16.84
2025-10-07T10:00:00Z,0.8202208808226032,16.842
2025-10-07T10:15:00Z,0.8059403930454252,16.847
2025-10-07T10:30:00Z,0.8033157211294153,16.852
2025-10-07T10:45:00Z,0.8029876371399141,16.857
2025-10-07T11:00:00Z,0.8003629652239042,16.864
2025-10-07T11:15:00Z,0.7947855374023831,16.868
2025-10-07T11:15:00Z,0.7947855374023831,16.868
2025-10-07T11:30:00Z,0.800535841452529,16.875
2025-10-07T11:45:00Z,0.7979111695365191,16.879
2025-10-07T12:00:00Z,0.7946303296414996,16.889
2025-10-07T12:15:00Z,0.7903652377779835,16.894
2025-10-07T12:30:00Z,0.8016929696496575,16.902
2025-10-07T12:45:00Z,0.7997244657126501,16.912
2025-10-07T13:00:00Z,0.7957874578386352,16.919
2025-10-07T13:15:00Z,0.8031781818362944,16.928
2025-10-07T13:30:00Z,0.8031781818362944,16.933
2025-10-07T13:45:00Z,0.8018658458782895,16.942
2025-10-07T14:00:00Z,0.8131935777499564,16.949
2025-10-07T14:15:00Z,0.809912737854944,16.957
2025-10-07T14:30:00Z,0.8089284858864403,16.965
2025-10-07T14:45:00Z,0.8059757299809291,16.972
2025-10-07T15:00:00Z,0.801710638117406,16.978
2025-10-07T15:15:00Z,0.8107417820625784,16.984
2025-10-07T15:30:00Z,0.8068047741885565,16.99
2025-10-07T15:45:00Z,0.8035239342935512,16.995
2025-10-07T16:00:00Z,0.8015554303565366,17
2025-10-07T16:15:00Z,0.8045081862620478,17.007
2025-10-07T16:30:00Z,0.8151797501547122,17.012
2025-10-07T16:45:00Z,0.8132112462177048,17.018
2025-10-07T17:00:00Z,0.8096023223331912,17.023
2025-10-07T17:15:00Z,0.8115708262701986,17.027
2025-10-07T17:30:00Z,0.8122269942492011,17.034
2025-10-07T17:45:00Z,0.8086180703646875,17.041
2025-10-07T18:00:00Z,0.8056653144591763,17.046
2025-10-07T18:15:00Z,0.8050091464801739,17.051
2025-10-07T18:30:00Z,0.8089461543541887,17.054
2025-10-07T18:45:00Z,0.8141954981862085,17.058
2025-10-07T19:00:00Z,0.82749173399489,17.064
2025-10-07T19:15:00Z,0.8347095817639172,17.067
2025-10-07T19:30:00Z,0.8328962855877862,17.071
2025-10-07T19:45:00Z,0.8391298813883097,17.072
2025-10-07T20:00:00Z,0.8420826372938208,17.077
2025-10-07T20:15:00Z,0.833707661327665,17.069
2025-10-07T20:30:00Z,0.8266450213195071,17.061
2025-10-07T20:45:00Z,0.8176138773743489,17.046
2025-10-07T21:00:00Z,0.8172857933848476,17.028
2025-10-07T21:15:00Z,0.813676869500334,17.005
2025-10-07T21:30:00Z,0.8143330374793365,16.984
2025-10-07T21:45:00Z,0.8056299775236724,16.961
2025-10-07T22:00:00Z,0.8212228012588696,16.939
2025-10-07T22:15:00Z,0.8218789692378721,16.911
2025-10-07T22:30:00Z,0.8166296254058452,16.887
2025-10-07T22:45:00Z,0.8172857933848476,16.865
2025-10-07T23:00:00Z,0.8112074053451934,16.839
2025-10-07T23:15:00Z,0.8121916573137042,16.817
2025-10-07T23:30:00Z,0.8102231533766968,16.791
2025-10-07T23:45:00Z,0.8199104653008575,16.775
2025-10-08T00:00:00Z,0.810551237366198,16.76
2025-10-08T00:15:00Z,0.8128478252927067,16.745
2025-10-08T00:30:00Z,0.8148163292297141,16.734
2025-10-08T00:45:00Z,0.8112074053451934,16.721
2025-10-08T01:00:00Z,0.8141601612507046,16.708
2025-10-08T01:15:00Z,0.8158005811982179,16.692
2025-10-08T01:30:00Z,0.8098950693871956,16.677
2025-10-08T01:45:00Z,0.803661473586665,16.661
2025-10-08T02:00:00Z,0.7957874578386352,16.644
2025-10-08T02:15:00Z,0.7938189539016278,16.627
2025-10-08T02:30:00Z,0.7957874578386352,16.61
2025-10-08T02:45:00Z,0.8090836936473167,16.592
2025-10-08T03:00:00Z,0.8146611214688377,16.574
2025-10-08T03:15:00Z,0.8250046013720009,16.557
2025-10-08T03:30:00Z,0.8103960296053216,16.545
2025-10-08T03:45:00Z,0.8120364495528278,16.533
2025-10-08T04:00:00Z,0.8110521975843241,16.52
2025-10-08T04:15:00Z,0.8146611214688377,16.512
2025-10-08T04:30:00Z,0.813676869500334,16.505
2025-10-08T04:45:00Z,0.8130207015213315,16.501
2025-10-08T05:00:00Z,0.8192542973218551,16.492
2025-10-08T05:15:00Z,0.8241755571643807,16.48
2025-10-08T05:30:00Z,0.8281125650383956,16.463
2025-10-08T05:45:00Z,0.833033824880907,16.454
2025-10-08T06:00:00Z,0.8230184289672451,16.453
2025-10-08T06:15:00Z,0.8226903449777438,16.454
2025-10-08T06:30:00Z,0.8272835208307612,16.454
2025-10-08T06:45:00Z,0.8182523768855958,16.456
2025-10-08T07:00:00Z,0.8228455527386132,16.458
2025-10-08T07:15:00Z,0.8241578886966181,16.46
2025-10-08T07:30:00Z,0.8257983086441314,16.464
2025-10-08T07:45:00Z,0.8290791485391438,16.465
2025-10-08T08:00:00Z,0.81250207283545,16.468
2025-10-08T08:15:00Z,0.8121739888459558,16.472
2025-10-08T08:30:00Z,0.8187356686359735,16.474
2025-10-08T08:45:00Z,0.8243130964575016,16.48
2025-10-08T09:00:00Z,0.8256254324155066,16.484
2025-10-08T09:15:00Z,0.8328432801845338,16.486
2025-10-08T09:30:00Z,0.8430138838590722,16.493
2025-10-08T09:45:00Z,0.8323423199663935,16.5
2025-10-08T10:00:00Z,0.8310299840083886,16.511
2025-10-08T10:15:00Z,0.8244683042183638,16.524
2025-10-08T10:30:00Z,0.8144529083047019,16.532
2025-10-08T10:45:00Z,0.810515900430687,16.54
2025-10-08T11:00:00Z,0.8055946405881684,16.55
2025-10-08T11:15:00Z,0.8032980526616598,16.56
2025-10-08T11:30:00Z,0.7977206248401387,16.571
2025-10-08T11:45:00Z,0.8087202727223044,16.583
2025-10-08T12:00:00Z,0.8037990128797787,16.593
2025-10-08T12:15:00Z,0.8024866769217738,16.604
2025-10-08T12:30:00Z,0.8013472171924079,16.615
2025-10-08T12:45:00Z,0.7970821253288918,16.627
2025-10-08T13:00:00Z,0.791832781496872,16.636
2025-10-08T13:15:00Z,0.8021762614000281,16.646
2025-10-08T13:30:00Z,0.8095669853976943,16.655
2025-10-08T13:45:00Z,0.8085827334291835,16.666
2025-10-08T14:00:00Z,0.8156453734373486,16.676
2025-10-08T14:15:00Z,0.8153172894478402,16.686
2025-10-08T14:30:00Z,0.8146611214688377,16.698
2025-10-08T14:45:00Z,0.8143330374793365,16.705
2025-10-08T15:00:00Z,0.81072411359483,16.716
2025-10-08T15:15:00Z,0.8181148375924749,16.726
2025-10-08T15:30:00Z,0.8194271735504799,16.736
2025-10-08T15:45:00Z,0.8171305856239712,16.742
2025-10-08T16:00:00Z,0.8190990895609787,16.752
2025-10-08T16:15:00Z,0.8200833415294824,16.76
2025-10-08T16:30:00Z,0.8200833415294824,16.767
2025-10-08T16:45:00Z,0.8164744176449688,16.775
2025-10-08T17:00:00Z,0.8171305856239712,16.785
2025-10-08T17:15:00Z,0.8194271735504799,16.791
2025-10-08T17:30:00Z,0.8197552575399811,16.799
2025-10-08T17:45:00Z,0.8197552575399811,16.806
2025-10-08T18:00:00Z,0.8204114255189836,16.813
2025-10-08T18:15:00Z,0.8207395095084848,16.82
2025-10-08T18:30:00Z,0.822379929455991,16.826
2025-10-08T18:45:00Z,0.8250046013720009,16.833
2025-10-08T19:00:00Z,0.8282854412670133,16.841
2025-10-08T19:15:00Z,0.8312381971725245,16.844
2025-10-08T19:30:00Z,0.8238474731748795,16.851
2025-10-08T19:45:00Z,0.8251598091328773,16.857
2025-10-08T20:00:00Z,0.8277844810488872,16.86
2025-10-08T20:15:00Z,0.8271283130698919,16.866
2025-10-08T20:30:00Z,0.8161286651877191,16.87
2025-10-08T20:45:00Z,0.8190814210932231,16.871
2025-10-08T21:00:00Z,0.82531501689375375,16.869
2025-10-08T21:15:00Z,0.8266273528517587,16.858
2025-10-08T21:30:00Z,0.8331890326417835,16.84
2025-10-08T21:45:00Z,0.8384383764738033,16.823
2025-10-08T22:00:00Z,0.8310476524761512,16.803
2025-10-08T22:15:00Z,0.8294072325286379,16.779
2025-10-08T22:30:00Z,0.8184075846464722,16.75
2025-10-08T22:45:00Z,0.8184075846464722,16.721
2025-10-08T23:00:00Z,0.8037990128797787,16.691
2025-10-08T23:15:00Z,0.811189736877445,16.657
2025-10-08T23:30:00Z,0.81250207283545,16.626
2025-10-08T23:45:00Z,0.8102054849089413,16.594
2025-10-09T00:00:00Z,0.80987740091944,16.564
2025-10-09T00:15:00Z,0.8079088969824326,16.536
2025-10-09T00:30:00Z,0.8079088969824326,16.509
2025-10-09T00:45:00Z,0.8075808129929314,16.483
2025-10-09T01:00:00Z,0.8115178208669462,16.46
2025-10-09T01:15:00Z,0.8141424927829632,16.437
2025-10-09T01:30:00Z,0.8141424927829632,16.413
2025-10-09T01:45:00Z,0.8085650649614351,16.392
2025-10-09T02:00:00Z,0.8065965610244348,16.373
2025-10-09T02:15:00Z,0.8052842250664227,16.353
2025-10-09T02:30:00Z,0.8029876371399141,16.335
2025-10-09T02:45:00Z,0.8020033851714103,16.308
2025-10-09T03:00:00Z,0.8052842250664227,16.286
2025-10-09T03:15:00Z,0.8036438051189165,16.263
2025-10-09T03:30:00Z,0.8149715369905834,16.239
2025-10-09T03:45:00Z,0.8185804608750971,16.218
2025-10-09T04:00:00Z,0.8105335688984425,16.201
2025-10-09T04:15:00Z,0.81250207283545,16.183
2025-10-09T04:30:00Z,0.8284229805601413,16.159
2025-10-09T04:45:00Z,0.819391836614983,16.131
2025-10-09T05:00:00Z,0.819391836614983,16.107
2025-10-09T05:15:00Z,0.8210322565624821,16.085
2025-10-09T05:30:00Z,0.8116730286278155,16.058
2025-10-09T05:45:00Z,0.8126572805963121,16.039
2025-10-09T06:00:00Z,0.8142977005438254,16.015
2025-10-09T06:15:00Z,0.8149538685228208,15.994
2025-10-09T06:30:00Z,0.8169223724598353,15.977
2025-10-09T06:45:00Z,0.8224998002813564,15.961
2025-10-09T07:00:00Z,0.8238121362393613,15.949
2025-10-09T07:15:00Z,0.8137967403256994,15.942
2025-10-09T07:30:00Z,0.8164214122417164,15.941
2025-10-09T07:45:00Z,0.8190460841577263,15.942
2025-10-09T08:00:00Z,0.8200303361262229,15.947
2025-10-09T08:15:00Z,0.8219988400632374,15.953
2025-10-09T08:30:00Z,0.8256077639477439,15.96
2025-10-09T08:45:00Z,0.817232787981581,15.967
2025-10-09T09:00:00Z,0.8165766200025786,15.975
2025-10-09T09:15:00Z,0.8169047039920798,15.981
2025-10-09T09:30:00Z,0.8129676961180721,15.985
2025-10-09T09:45:00Z,0.8123115281390625,15.993
2025-10-09T10:00:00Z,0.8087026042545489,16.002
2025-10-09T10:15:00Z,0.8070621843070427,16.015
2025-10-09T10:30:00Z,0.8034532604225291,16.021
2025-10-09T10:45:00Z,0.8024690084540254,16.027
2025-10-09T11:00:00Z,0.8095316484621833,16.037
2025-10-09T11:15:00Z,0.8082193125041783,16.043
2025-10-09T11:30:00Z,0.8046103886196647,16.055
2025-10-09T11:45:00Z,0.8000172127666474,16.064
2025-10-09T12:00:00Z,0.8100326086803022,16.075
2025-10-09T12:15:00Z,0.8024866769217738,16.089
2025-10-09T12:30:00Z,0.7942845771842428,16.099
2025-10-09T12:45:00Z,0.7993787132554004,16.113
2025-10-09T13:00:00Z,0.7947855374023831,16.124
2025-10-09T13:15:00Z,0.7911766135178624,16.135
2025-10-09T13:30:00Z,0.796598833578507,16.15
2025-10-09T13:45:00Z,0.804973809544677,16.161
2025-10-09T14:00:00Z,0.8026772216181612,16.173
2025-10-09T14:15:00Z,0.8123645335423291,16.184
2025-10-09T14:30:00Z,0.81072411359483,16.197
2025-10-09T14:45:00Z,0.8038343498152969,16.207
2025-10-09T15:00:00Z,0.8174586696134725,16.22
2025-10-09T15:15:00Z,0.8187710055714774,16.231
2025-10-09T15:30:00Z,0.8151620816869638,16.244
2025-10-09T15:45:00Z,0.8135216617394576,16.254
2025-10-09T16:00:00Z,0.8145059137079613,16.262
2025-10-09T16:15:00Z,0.8145059137079613,16.273
2025-10-09T16:30:00Z,0.829442569464149,16.283
2025-10-09T16:45:00Z,0.8268178975481391,16.293
2025-10-09T17:00:00Z,0.8278021495166428,16.305
2025-10-09T17:15:00Z,0.8264898135586378,16.314
2025-10-09T17:30:00Z,0.8105689058339465,16.323
2025-10-09T17:45:00Z,0.8118812417919514,16.334
2025-10-09T18:00:00Z,0.8128654937604551,16.342
2025-10-09T18:15:00Z,0.8128654937604551,16.353
2025-10-09T18:30:00Z,0.8261617295691366,16.361
2025-10-09T18:45:00Z,0.8297706534536502,16.37
2025-10-09T19:00:00Z,0.8266450213195071,16.378
2025-10-09T19:15:00Z,0.831894365151534,16.386
2025-10-09T19:30:00Z,0.8364875410045443,16.394
2025-10-09T19:45:00Z,0.8410807168575687,16.401
2025-10-09T20:00:00Z,0.8346742448284203,16.408
2025-10-09T20:15:00Z,0.8402516726499414,16.415
2025-10-09T20:30:00Z,0.8341732846102872,16.42
2025-10-09T20:45:00Z,0.8443438882848326,16.426
2025-10-09T21:00:00Z,0.836296996308171,16.433
2025-10-09T21:15:00Z,0.8372812482766747,16.437
2025-10-09T21:30:00Z,0.841874424129692,16.44
2025-10-09T21:45:00Z,0.8318590282160301,16.43
2025-10-09T22:00:00Z,0.8211874643233514,16.413
2025-10-09T22:15:00Z,0.8198751283653465,16.395
2025-10-09T22:30:00Z,0.8198751283653465,16.371
2025-10-09T22:45:00Z,0.8185627924073415,16.345
2025-10-09T23:00:00Z,0.8159381204913316,16.323
2025-10-09T23:15:00Z,0.8165942884703341,16.297
2025-10-09T23:30:00Z,0.8162662044808329,16.274
2025-10-09T23:45:00Z,0.8146257845333267,16.249
2025-10-10T00:00:00Z,0.8123291966068109,16.226
2025-10-10T00:15:00Z,0.8149538685228208,16.208
2025-10-10T00:30:00Z,0.8074079367642923,16.186
2025-10-10T00:45:00Z,0.8080641047433019,16.168
2025-10-10T01:00:00Z,0.8060956008062945,16.147
2025-10-10T01:15:00Z,0.8028147609112821,16.129
2025-10-10T01:30:00Z,0.7992058370267614,16.11
2025-10-10T01:45:00Z,0.8033157211294153,16.086
2025-10-10T02:00:00Z,0.7980663772973955,16.06
2025-10-10T02:15:00Z,0.7898642775598645,16.036
2025-10-10T02:30:00Z,0.7869115216543534,16.011
2025-10-10T02:45:00Z,0.796598833578507,15.988
2025-10-10T03:00:00Z,0.7943022456519984,15.966
2025-10-10T03:15:00Z,0.8013648856601563,15.947
2025-10-10T03:30:00Z,0.80234913762866,15.926
2025-10-10T03:45:00Z,0.801036801670655,15.907
2025-10-10T04:00:00Z,0.813676869500334,15.887
2025-10-10T04:15:00Z,0.8133487855108399,15.866
2025-10-10T04:30:00Z,0.814989205458339,15.843
2025-10-10T04:45:00Z,0.8172857933848476,15.826
2025-10-10T05:00:00Z,0.8192542973218551,15.806
2025-10-10T05:15:00Z,0.8156453734373486,15.784
2025-10-10T05:30:00Z,0.8205666332798671,15.762
2025-10-10T05:45:00Z,0.8179419613638501,15.739
2025-10-10T06:00:00Z,0.8072703974711857,15.718
2025-10-10T06:15:00Z,0.816301541416351,15.697
2025-10-10T06:30:00Z,0.8053018935341711,15.676
2025-10-10T06:45:00Z,0.8195823813113563,15.66
2025-10-10T07:00:00Z,0.8112074053451934,15.648
2025-10-10T07:15:00Z,0.8251598091328773,15.643
2025-10-10T07:30:00Z,0.8281125650383956,15.646
2025-10-10T07:45:00Z,0.8164567491772132,15.653
2025-10-10T08:00:00Z,0.8164567491772132,15.663
2025-10-10T08:15:00Z,0.818753337103729,15.674
2025-10-10T08:30:00Z,0.8148163292297141,15.683
2025-10-10T08:45:00Z,0.8148163292297141,15.69
2025-10-10T09:00:00Z,0.810551237366198,15.697
2025-10-10T09:15:00Z,0.8115354893346947,15.708
2025-10-10T09:30:00Z,0.8141601612507046,15.712
2025-10-10T09:45:00Z,0.8115354893346947,15.722
2025-10-10T10:00:00Z,0.8085827334291835,15.733
2025-10-10T10:15:00Z,0.8072703974711857,15.748
2025-10-10T10:30:00Z,0.8085827334291835,15.758
2025-10-10T10:45:00Z,0.807926565450181,15.766
2025-10-10T11:00:00Z,0.81072411359483,15.774
2025-10-10T11:15:00Z,0.8058028537523043,15.784
2025-10-10T11:30:00Z,0.8018658458782895,15.795
2025-10-10T11:45:00Z,0.7962884180567684,15.808
2025-10-10T12:00:00Z,0.8023668060964155,15.819
2025-10-10T12:15:00Z,0.7967893782748874,15.833
2025-10-10T12:30:00Z,0.8022115983355391,15.845
2025-10-10T12:45:00Z,0.7913848266819983,15.858
2025-10-10T13:00:00Z,0.7821984749759565,15.871
2025-10-10T13:15:00Z,0.7849960231205984,15.885
2025-10-10T13:30:00Z,0.7884497392442356,15.896
2025-10-10T13:45:00Z,0.7955123792523935,15.909
2025-10-10T14:00:00Z,0.7925596233468823,15.921
2025-10-10T14:15:00Z,0.7956852554810112,15.932
2025-10-10T14:30:00Z,0.8017636435206654,15.947
2025-10-10T14:45:00Z,0.7955300477201419,15.958
2025-10-10T15:00:00Z,0.7892964519196184,15.97
2025-10-10T15:15:00Z,0.7950467559697643,15.984
2025-10-10T15:30:00Z,0.8034217319359271,15.994
2025-10-10T15:45:00Z,0.7985004720934086,16.009
2025-10-10T16:00:00Z,0.8081877840175693,16.018
2025-10-10T16:15:00Z,0.8081877840175693,16.034
2025-10-10T16:30:00Z,0.8072035320490727,16.045
2025-10-10T16:45:00Z,0.8045788601330628,16.057
2025-10-10T17:00:00Z,0.8182031799312455,16.068
2025-10-10T17:15:00Z,0.8208278518472554,16.082
2025-10-10T17:30:00Z,0.821812103815752,16.092
2025-10-10T17:45:00Z,0.8267333636582777,16.102
2025-10-10T18:00:00Z,0.8267333636582777,16.114
2025-10-10T18:15:00Z,0.827389531637273,16.124
2025-10-10T18:30:00Z,0.8352635473853098,16.133
2025-10-10T18:45:00Z,0.8375601353118185,16.147
2025-10-10T19:00:00Z,0.8259043194506432,16.16
2025-10-10T19:15:00Z,0.8275447393981494,16.171
2025-10-10T19:30:00Z,0.8272166554086482,16.181
2025-10-10T19:45:00Z,0.8185135954529841,16.195
2025-10-10T20:00:00Z,0.8208101833794927,16.205
2025-10-10T20:15:00Z,0.8204820993899915,16.216
2025-10-10T20:30:00Z,0.8217944353479965,16.225
2025-10-10T20:45:00Z,0.8227786873165073,16.236
2025-10-10T21:00:00Z,0.8257314432220184,16.244
2025-10-10T21:15:00Z,0.8257314432220184,16.253
2025-10-10T21:30:00Z,0.8227786873165073,16.26
2025-10-10T21:45:00Z,0.8234348552955026,16.266
2025-10-10T22:00:00Z,0.8124352074133299,16.273
2025-10-10T22:15:00Z,0.8107947874658237,16.278
2025-10-10T22:30:00Z,0.8244191072640064,16.283
2025-10-10T22:45:00Z,0.8290122831170237,16.29
2025-10-10T23:00:00Z,0.8273718631695175,16.287
2025-10-10T23:15:00Z,0.8150598793293398,16.275
2025-10-10T23:30:00Z,0.8134194593818336,16.255
2025-10-10T23:45:00Z,0.8140756273608432,16.235
2025-10-11T00:00:00Z,0.8091543675183175,16.21
2025-10-11T00:15:00Z,0.8022646037387915,16.186
2025-10-11T00:30:00Z,0.7976714278857742,16.167
2025-10-11T00:45:00Z,0.8109676636944556,16.144
2025-10-11T01:00:00Z,0.8080149077889445,16.119
2025-10-11T01:15:00Z,0.8040778999149296,16.096
2025-10-11T01:30:00Z,0.8127809598705937,16.072
2025-10-11T01:45:00Z,0.8072035320490727,16.048
2025-10-11T02:00:00Z,0.8058911960910606,16.024
2025-10-11T02:15:00Z,0.803594608164552,15.997
2025-10-11T02:30:00Z,0.8029384401855495,15.968
2025-10-11T02:45:00Z,0.8100010801937074,15.941
2025-10-11T03:00:00Z,0.8106572481727099,15.912
2025-10-11T03:15:00Z,0.8155785080152356,15.885
2025-10-11T03:30:00Z,NA,15.86
2025-10-11T03:45:00Z,0.8050798203511889,15.841
2025-10-11T04:00:00Z,0.8100010801937074,15.82
2025-10-11T04:15:00Z,0.8027832324246802,15.8
2025-10-11T04:30:00Z,0.8060640723196926,15.781
2025-10-11T04:45:00Z,0.8170637202018582,15.762
2025-10-11T05:00:00Z,0.8193603081283669,15.743
2025-10-11T05:15:00Z,0.8216568960548827,15.731
2025-10-11T05:30:00Z,0.8298589957924136,15.715
2025-10-11T05:45:00Z,0.8301870797819078,15.702
2025-10-11T06:00:00Z,0.8314994157399198,15.69
2025-10-11T06:15:00Z,0.8354364236139347,15.679
2025-10-11T06:30:00Z,0.8280456996162826,15.667
2025-10-11T06:45:00Z,0.8290299515847863,15.652
2025-10-11T07:00:00Z,0.8303422875427913,15.648
2025-10-11T07:15:00Z,0.8355916313748111,15.647
2025-10-11T07:30:00Z,0.8272166554086482,15.652
2025-10-11T07:45:00Z,0.833778335198673,15.656
2025-10-11T08:00:00Z,0.8347625871671767,15.665
2025-10-11T08:15:00Z,0.8354187551461791,15.671
2025-10-11T08:30:00Z,0.8280280311485271,15.678
2025-10-11T08:45:00Z,0.8276999471590258,15.686
2025-10-11T09:00:00Z,0.8303246190750357,15.693
2025-10-11T09:15:00Z,0.819324971192863,15.697
2025-10-11T09:30:00Z,0.8130913753923323,15.705
2025-10-11T09:45:00Z,0.8052173596443026,15.711
2025-10-11T10:00:00Z,0.8035769396967964,15.724
2025-10-11T10:15:00Z,0.8042331076757989,15.736
2025-10-11T10:30:00Z,0.8042331076757989,15.745
2025-10-11T10:45:00Z,0.8116238316734581,15.753
2025-10-11T11:00:00Z,0.8196707236501197,15.762
2025-10-11T11:15:00Z,0.8030936479464259,15.772
2025-10-11T11:30:00Z,0.81179670790209,15.785
2025-10-11T11:45:00Z,0.8009699362485421,15.798
2025-10-11T12:00:00Z,0.7940801724690161,15.806
2025-10-11T12:15:00Z,0.7891589126264975,15.82
2025-10-11T12:30:00Z,0.7929407127396431,15.833
2025-10-11T12:45:00Z,0.7957382608842707,15.846
2025-10-11T13:00:00Z,0.7826149013042212,15.859
2025-10-11T13:15:00Z,0.7750689695456927,15.873
2025-10-11T13:30:00Z,0.779835021627342,15.886
2025-10-11T13:45:00Z,0.7745856777953222,15.898
2025-10-11T14:00:00Z,0.7862414936564903,15.91
2025-10-11T14:15:00Z,0.7992096454756705,15.925
2025-10-11T14:30:00Z,0.8088969573998313,15.938
2025-10-11T14:45:00Z,0.8205527732609994,15.949
2025-10-11T15:00:00Z,0.8235055291665176,15.964
2025-10-11T15:15:00Z,0.8244897811350143,15.975
2025-10-11T15:30:00Z,0.8235055291665176,15.99
2025-10-11T15:45:00Z,0.825474033103518,16.001
2025-10-11T16:00:00Z,0.828098705019535,16.014
2025-10-11T16:15:00Z,0.8369569727360684,16.025
2025-10-11T16:30:00Z,0.8389254766730758,16.039
2025-10-11T16:45:00Z,0.8454871564631006,16.05
2025-10-11T17:00:00Z,0.8394087684234606,16.063
2025-10-11T17:15:00Z,0.842689608318473,16.073
2025-10-11T17:30:00Z,0.8333303803838135,16.086
2025-10-11T17:45:00Z,0.8375954722473224,16.098
2025-10-11T18:00:00Z,0.8272519923441592,16.108
2025-10-11T18:15:00Z,0.8210183965436286,16.118
2025-10-11T18:30:00Z,0.8242992364386481,16.13
2025-10-11T18:45:00Z,0.816908512440996,16.14
2025-10-11T19:00:00Z,0.8198612683465001,16.151
2025-10-11T19:15:00Z,0.8244544441995245,16.162
2025-10-11T19:30:00Z,0.8264229481365319,16.174
2025-10-11T19:45:00Z,0.8316722919685517,16.18
2025-10-11T20:00:00Z,0.8216568960548827,16.192
2025-10-11T20:15:00Z,0.8260948641470307,16.201
2025-10-11T20:30:00Z,0.8257667801575295,16.211
2025-10-11T20:45:00Z,0.8150952162648508,16.217
2025-10-11T21:00:00Z,0.8206726440863719,16.222
2025-10-11T21:15:00Z,0.818047972170362,16.228
2025-10-11T21:30:00Z,0.8193603081283669,16.232
2025-10-11T21:45:00Z,0.8177198881808607,16.234
2025-10-11T22:00:00Z,0.8034394004036827,16.222
2025-10-11T22:15:00Z,0.8021270644456777,16.207
2025-10-11T22:30:00Z,0.8008147284876728,16.189
2025-10-11T22:45:00Z,0.808533536474819,16.17
2025-10-11T23:00:00Z,0.8105020404118335,16.149
2025-10-11T23:15:00Z,0.8055807805693149,16.127
2025-10-11T23:30:00Z,0.80426844461131,16.108
2025-10-11T23:45:00Z,0.8072212005168211,16.097
2025-10-12T00:00:00Z,0.8059088645588091,16.088
2025-10-12T00:15:00Z,0.8016437726953001,16.081
2025-10-12T00:30:00Z,0.8009876047162905,16.063
2025-10-12T00:45:00Z,0.8032841926427992,16.046
2025-10-12T01:00:00Z,0.8075492845063224,16.021
2025-10-12T01:15:00Z,0.8082054524853248,15.991
2025-10-12T01:30:00Z,0.8049246125903124,15.956
2025-10-12T01:45:00Z,0.8039403606218087,15.921
2025-10-12T02:00:00Z,0.802956108653305,15.882
2025-10-12T02:15:00Z,0.7983629328002806,15.845
2025-10-12T02:30:00Z,0.7996752687582926,15.811
2025-10-12T02:45:00Z,0.7957382608842707,15.78
2025-10-12T03:00:00Z,0.7940978409367716,15.752
2025-10-12T03:15:00Z,0.7927855049787595,15.726
2025-10-12T03:30:00Z,0.7914731690207617,15.706
2025-10-12T03:45:00Z,0.8028009008924428,15.687
2025-10-12T04:00:00Z,0.7995200609974233,15.665
2025-10-12T04:15:00Z,0.7985358090289196,15.643
2025-10-12T04:30:00Z,0.8047694048294431,15.627
2025-10-12T04:45:00Z,0.8087064127034651,15.605
2025-10-12T05:00:00Z,0.8146119245144803,15.586
2025-10-12T05:15:00Z,0.8162523444619936,15.565
2025-10-12T05:30:00Z,0.8192051003675047,15.538
2025-10-12T05:45:00Z,0.8088616204643202,15.513
2025-10-12T06:00:00Z,0.8055807805693149,15.491
2025-10-12T06:15:00Z,0.8039403606218087,15.47
2025-10-12T06:30:00Z,0.7962215526346554,15.446
2025-10-12T06:45:00Z,0.7975338885926533,15.428
2025-10-12T07:00:00Z,0.7988462245506653,15.409
2025-10-12T07:15:00Z,0.8121424603593397,15.403
2025-10-12T07:30:00Z,0.8034394004036827,15.4
2025-10-12T07:45:00Z,0.8141109642963471,15.402
2025-10-12T08:00:00Z,0.8014708964666752,15.41
2025-10-12T08:15:00Z,0.7995023925296678,15.419
2025-10-12T08:30:00Z,0.8014708964666752,15.431
2025-10-12T08:45:00Z,0.8040955683826851,15.442
2025-10-12T09:00:00Z,0.8070483242881963,15.455
2025-10-12T09:15:00Z,0.8047517363616876,15.463
2025-10-12T09:30:00Z,0.7975338885926533,15.472
2025-10-12T09:45:00Z,0.7913002927921369,15.478
2025-10-12T10:00:00Z,0.7890037048656211,15.491
2025-10-12T10:15:00Z,0.7873632849181149,15.508
2025-10-12T10:30:00Z,0.7970505968422827,15.517
2025-10-12T10:45:00Z,0.7937697569472633,15.523
2025-10-12T11:00:00Z,0.8001762289764258,15.534
2025-10-12T11:15:00Z,0.7965673050919122,15.544
2025-10-12T11:30:00Z,0.7870528693963763,15.555
2025-10-12T11:45:00Z,0.7772103497113321,15.566
2025-10-12T12:00:00Z,0.7878819136039965,15.578
2025-10-12T12:15:00Z,0.7763989739714532,15.593
2025-10-12T12:30:00Z,0.7798526900950975,15.602
2025-10-12T12:45:00Z,0.7839625741977301,15.614
2025-10-12T13:00:00Z,0.7793693983447199,15.625
2025-10-12T13:15:00Z,0.7874162903213673,15.637
2025-10-12T13:30:00Z,0.7944789303295323,15.65
2025-10-12T13:45:00Z,0.7921823424030165,15.661
2025-10-12T14:00:00Z,0.7982607304426637,15.674
2025-10-12T14:15:00Z,0.79465180655815,15.687
2025-10-12T14:30:00Z,0.7926833026211355,15.699
2025-10-12T14:45:00Z,0.8013863625768067,15.71
2025-10-12T15:00:00Z,0.7971212707132977,15.721
2025-10-12T15:15:00Z,0.7922000108707792,15.734
2025-10-12T15:30:00Z,0.786622583049251,15.743
2025-10-12T15:45:00Z,0.7843259951227424,15.755
2025-10-12T16:00:00Z,0.7943413910364043,15.766
2025-10-12T16:15:00Z,0.7904043831623895,15.776
2025-10-12T16:30:00Z,0.805012954929083,15.79
2025-10-12T16:45:00Z,0.8030444509920756,15.8
2025-10-12T17:00:00Z,0.7994355271075619,15.81
2025-10-12T17:15:00Z,0.8061700831262186,15.82
2025-10-12T17:30:00Z,0.788608755454014,15.831
2025-10-12T17:45:00Z,0.7966556474306827,15.842
2025-10-12T18:00:00Z,0.7946871434936682,15.85
2025-10-12T18:15:00Z,0.7937028915251716,15.86
2025-10-12T18:30:00Z,0.8053587073863397,15.868
2025-10-12T18:45:00Z,0.8089676312708463,15.879
2025-10-12T19:00:00Z,0.8122484711658586,15.889
2025-10-12T19:15:00Z,0.8106080512183595,15.897
2025-10-12T19:30:00Z,0.8119203871763574,15.904
2025-10-12T19:45:00Z,0.8142169751028661,15.913
2025-10-12T20:00:00Z,0.8188101509558905,15.924
2025-10-12T20:15:00Z,0.8224190748404041,15.931
2025-10-12T20:30:00Z,0.825043746756414,15.939
2025-10-12T20:45:00Z,0.8276684186724239,15.947
2025-10-12T21:00:00Z,0.8322615945254412,15.951
2025-10-12T21:15:00Z,0.8238866185592926,15.958
2025-10-12T21:30:00Z,0.8222461986117793,15.961
2025-10-12T21:45:00Z,0.8215900306327768,15.953
2025-10-12T22:00:00Z,0.8128869706771127,15.94
2025-10-12T22:15:00Z,0.818792482488135,15.925
2025-10-12T22:30:00Z,0.8210890704146436,15.915
2025-10-12T22:45:00Z,0.8194486504671374,15.908
2025-10-12T23:00:00Z,0.8220733223831473,15.904
2025-10-12T23:15:00Z,0.8094332545534684,15.899
2025-10-12T23:30:00Z,0.811729842479977,15.891
2025-10-12T23:45:00Z,0.8153387663644835,15.878
2025-10-13T00:00:00Z,0.8166511023224956,15.861
2025-10-13T00:15:00Z,0.8196038582280067,15.836
2025-10-13T00:30:00Z,0.825509370039029,15.811
2025-10-13T00:45:00Z,0.8314148818500513,15.789
2025-10-13T01:00:00Z,0.8343676377555624,15.77
2025-10-13T01:15:00Z,0.8282892497159153,15.753
2025-10-13T01:30:00Z,0.8328824255689398,15.733
2025-10-13T01:45:00Z,0.8176176858232367,15.711
2025-10-13T02:00:00Z,0.8208985257182562,15.692
2025-10-13T02:15:00Z,0.8079303738990831,15.668
2025-10-13T02:30:00Z,0.8089146258675797,15.64
2025-10-13T02:45:00Z,0.8082584578885843,15.612
2025-10-13T03:00:00Z,0.8062899539515698,15.583
2025-10-13T03:15:00Z,0.8053057019830732,15.559
2025-10-13T03:30:00Z,0.8079303738990831,15.535
2025-10-13T03:45:00Z,0.8092427098570809,15.513
2025-10-13T04:00:00Z,0.8125235497521004,15.492
2025-10-13T04:15:00Z,0.8154763056576115,15.474
2025-10-13T04:30:00Z,0.8181009775736214,15.452
2025-10-13T04:45:00Z,0.8223660694371375,15.438
2025-10-13T05:00:00Z,0.8276154132691573,15.425
2025-10-13T05:15:00Z,0.8198966052819969,15.408
2025-10-13T05:30:00Z,0.8241616971455201,15.39
2025-10-13T05:45:00Z,0.8261302010825275,15.369
2025-10-13T06:00:00Z,0.8151305532003619,15.352
2025-10-13T06:15:00Z,0.8170990571373693,15.337
2025-10-13T06:30:00Z,0.819395645063878,15.321
2025-10-13T06:45:00Z,0.810692585108221,15.306
2025-10-13T07:00:00Z,0.8146295929822358,15.293
2025-10-13T07:15:00Z,0.814957676971737,15.292
2025-10-13T07:30:00Z,0.8211912727722606,15.297
2025-10-13T07:45:00Z,0.8254563646357838,15.304
2025-10-13T08:00:00Z,0.81872180861712,15.313
2025-10-13T08:15:00Z,0.8272519923441592,15.321
2025-10-13T08:30:00Z,0.8279081603231617,15.331
2025-10-13T08:45:00Z,0.8165804284514948,15.34
2025-10-13T09:00:00Z,0.8165804284514948,15.349
2025-10-13T09:15:00Z,0.8039403606218087,15.358
2025-10-13T09:30:00Z,0.8059088645588091,15.366
2025-10-13T09:45:00Z,0.809845872432831,15.377
2025-10-13T10:00:00Z,0.8160794682333545,15.389
2025-10-13T10:15:00Z,0.8141109642963471,15.395
2025-10-13T10:30:00Z,0.8121424603593397,15.404
2025-10-13T10:45:00Z,0.8121424603593397,15.41
2025-10-13T11:00:00Z,0.8001585605086703,15.419
2025-10-13T11:15:00Z,0.80426844461131,15.429
2025-10-13T11:30:00Z,0.802956108653305,15.44
2025-10-13T11:45:00Z,0.8072212005168211,15.45
2025-10-13T12:00:00Z,0.808533536474819,15.459
2025-10-13T12:15:00Z,0.8065650325378186,15.472
2025-10-13T12:30:00Z,0.807394076745453,15.481
2025-10-13T12:45:00Z,0.7985358090289196,15.494
2025-10-13T13:00:00Z,0.7942707171654035,15.506
2025-10-13T13:15:00Z,0.7896775413123862,15.518
2025-10-13T13:30:00Z,0.8006771891945519,15.53
2025-10-13T13:45:00Z,0.8116768370767247,15.543
2025-10-13T14:00:00Z,0.8110206690977222,15.555
2025-10-13T14:15:00Z,0.8246449888958978,15.568
2025-10-13T14:30:00Z,0.8243169049063965,15.581
2025-10-13T14:45:00Z,0.8210360650113842,15.596
2025-10-13T15:00:00Z,0.8170990571373693,15.606
2025-10-13T15:15:00Z,0.8177552251163718,15.619
2025-10-13T15:30:00Z,0.818083309105873,15.632
2025-10-13T15:45:00Z,0.8161148051688585,15.644
2025-10-13T16:00:00Z,0.8190675610743696,15.654
2025-10-13T16:15:00Z,0.8170990571373693,15.667
2025-10-13T16:30:00Z,0.8246449888958978,15.677
2025-10-13T16:45:00Z,0.8226764849588903,15.689
2025-10-13T17:00:00Z,0.8200518130428804,15.7
2025-10-13T17:15:00Z,0.8259573248539027,15.709
2025-10-13T17:30:00Z,0.8315347526754238,15.721
2025-10-13T17:45:00Z,0.825784448625285,15.729
2025-10-13T18:00:00Z,0.8403930203919572,15.738
2025-10-13T18:15:00Z,0.8333303803838135,15.747
2025-10-13T18:30:00Z,0.8343146323523101,15.755
2025-10-13T18:45:00Z,0.8259396563861472,15.762
2025-10-13T19:00:00Z,0.8210183965436286,15.769
2025-10-13T19:15:00Z,0.8175646804199914,15.776
2025-10-13T19:30:00Z,0.8155961764829911,15.784
2025-10-13T19:45:00Z,0.8152680924934899,15.792
2025-10-13T20:00:00Z,0.8201893523360013,15.795
2025-10-13T20:15:00Z,0.8172365964304902,15.802
2025-10-13T20:30:00Z,0.8185489323885022,15.807
2025-10-13T20:45:00Z,0.8162523444619936,15.812
2025-10-13T21:00:00Z,0.8045965286008112,15.814
2025-10-13T21:15:00Z,0.8211736043045121,15.82
2025-10-13T21:30:00Z,0.8078773684958236,15.823
2025-10-13T21:45:00Z,0.819533184357006,15.826
2025-10-13T22:00:00Z,0.8123153365879716,15.829
2025-10-13T22:15:00Z,0.808533536474819,15.828
2025-10-13T22:30:00Z,0.802956108653305,15.828
2025-10-13T22:45:00Z,1.195845520315011,15.838
2025-10-13T23:00:00Z,1.544926885144406,15.831
2025-10-13T23:15:00Z,1.6489295098163197,15.847
2025-10-13T23:30:00Z,1.978982003254643,15.884
2025-10-13T23:45:00Z,2.047879641049917,15.943
2025-10-13T23:45:00Z,2.047879641049917,15.943
2025-10-14T00:00:00Z,1.9548766642601692,16.015
2025-10-14T00:15:00Z,1.7465433309268334,16.086
2025-10-14T00:30:00Z,1.5680656406381175,16.151
2025-10-14T00:45:00Z,1.4762021235777496,16.21
2025-10-14T01:00:00Z,1.458813672134184,16.266
2025-10-14T01:15:00Z,1.3761365067798508,16.313
2025-10-14T01:15:00Z,1.3761365067798508,16.313
2025-10-14T01:30:00Z,1.296740181320537,16.363
2025-10-14T01:45:00Z,1.232107635388779,16.409
2025-10-14T02:00:00Z,1.1861758768585915,16.452
2025-10-14T02:15:00Z,1.1431968742339222,16.49
2025-10-14T02:30:00Z,1.1112175194914258,16.53
2025-10-14T02:45:00Z,1.0854717605494386,16.563
2025-10-14T03:00:00Z,1.044288385633152,16.593
2025-10-14T03:15:00Z,1.0539756975573127,16.625
2025-10-14T03:30:00Z,1.0702246892714982,16.653
2025-10-14T03:45:00Z,1.5456183900588982,16.678
2025-10-14T04:00:00Z,2.0090458594633844,16.703
2025-10-14T04:15:00Z,2.1807889937334437,16.724
2025-10-14T04:30:00Z,2.2983982697357916,16.741
2025-10-14T04:45:00Z,2.2058785846964213,16.729
2025-10-14T04:45:00Z,2.2058785846964213,16.729
2025-10-14T05:00:00Z,2.0677552251163718,16.678
2025-10-14T05:15:00Z,2.3599051835334137,16.628
2025-10-14T05:30:00Z,2.3984638865336905,16.556
2025-10-14T05:45:00Z,2.1771624013811817,16.464
2025-10-14T06:00:00Z,1.983748055336278,16.401
2025-10-14T06:15:00Z,1.9483149844701373,16.366
2025-10-14T06:30:00Z,1.8633412311893025,16.357
2025-10-14T06:45:00Z,1.8912107018291522,16.35
2025-10-14T07:00:00Z,1.926816648923932,16.34
2025-10-14T07:15:00Z,1.818859347910248,16.321
2025-10-14T07:30:00Z,1.6677855049787595,16.296
2025-10-14T07:45:00Z,1.52966214539871,16.282
2025-10-14T08:00:00Z,1.434344912214705,16.277
2025-10-14T08:15:00Z,1.3572275062141372,16.284
2025-10-14T08:30:00Z,1.3368862988650605,16.295
2025-10-14T08:45:00Z,1.3140932958285987,16.312
2025-10-14T09:00:00Z,1.2725818369228037,16.333
2025-10-14T09:15:00Z,1.2346793019015223,16.353
2025-10-14T09:30:00Z,1.2171179742293248,16.376
2025-10-14T09:45:00Z,1.2181022261978356,16.395
2025-10-14T10:00:00Z,1.2115405464078037,16.411
2025-10-14T10:15:00Z,1.1882465831532159,16.423
2025-10-14T10:30:00Z,1.1529687200479444,16.434
2025-10-14T10:45:00Z,1.1309870927513543,16.443
2025-10-14T11:00:00Z,1.118191817160806,16.453
2025-10-14T11:15:00Z,1.1009585734781169,16.466
2025-10-14T11:30:00Z,1.0894756338455664,16.476
2025-10-14T11:45:00Z,1.0747118543180036,16.494
2025-10-14T12:00:00Z,1.0561662746773095,16.509
2025-10-14T12:15:00Z,1.0420586631287492,16.532
2025-10-14T12:30:00Z,1.0315599754647096,16.557
2025-10-14T12:45:00Z,1.0243421276956823,16.588
2025-10-14T13:00:00Z,1.0107178078974997,16.625
2025-10-14T13:15:00Z,1.0074369680024873,16.665
2025-10-14T13:30:00Z,1.0064527160339765,16.715
2025-10-14T13:45:00Z,1.0100616399184972,16.764
2025-10-14T14:00:00Z,1.0110458918869938,16.818
2025-10-14T14:15:00Z,1.0146548157715145,16.873
2025-10-14T14:30:00Z,1.001030495973339,16.934
2025-10-14T14:45:00Z,1.0013585799628402,16.996
2025-10-14T15:00:00Z,1.0804268214326527,17.058
2025-10-14T15:15:00Z,3.6360282234192454,17.451
2025-10-14T15:30:00Z,2.973626648616097,17.406
2025-10-14T15:45:00Z,2.1860521975843312,17.367
2025-10-14T16:00:00Z,1.7542936674005958,17.328
2025-10-14T16:15:00Z,1.5577713576893117,17.304
2025-10-14T16:30:00Z,1.4203041660882576,17.293
2025-10-14T16:45:00Z,1.3102231533766968,17.289
2025-10-14T17:00:00Z,1.2331234158438846,17.293
2025-10-14T17:15:00Z,1.1891601612507046,17.298
2025-10-14T17:30:00Z,1.1511024184685539,17.31
2025-10-14T17:45:00Z,1.1271522872349635,17.319
2025-10-14T18:00:00Z,1.1092628755732576,17.333
2025-10-14T18:15:00Z,1.1161526393527907,17.34
2025-10-14T18:30:00Z,1.123370487121818,17.349
2025-10-14T18:45:00Z,1.1104023353026449,17.356
2025-10-14T19:00:00Z,1.091200587682934,17.363
2025-10-14T19:15:00Z,1.07610872416587,17.368
2025-10-14T19:30:00Z,1.0588754804831808,17.371
2025-10-14T19:45:00Z,1.043610740737492,17.38
2025-10-14T20:00:00Z,1.0347524730209514,17.374
2025-10-14T20:15:00Z,1.028518877220428,17.37
2025-10-14T20:30:00Z,1.025894205304418,17.364
2025-10-14T20:45:00Z,1.0125979694957437,17.356
2025-10-14T21:00:00Z,1.010301381569235,17.349
2025-10-14T21:15:00Z,1.0040677857687115,17.339
2025-10-14T21:30:00Z,0.9848660381490006,17.327
2025-10-14T21:45:00Z,0.983881786180504,17.312
2025-10-14T22:00:00Z,0.97255405430883,17.298
2025-10-14T22:15:00Z,0.9722259703193288,17.279
2025-10-14T22:30:00Z,0.9774753141513486,17.261
2025-10-14T22:45:00Z,0.9732102222878254,17.235
2025-10-14T23:00:00Z,0.973866390266835,17.212
2025-10-14T23:15:00Z,0.9718978863298275,17.181
2025-10-14T23:30:00Z,0.9592578185001415,17.152
2025-10-14T23:45:00Z,0.9530242226996251,17.119
2025-10-15T00:00:00Z,0.9523680547206226,17.084
2025-10-15T00:15:00Z,0.9507276347731093,17.043
2025-10-15T00:30:00Z,0.9510557187626105,17.006
2025-10-15T00:45:00Z,0.9513838027521118,16.971
2025-10-15T01:00:00Z,0.9481029628570994,16.934
2025-10-15T01:15:00Z,0.9500714667941139,16.897
2025-10-15T01:30:00Z,0.9471187108885957,16.861
2025-10-15T01:45:00Z,0.9454782909410895,16.822
2025-10-15T02:00:00Z,0.9425255350355783,16.784
2025-10-15T02:15:00Z,0.9249642073633879,16.75
2025-10-15T02:30:00Z,0.9246361233738867,16.711
2025-10-15T02:45:00Z,0.9206991154998647,16.673
2025-10-15T03:00:00Z,0.9164340236363557,16.634
2025-10-15T03:15:00Z,0.9284179234870251,16.598
2025-10-15T03:30:00Z,0.9287460074765264,16.56
2025-10-15T03:45:00Z,0.9280898394975239,16.523
2025-10-15T04:00:00Z,0.93235493136104,16.487
2025-10-15T04:15:00Z,0.9343234352980474,16.449
2025-10-15T04:30:00Z,0.9356357712560524,16.413
2025-10-15T04:45:00Z,0.9246361233738867,16.374
2025-10-15T05:00:00Z,0.9311978031639114,16.336
2025-10-15T05:15:00Z,0.9351348110379263,16.299
2025-10-15T05:30:00Z,0.9254474991137585,16.258
2025-10-15T05:45:00Z,0.9270879190612646,16.219
2025-10-15T06:00:00Z,0.9254474991137585,16.179
2025-10-15T06:15:00Z,0.9147759352210869,16.137
2025-10-15T06:30:00Z,0.9193691110741042,16.095
2025-10-15T06:45:00Z,0.9193691110741042,16.055
2025-10-15T07:00:00Z,0.9233061189481191,16.014
2025-10-15T07:15:00Z,0.9149311429819704,15.976
2025-10-15T07:30:00Z,0.9165715629294695,15.942
2025-10-15T07:45:00Z,0.9172277309084791,15.909
2025-10-15T08:00:00Z,0.9175558148979803,15.876
2025-10-15T08:15:00Z,0.9052438310577884,15.845
2025-10-15T08:30:00Z,0.9062280830262992,15.817
2025-10-15T08:45:00Z,0.9049157470682871,15.788
2025-10-15T09:00:00Z,0.9055719150472896,15.761
2025-10-15T09:15:00Z,0.9055719150472896,15.737
2025-10-15T09:30:00Z,0.9052438310577884,15.716
2025-10-15T09:45:00Z,0.9032753271207881,15.695
2025-10-15T10:00:00Z,0.9016349071732819,15.677
2025-10-15T10:15:00Z,0.8973698153097587,15.661
2025-10-15T10:30:00Z,0.8970417313202574,15.644
2025-10-15T10:45:00Z,0.8921204714777389,15.629
2025-10-15T11:00:00Z,0.8875272956247215,15.616
2025-10-15T11:15:00Z,0.8786690279081881,15.604
2025-10-15T11:30:00Z,0.8750601040236674,15.594
2025-10-15T11:45:00Z,0.8691545922126522,15.583
2025-10-15T12:00:00Z,0.8749048962628123,15.572
2025-10-15T12:15:00Z,0.8650623765777681,15.563
2025-10-15T12:30:00Z,0.8662195047748966,15.555
2025-10-15T12:45:00Z,0.8583454890268669,15.549
2025-10-15T13:00:00Z,0.857534113286988,15.54
2025-10-15T13:15:00Z,0.8619720813791361,15.538
2025-10-15T13:30:00Z,0.8501610577570844,15.532
2025-10-15T13:45:00Z,0.8542709418597241,15.528
2025-10-15T14:00:00Z,0.8570684900043659,15.524
2025-10-15T14:15:00Z,0.848866390266835,15.525
2025-10-15T14:30:00Z,0.8565851982539883,15.528
2025-10-15T14:45:00Z,0.8496954344744623,15.534
2025-10-15T15:00:00Z,0.8639759222516545,15.541
2025-10-15T15:15:00Z,0.8716947302388007,15.55
2025-10-15T15:30:00Z,0.8703823942808029,15.565
2025-10-15T15:45:00Z,0.8690700583227908,15.582
2025-10-15T16:00:00Z,0.870710478270297,15.601
2025-10-15T16:15:00Z,0.8684138903437884,15.617
2025-10-15T16:30:00Z,0.8654611344382772,15.642
2025-10-15T16:45:00Z,0.8631645465117685,15.662
2025-10-15T17:00:00Z,0.8611960425747611,15.684
2025-10-15T17:15:00Z,0.8634926305012698,15.708
2025-10-15T17:30:00Z,0.8654611344382772,15.733
2025-10-15T17:45:00Z,0.8680858063542871,15.759
2025-10-15T18:00:00Z,0.8716947302388007,15.783
2025-10-15T18:15:00Z,0.8769440740708205,15.809
2025-10-15T18:30:00Z,0.8726789822073115,15.833
2025-10-15T18:45:00Z,0.8554457385246153,15.863
2025-10-15T19:00:00Z,0.8570861584721214,15.889
2025-10-15T19:15:00Z,0.8398529147894251,15.913
2025-10-15T19:30:00Z,0.8398529147894251,15.94
2025-10-15T19:45:00Z,0.8580704104406252,15.963
2025-10-15T20:00:00Z,0.8583984944301264,15.985
2025-10-15T20:15:00Z,0.859054662409136,16.007
2025-10-15T20:30:00Z,0.8610231663461363,16.027
2025-10-15T20:45:00Z,0.8496954344744623,16.045
2025-10-15T21:00:00Z,0.849367350484961,16.061
2025-10-15T21:15:00Z,0.8526481903799805,16.078
2025-10-15T21:30:00Z,0.841976626487309,16.091
2025-10-15T21:45:00Z,0.8439451304243164,16.104
2025-10-15T22:00:00Z,0.8423047104768031,16.112
2025-10-15T22:15:00Z,0.8459136343613167,16.121
2025-10-15T22:30:00Z,0.848866390266835,16.127
2025-10-15T22:45:00Z,0.837538658395161,16.13
2025-10-15T23:00:00Z,0.8462417183508251,16.127
2025-10-15T23:15:00Z,0.8368824904161514,16.119
2025-10-15T23:30:00Z,0.834913986479151,16.11
2025-10-15T23:45:00Z,0.8352420704686523,16.101
2025-10-16T00:00:00Z,0.832289314563134,16.086
2025-10-16T00:15:00Z,0.8336016505211461,16.073
2025-10-16T00:30:00Z,0.8319612305736328,16.057
2025-10-16T00:45:00Z,0.8286803906786204,16.04
2025-10-16T01:00:00Z,0.8260557187626105,16.022
2025-10-16T01:15:00Z,0.8244152988151043,16.002
2025-10-16T01:30:00Z,0.8231029628570994,15.981
2025-10-16T01:45:00Z,0.8188378709935833,15.962
2025-10-16T02:00:00Z,0.8139166111510647,15.94
2025-10-16T02:15:00Z,0.8076830153505412,15.917
2025-10-16T02:30:00Z,0.8027617555080226,15.896
2025-10-16T02:45:00Z,0.8098243955161735,15.876
2025-10-16T03:00:00Z,0.8075278075896648,15.852
2025-10-16T03:15:00Z,0.8155746995663264,15.83
2025-10-16T03:30:00Z,0.8093411037658029,15.808
2025-10-16T03:45:00Z,0.8034355919547806,15.788
2025-10-16T04:00:00Z,0.8082016440364228,15.766
2025-10-16T04:15:00Z,0.8036084681834055,15.747
2025-10-16T04:30:00Z,0.8016399642464052,15.727
2025-10-16T04:45:00Z,0.8106711081915634,15.707
2025-10-16T05:00:00Z,0.8100149402125538,15.691
2025-10-16T05:15:00Z,0.8259358479372452,15.672
2025-10-16T05:30:00Z,0.8285605198532551,15.652
2025-10-16T05:45:00Z,0.831185191769265,15.635
2025-10-16T06:00:00Z,0.8328256117167783,15.615
2025-10-16T06:15:00Z,0.8344660316642845,15.596
2025-10-16T06:30:00Z,0.8257629717086203,15.576
2025-10-16T06:45:00Z,0.828059559635129,15.557
2025-10-16T07:00:00Z,0.8316684835196426,15.537
2025-10-16T07:15:00Z,0.83363698745665,15.522
2025-10-16T07:30:00Z,0.8310123155406401,15.503
2025-10-16T07:45:00Z,0.820668835637477,15.492
2025-10-16T08:00:00Z,0.8187003317004695,15.478
2025-10-16T08:15:00Z,0.8190284156899708,15.469
2025-10-16T08:30:00Z,0.8203407516479757,15.462
2025-10-16T08:45:00Z,0.8203407516479757,15.459
2025-10-16T09:00:00Z,0.8209969196269782,15.459
2025-10-16T09:15:00Z,0.8213250036164794,15.462
2025-10-16T09:30:00Z,0.8219811715954819,15.463
2025-10-16T09:45:00Z,0.8209969196269782,15.465
2025-10-16T10:00:00Z,0.8170599117529633,15.47
2025-10-16T10:15:00Z,0.8154194918054571,15.472
2025-10-16T10:30:00Z,0.8108263159524327,15.475
2025-10-16T10:45:00Z,0.8042646361624151,15.478
2025-10-16T11:00:00Z,0.8019680482359064,15.484
2025-10-16T11:15:00Z,0.7983591243513857,15.488
2025-10-16T11:30:00Z,0.804765596380534,15.492
2025-10-16T11:45:00Z,0.7998443365380155,15.497
2025-10-16T12:00:00Z,0.8046103886196647,15.5
2025-10-16T12:15:00Z,0.7977206248401387,15.503
2025-10-16T12:30:00Z,0.7931274489871143,15.506
2025-10-16T12:45:00Z,0.7992058370267614,15.508
2025-10-16T13:00:00Z,0.7955969131422478,15.513
2025-10-16T13:15:00Z,0.8000348812344029,15.515
2025-10-16T13:30:00Z,0.7951136213918844,15.516
2025-10-16T13:45:00Z,0.8031605133685389,15.524
2025-10-16T14:00:00Z,0.7952864976205021,15.529
2025-10-16T14:15:00Z,0.8020210536391659,15.537
2025-10-16T14:30:00Z,0.7951312898596328,15.543
2025-10-16T14:45:00Z,0.7918504499646204,15.55
2025-10-16T15:00:00Z,0.8038343498152969,15.558
2025-10-16T15:15:00Z,0.7992411739622796,15.569
2025-10-16T15:30:00Z,0.808600401896939,15.573
2025-10-16T15:45:00Z,0.8053195620019267,15.583
2025-10-16T16:00:00Z,0.8033510580649192,15.592
2025-10-16T16:15:00Z,0.8140226219575908,15.599
2025-10-16T16:30:00Z,0.81303836998908,15.607
2025-10-16T16:45:00Z,0.8117260340310821,15.616
2025-10-16T17:00:00Z,0.81303836998908,15.626
2025-10-16T17:15:00Z,0.8140226219575908,15.633
2025-10-16T17:30:00Z,0.8146787899365933,15.642
2025-10-16T17:45:00Z,0.8176315458420973,15.649
2025-10-16T18:00:00Z,0.8166472938736007,15.657
2025-10-16T18:15:00Z,0.8182877138211069,15.666
2025-10-16T18:30:00Z,0.8192719657896106,15.67
2025-10-16T18:45:00Z,0.822552805684623,15.682
2025-10-16T19:00:00Z,0.8274740655271415,15.686
2025-10-16T19:15:00Z,0.8291144854746477,15.693
2025-10-16T19:30:00Z,0.822379929455991,15.7
2025-10-16T19:45:00Z,0.8243484333929985,15.705
2025-10-16T20:00:00Z,0.8263169373300059,15.709
2025-10-16T20:15:00Z,0.8302539452040278,15.711
2025-10-16T20:30:00Z,0.8215508852483708,15.711
2025-10-16T20:45:00Z,0.8192542973218551,15.709
2025-10-16T21:00:00Z,0.8153172894478402,15.702
2025-10-16T21:15:00Z,0.8182700453533585,15.693
2025-10-16T21:30:00Z,0.803661473586665,15.684
2025-10-16T21:45:00Z,0.823191305195877,15.674
2025-10-16T22:00:00Z,0.8182700453533585,15.663
2025-10-16T22:15:00Z,0.8062861455026749,15.653
2025-10-16T22:30:00Z,0.8156453734373486,15.642
2025-10-16T22:45:00Z,0.799396381723156,15.629
2025-10-16T23:00:00Z,0.7941470378911291,15.618
2025-10-16T23:15:00Z,0.8015377618887882,15.605
2025-10-16T23:30:00Z,0.8077713576893117,15.591
2025-10-16T23:45:00Z,0.8051466857733018,15.575
2025-10-17T00:00:00Z,0.8151620816869638,15.563
2025-10-17T00:15:00Z,0.8115531578024502,15.548
2025-10-17T00:30:00Z,0.8074432736998105,15.535
2025-10-17T00:45:00Z,0.8138497457289589,15.522
2025-10-17T01:00:00Z,0.8118812417919514,15.507
2025-10-17T01:15:00Z,0.8187710055714774,15.492
2025-10-17T01:30:00Z,0.8279573572775121,15.479
2025-10-17T01:45:00Z,0.8273011892985167,15.466
2025-10-17T02:00:00Z,0.8250046013720009,15.454
2025-10-17T02:15:00Z,0.8197552575399811,15.441
2025-10-17T02:30:00Z,0.80234913762866,15.429
2025-10-17T02:45:00Z,0.8013648856601563,15.417
2025-10-17T03:00:00Z,0.8113802815738254,15.405
2025-10-17T03:15:00Z,0.8208947172693684,15.389
2025-10-17T03:30:00Z,0.8261440611013882,15.376
2025-10-17T03:45:00Z,0.8166296254058452,15.365
2025-10-17T04:00:00Z,0.8172857933848476,15.349
2025-10-17T04:15:00Z,0.813175909282208,15.336
2025-10-17T04:30:00Z,0.8158005811982179,15.322
2025-10-17T04:45:00Z,0.830081068975403,15.309
2025-10-17T05:00:00Z,0.8308924447152748,15.294
2025-10-17T05:15:00Z,0.8387664604633045,15.28
2025-10-17T05:30:00Z,0.8390945444528057,15.263
2025-10-17T05:45:00Z,0.8274387285916305,15.25
2025-10-17T06:00:00Z,0.8326880724236503,15.236
2025-10-17T06:15:00Z,0.8230007604994967,15.22
2025-10-17T06:30:00Z,0.8246411804470029,15.207
2025-10-17T06:45:00Z,0.8249692644365041,15.188
2025-10-17T07:00:00Z,0.8179066244283391,15.175
2025-10-17T07:15:00Z,0.820531296344349,15.162
2025-10-17T07:30:00Z,0.8231559682603589,15.151
2025-10-17T07:45:00Z,0.8293895640608824,15.141
2025-10-17T08:00:00Z,0.8372635798089121,15.134
2025-10-17T08:15:00Z,0.8282324358637538,15.128
2025-10-17T08:30:00Z,0.8288886038427563,15.125
2025-10-17T08:45:00Z,0.8338098636852749,15.118
2025-10-17T09:00:00Z,0.8224821318136009,15.117
2025-10-17T09:15:00Z,0.8224821318136009,15.114
2025-10-17T09:30:00Z,0.8244506357506154,15.111
2025-10-17T09:45:00Z,0.8131229038789485,15.109
2025-10-17T10:00:00Z,0.8065612240889237,15.108
2025-10-17T10:15:00Z,0.811154399941934,15.109
2025-10-17T10:30:00Z,0.8101701479734373,15.111
2025-10-17T10:45:00Z,0.8095139799944349,15.113
2025-10-17T11:00:00Z,0.8152642840445807,15.115
2025-10-17T11:15:00Z,0.8142800320760699,15.119
2025-10-17T11:30:00Z,0.8109991921810575,15.124
2025-10-17T11:45:00Z,0.804765596380534,15.127
2025-10-17T12:00:00Z,0.7998443365380155,15.133
2025-10-17T12:15:00Z,0.7913141528109833,15.139
2025-10-17T12:30:00Z,0.7944397849451263,15.146
2025-10-17T12:45:00Z,0.7895185251026078,15.15
2025-10-17T13:00:00Z,0.7965811651107515,15.158
2025-10-17T13:15:00Z,0.7939564931947416,15.166
2025-10-17T13:30:00Z,0.8000348812344029,15.171
2025-10-17T13:45:00Z,0.8093941091690624,15.183
2025-10-17T14:00:00Z,0.8087379411900599,15.188
2025-10-17T14:15:00Z,0.8031605133685389,15.198
2025-10-17T14:30:00Z,0.8141601612507046,15.205
2025-10-17T14:45:00Z,0.8148163292297141,15.214
2025-10-17T15:00:00Z,0.8180971691247265,15.224
2025-10-17T15:15:00Z,0.8277844810488872,15.231
2025-10-17T15:30:00Z,0.8268002290803906,15.239
2025-10-17T15:45:00Z,0.8268002290803906,15.25
2025-10-17T16:00:00Z,0.8135039932717021,15.259
2025-10-17T16:15:00Z,0.8281125650383956,15.27
2025-10-17T16:30:00Z,0.8274563970593931,15.278
2025-10-17T16:45:00Z,0.8251598091328773,15.289
2025-10-17T17:00:00Z,0.8274563970593931,15.297
2025-10-17T17:15:00Z,0.8290968170068993,15.304
2025-10-17T17:30:00Z,0.8177690851352253,15.313
2025-10-17T17:45:00Z,0.8307372369544055,15.322
2025-10-17T18:00:00Z,0.82433076492525,15.328
2025-10-17T18:15:00Z,0.8259711848727562,15.339
2025-10-17T18:30:00Z,0.82531501689375375,15.345
2025-10-17T18:45:00Z,0.8308924447152748,15.353
2025-10-17T19:00:00Z,0.8292520247677757,15.359
2025-10-17T19:15:00Z,0.8331890326417835,15.364
2025-10-17T19:30:00Z,0.8351575365787909,15.373
2025-10-17T19:45:00Z,0.8254702246546302,15.379
2025-10-17T20:00:00Z,0.8261263926336326,15.386
2025-10-17T20:15:00Z,0.8300634005076404,15.394
2025-10-17T20:30:00Z,0.8326880724236503,15.399
2025-10-17T20:45:00Z,0.8213603405519834,15.406
2025-10-17T21:00:00Z,0.8207041725729809,15.407
2025-10-17T21:15:00Z,0.822016508530993,15.413
2025-10-17T21:30:00Z,0.8226726765099954,15.414
2025-10-17T21:45:00Z,0.8203760885834868,15.413
2025-10-17T22:00:00Z,0.8223445925204942,15.412
2025-10-17T22:15:00Z,0.8223445925204942,15.407
2025-10-17T22:30:00Z,0.8243130964575016,15.399
2025-10-17T22:45:00Z,0.8272658523630128,15.392
2025-10-17T23:00:00Z,0.8279220203420152,15.379
2025-10-17T23:15:00Z,0.8259535164050078,15.37
2025-10-17T23:30:00Z,0.8315309442265288,15.357
2025-10-17T23:45:00Z,0.8292343563000202,15.343
2025-10-18T00:00:00Z,0.8195470443758452,15.33
2025-10-18T00:15:00Z,0.824796388207865,15.314
2025-10-18T00:30:00Z,0.827421060123875,15.297
2025-10-18T00:45:00Z,0.8326704039558948,15.278
2025-10-18T01:00:00Z,0.8297176480503836,15.263
2025-10-18T01:15:00Z,0.8177337481997142,15.247
2025-10-18T01:30:00Z,0.8170775802207118,15.229
2025-10-18T01:45:00Z,0.817405664210213,15.216
2025-10-18T02:00:00Z,0.8141248243152006,15.2
2025-10-18T02:15:00Z,0.8167494962312105,15.188
2025-10-18T02:30:00Z,0.8154371602732056,15.178
2025-10-18T02:45:00Z,0.8164214122417164,15.165
2025-10-18T03:00:00Z,0.8177337481997142,15.152
2025-10-18T03:15:00Z,0.8177337481997142,15.141
2025-10-18T03:30:00Z,0.817405664210213,15.129
2025-10-18T03:45:00Z,0.8190460841577263,15.118
2025-10-18T04:00:00Z,0.8177337481997142,15.105
2025-10-18T04:15:00Z,0.8246235119792473,15.093
2025-10-18T04:30:00Z,0.8302009398007684,15.079
2025-10-18T04:45:00Z,0.8347941156537857,15.067
2025-10-18T05:00:00Z,0.8347941156537857,15.051
2025-10-18T05:15:00Z,0.8290438116036327,15.039
2025-10-18T05:30:00Z,0.8319965675091439,15.024
2025-10-18T05:45:00Z,0.8278866834065042,15.008
2025-10-18T06:00:00Z,0.8285428513855067,14.993
2025-10-18T06:15:00Z,0.8301832713330128,14.975
2025-10-18T06:30:00Z,0.8241048832933586,14.96
2025-10-18T06:45:00Z,0.8296823111148797,14.946
2025-10-18T07:00:00Z,0.8362439909049115,14.928
2025-10-18T07:15:00Z,0.8441180066529412,14.916
2025-10-18T07:30:00Z,0.8416485424978077,14.907
2025-10-18T07:45:00Z,0.8452574663823142,14.896
2025-10-18T08:00:00Z,0.8368824904161514,14.892
2025-10-18T08:15:00Z,0.8232581706179758,14.889
2025-10-18T08:30:00Z,0.8281794304604944,14.884
2025-10-18T08:45:00Z,0.8224291264103485,14.883
2025-10-18T09:00:00Z,0.827350386252867,14.883
2025-10-18T09:15:00Z,0.8322716460953927,14.884
2025-10-18T09:30:00Z,0.8358805699798992,14.882
2025-10-18T09:45:00Z,0.824224754118724,14.883
2025-10-18T10:00:00Z,0.8245528381082252,14.886
2025-10-18T10:15:00Z,0.8245528381082252,14.888
2025-10-18T10:30:00Z,0.8106004343205484,14.889
2025-10-18T10:45:00Z,0.8063353424570323,14.891
2025-10-18T11:00:00Z,0.8037106705410224,14.894
2025-10-18T11:15:00Z,0.8020702505935162,14.896
2025-10-18T11:30:00Z,0.7961647387824939,14.898
2025-10-18T11:45:00Z,0.8045397147486497,14.902
2025-10-18T12:00:00Z,0.7996184549061311,14.906
2025-10-18T12:15:00Z,0.7937129430951089,14.911
2025-10-18T12:30:00Z,0.802416003050773,14.916
2025-10-18T12:45:00Z,0.8004474991137585,14.923
2025-10-18T13:00:00Z,0.7955262392712399,14.928
2025-10-18T13:15:00Z,0.8032450472584003,14.935
2025-10-18T13:30:00Z,0.7999642073633879,14.941
2025-10-18T13:45:00Z,0.7956991154998647,14.947
2025-10-18T14:00:00Z,0.8076830153505412,14.954
2025-10-18T14:15:00Z,0.8066987633820304,14.962
2025-10-18T14:30:00Z,0.818682663232714,14.97
2025-10-18T14:45:00Z,0.8180264952537044,14.978
2025-10-18T15:00:00Z,0.816057991316697,14.988
2025-10-18T15:15:00Z,0.8131052354111858,14.995
2025-10-18T15:30:00Z,0.8101524795056747,15.003
2025-10-18T15:45:00Z,0.8094963115266793,15.014
2025-10-18T16:00:00Z,0.8075278075896648,15.022
2025-10-18T16:15:00Z,0.8201678754193509,15.03
2025-10-18T16:30:00Z,0.8208240433983534,15.039
2025-10-18T16:45:00Z,0.8185274554718376,15.047
2025-10-18T17:00:00Z,0.8198397914298425,15.057
2025-10-18T17:15:00Z,0.817543203503341,15.068
2025-10-18T17:30:00Z,0.8191836234508401,15.078
2025-10-18T17:45:00Z,0.8244329672828599,15.085
2025-10-18T18:00:00Z,0.8332912349994004,15.096
2025-10-18T18:15:00Z,0.8349316549468995,15.103
2025-10-18T18:30:00Z,0.8418214187264326,15.113
2025-10-18T18:45:00Z,0.8431337546844375,15.122
2025-10-18T19:00:00Z,0.8301656028652573,15.133
2025-10-18T19:15:00Z,0.822446794878104,15.143
2025-10-18T19:30:00Z,0.8244152988151043,15.151
2025-10-18T19:45:00Z,0.8257276347731093,15.16
2025-10-18T20:00:00Z,0.8332735665316449,15.169
2025-10-18T20:15:00Z,0.8235862546074841,15.176
2025-10-18T20:30:00Z,0.827523262481499,15.182
2025-10-18T20:45:00Z,0.8294917664185064,15.185
2025-10-18T21:00:00Z,0.8288355984395039,15.19
2025-10-18T21:15:00Z,0.8158674466203237,15.192
2025-10-18T21:30:00Z,0.8142270266728104,15.197
2025-10-18T21:45:00Z,0.8155393626308225,15.2
2025-10-18T22:00:00Z,0.8112742707672993,15.198
2025-10-18T22:15:00Z,0.8129146907148126,15.198
2025-10-18T22:30:00Z,0.8152112786413213,15.197
2025-10-18T22:45:00Z,0.8116023547568005,15.193
2025-10-18T23:00:00Z,0.8125866067253114,15.189
2025-10-18T23:15:00Z,0.8102900187988027,15.183
2025-10-18T23:30:00Z,0.8070091789037832,15.177
2025-10-18T23:45:00Z,0.8037283390087708,15.167
2025-10-19T00:00:00Z,0.8007755831032597,15.156
2025-10-19T00:15:00Z,0.8130875669434374,15.147
2025-10-19T00:30:00Z,0.8150560708804448,15.138
2025-10-19T00:45:00Z,0.8160403228489557,15.124
2025-10-19T01:00:00Z,0.8183369107754572,15.112
2025-10-19T01:15:00Z,0.8130875669434374,15.098
2025-10-19T01:30:00Z,0.8104628950274275,15.084
2025-10-19T01:45:00Z,0.8078382231114176,15.071
2025-10-19T02:00:00Z,0.805541635184909,15.058
2025-10-19T02:15:00Z,0.805541635184909,15.043
2025-10-19T02:30:00Z,0.8065258871534127,15.03
2025-10-19T02:45:00Z,0.8145727791300672,15.02
2025-10-19T03:00:00Z,0.8106357712560524,15.007
2025-10-19T03:15:00Z,0.8099796032770499,14.994
2025-10-19T03:30:00Z,0.8086672673190449,14.984
2025-10-19T03:45:00Z,0.8112919392350548,14.978
2025-10-19T04:00:00Z,0.8119481072140573,14.969
2025-10-19T04:15:00Z,0.8175255350355783,14.959
2025-10-19T04:30:00Z,0.8221187108885957,14.949
2025-10-19T04:45:00Z,0.8234310468466006,14.944
2025-10-19T05:00:00Z,0.8257276347731093,14.936
2025-10-19T05:15:00Z,0.8260557187626105,14.928
2025-10-19T05:30:00Z,0.818008826785956,14.919
2025-10-19T05:45:00Z,0.8229300866284746,14.907
2025-10-19T06:00:00Z,0.827523262481499,14.897
2025-10-19T06:15:00Z,0.8314602703555138,14.882
2025-10-19T06:30:00Z,0.8357253622190299,14.87
2025-10-19T06:45:00Z,0.828662722210872,14.861
2025-10-19T07:00:00Z,0.8329278140743881,14.851
2025-10-19T07:15:00Z,0.8271775100242351,14.84
2025-10-19T07:30:00Z,0.8307864339087487,14.839
2025-10-19T07:45:00Z,0.8233957099111038,14.834
2025-10-19T08:00:00Z,0.8302854736906298,14.833
2025-10-19T08:15:00Z,0.8312697256591335,14.831
2025-10-19T08:30:00Z,0.8274879255459808,14.831
2025-10-19T08:45:00Z,0.8261755895879759,14.831
2025-10-19T09:00:00Z,0.8200972015483359,14.833
2025-10-19T09:15:00Z,0.823049957453847,14.833
2025-10-19T09:30:00Z,0.8084413856871606,14.836
2025-10-19T09:45:00Z,0.8068009657396473,14.836
2025-10-19T10:00:00Z,0.8045043778131387,14.841
2025-10-19T10:15:00Z,0.7989269499916176,14.845
2025-10-19T10:30:00Z,0.7995831179706201,14.846
2025-10-19T10:45:00Z,0.7995831179706201,14.849
2025-10-19T11:00:00Z,0.7976146140336127,14.851
2025-10-19T11:15:00Z,0.80336491808377275,14.854
2025-10-19T11:30:00Z,0.7964751543042397,14.855
2025-10-19T11:45:00Z,0.7869607186087109,14.859
2025-10-19T12:00:00Z,0.7813832907871827,14.864
2025-10-19T12:15:00Z,0.7868055108478202,14.869
2025-10-19T12:30:00Z,0.7831965869633066,14.877
2025-10-19T12:45:00Z,0.7922277309084791,14.883
2025-10-19T13:00:00Z,0.8006027068746278,14.893
2025-10-19T13:15:00Z,0.795353363042608,14.901
2025-10-19T13:30:00Z,0.8053687589562841,14.908
2025-10-19T13:45:00Z,0.8004474991137585,14.92
2025-10-19T14:00:00Z,0.8027440870402671,14.93
2025-10-19T14:15:00Z,0.8104628950274275,14.939
2025-10-19T14:30:00Z,0.8094786430589238,14.949
2025-10-19T14:45:00Z,0.8075101391219164,14.958
2025-10-19T15:00:00Z,0.8048854672059065,14.968
2025-10-19T15:15:00Z,0.8039012152374028,14.976
2025-10-19T15:30:00Z,0.8016046273108941,14.985
2025-10-19T15:45:00Z,0.8093234352980474,14.994
2025-10-19T16:00:00Z,0.8086672673190449,15.003
2025-10-19T16:15:00Z,0.8057145114135338,15.014
2025-10-19T16:30:00Z,0.806042595403035,15.023
2025-10-19T16:45:00Z,0.8040740914660205,15.033
2025-10-19T17:00:00Z,0.8094963115266793,15.04
2025-10-19T17:15:00Z,0.811792899453188,15.052
2025-10-19T17:30:00Z,0.8150737393482004,15.061
2025-10-19T17:45:00Z,0.817370327274709,15.069
2025-10-19T18:00:00Z,0.8183545792432056,15.078
2025-10-19T18:15:00Z,0.8236039230752255,15.092
2025-10-19T18:30:00Z,0.8298375188757561,15.105
2025-10-19T18:45:00Z,0.8344306947287734,15.112
2025-10-19T19:00:00Z,0.8357430306867784,15.118
2025-10-19T19:15:00Z,0.8303208106261337,15.128
2025-10-19T19:30:00Z,0.8316331465841316,15.131
2025-10-19T19:45:00Z,0.834913986479151,15.14
2025-10-19T20:00:00Z,0.8196492467334622,15.144
2025-10-19T20:15:00Z,0.8209615826914671,15.152
2025-10-19T20:30:00Z,0.8239143385969854,15.155
2025-10-19T20:45:00Z,0.8158674466203237,15.162
2025-10-19T21:00:00Z,0.8304760183870101,15.164
2025-10-19T21:15:00Z,0.8324445223240176,15.165
2025-10-19T21:30:00Z,0.8257099663053609,15.164
2025-10-19T21:45:00Z,0.827350386252867,15.167
2025-10-19T22:00:00Z,0.8280065542318695,15.163
2025-10-19T22:15:00Z,0.8263661342843633,15.161
2025-10-19T22:30:00Z,0.817334990339198,15.158
2025-10-19T22:45:00Z,0.817334990339198,15.156
2025-10-19T23:00:00Z,0.8140541504441856,15.151
2025-10-19T23:15:00Z,0.8120856465071782,15.148
2025-10-19T23:30:00Z,0.8094609745911683,15.148
2025-10-19T23:45:00Z,0.8061801346961559,15.141
2025-10-20T00:00:00Z,0.8019150428326398,15.139
2025-10-20T00:15:00Z,0.8012588748536373,15.133
2025-10-20T00:30:00Z,0.81488319465182,15.131
2025-10-20T00:45:00Z,0.8155393626308225,15.125
2025-10-20T01:00:00Z,0.8314602703555138,15.12
2025-10-20T01:15:00Z,0.8201325384838398,15.115
2025-10-20T01:30:00Z,0.8175078665678299,15.108
2025-10-20T01:45:00Z,0.8184921185363336,15.1
2025-10-20T02:00:00Z,0.8119304387463018,15.094
2025-10-20T02:15:00Z,0.8063530109247807,15.081
2025-10-20T02:30:00Z,0.8093057668302919,15.073
2025-10-20T02:45:00Z,0.8086495988512894,15.065
2025-10-20T03:00:00Z,0.821945834659978,15.054
2025-10-20T03:15:00Z,0.8209615826914671,15.045
2025-10-20T03:30:00Z,0.8226020026389733,15.035
2025-10-20T03:45:00Z,0.8258828425339857,15.026
2025-10-20T04:00:00Z,0.8184921185363336,15.015
2025-10-20T04:15:00Z,0.8317883543450151,15.003
2025-10-20T04:30:00Z,0.8276784702423683,14.995
2025-10-20T04:45:00Z,0.8316154781163831,14.983
2025-10-20T05:00:00Z,0.8394894938644129,14.972
2025-10-20T05:15:00Z,0.8404737458329237,14.962
2025-10-20T05:30:00Z,0.8304583499192475,14.951
2025-10-20T05:45:00Z,0.8324268538562549,14.941
2025-10-20T06:00:00Z,0.8227395419321013,14.929
2025-10-20T06:15:00Z,0.8217552899635905,14.916
2025-10-20T06:30:00Z,0.8270046337956174,14.905
2025-10-20T06:45:00Z,0.8283169697536223,14.894
2025-10-20T07:00:00Z,0.8288002615039858,14.885
2025-10-20T07:15:00Z,0.8353619412940105,14.877
2025-10-20T07:30:00Z,0.8409393691155387,14.871
2025-10-20T07:45:00Z,0.8461887129475585,14.867
2025-10-20T08:00:00Z,0.8387979889499135,14.865
2025-10-20T08:15:00Z,0.8277983410677336,14.868
2025-10-20T08:30:00Z,0.8317353489417485,14.87
2025-10-20T08:45:00Z,0.8227042049965902,14.876
2025-10-20T09:00:00Z,0.8276254648391088,14.879
2025-10-20T09:15:00Z,0.8282816328181113,14.885
2025-10-20T09:30:00Z,0.8140011450409261,14.882
2025-10-20T09:45:00Z,0.8120326411039187,14.885
2025-10-20T10:00:00Z,0.8064552132823977,14.885
2025-10-20T10:15:00Z,0.8025182054083828,14.886
2025-10-20T10:30:00Z,0.7989092815238692,14.89
2025-10-20T10:45:00Z,0.7979250295553655,14.892
2025-10-20T11:00:00Z,0.7949722736498472,14.894
2025-10-20T11:15:00Z,0.8033472496160101,14.896
2025-10-20T11:30:00Z,0.800394493710499,14.901
2025-10-20T11:45:00Z,0.7948170658889779,14.905
2025-10-20T12:00:00Z,0.7936776061595978,14.909
2025-10-20T12:15:00Z,0.7864597583905706,14.914
2025-10-20T12:30:00Z,0.7808823305690495,14.921
2025-10-20T12:45:00Z,0.7882730545667087,14.927
2025-10-20T13:00:00Z,0.8005850384068722,14.934
2025-10-20T13:15:00Z,0.8069915104360419,14.94
2025-10-20T13:30:00Z,0.8037106705410224,14.948
2025-10-20T13:45:00Z,0.8176630743286992,14.956
2025-10-20T14:00:00Z,0.8150384024126893,14.963
2025-10-20T14:15:00Z,0.8133979824651831,14.968
2025-10-20T14:30:00Z,0.8156945703916918,14.976
2025-10-20T14:45:00Z,0.8170069063496967,14.983
2025-10-20T15:00:00Z,0.828662722210872,14.99
2025-10-20T15:15:00Z,0.8260380502948621,14.997
2025-10-20T15:30:00Z,0.8270223022633658,15.004
2025-10-20T15:45:00Z,0.8107733105491732,15.01
2025-10-20T16:00:00Z,0.811757562517677,15.016
2025-10-20T16:15:00Z,0.8243976303473559,15.026
2025-10-20T16:30:00Z,0.827350386252867,15.029
2025-10-20T16:45:00Z,0.8250537983263584,15.036
2025-10-20T17:00:00Z,0.8280065542318695,15.043
2025-10-20T17:15:00Z,0.8296469741793828,15.046
2025-10-20T17:30:00Z,0.8312873941268819,15.053
2025-10-20T17:45:00Z,0.8345682340218943,15.058
2025-10-20T18:00:00Z,0.8348963180114026,15.064
2025-10-20T18:15:00Z,0.824224754118724,15.071
2025-10-20T18:30:00Z,0.8311145178982571,15.078
2025-10-20T18:45:00Z,0.8353796097617661,15.084
2025-10-20T19:00:00Z,0.8425974575308004,15.089
2025-10-20T19:15:00Z,0.846206381415314,15.096
2025-10-20T19:30:00Z,0.8342224815646446,15.1
2025-10-20T19:45:00Z,0.8352067335331483,15.108
2025-10-20T20:00:00Z,0.8281440935249833,15.114
2025-10-20T20:15:00Z,0.8288002615039858,15.122
2025-10-20T20:30:00Z,0.8297845134724895,15.128
2025-10-20T20:45:00Z,0.8284721775144916,15.134
2025-10-20T21:00:00Z,0.8214095375063408,15.14
2025-10-20T21:15:00Z,0.8240342094223507,15.144
2025-10-20T21:30:00Z,0.8299397212333801,15.151
2025-10-20T21:45:00Z,0.8322363091598888,15.154
2025-10-20T22:00:00Z,0.8361733170339036,15.158
2025-10-20T22:15:00Z,0.8378137369814098,15.16
2025-10-20T22:30:00Z,0.8297668450047411,15.16
2025-10-20T22:45:00Z,0.8291106770257386,15.157
2025-10-20T23:00:00Z,0.8218928292567114,15.158
2025-10-20T23:15:00Z,0.8169715694141857,15.156
2025-10-20T23:30:00Z,0.8049876695635234,15.152
2025-10-20T23:45:00Z,0.801706829668511,15.149
2025-10-21T00:00:00Z,0.8100818056346597,15.144
2025-10-21T00:15:00Z,0.8133626455296792,15.139
2025-10-21T00:30:00Z,0.8332205611283925,15.136
2025-10-21T00:45:00Z,0.8345328970863974,15.125
2025-10-21T01:00:00Z,0.8387979889499135,15.117
2025-10-21T01:15:00Z,0.8335486451178937,15.112
2025-10-21T01:30:00Z,0.8182839053721978,15.107
2025-10-21T01:45:00Z,0.8140188135086817,15.106
2025-10-21T02:00:00Z,0.799082157752494,15.105
2025-10-21T02:15:00Z,0.8074571337186498,15.102
2025-10-21T02:30:00Z,0.8074571337186498,15.1
2025-10-21T02:45:00Z,0.8151759417058173,15.101
2025-10-21T03:00:00Z,0.8128793537793086,15.102
2025-10-21T03:15:00Z,0.8095985138842963,15.102
2025-10-21T03:30:00Z,0.8089423459052938,15.105
2025-10-21T03:45:00Z,0.8089423459052938,15.106
2025-10-21T04:00:00Z,0.8209262457559561,15.108
2025-10-21T04:15:00Z,0.8232228336824647,15.11
2025-10-21T04:30:00Z,0.8278160095354821,15.11
2025-10-21T04:45:00Z,0.8278160095354821,15.114
2025-10-21T05:00:00Z,0.8281440935249833,15.113
2025-10-21T05:15:00Z,0.8288002615039858,15.115
2025-10-21T05:30:00Z,0.8171444456428318,15.117
2025-10-21T05:45:00Z,0.8155040256953185,15.119
2025-10-21T06:00:00Z,0.8138636057478124,15.12
2025-10-21T06:15:00Z,0.8118951018108049,15.123
2025-10-21T06:30:00Z,0.8164882776638223,15.123
2025-10-21T06:45:00Z,0.8155040256953185,15.125
2025-10-21T07:00:00Z,0.8314249334199957,15.126
2025-10-21T07:15:00Z,0.8343776893255068,15.13
2025-10-21T07:30:00Z,0.8273150493173702,15.129
2025-10-21T07:45:00Z,0.8299397212333801,15.131
2025-10-21T08:00:00Z,0.831252057191378,15.132
2025-10-21T08:15:00Z,0.8355171490549012,15.133
2025-10-21T08:30:00Z,0.8297668450047411,15.134
2025-10-21T08:45:00Z,0.8373127767632695,15.138
2025-10-21T09:00:00Z,0.8333757688892547,15.136
2025-10-21T09:15:00Z,0.8291106770257386,15.139
2025-10-21T09:30:00Z,0.8207357010595828,15.142
2025-10-21T09:45:00Z,0.8204076170700816,15.144
2025-10-21T10:00:00Z,0.8161425252065655,15.145
2025-10-21T10:15:00Z,0.814174021269551,15.148
2025-10-21T10:30:00Z,0.8151582732380618,15.149
2025-10-21T10:45:00Z,0.8138459372800568,15.152
2025-10-21T11:00:00Z,0.8082685094585358,15.157
2025-10-21T11:15:00Z,0.8120503095716671,15.16
2025-10-21T11:30:00Z,0.8038482098341362,15.16
2025-10-21T11:45:00Z,0.7992550339811189,15.166
2025-10-21T12:00:00Z,0.7877720943485684,15.168
2025-10-21T12:00:00Z,0.7877720943485684,15.168
2025-10-21T12:15:00Z,0.7931943144092273,15.175
2025-10-21T12:30:00Z,0.8012412063858818,15.178
2025-10-21T12:45:00Z,0.7953356945748524,15.182
2025-10-21T13:00:00Z,0.7961647387824939,15.188
2025-10-21T13:15:00Z,0.8065082186856571,15.191
2025-10-21T13:30:00Z,0.7933848591056076,15.197
2025-10-21T13:45:00Z,0.8004474991137585,15.203
2025-10-21T14:00:00Z,0.7974947432082473,15.207
2025-10-21T14:15:00Z,0.8052135511954077,15.213
2025-10-21T14:30:00Z,0.8162131990775734,15.22
2025-10-21T14:45:00Z,0.814244695140566,15.226
2025-10-21T15:00:00Z,0.8139166111510647,15.229
2025-10-21T15:15:00Z,0.824260091054235,15.236
2025-10-21T15:30:00Z,0.8209792511592156,15.243
2025-10-21T15:45:00Z,0.8196669152012177,15.249
2025-10-21T16:00:00Z,0.8111367314741855,15.256
2025-10-21T16:15:00Z,0.8071997236001636,15.261
2025-10-21T16:30:00Z,0.8108086474846772,15.269
2025-10-21T16:45:00Z,0.8129500276503165,15.274
2025-10-21T17:00:00Z,0.8250891352618694,15.282
2025-10-21T17:15:00Z,0.8267295552093685,15.286
2025-10-21T17:30:00Z,0.8145904475978227,15.293
2025-10-21T17:45:00Z,0.8260733872303732,15.298
2025-10-21T18:00:00Z,0.8306665630833905,15.307
2025-10-21T18:15:00Z,0.8465874708080818,15.312
2025-10-21T18:30:00Z,0.8462593868185735,15.318
2025-10-21T18:45:00Z,0.8444460906424425,15.326
2025-10-21T19:00:00Z,0.8490392664954598,15.331
2025-10-21T19:15:00Z,0.8357430306867784,15.338
2025-10-21T19:30:00Z,0.8390238705817978,15.349
2025-10-21T19:45:00Z,0.8247433828046056,15.36
2025-10-21T20:00:00Z,0.822446794878104,15.367
2025-10-21T20:15:00Z,0.8247433828046056,15.378
2025-10-21T20:30:00Z,0.8247433828046056,15.386
2025-10-21T20:45:00Z,0.8276961387101238,15.394
2025-10-21T21:00:00Z,0.8270399707311142,15.401
2025-10-21T21:15:00Z,0.8326173985526424,15.408
2025-10-21T21:30:00Z,0.8372105744056526,15.413
2025-10-21T21:45:00Z,0.8352420704686523,15.42
2025-10-21T22:00:00Z,0.8401633303111709,15.425
2025-10-21T22:15:00Z,0.8229300866284746,15.427
2025-10-21T22:30:00Z,0.8278513464710002,15.43
2025-10-21T22:45:00Z,0.8252266745549832,15.433
2025-10-21T23:00:00Z,0.8226020026389733,15.434
2025-10-21T23:15:00Z,0.8314602703555138,15.435
2025-10-21T23:30:00Z,0.8298198504080077,15.439
2025-10-21T23:45:00Z,0.83310069030302,15.441
2025-10-22T00:00:00Z,0.8271951784919978,15.441
2025-10-22T00:15:00Z,0.827523262481499,15.442
2025-10-22T00:30:00Z,0.8281794304604944,15.443
2025-10-22T00:45:00Z,0.816195530609825,15.443
2025-10-22T01:00:00Z,0.8252266745549832,15.444
2025-10-22T01:15:00Z,0.8288355984395039,15.445
2025-10-22T01:30:00Z,0.8199773307229634,15.443
2025-10-22T01:45:00Z,0.8212896666809755,15.443
2025-10-22T02:00:00Z,0.8226020026389733,15.442
2025-10-22T02:15:00Z,0.8134156509329387,15.441
2025-10-22T02:30:00Z,0.8130875669434374,15.438
2025-10-22T02:45:00Z,0.8088224750799213,15.438
2025-10-22T03:00:00Z,0.8127594829539362,15.437
2025-10-22T03:15:00Z,0.8199773307229634,15.435
2025-10-22T03:30:00Z,0.843116086216682,15.432
2025-10-22T03:45:00Z,0.8603493298993783,15.43
2025-10-22T04:00:00Z,0.8523024379227238,15.427
2025-10-22T04:15:00Z,0.8457407581326919,15.425
2025-10-22T04:30:00Z,0.8334287742925213,15.421
2025-10-22T04:45:00Z,0.8234133783788522,15.419
2025-10-22T05:00:00Z,0.8352244020009039,15.416
2025-10-22T05:15:00Z,0.8444107537069314,15.411
2025-10-22T05:30:00Z,0.8480196775914521,15.404
2025-10-22T05:45:00Z,0.8473635096124497,15.396
2025-10-22T06:00:00Z,0.8386604496567855,15.385
2025-10-22T06:15:00Z,0.8455502134363115,15.375
2025-10-22T06:30:00Z,0.8401279933756669,15.363
2025-10-22T06:45:00Z,0.8463615891761904,15.35
2025-10-22T07:00:00Z,0.8397999093861728,15.341
2025-10-22T07:15:00Z,0.8440650012496818,15.331
2025-10-22T07:30:00Z,0.83864278118903,15.321
2025-10-22T07:45:00Z,0.8384699049604123,15.314
2025-10-22T08:00:00Z,0.839454156928916,15.309
2025-10-22T08:15:00Z,0.8391260729394148,15.307
2025-10-22T08:30:00Z,0.8486405086349507,15.307
2025-10-22T08:45:00Z,0.8399374486792794,15.307
2025-10-22T09:00:00Z,0.8412497846372915,15.315
2025-10-22T09:15:00Z,0.8402655326687807,15.32
2025-10-22T09:30:00Z,0.823688456965094,15.325
2025-10-22T09:45:00Z,0.8417330763876691,15.524
2025-10-22T10:00:00Z,0.8459981682511852,15.385
2025-10-22T10:15:00Z,0.8433734963351753,15.361
2025-10-22T10:30:00Z,0.8341871446291336,15.351
2025-10-22T10:45:00Z,0.8325467246816345,15.348
2025-10-22T11:00:00Z,0.8299220527656246,15.344
2025-10-22T11:15:00Z,0.8282816328181113,15.341
2025-10-22T11:30:00Z,0.8353442728262621,15.341
2025-10-22T11:45:00Z,0.8327196009102522,15.343
2025-10-22T12:00:00Z,0.839454156928916,15.346
2025-10-22T12:15:00Z,0.8335486451178937,15.347
2025-10-22T12:30:00Z,0.8263307973488594,15.35
2025-10-22T12:45:00Z,0.8261755895879759,15.353
2025-10-22T13:00:00Z,0.8176454058609437,15.357
2025-10-22T13:15:00Z,0.8100994741024081,15.359
2025-10-22T13:30:00Z,0.8171621141105803,15.364
2025-10-22T13:45:00Z,0.8232405021502203,15.366
2025-10-22T14:00:00Z,0.8309593101373807,15.369
2025-10-22T14:15:00Z,0.8293188901898745,15.373
2025-10-22T14:30:00Z,0.8393342861035435,15.378
2025-10-22T14:45:00Z,0.8337568582820225,15.381
2025-10-22T15:00:00Z,0.8447565061641882,15.383
2025-10-22T15:15:00Z,0.8391790783426671,15.39
2025-10-22T15:30:00Z,0.8345859024896427,15.395
2025-10-22T15:45:00Z,0.8270399707311142,15.399
2025-10-22T16:00:00Z,0.8286803906786204,15.404
2025-10-22T16:15:00Z,0.8442732144138176,15.409
2025-10-22T16:30:00Z,0.8403362065397957,15.411
2025-10-22T16:45:00Z,0.8500235184639706,15.418
2025-10-22T17:00:00Z,0.8483830985164573,15.425
2025-10-22T17:15:00Z,0.8403362065397957,15.427
2025-10-22T17:30:00Z,0.8565851982539883,15.432
2025-10-22T17:45:00Z,0.8449293823928201,15.439
2025-10-22T18:00:00Z,0.8465698023403263,15.445
2025-10-22T18:15:00Z,0.8560842380358622,15.449
2025-10-22T18:30:00Z,0.854443818088356,15.454
2025-10-22T18:45:00Z,0.8587089099518721,15.459
2025-10-22T19:00:00Z,0.8596931619203758,15.463
2025-10-22T19:15:00Z,0.8506620179752105,15.467
2025-10-22T19:30:00Z,0.8450845901536894,15.472
2025-10-22T19:45:00Z,0.8490215980277043,15.477
2025-10-22T20:00:00Z,0.8478644698305757,15.479
2025-10-22T20:15:00Z,0.8511453097255952,15.483
2025-10-22T20:30:00Z,0.8644415455342624,15.49
2025-10-22T20:45:00Z,0.8752683171878104,15.491
2025-10-22T21:00:00Z,0.8711584330851707,15.495
2025-10-22T21:15:00Z,0.8724707690431757,15.5
2025-10-22T21:30:00Z,0.8627834571190078,15.502
2025-10-22T21:45:00Z,0.8514557252473338,15.504
2025-10-22T22:00:00Z,0.8411122453441706,15.512
2025-10-22T22:15:00Z,0.8424245813021827,15.52
2025-10-22T22:30:00Z,0.8473458411447012,15.528
2025-10-22T22:45:00Z,0.844393085239183,15.537
2025-10-22T23:00:00Z,0.844393085239183,15.54
2025-10-22T23:15:00Z,0.8460335051866892,15.543
2025-10-22T23:30:00Z,0.8434088332706793,15.539
2025-10-22T23:45:00Z,0.8434088332706793,15.533
2025-10-23T00:00:00Z,0.8447211692286913,15.526
2025-10-23T00:15:00Z,0.8450492532181926,15.519
2025-10-23T00:30:00Z,0.8342224815646446,15.512
2025-10-23T00:45:00Z,0.8224114579426001,15.499
2025-10-23T01:00:00Z,0.8151936101735728,15.485
2025-10-23T01:15:00Z,0.8207710379950939,15.473
2025-10-23T01:30:00Z,0.8330830218352574,15.459
2025-10-23T01:45:00Z,0.8535971054129732,15.441
2025-10-23T02:00:00Z,0.8572060292974868,15.427
2025-10-23T02:15:00Z,0.857534113286988,15.412
2025-10-23T02:30:00Z,0.8572060292974868,15.398
2025-10-23T02:45:00Z,0.8507995572683313,15.377
2025-10-23T03:00:00Z,0.8491591373208252,15.362
2025-10-23T03:15:00Z,0.8491591373208252,15.352
2025-10-23T03:30:00Z,0.8452221294468103,15.344
2025-10-23T03:45:00Z,0.846206381415314,15.331
2025-10-23T04:00:00Z,0.8429255415203016,15.322
2025-10-23T04:15:00Z,0.8432536255098029,15.309
2025-10-23T04:30:00Z,0.8481748853523214,15.296
2025-10-23T04:45:00Z,0.8557208171108499,15.282
2025-10-23T05:00:00Z,0.8507995572683313,15.268
2025-10-23T05:15:00Z,0.8660642970140202,15.253
2025-10-23T05:30:00Z,0.8606420769533685,15.238
2025-10-23T05:45:00Z,0.8499705130607111,15.224
2025-10-23T06:00:00Z,0.8502985970502124,15.213
2025-10-23T06:15:00Z,0.8555479408822322,15.201
2025-10-23T06:30:00Z,0.8617815366827557,15.192
2025-10-23T06:45:00Z,0.8657185445567706,15.185
2025-10-23T07:00:00Z,0.8616086604541167,15.176
2025-10-23T07:15:00Z,0.864889500349129,15.172
2025-10-23T07:30:00Z,0.8542179364564717,15.17
2025-10-23T07:45:00Z,0.8611077002359977,15.174
2025-10-23T08:00:00Z,0.8657008760890221,15.178
2025-10-23T08:15:00Z,0.861262907996867,15.187
2025-10-23T08:30:00Z,0.8665122518288868,15.194
2025-10-23T08:45:00Z,0.8571530238942273,15.208
2025-10-23T09:00:00Z,0.862074283736753,15.223
2025-10-23T09:15:00Z,0.8514027198440743,15.239
2025-10-23T09:30:00Z,0.850746551865079,15.251
2025-10-23T09:45:00Z,0.8471376279805582,15.263
2025-10-23T10:00:00Z,0.8338413921718839,15.275
2025-10-23T10:15:00Z,0.832529056213879,15.287
2025-10-23T10:30:00Z,0.831216720255874,15.296
2025-10-23T10:45:00Z,0.8331852241928814,15.309
2025-10-23T11:00:00Z,0.8405759481905335,15.318
2025-10-23T11:15:00Z,0.8418882841485384,15.326
2025-10-23T11:30:00Z,0.8320457644635013,15.335
2025-10-23T11:45:00Z,0.820562824830958,15.339
2025-10-23T12:00:00Z,0.8146573130199286,15.345
2025-10-23T12:15:00Z,0.8087518012089063,15.351
2025-10-23T12:30:00Z,0.8128616853115531,15.356
2025-10-23T12:45:00Z,0.8163154014351903,15.359
2025-10-23T13:00:00Z,0.8250184613908615,15.363
2025-10-23T13:15:00Z,0.8214095375063408,15.365
2025-10-23T13:30:00Z,0.8265036735774771,15.37
2025-10-23T13:45:00Z,0.8219104977244598,15.373
2025-10-23T14:00:00Z,0.8183015738399462,15.378
2025-10-23T14:15:00Z,0.8273327177851186,15.383
2025-10-23T14:30:00Z,0.8214272059740892,15.387
2025-10-23T14:45:00Z,0.8275055940137364,15.391
2025-10-23T15:00:00Z,0.8238966701292298,15.395
2025-10-23T15:15:00Z,0.8199596622552079,15.398
2025-10-23T15:30:00Z,0.828662722210872,15.403
2025-10-23T15:45:00Z,0.8227572103998497,15.408
2025-10-23T16:00:00Z,0.8311321863660126,15.412
2025-10-23T16:15:00Z,0.8271951784919978,15.42
2025-10-23T16:30:00Z,0.8226020026389733,15.422
2025-10-23T16:45:00Z,0.8176807427964548,15.43
2025-10-23T17:00:00Z,0.8257276347731093,15.434
2025-10-23T17:15:00Z,0.8250714667941139,15.439
2025-10-23T17:30:00Z,0.8280242226996251,15.446
2025-10-23T17:45:00Z,0.8406642905292969,15.449
2025-10-23T18:00:00Z,0.8406642905292969,15.456
2025-10-23T18:15:00Z,0.8409923745187982,15.462
2025-10-23T18:30:00Z,0.8439451304243164,15.465
2025-10-23T18:45:00Z,0.8383677026027883,15.469
2025-10-23T19:00:00Z,0.8416485424978077,15.473
2025-10-23T19:15:00Z,NA,15.477
2025-10-23T19:30:00Z,0.836226322437156,15.482
2025-10-23T19:45:00Z,0.8478821382983242,15.484
2025-10-23T20:00:00Z,0.8508348942038353,15.488
2025-10-23T20:15:00Z,0.8395071623321613,15.493
2025-10-23T20:30:00Z,0.8385229103636647,15.494
2025-10-23T20:45:00Z,0.8378667423846622,15.497
2025-10-23T21:00:00Z,0.8434441702061832,15.499
2025-10-23T21:15:00Z,0.8372105744056526,15.498
2025-10-23T21:30:00Z,0.8391790783426671,15.496
2025-10-23T21:45:00Z,0.8352420704686523,15.488
2025-10-23T22:00:00Z,0.8401633303111709,15.479
2025-10-23T22:15:00Z,0.8388509943531659,15.471
2025-10-23T22:30:00Z,0.8395071623321613,15.463
2025-10-23T22:45:00Z,0.8408194982901733,15.452
2025-10-23T23:00:00Z,0.8239143385969854,15.438
2025-10-23T23:15:00Z,0.832289314563134,15.425
2025-10-23T23:30:00Z,0.8263838027521118,15.41
2025-10-23T23:45:00Z,0.8276961387101238,15.389
2025-10-24T00:00:00Z,0.8257276347731093,15.373
2025-10-24T00:15:00Z,0.8263838027521118,15.359
2025-10-24T00:30:00Z,0.8367272826552821,15.337
2025-10-24T00:45:00Z,0.8400081225502944,15.317
2025-10-24T01:00:00Z,0.8452574663823142,15.303
2025-10-24T01:15:00Z,0.8436170464348081,15.292
2025-10-24T01:30:00Z,0.8413204585083065,15.28
2025-10-24T01:45:00Z,0.8336016505211461,15.266
2025-10-24T02:00:00Z,0.8326173985526424,15.251
2025-10-24T02:15:00Z,0.8316331465841316,15.237
2025-10-24T02:30:00Z,0.8276961387101238,15.225
2025-10-24T02:45:00Z,0.8280242226996251,15.214
2025-10-24T03:00:00Z,0.8263838027521118,15.202
2025-10-24T03:15:00Z,0.8283523066891192,15.19
2025-10-24T03:30:00Z,0.8299927266366325,15.175
2025-10-24T03:45:00Z,0.8293365586576229,15.164
2025-10-24T04:00:00Z,0.8452574663823142,15.155
2025-10-24T04:15:00Z,0.8446012984033189,15.146
2025-10-24T04:30:00Z,0.8385229103636647,15.131
2025-10-24T04:45:00Z,0.8401633303111709,15.118
2025-10-24T05:00:00Z,0.8434441702061832,15.1
2025-10-24T05:15:00Z,0.8434441702061832,15.092
2025-10-24T05:30:00Z,0.8327726063135188,15.074
2025-10-24T05:45:00Z,0.8301479343975089,15.057
2025-10-24T06:00:00Z,0.8298198504080077,15.038
2025-10-24T06:15:00Z,0.8327726063135188,15.023
2025-10-24T06:30:00Z,0.8376938661560374,15.011
2025-10-24T06:45:00Z,0.8422870420090547,14.995
2025-10-24T07:00:00Z,0.8475363858410745,14.986
2025-10-24T07:15:00Z,0.8557384855786054,14.975
2025-10-24T07:30:00Z,0.8499881815284596,14.968
2025-10-24T07:45:00Z,0.8562217773289831,14.967
2025-10-24T08:00:00Z,0.8624553731295137,14.971
2025-10-24T08:15:00Z,0.8550646491318474,14.979
2025-10-24T08:30:00Z,0.8496424290712099,14.984
2025-10-24T08:45:00Z,0.8502985970502124,14.992
2025-10-24T09:00:00Z,0.8509547650292077,15.002
2025-10-24T09:15:00Z,0.8402832011365291,15.009
2025-10-24T09:30:00Z,0.8415955370945412,15.013
2025-10-24T09:45:00Z,0.8415955370945412,15.021
2025-10-24T10:00:00Z,0.8465167969370597,15.026
2025-10-24T10:15:00Z,0.8484853008740671,15.034
2025-10-24T10:30:00Z,0.8501257208215733,15.043
2025-10-24T10:45:00Z,0.8507818888005758,15.05
2025-10-24T11:00:00Z,0.8501257208215733,15.058
2025-10-24T11:15:00Z,0.8332205611283925,15.065
2025-10-24T11:30:00Z,0.8286273852753681,15.072
2025-10-24T11:45:00Z,0.8263307973488594,15.076
2025-10-24T12:00:00Z,0.8158321096848198,15.082
2025-10-24T12:15:00Z,0.8199419937874524,15.086
2025-10-24T12:30:00Z,0.812724146018418,15.092
2025-10-24T12:45:00Z,0.818146366079084,15.098
2025-10-24T13:00:00Z,0.8209439142237187,15.104
2025-10-24T13:15:00Z,0.8140541504441856,15.109
2025-10-24T13:30:00Z,0.8184921185363336,15.113
2025-10-24T13:45:00Z,0.8252266745549832,15.117
2025-10-24T14:00:00Z,0.8166964908279581,15.125
2025-10-24T14:15:00Z,0.822446794878104,15.13
2025-10-24T14:30:00Z,0.8109638552455536,15.136
2025-10-24T14:45:00Z,0.8229477550962301,15.144
2025-10-24T15:00:00Z,0.8249162590332375,15.149
2025-10-24T15:15:00Z,0.8378844108524177,15.157
2025-10-24T15:30:00Z,0.8475717227765855,15.163
2025-10-24T15:45:00Z,0.8446189668710744,15.169
2025-10-24T16:00:00Z,0.842650462934067,15.176
2025-10-24T16:15:00Z,0.838713455060045,15.181
2025-10-24T16:30:00Z,0.8324798592595215,15.188
2025-10-24T16:45:00Z,0.8255900954799955,15.194
2025-10-24T17:00:00Z,0.8275585994170029,15.199
2025-10-24T17:15:00Z,0.826246263458998,15.203
2025-10-24T17:30:00Z,0.8444637591101909,15.208
2025-10-24T17:45:00Z,0.8503692709212203,15.214
2025-10-24T18:00:00Z,0.8500411869317119,15.22
2025-10-24T18:15:00Z,0.8470884310262008,15.225
2025-10-24T18:30:00Z,0.85824328666925,15.233
2025-10-24T18:45:00Z,0.8377292030915484,15.239
2025-10-24T19:00:00Z,0.8498683107030942,15.246
2025-10-24T19:15:00Z,0.8585713706587512,15.254
2025-10-24T19:30:00Z,0.8485559747450893,15.261
2025-10-24T19:45:00Z,0.8492121427240917,15.266
2025-10-24T20:00:00Z,0.8508525626715979,15.273
2025-10-24T20:15:00Z,0.8518368146401016,15.281
2025-10-24T20:30:00Z,0.8567580744826202,15.284
2025-10-24T20:45:00Z,0.8538053185771162,15.285
2025-10-24T21:00:00Z,0.8447741746319437,15.284
2025-10-24T21:15:00Z,0.849367350484961,15.28
2025-10-24T21:30:00Z,0.8503516024534719,15.279
2025-10-24T21:45:00Z,0.8490392664954598,15.281
2025-10-24T22:00:00Z,0.8447741746319437,15.282
2025-10-24T22:15:00Z,0.8373834506342845,15.282
2025-10-24T22:30:00Z,0.8367272826552821,15.283
2025-10-24T22:45:00Z,0.8308217708442598,15.285
2025-10-24T23:00:00Z,0.8272128469597462,15.285
2025-10-24T23:00:00Z,0.8272128469597462,15.285
2025-10-24T23:15:00Z,0.8252443430227387,15.286
2025-10-24T23:30:00Z,0.824260091054235,15.288
2025-10-24T23:45:00Z,0.8323069830308896,15.285
2025-10-25T00:00:00Z,0.8480550145269561,15.286
2025-10-25T00:15:00Z,0.8549447783064821,15.284
2025-10-25T00:30:00Z,0.8559290302749929,15.285
2025-10-25T00:45:00Z,0.8565851982539883,15.284
2025-10-25T01:00:00Z,0.8631468780440201,15.285
2025-10-25T01:15:00Z,0.8547719020778572,15.284
2025-10-25T01:30:00Z,0.8381948263741634,15.283
2025-10-25T01:45:00Z,0.8427880022271808,15.283
2025-10-25T02:00:00Z,0.8441003381851857,15.281
2025-10-25T02:15:00Z,0.8372105744056526,15.281
2025-10-25T02:30:00Z,0.8339297345106402,15.28
2025-10-25T02:45:00Z,0.8316331465841316,15.277
2025-10-25T03:00:00Z,0.818008826785956,15.273
2025-10-25T03:15:00Z,0.8368824904161514,15.276
2025-10-25T03:30:00Z,0.8385229103636647,15.273
2025-10-25T03:45:00Z,0.8587089099518721,15.272
2025-10-25T04:00:00Z,0.8580527419728696,15.273
2025-10-25T04:15:00Z,0.8434441702061832,15.272
2025-10-25T04:30:00Z,0.8539428578702228,15.272
2025-10-25T04:45:00Z,0.8442555459460621,15.272
2025-10-25T05:00:00Z,0.8518014777045977,15.273
2025-10-25T05:15:00Z,0.8723155612822993,15.275
2025-10-25T05:30:00Z,0.864596753295146,15.274
2025-10-25T05:45:00Z,0.8682056771796596,15.273
2025-10-25T06:00:00Z,0.8562217773289831,15.272
2025-10-25T06:15:00Z,0.8435817094993041,15.273
2025-10-25T06:30:00Z,0.8504714732788301,15.273
2025-10-25T06:45:00Z,0.8378314054491582,15.275
2025-10-25T07:00:00Z,0.8645790848273904,15.275
2025-10-25T07:15:00Z,0.8681880087118969,15.276
2025-10-25T07:30:00Z,0.8591568647667458,15.277
2025-10-25T07:45:00Z,0.867687048493778,15.279
2025-10-25T08:00:00Z,0.8619367444436179,15.279
2025-10-25T08:15:00Z,0.8671860882756377,15.281
2025-10-25T08:30:00Z,0.8591391962989903,15.285
2025-10-25T08:45:00Z,0.8581549443304866,15.284
2025-10-25T09:00:00Z,0.8428902045847906,15.286
2025-10-25T09:15:00Z,0.8389531967107757,15.287
2025-10-25T09:30:00Z,0.840593616658289,15.289
2025-10-25T09:45:00Z,0.8354994805871385,15.291
2025-10-25T10:00:00Z,0.8471552964483067,15.293
2025-10-25T10:15:00Z,0.8386251127212745,15.296
2025-10-25T10:30:00Z,0.8300949289942423,15.299
2025-10-25T10:45:00Z,0.8187671971225754,15.302
2025-10-25T11:00:00Z,0.8108931813745457,15.305
2025-10-25T11:00:00Z,0.8108931813745457,15.305
2025-10-25T11:15:00Z,0.8268140890992299,15.311
2025-10-25T11:30:00Z,0.8374856529919086,15.312
2025-10-25T11:45:00Z,0.8227218734643458,15.316
2025-10-25T12:00:00Z,0.8274879255459808,15.322
2025-10-25T12:15:00Z,0.8043491700522765,15.326
2025-10-25T12:30:00Z,0.8046772540417777,15.33
2025-10-25T12:45:00Z,0.8183015738399462,15.335
2025-10-25T13:00:00Z,0.8247080458691087,15.339
2025-10-25T13:15:00Z,0.8347234417827707,15.345
2025-10-25T13:30:00Z,0.8275055940137364,15.349
2025-10-25T13:45:00Z,0.829802181940245,15.356
2025-10-25T14:00:00Z,0.824224754118724,15.361
2025-10-25T14:15:00Z,0.8260380502948621,15.366
2025-10-25T14:30:00Z,0.8266942182738646,15.373
2025-10-25T14:45:00Z,0.8270223022633658,15.379
2025-10-25T15:00:00Z,0.8247257143368572,15.384
2025-10-25T15:15:00Z,0.8340849422715237,15.389
2025-10-25T15:30:00Z,0.8334287742925213,15.395
2025-10-25T15:45:00Z,0.8278513464710002,15.401
2025-10-25T16:00:00Z,0.8248985905654891,15.406
2025-10-25T16:15:00Z,NA,15.411
2025-10-25T16:30:00Z,0.837538658395161,15.417
2025-10-25T16:45:00Z,0.8355701544581535,15.422
2025-10-25T17:00:00Z,0.8329454825421436,15.426
2025-10-25T17:15:00Z,0.8273680547206226,15.433
2025-10-25T17:30:00Z,0.8345859024896427,15.437
2025-10-25T17:45:00Z,0.8336016505211461,15.442
2025-10-25T18:00:00Z,0.8570684900043659,15.449
2025-10-25T18:15:00Z,0.8528033981408498,15.453
2025-10-25T18:30:00Z,0.861333581867882,15.456
2025-10-25T18:45:00Z,NA,15.462
2025-10-25T19:00:00Z,NA,15.466
2025-10-25T19:15:00Z,0.8398352463216696,15.471
2025-10-25T19:30:00Z,0.8334287742925213,15.474
2025-10-25T19:45:00Z,0.8513181859542129,15.479
2025-10-25T20:00:00Z,0.8583808259623709,15.481
2025-10-25T20:15:00Z,0.8490215980277043,15.477
2025-10-25T20:30:00Z,0.8470530940906968,15.47
2025-10-25T20:45:00Z,0.839990454082546,15.463
2025-10-25T21:00:00Z,0.841302790040551,15.453
2025-10-25T21:15:00Z,0.8445836299355634,15.439
2025-10-25T21:30:00Z,0.8542709418597241,15.428
2025-10-25T21:45:00Z,NA,15.418
2025-10-25T22:00:00Z,0.8527857296730943,15.403
2025-10-25T22:15:00Z,0.8613159134001336,15.394
2025-10-25T22:30:00Z,0.8629563333476398,15.379
2025-10-25T22:45:00Z,0.8642686693056447,15.368
2025-10-25T23:00:00Z,0.84933201354945,15.357
2025-10-25T23:15:00Z,0.8360357777407756,15.346
2025-10-25T23:30:00Z,0.8386604496567855,15.334
2025-10-25T23:45:00Z,0.8366919457197781,15.322
2025-10-26T00:00:00Z,0.8320987698667608,15.313
2025-10-26T00:15:00Z,0.8385052418959091,15.302
2025-10-26T00:30:00Z,0.8281617619927388,15.292
2025-10-26T00:45:00Z,0.8421141657804228,15.283
2025-10-26T01:00:00Z,0.8430984177489336,15.272
2025-10-26T01:15:00Z,0.8408018298224249,15.26
2025-10-26T01:30:00Z,0.8319435621058844,15.25
2025-10-26T01:45:00Z,0.8319435621058844,15.236
2025-10-26T02:00:00Z,0.834240150032393,15.226
2025-10-26T02:15:00Z,0.8280065542318695,15.216
2025-10-26T02:30:00Z,0.8327726063135188,15.205
2025-10-26T02:45:00Z,0.8308041023765043,15.195
2025-10-26T03:00:00Z,0.8294917664185064,15.186
2025-10-26T03:15:00Z,0.8347411102505262,15.171
2025-10-26T03:30:00Z,0.8454126741431907,15.156
2025-10-26T03:45:00Z,0.8427880022271808,15.143
2025-10-26T04:00:00Z,0.8437722541956845,15.131
2025-10-26T04:15:00Z,0.8411475822796746,15.117
2025-10-26T04:30:00Z,0.8441003381851857,15.105
2025-10-26T04:45:00Z,0.8421318342481712,15.09
2025-10-26T05:00:00Z,0.8470530940906968,15.08
2025-10-26T05:15:00Z,0.8529586059017191,15.07
2025-10-26T05:30:00Z,0.86378537755526,15.063
2025-10-26T05:45:00Z,0.8641134615447612,15.059
2025-10-26T06:00:00Z,0.8618168736182525,15.057
2025-10-26T06:15:00Z,0.8544261496206076,15.057
2025-10-26T06:30:00Z,0.8470354256229413,15.062
2025-10-26T06:45:00Z,0.8513005174864645,15.067
2025-10-26T07:00:00Z,0.8705022651061682,15.072
2025-10-26T07:15:00Z,0.8660642970140202,15.075
2025-10-26T07:30:00Z,0.8703293888775434,15.081
2025-10-26T07:45:00Z,0.8675318407329016,15.088
2025-10-26T08:00:00Z,0.8747496885019288,15.092
2025-10-26T08:15:00Z,0.8726083083362965,15.097
2025-10-26T08:30:00Z,0.8752329802523136,15.102
2025-10-26T08:45:00Z,0.868826508223151,15.105
2025-10-26T09:00:00Z,0.8717792641286621,15.111
2025-10-26T09:15:00Z,0.8581549443304866,15.114
2025-10-26T09:30:00Z,0.8558583564039779,15.117
2025-10-26T09:45:00Z,0.8451867925112992,15.115
2025-10-26T10:00:00Z,0.8419059526162869,15.116
2025-10-26T10:15:00Z,0.840593616658289,15.115
2025-10-26T10:30:00Z,0.8402655326687807,15.118
2025-10-26T10:45:00Z,0.8382970287317804,15.115
2025-10-26T11:00:00Z,0.8453596687399383,15.116
2025-10-26T11:15:00Z,0.8414226608659234,15.116
2025-10-26T11:30:00Z,0.8433911648029309,15.118
2025-10-26T11:45:00Z,0.8351890650653999,15.121
2025-10-26T12:00:00Z,0.8412674531050399,15.124
2025-10-26T12:15:00Z,0.8389708651785313,15.129
2025-10-26T12:30:00Z,0.8363461932625214,15.135
2025-10-26T12:45:00Z,0.8301125974619907,15.137
2025-10-26T13:00:00Z,0.836190985501652,15.143
2025-10-26T13:15:00Z,0.8260203818271137,15.148
2025-10-26T13:30:00Z,0.8357076937512673,15.153
2025-10-26T13:45:00Z,0.8311145178982571,15.155
2025-10-26T14:00:00Z,0.8430984177489336,15.16
2025-10-26T14:15:00Z,0.8424422497699311,15.166
2025-10-26T14:30:00Z,0.8491768057885878,15.17
2025-10-26T14:45:00Z,0.8458959658935683,15.176
2025-10-26T15:00:00Z,0.8429432099880572,15.181
2025-10-26T15:15:00Z,0.839990454082546,15.188
2025-10-26T15:30:00Z,0.834413026261025,15.194
2025-10-26T15:45:00Z,0.8408194982901733,15.199
2025-10-26T16:00:00Z,0.8352420704686523,15.207
2025-10-26T16:15:00Z,0.8293365586576229,15.215
2025-10-26T16:30:00Z,0.8357430306867784,15.222
2025-10-26T16:45:00Z,0.8298375188757561,15.23
2025-10-26T17:00:00Z,0.8291813508967536,15.237
2025-10-26T17:15:00Z,0.8395248307999239,15.244
2025-10-26T17:30:00Z,0.8398529147894251,15.253
2025-10-26T17:45:00Z,0.8561019065036177,15.258
2025-10-26T18:00:00Z,0.8623355023041412,15.267
2025-10-26T18:15:00Z,0.8835057538608524,15.273
2025-10-26T18:30:00Z,0.8731622739576892,15.279
2025-10-26T18:45:00Z,0.8780835338002078,15.287
2025-10-26T19:00:00Z,0.8833328776322276,15.294
2025-10-26T19:15:00Z,0.8697085578340449,15.3
2025-10-26T19:30:00Z,0.8623178338363857,15.306
2025-10-26T19:45:00Z,0.8752859856555659,15.313
2025-10-26T20:00:00Z,0.8692075976159188,15.32
2025-10-26T20:15:00Z,0.868223345647408,15.328
2025-10-26T20:30:00Z,0.8516462699437142,15.333
2025-10-26T20:45:00Z,0.8490215980277043,15.338
2025-10-26T21:00:00Z,0.8578798657442448,15.344
2025-10-26T21:15:00Z,0.8667381334607711,15.345
2025-10-26T21:30:00Z,0.8601764536707535,15.347
2025-10-26T21:45:00Z,0.8672390936789043,15.344
2025-10-26T22:00:00Z,0.8588641177127414,15.341
2025-10-26T22:15:00Z,0.8406466220615485,15.34
2025-10-26T22:30:00Z,0.841302790040551,15.338
2025-10-26T22:45:00Z,0.8419589580195534,15.335
2025-10-26T23:00:00Z,0.8370376981770349,15.328
2025-10-26T23:15:00Z,0.8460688421221931,15.323
2025-10-26T23:30:00Z,0.8447565061641882,15.311
2025-10-26T23:45:00Z,0.8421318342481712,15.297
2025-10-27T00:00:00Z,0.8414756662691758,15.284
2025-10-27T00:15:00Z,0.8528033981408498,15.272
2025-10-27T00:30:00Z,0.8372105744056526,15.258
2025-10-27T00:45:00Z,0.8449293823928201,15.245
2025-10-27T01:00:00Z,0.8478821382983242,15.229
2025-10-27T01:15:00Z,0.8495225582458374,15.211
2025-10-27T01:30:00Z,0.8491944742563362,15.2
2025-10-27T01:45:00Z,0.8491944742563362,15.181
2025-10-27T02:00:00Z,0.8472259703193288,15.171
2025-10-27T02:15:00Z,0.8459136343613167,15.157
2025-10-27T02:30:00Z,0.8390238705817978,15.141
2025-10-27T02:45:00Z,0.8386957865922966,15.126
2025-10-27T03:00:00Z,0.8386957865922966,15.111
2025-10-27T03:15:00Z,0.8383677026027883,15.095
2025-10-27T03:30:00Z,0.8526481903799805,15.083
2025-10-27T03:45:00Z,0.8529762743694818,15.071
2025-10-27T04:00:00Z,0.8575694502224991,15.057
2025-10-27T04:15:00Z,0.8647872979915192,15.042
2025-10-27T04:30:00Z,0.8693804738445436,15.032
2025-10-27T04:45:00Z,0.8706928098025486,15.029
2025-10-27T05:00:00Z,0.8619897498468845,15.023
2025-10-27T05:15:00Z,0.8545990258492253,15.018
2025-10-27T05:30:00Z,0.8477092620696993,15.013
2025-10-27T05:45:00Z,0.848693514038203,15.003
2025-10-27T06:00:00Z,0.8513181859542129,14.991
2025-10-27T06:15:00Z,0.8455678819040671,14.983
2025-10-27T06:30:00Z,0.8426151259985559,14.967
2025-10-27T06:45:00Z,0.8552551938282349,14.957
2025-10-27T07:00:00Z,0.8560665695681138,14.947
2025-10-27T07:15:00Z,0.8573789055261187,14.939
2025-10-27T07:30:00Z,0.8567227375471163,14.936
2025-10-27T07:45:00Z,0.8655810052636497,14.939
2025-10-27T08:00:00Z,0.8601587852029979,14.943
2025-10-27T08:15:00Z,0.8598307012134967,14.948
2025-10-27T08:30:00Z,0.864423877066514,14.959
2025-10-27T08:45:00Z,0.846206381415314,14.971
2025-10-27T09:00:00Z,0.8403008696042917,14.984
2025-10-27T09:15:00Z,0.8363638617302769,14.996
2025-10-27T09:30:00Z,0.8416132055622967,15.01
2025-10-27T09:45:00Z,0.847518717373319,15.021
2025-10-27T10:00:00Z,0.858846449244993,15.032
2025-10-27T10:15:00Z,0.8552375253604794,15.037
2025-10-27T10:30:00Z,0.8496600975389583,15.04
2025-10-27T10:45:00Z,0.8357076937512673,15.046
2025-10-27T11:00:00Z,0.8307864339087487,15.047
2025-10-27T11:15:00Z,0.8398175778539212,15.049
2025-10-27T11:30:00Z,0.834240150032393,15.049
2025-10-27T11:45:00Z,0.8270223022633658,15.052
2025-10-27T12:00:00Z,0.8285075144500027,15.052
2025-10-27T12:15:00Z,0.8206334987019659,15.057
2025-10-27T12:30:00Z,NA,15.059
2025-10-27T12:45:00Z,0.8290084746681217,15.062
2025-10-27T13:00:00Z,0.8308217708442598,15.065
2025-10-27T13:15:00Z,0.8332912349994004,15.069
2025-10-27T13:30:00Z,0.8267295552093685,15.074
2025-10-27T13:45:00Z,0.8162308675453289,15.077
2025-10-27T14:00:00Z,0.8311675233015166,15.084
2025-10-27T14:15:00Z,0.8388863312886699,15.091
2025-10-27T14:30:00Z,0.8375739953306649,15.096
2025-10-27T14:45:00Z,0.8469332232653315,15.101
2025-10-27T15:00:00Z,0.8384030395382993,15.108
2025-10-27T15:15:00Z,0.8347941156537857,15.113
2025-10-27T15:30:00Z,0.8292166878322647,15.119
2025-10-27T15:45:00Z,0.8346389078929022,15.125
2025-10-27T16:00:00Z,0.8346389078929022,15.133
2025-10-27T16:15:00Z,0.848263227691092,15.14
2025-10-27T16:30:00Z,0.8433419678485734,15.144
2025-10-27T16:45:00Z,0.8527011957832329,15.151
2025-10-27T17:00:00Z,0.8387487919955561,15.159
2025-10-27T17:15:00Z,0.8497484398777218,15.166
2025-10-27T17:30:00Z,0.8467956839722106,15.173
2025-10-27T17:45:00Z,0.8464675999827094,15.179
2025-10-27T18:00:00Z,0.8467956839722106,15.187
2025-10-27T18:15:00Z,0.8477799359407143,15.194
2025-10-27T18:30:00Z,0.8650131796234106,15.201
2025-10-27T18:45:00Z,0.8692782714869338,15.207
2025-10-27T19:00:00Z,0.8654964713737883,15.211
2025-10-27T19:15:00Z,0.8694334792478031,15.219
2025-10-27T19:30:00Z,0.8658245553632895,15.222
2025-10-27T19:45:00Z,0.8567934114181313,15.227
2025-10-27T20:00:00Z,0.8607304192921461,15.233
2025-10-27T20:15:00Z,0.8523554433259761,15.237
2025-10-27T20:30:00Z,0.8636831751976572,15.241
2025-10-27T20:45:00Z,0.8636831751976572,15.245
2025-10-27T21:00:00Z,0.854980115241986,15.241
2025-10-27T21:15:00Z,0.8559643672104897,15.236
2025-10-27T21:30:00Z,0.8608856270530083,15.228
2025-10-27T21:45:00Z,0.8605575430635142,15.216
2025-10-27T22:00:00Z,0.8492298111918473,15.204
2025-10-27T22:15:00Z,0.8498859791708426,15.19
2025-10-27T22:30:00Z,0.8433242993808179,15.178
2025-10-27T22:45:00Z,0.840699627464808,15.166
2025-10-27T23:00:00Z,0.8423400474123142,15.151
2025-10-27T23:15:00Z,0.8439804673598204,15.139
2025-10-27T23:30:00Z,0.8523554433259761,15.124
2025-10-27T23:45:00Z,0.84809035146246,15.106
2025-10-28T00:00:00Z,0.8474341834834576,15.092
2025-10-28T00:15:00Z,0.8377468715592968,15.076
2025-10-28T00:30:00Z,0.8490746034309637,15.061
2025-10-28T00:45:00Z,0.8457937635359514,15.042
2025-10-28T01:00:00Z,0.8490746034309637,15.03
2025-10-28T01:15:00Z,0.8543239472629836,15.013
2025-10-28T01:30:00Z,0.8576047871579959,15
2025-10-28T01:45:00Z,0.8592452071055021,14.985
2025-10-28T02:00:00Z,0.8595732910950034,14.974
2025-10-28T02:15:00Z,0.8528387350763538,14.963
2025-10-28T02:30:00Z,0.8534949030553562,14.949
2025-10-28T02:45:00Z,0.8574319109293782,14.934
2025-10-28T03:00:00Z,0.853166819065855,14.922
2025-10-28T03:15:00Z,0.8401986672466819,14.91
2025-10-28T03:30:00Z,0.8411829192151785,14.896
2025-10-28T03:45:00Z,0.8470884310262008,14.884
2025-10-28T04:00:00Z,0.8554634069923637,14.87
2025-10-28T04:15:00Z,0.8490569349632153,14.857
2025-10-28T04:30:00Z,0.8543062787952351,14.842
2025-10-28T04:45:00Z,0.8543062787952351,14.825
2025-10-28T05:00:00Z,0.8533220268267314,14.809
2025-10-28T05:15:00Z,0.8549624467742305,14.791
2025-10-28T05:30:00Z,0.8475717227765855,14.774
2025-10-28T05:45:00Z,0.8541334025666103,14.759
2025-10-28T06:00:00Z,0.8593827463986301,14.742
2025-10-28T06:15:00Z,0.8597108303881313,14.723
2025-10-28T06:30:00Z,0.8629916702831437,14.705
2025-10-28T06:45:00Z,0.8546166943169808,14.691
2025-10-28T07:00:00Z,0.8615064580965139,14.676
2025-10-28T07:15:00Z,0.8687243058655412,14.665
2025-10-28T07:30:00Z,0.8765983216135709,14.659
2025-10-28T07:45:00Z,0.868223345647408,14.653
2025-10-28T08:00:00Z,0.8688795136264176,14.656
2025-10-28T08:15:00Z,0.8591922017022426,14.658
2025-10-28T08:30:00Z,0.8508172257360869,14.662
2025-10-28T08:45:00Z,0.8537699816416051,14.67
2025-10-28T09:00:00Z,0.8540980656311064,14.679
2025-10-28T09:15:00Z,0.8544261496206076,14.689
2025-10-28T09:30:00Z,0.8544261496206076,14.698
2025-10-28T09:45:00Z,0.8414579978014203,14.707
2025-10-28T10:00:00Z,0.836864821948403,14.712
2025-10-28T10:15:00Z,0.8365367379589017,14.718
2025-10-28T10:30:00Z,0.834240150032393,14.722
2025-10-28T10:45:00Z,0.8442555459460621,14.726
2025-10-28T11:00:00Z,0.839990454082546,14.729
2025-10-28T11:15:00Z,0.8357253622190299,14.731
2025-10-28T11:30:00Z,0.8311321863660126,14.736
2025-10-28T11:45:00Z,0.8252266745549832,14.74
2025-10-28T12:00:00Z,0.830648894615635,14.743
2025-10-28T12:15:00Z,0.8240872148256031,14.749
2025-10-28T12:30:00Z,0.8171974510460771,14.755
2025-10-28T12:45:00Z,0.8229477550962301,14.76
2025-10-28T13:00:00Z,0.830010395104388,14.767
2025-10-28T13:15:00Z,0.8257453032408719,14.775
2025-10-28T13:30:00Z,0.8351045311755314,14.783
2025-10-28T13:45:00Z,0.8328079432490227,14.792
2025-10-28T14:00:00Z,0.843151423152193,14.798
2025-10-28T14:15:00Z,0.8497131029422107,14.808
2025-10-28T14:30:00Z,0.851353522889724,14.815
2025-10-28T14:45:00Z,0.8552905307637388,14.823
2025-10-28T15:00:00Z,0.8575871186902404,14.832
2025-10-28T15:15:00Z,0.8585713706587512,14.843
2025-10-28T15:30:00Z,0.8585713706587512,14.852
2025-10-28T15:45:00Z,0.8465874708080818,14.861
2025-10-28T16:00:00Z,0.8442908828815732,14.871
2025-10-28T16:15:00Z,0.8400257910180571,14.881
2025-10-28T16:30:00Z,0.8403538750075583,14.891
2025-10-28T16:45:00Z,0.8416662109655633,14.902
2025-10-28T17:00:00Z,0.8446189668710744,14.912
2025-10-28T17:15:00Z,0.8488840587345905,14.921
2025-10-28T17:30:00Z,0.8488840587345905,14.931
2025-10-28T17:45:00Z,0.8544614865561115,14.942
2025-10-28T18:00:00Z,0.8600389143776326,14.95
2025-10-28T18:15:00Z,0.8656163421991536,14.96
2025-10-28T18:30:00Z,0.8608502901175115,14.968
2025-10-28T18:45:00Z,0.8651153819810276,14.978
2025-10-28T19:00:00Z,0.8547719020778572,14.987
2025-10-28T19:15:00Z,0.8583808259623709,14.993
2025-10-28T19:30:00Z,0.848693514038203,15.003
2025-10-28T19:45:00Z,0.8529586059017191,15.012
2025-10-28T20:00:00Z,0.8516462699437142,15.022
2025-10-28T20:15:00Z,0.8549271098387337,15.028
2025-10-28T20:30:00Z,0.846880217862072,15.036
2025-10-28T20:45:00Z,0.8531138136625955,15.043
2025-10-28T21:00:00Z,0.8534418976520968,15.05
2025-10-28T21:15:00Z,0.8560665695681138,15.055
2025-10-28T21:30:00Z,0.856394653557615,15.058
2025-10-28T21:45:00Z,0.846379257643946,15.063
2025-10-28T22:00:00Z,0.8509724334969633,15.063
2025-10-28T22:15:00Z,0.850644349507462,15.058
2025-10-28T22:30:00Z,0.8457230896649435,15.048
2025-10-28T22:45:00Z,0.8453950056754422,15.038
2025-10-28T23:00:00Z,0.8350515257722719,15.025
2025-10-28T23:15:00Z,0.8360357777407756,15.013
2025-10-28T23:30:00Z,0.8460511736544447,14.998
2025-10-28T23:45:00Z,0.8480196775914521,14.984
2025-10-29T00:00:00Z,0.8480196775914521,14.972
2025-10-29T00:15:00Z,0.8357076937512673,14.956
2025-10-29T00:30:00Z,0.8366919457197781,14.939
2025-10-29T00:45:00Z,0.8350515257722719,14.922
2025-10-29T01:00:00Z,0.8327549378457562,14.906
2025-10-29T01:15:00Z,0.8334111058247657,14.891
2025-10-29T01:30:00Z,0.8320987698667608,14.873
2025-10-29T01:45:00Z,0.8291460139612497,14.854
2025-10-29T02:00:00Z,0.824224754118724,14.837
2025-10-29T02:15:00Z,0.829975058168877,14.822
2025-10-29T02:30:00Z,0.8276784702423683,14.805
2025-10-29T02:45:00Z,0.8247257143368572,14.79
2025-10-29T03:00:00Z,0.8234133783788522,14.774
2025-10-29T03:15:00Z,0.8337568582820225,14.757
2025-10-29T03:30:00Z,0.8353972782295287,14.744
2025-10-29T03:45:00Z,0.8347411102505262,14.729
2025-10-29T04:00:00Z,0.8357253622190299,14.717
2025-10-29T04:15:00Z,0.8386781181245411,14.701
2025-10-29T04:30:00Z,0.8363815301980324,14.687
2025-10-29T04:45:00Z,0.8393342861035435,14.672
2025-10-29T05:00:00Z,0.839990454082546,14.66
2025-10-29T05:15:00Z,0.8419589580195534,14.644
2025-10-29T05:30:00Z,0.8422870420090547,14.629
2025-10-29T05:45:00Z,0.8432712939775584,14.616
2025-10-29T06:00:00Z,0.8442555459460621,14.601
2025-10-29T06:15:00Z,0.8429432099880572,14.584
2025-10-29T06:30:00Z,0.832599730084894,14.569
2025-10-29T06:45:00Z,0.836864821948403,14.553
2025-10-29T07:00:00Z,0.8453950056754422,14.539
2025-10-29T07:15:00Z,0.8486758455704546,14.527
2025-10-29T07:30:00Z,0.8539251894024744,14.521
2025-10-29T07:45:00Z,0.8591745332344942,14.52
2025-10-29T08:00:00Z,0.8550646491318474,14.523
2025-10-29T08:15:00Z,0.8560489011003583,14.53
2025-10-29T08:30:00Z,0.8437369172601805,14.537
2025-10-29T08:45:00Z,0.8450492532181926,14.544
2025-10-29T09:00:00Z,0.830440681451492,14.556
2025-10-29T09:15:00Z,0.8294564294829883,14.566
2025-10-29T09:30:00Z,0.8255194216089734,14.574
2025-10-29T09:45:00Z,0.8248632536299709,14.583
2025-10-29T10:00:00Z,0.8335663135856421,14.59
2025-10-29T10:15:00Z,0.8345505655541459,14.6
2025-10-29T10:30:00Z,0.830613557680131,14.607
2025-10-29T10:45:00Z,0.82503612985861,14.619
2025-10-29T11:00:00Z,0.8188025340580793,14.626
2025-10-29T11:15:00Z,0.814209358205062,14.634
2025-10-29T11:30:00Z,0.8209439142237187,14.643
2025-10-29T11:45:00Z,0.8130698984756819,14.65
2025-10-29T12:00:00Z,0.8168516985888203,14.66
2025-10-29T12:15:00Z,0.8093057668302919,14.667
2025-10-29T12:30:00Z,0.8107909790169288,14.676
2025-10-29T12:45:00Z,0.8132604431720623,14.681
2025-10-29T13:00:00Z,0.80735493136104,14.69
2025-10-29T13:15:00Z,0.8131052354111858,14.697
2025-10-29T13:30:00Z,0.8208240433983534,14.704
2025-10-29T13:45:00Z,0.8278866834065042,14.71
2025-10-29T14:00:00Z,0.8246058435114918,14.719
2025-10-29T14:15:00Z,0.8310123155406401,14.726
2025-10-29T14:30:00Z,0.828059559635129,14.734
2025-10-29T14:45:00Z,0.8397153754963043,14.742
2025-10-29T15:00:00Z,0.839387291506803,14.753
2025-10-29T15:15:00Z,0.8416838794333117,14.762
2025-10-29T15:30:00Z,0.8539958632734823,14.773
2025-10-29T15:45:00Z,0.8526835273154774,14.784
2025-10-29T16:00:00Z,0.8516992753469736,14.794
2025-10-29T16:15:00Z,NA,14.807
2025-10-29T16:30:00Z,0.8539958632734823,14.817
2025-10-29T16:45:00Z,0.8579328711474972,14.829
2025-10-29T17:00:00Z,0.8582609551369984,14.845
2025-10-29T17:15:00Z,0.8566205351894922,14.86
2025-10-29T17:30:00Z,0.8553081992314873,14.879
2025-10-29T17:45:00Z,0.8482455592233364,14.9
2025-10-29T18:00:00Z,0.8502140631603439,14.922
2025-10-29T18:15:00Z,0.8648226349270232,14.946
2025-10-29T18:30:00Z,0.8674473068430331,14.973
2025-10-29T18:45:00Z,0.8590723308768844,14.997
2025-10-29T19:00:00Z,0.8590723308768844,15.021
2025-10-29T19:15:00Z,0.8616970027928943,15.048
2025-10-29T19:30:00Z,0.8607127508243835,15.067
2025-10-29T19:45:00Z,0.863993590719403,15.089
2025-10-29T20:00:00Z,0.8669463466249141,15.109
2025-10-29T20:15:00Z,0.8679305985934178,15.128
2025-10-29T20:30:00Z,0.869571018540924,15.147
2025-10-29T20:45:00Z,0.8608679585852599,15.163
2025-10-29T21:00:00Z,0.863820714490771,15.183
2025-10-29T21:15:00Z,0.8667734703962822,15.197
2025-10-29T21:30:00Z,0.8687419743332896,15.215
2025-10-29T21:45:00Z,0.8667734703962822,15.23
2025-10-29T22:00:00Z,0.8654611344382772,15.244
2025-10-29T22:15:00Z,0.8541334025666103,15.259
2025-10-29T22:30:00Z,0.848227890755588,15.27
2025-10-29T22:45:00Z,0.8442908828815732,15.279
2025-10-29T23:00:00Z,0.8406819589970524,15.288
2025-10-29T23:15:00Z,0.8360887831440351,15.296
2025-10-29T23:30:00Z,0.8447918430996921,15.3
2025-10-29T23:45:00Z,0.8395424992676723,15.306
2025-10-30T00:00:00Z,0.8369178273516624,15.31
2025-10-30T00:15:00Z,0.8436523833703191,15.316
2025-10-30T00:30:00Z,0.8426681314018154,15.313
2025-10-30T00:45:00Z,0.8420119634228129,15.304
2025-10-30T01:00:00Z,0.8543239472629836,15.289
2025-10-30T01:15:00Z,0.8503869393889687,15.265
2025-10-30T01:30:00Z,0.8484184354519613,15.234
2025-10-30T01:45:00Z,0.8464499315149538,15.199
2025-10-30T02:00:00Z,0.8441533435884452,15.173
2025-10-30T02:15:00Z,0.8402163357144232,15.139
2025-10-30T02:30:00Z,0.8392320837459195,15.106
2025-10-30T02:45:00Z,0.8349669918824034,15.075
2025-10-30T03:00:00Z,0.8359512438509142,15.047
2025-10-30T03:15:00Z,0.8453104717855808,15.017
2025-10-30T03:30:00Z,0.8443262198170842,14.986
2025-10-30T03:45:00Z,0.8449823877960796,14.952
2025-10-30T04:00:00Z,0.8443262198170842,14.923
2025-10-30T04:15:00Z,0.8462947237540845,14.897
2025-10-30T04:30:00Z,0.8502317316281065,14.87
2025-10-30T04:45:00Z,0.8518721515756127,14.841
2025-10-30T05:00:00Z,0.8518721515756127,14.81
2025-10-30T05:15:00Z,0.853840655512613,14.782
2025-10-30T05:30:00Z,0.8418567556619365,14.752
2025-10-30T05:45:00Z,0.841200587682934,14.722
2025-10-30T06:00:00Z,0.8428410076304402,14.701
2025-10-30T06:15:00Z,0.8425129236409319,14.667
2025-10-30T06:30:00Z,0.8454656795464501,14.642
2025-10-30T06:45:00Z,0.8507150233784699,14.614
2025-10-30T07:00:00Z,0.8536677792839811,14.582
2025-10-30T07:15:00Z,0.8446366353388228,14.557
2025-10-30T07:30:00Z,0.8505421471498451,14.54
2025-10-30T07:45:00Z,0.8534949030553562,14.532
2025-10-30T08:00:00Z,0.8444637591101909,14.52
2025-10-30T08:15:00Z,0.8503692709212203,14.519
2025-10-30T08:30:00Z,0.8520096908687194,14.525
2025-10-30T08:45:00Z,0.842650462934067,14.539
2025-10-30T09:00:00Z,0.8423223789445657,14.557
2025-10-30T09:15:00Z,0.8416662109655633,14.575
2025-10-30T09:30:00Z,0.8309946470728917,14.598
2025-10-30T09:45:00Z,0.8319788990413954,14.62
2025-10-30T10:00:00Z,0.8339474029784029,14.635
2025-10-30T10:15:00Z,0.8362439909049115,14.654
2025-10-30T10:30:00Z,0.8372282428734152,14.678
2025-10-30T10:45:00Z,0.8319788990413954,14.701
2025-10-30T11:00:00Z,0.8260733872303732,14.722
2025-10-30T11:15:00Z,0.8211521273878475,14.742
2025-10-30T11:30:00Z,0.814918531587324,14.758
2025-10-30T11:45:00Z,0.8077006838182967,14.775
2025-10-30T12:00:00Z,0.8121386519104448,14.792
2025-10-30T12:15:00Z,0.8065612240889237,14.807
2025-10-30T12:30:00Z,0.8136238640970745,14.819
2025-10-30T12:45:00Z,0.8193741681472275,14.831
2025-10-30T13:00:00Z,0.8164214122417164,14.842
2025-10-30T13:15:00Z,0.8224998002813564,14.852
2025-10-30T13:30:00Z,0.8149538685228208,14.864
2025-10-30T13:45:00Z,0.8100326086803022,14.874
2025-10-30T14:00:00Z,0.8184075846464722,14.883
2025-10-30T14:15:00Z,0.8157829127304623,14.891
2025-10-30T14:30:00Z,0.8274387285916305,14.898
2025-10-30T14:45:00Z,0.8264544766231268,14.905
2025-10-30T15:00:00Z,0.8257983086441314,14.912
2025-10-30T15:15:00Z,0.8341732846102872,14.922
2025-10-30T15:30:00Z,0.8328609486522822,14.929
2025-10-30T15:45:00Z,0.8169400409275909,14.933
2025-10-30T16:00:00Z,0.8259711848727562,14.943
2025-10-30T16:15:00Z,0.8269554368412599,14.95
2025-10-30T16:30:00Z,0.82531501689375375,14.958
2025-10-30T16:45:00Z,0.8236745969462476,14.964
2025-10-30T17:00:00Z,0.8223622609882426,14.972
2025-10-30T17:15:00Z,0.8213780090197389,14.978
2025-10-30T17:30:00Z,0.8220341769987414,14.986
2025-10-30T17:45:00Z,0.8210499250302377,14.995
2025-10-30T18:00:00Z,0.8223622609882426,15
2025-10-30T18:15:00Z,0.8230184289672451,15.008
2025-10-30T18:30:00Z,0.8230184289672451,15.014
2025-10-30T18:45:00Z,0.8305643607257736,15.022
2025-10-30T19:00:00Z,0.8328609486522822,15.031
2025-10-30T19:15:00Z,0.8308924447152748,15.038
2025-10-30T19:30:00Z,0.8331890326417835,15.046
2025-10-30T19:45:00Z,0.8282677727992649,15.052
2025-10-30T20:00:00Z,0.8295801087572698,15.062
2025-10-30T20:15:00Z,0.8308924447152748,15.069
2025-10-30T20:30:00Z,0.8371260405158054,15.077
2025-10-30T20:45:00Z,0.8394226284423141,15.083
2025-10-30T21:00:00Z,0.8443438882848326,15.092
2025-10-30T21:15:00Z,0.8486089801483487,15.1
2025-10-30T21:30:00Z,0.8495932321168524,15.103
2025-10-30T21:45:00Z,0.8372812482766747,15.109
2025-10-30T22:00:00Z,0.8385935842346797,15.115
2025-10-30T22:15:00Z,0.841874424129692,15.12
2025-10-30T22:30:00Z,0.8334994481635363,15.123
2025-10-30T22:45:00Z,0.8341556161425387,15.127
2025-10-30T23:00:00Z,0.8292343563000202,15.128
2025-10-30T23:15:00Z,0.8230007604994967,15.126
2025-10-30T23:30:00Z,0.8233288444889979,15.127
2025-10-30T23:45:00Z,0.8334994481635363,15.127
2025-10-31T00:00:00Z,0.8348117841215412,15.126
2025-10-31T00:15:00Z,0.843186760087697,15.122
2025-10-31T00:30:00Z,0.8438429280666995,15.116
2025-10-31T00:45:00Z,0.8312028602370276,15.109
2025-10-31T01:00:00Z,0.8364522040690474,15.098
2025-10-31T01:15:00Z,0.8374364560375511,15.081
2025-10-31T01:30:00Z,0.8390768759850644,15.064
2025-10-31T01:45:00Z,0.8380926240165536,15.049
2025-10-31T02:00:00Z,0.8325151961950326,15.034
2025-10-31T02:15:00Z,0.8295624402895214,15.019
2025-10-31T02:30:00Z,0.8202032123548477,15.009
2025-10-31T02:45:00Z,0.8228278842708576,15.006
2025-10-31T03:00:00Z,0.8403892119430623,14.999
2025-10-31T03:15:00Z,0.8403892119430623,14.991
2025-10-31T03:30:00Z,0.8407172959325635,14.981
2025-10-31T03:45:00Z,0.848263227691092,14.967
2025-10-31T04:00:00Z,0.8352950758719118,14.953
2025-10-31T04:15:00Z,0.84218483965143065,14.94
2025-10-31T04:30:00Z,0.8477622674729588,14.922
2025-10-31T04:45:00Z,0.8536677792839811,14.908
2025-10-31T05:00:00Z,0.8456208873073265,14.894
2025-10-31T05:15:00Z,0.8459489712968278,14.883
2025-10-31T05:30:00Z,0.8564476589608745,14.872
2025-10-31T05:45:00Z,0.8490569349632153,14.863
2025-10-31T06:00:00Z,0.8436347149025636,14.858
2025-10-31T06:15:00Z,0.851353522889724,14.849
2025-10-31T06:30:00Z,0.8303384790938892,14.846
2025-10-31T06:45:00Z,0.836900158883914,14.843
2025-10-31T07:00:00Z,0.8464145945794499,14.834
2025-10-31T07:15:00Z,0.8546166943169808,14.833
2025-10-31T07:30:00Z,0.8631468780440201,14.833
2025-10-31T07:45:00Z,0.8610054978783808,14.834
2025-10-31T08:00:00Z,0.8532866898912204,14.835
2025-10-31T08:15:00Z,0.8591922017022426,14.836
2025-10-31T08:30:00Z,0.8537699816416051,14.84
2025-10-31T08:45:00Z,0.8473635096124497,14.844
2025-10-31T09:00:00Z,0.8496600975389583,14.85
2025-10-31T09:15:00Z,0.840628953593793,14.854
2025-10-31T09:30:00Z,0.840628953593793,14.86
2025-10-31T09:45:00Z,0.8299573897011285,14.869
2025-10-31T10:00:00Z,0.8279888857641211,14.878
2025-10-31T10:15:00Z,0.8299573897011285,14.886
2025-10-31T10:30:00Z,0.8256922978376124,14.898
2025-10-31T10:45:00Z,0.8289731377326248,14.909
2025-10-31T11:00:00Z,0.8276608017746199,14.919
2025-10-31T11:15:00Z,0.8279888857641211,14.929
2025-10-31T11:30:00Z,0.8330830218352574,14.943
2025-10-31T11:45:00Z,0.818146366079084,14.953
2025-10-31T12:00:00Z,0.8245528381082252,14.963
2025-10-31T12:15:00Z,0.8046949225095261,14.974
2025-10-31T12:30:00Z,0.811757562517677,14.985
2025-10-31T12:45:00Z,0.8130698984756819,14.994
2025-10-31T13:00:00Z,0.816195530609825,15.005
2025-10-31T13:15:00Z,0.8203054147124647,15.013
2025-10-31T13:30:00Z,0.813743734922447,15.021
2025-10-31T13:45:00Z,0.8078382231114176,15.031
2025-10-31T14:00:00Z,0.8158851150880722,15.041
2025-10-31T14:15:00Z,0.8132604431720623,15.048
2025-10-31T14:30:00Z,0.82557242701224,15.056
2025-10-31T14:45:00Z,0.8349316549468995,15.067
2025-10-31T15:00:00Z,0.8332912349994004,15.072
2025-10-31T15:15:00Z,0.8339474029784029,15.082
2025-10-31T15:30:00Z,0.8306665630833905,15.089
2025-10-31T15:45:00Z,0.830010395104388,15.099
2025-10-31T16:00:00Z,0.827385723188371,15.106
2025-10-31T16:15:00Z,0.8264014712198744,15.112
2025-10-31T16:30:00Z,0.834448363196536,15.122
2025-10-31T16:45:00Z,0.8334641112280252,15.127
2025-10-31T17:00:00Z,0.8337921952175336,15.136
2025-10-31T17:15:00Z,0.8347764471860373,15.141
2025-10-31T17:30:00Z,0.8383853710705438,15.15
2025-10-31T17:45:00Z,0.838713455060045,15.158
2025-10-31T18:00:00Z,0.8446189668710744,15.164
2025-10-31T18:15:00Z,0.8459313028290794,15.171
2025-10-31T18:30:00Z,0.8508525626715979,15.178
2025-10-31T18:45:00Z,0.8424775867054421,15.184
2025-10-31T19:00:00Z,0.8444460906424425,15.189
2025-10-31T19:15:00Z,0.8457584266004474,15.193
2025-10-31T19:30:00Z,0.8490392664954598,15.201
2025-10-31T19:45:00Z,0.8403362065397957,15.199
2025-10-31T20:00:00Z,0.8432889624453068,15.193
2025-10-31T20:15:00Z,0.8462417183508251,15.174
2025-10-31T20:30:00Z,0.8505068102143412,15.158
2025-10-31T20:45:00Z,0.8427880022271808,15.141
2025-10-31T21:00:00Z,0.8441003381851857,15.122
2025-10-31T21:15:00Z,0.8454126741431907,15.105
2025-10-31T21:30:00Z,0.8373657821665361,15.087
2025-10-31T21:45:00Z,0.8363815301980324,15.065
2025-10-31T22:00:00Z,0.8370376981770349,15.046
2025-10-31T22:15:00Z,0.834413026261025,15.028
2025-10-31T22:30:00Z,0.8253818823158596,15.009
2025-10-31T22:45:00Z,0.8263661342843633,14.991
2025-10-31T23:00:00Z,0.8270223022633658,14.969
2025-10-31T23:15:00Z,0.8386781181245411,14.947
2025-10-31T23:30:00Z,0.8296469741793828,14.923
2025-10-31T23:45:00Z,0.8322716460953927,14.909
2025-11-01T00:00:00Z,0.8319435621058844,14.89
2025-11-01T00:15:00Z,0.8329278140743881,14.875
2025-11-01T00:30:00Z,0.834240150032393,14.859
2025-11-01T00:45:00Z,0.834240150032393,14.854
2025-11-01T01:00:00Z,0.8322716460953927,14.84
2025-11-01T01:15:00Z,0.8335839820533906,14.828
2025-11-01T01:30:00Z,0.8335839820533906,14.817
2025-11-01T01:45:00Z,0.8329278140743881,14.809
2025-11-01T02:00:00Z,0.8322716460953927,14.805
2025-11-01T02:15:00Z,0.8166788223601955,14.798
2025-11-01T02:30:00Z,0.8147103184231881,14.794
2025-11-01T02:45:00Z,0.8111013945386745,14.79
2025-11-01T03:00:00Z,0.8260380502948621,14.788
2025-11-01T03:15:00Z,0.8280065542318695,14.782
2025-11-01T03:30:00Z,0.8312873941268819,14.78
2025-11-01T03:45:00Z,0.841302790040551,14.776
2025-11-01T04:00:00Z,0.8352244020009039,14.773
2025-11-01T04:15:00Z,0.8394894938644129,14.769
2025-11-01T04:30:00Z,0.8437545857279289,14.768
2025-11-01T04:45:00Z,0.8467073416334401,14.767
2025-11-01T05:00:00Z,0.8422693735412992,14.765
2025-11-01T05:15:00Z,0.8481748853523214,14.764
2025-11-01T05:30:00Z,0.8524399772158375,14.762
2025-11-01T05:45:00Z,0.8453773372076867,14.762
2025-11-01T06:00:00Z,0.8493143450817016,14.763
2025-11-01T06:15:00Z,0.8409393691155387,14.763
2025-11-01T06:30:00Z,0.8419236210840424,14.761
2025-11-01T06:45:00Z,0.8322363091598888,14.765
2025-11-01T07:00:00Z,0.8381418209709111,14.77
2025-11-01T07:15:00Z,0.8447035007609358,14.772
2025-11-01T07:30:00Z,0.8486405086349507,14.777
2025-11-01T07:45:00Z,0.8552021884249825,14.779
2025-11-01T08:00:00Z,0.8474833804378079,14.784
2025-11-01T08:15:00Z,0.8514203883118299,14.789
2025-11-01T08:30:00Z,0.844357748303679,14.791
2025-11-01T08:45:00Z,0.844357748303679,14.795
2025-11-01T09:00:00Z,0.8359827723375162,14.801
2025-11-01T09:15:00Z,0.8376231922850224,14.806
2025-11-01T09:30:00Z,0.8239988724868397,14.809
2025-11-01T09:45:00Z,0.8262954604133554,14.817
2025-11-01T10:00:00Z,0.8285920483398641,14.823
2025-11-01T10:00:00Z,0.8285920483398641,14.823
2025-11-01T10:15:00Z,0.8292482163188666,14.828
2025-11-01T10:30:00Z,0.8285920483398641,14.835
2025-11-01T10:45:00Z,0.8266235444028567,14.842
2025-11-01T11:00:00Z,0.8246550404658493,14.852
2025-11-01T11:15:00Z,0.8223584525393406,14.862
2025-11-01T11:30:00Z,0.8148125207808121,14.87
2025-11-01T11:45:00Z,0.8072665890222837,14.879
2025-11-01T12:00:00Z,0.8084237172194051,14.891
2025-11-01T12:15:00Z,0.8025182054083828,14.901
2025-11-01T12:30:00Z,0.8076123414795333,14.912
2025-11-01T12:45:00Z,0.8030191656265089,14.924
2025-11-01T13:00:00Z,0.8087694696766548,14.934
2025-11-01T13:15:00Z,0.8118951018108049,14.946
2025-11-01T13:30:00Z,0.8082861779262913,14.956
2025-11-01T13:45:00Z,0.8143645659659313,14.967
2025-11-01T14:00:00Z,0.8153488179344279,14.977
2025-11-01T14:15:00Z,0.823723793900605,14.988
2025-11-01T14:30:00Z,0.82503612985861,14.997
2025-11-01T14:45:00Z,0.821099121984588,15.007
2025-11-01T15:00:00Z,0.8207710379950939,15.016
2025-11-01T15:15:00Z,0.8301302659297463,15.023
2025-11-01T15:30:00Z,0.8265213420452397,15.03
2025-11-01T15:45:00Z,0.8219281661922153,15.039
2025-11-01T16:00:00Z,0.82127199821322,15.044
2025-11-01T16:15:00Z,0.8235685861397286,15.053
2025-11-01T16:30:00Z,0.836864821948403,15.059
2025-11-01T16:45:00Z,0.8335839820533906,15.063
2025-11-01T17:00:00Z,0.8335839820533906,15.07
2025-11-01T17:15:00Z,0.836864821948403,15.075
2025-11-01T17:30:00Z,0.835552485990398,15.08
2025-11-01T17:45:00Z,0.8348963180114026,15.085
2025-11-01T18:00:00Z,0.8378490739169138,15.09
2025-11-01T18:15:00Z,0.8434265017384348,15.095
2025-11-01T18:30:00Z,0.8483477615809534,15.1
2025-11-01T18:45:00Z,0.8513005174864645,15.102
2025-11-01T19:00:00Z,0.8403008696042917,15.107
2025-11-01T19:15:00Z,0.8422693735412992,15.108
2025-11-01T19:30:00Z,0.830613557680131,15.113
2025-11-01T19:45:00Z,0.8296293057116273,15.116
2025-11-01T20:00:00Z,0.8329101456066397,15.117
2025-11-01T20:15:00Z,0.8348786495436471,15.119
2025-11-01T20:30:00Z,0.838815657417662,15.122
2025-11-01T20:45:00Z,0.8450492532181926,15.126
2025-11-01T21:00:00Z,0.8489862610922003,15.129
2025-11-01T21:00:00Z,0.8489862610922003,15.129
2025-11-01T21:15:00Z,0.8496424290712099,15.131
2025-11-01T21:30:00Z,0.8370023612415167,15.134
2025-11-01T21:45:00Z,0.8366742772520226,15.137
2025-11-01T22:00:00Z,0.8289554692648693,15.14
2025-11-01T22:15:00Z,0.8345328970863974,15.143
2025-11-01T22:30:00Z,0.8491414688530696,15.144
2025-11-01T22:45:00Z,0.8530784767270845,15.147
2025-11-01T23:00:00Z,0.8410945768764222,15.148
2025-11-01T23:15:00Z,0.8424069128344271,15.151
2025-11-01T23:30:00Z,0.8320634329312497,15.154
2025-11-01T23:45:00Z,0.8353442728262621,15.155
2025-11-02T00:00:00Z,0.8399374486792794,15.158
2025-11-02T00:15:00Z,0.8428902045847906,15.158
2025-11-02T00:30:00Z,0.8442025405427955,15.161
2025-11-02T00:45:00Z,0.8438744565533014,15.161
2025-11-02T01:00:00Z,0.82795354882861,15.163
2025-11-02T01:00:00Z,0.839281280700277,15.163
2025-11-02T01:15:00Z,0.8210637850490841,15.164
2025-11-02T01:15:00Z,0.832391516920751,15.164
2025-11-02T01:30:00Z,0.8197514490910791,15.163
2025-11-02T01:30:00Z,0.831079180962746,15.163
2025-11-02T01:45:00Z,0.8227042049965902,15.164
2025-11-02T01:45:00Z,0.8340319368682572,15.164
2025-11-02T02:00:00Z,0.837968944742272,15.165
2025-11-02T02:15:00Z,0.8337038528787559,15.169
2025-11-02T02:30:00Z,0.8391260729394148,15.17
2025-11-02T02:45:00Z,0.8345328970863974,15.172
2025-11-02T03:00:00Z,0.8335486451178937,15.174
2025-11-02T03:15:00Z,0.8409393691155387,15.174
2025-11-02T03:30:00Z,0.8412674531050399,15.175
2025-11-02T03:45:00Z,0.8302678052228813,15.177
2025-11-02T04:00:00Z,0.8366742772520226,15.178
2025-11-02T04:15:00Z,0.8310968494305015,15.179
2025-11-02T04:30:00Z,0.8310968494305015,15.181
2025-11-02T04:45:00Z,0.8333934373570102,15.182
2025-11-02T05:00:00Z,0.8350338573045093,15.184
2025-11-02T05:15:00Z,0.837330445231018,15.183
2025-11-02T05:15:00Z,0.837330445231018,15.183
2025-11-02T05:30:00Z,0.8347057733150081,15.185
2025-11-02T05:45:00Z,0.8437369172601805,15.185
2025-11-02T06:00:00Z,0.8424245813021827,15.185
2025-11-02T06:15:00Z,0.8417684133231731,15.185
2025-11-02T06:30:00Z,0.8437369172601805,15.184
2025-11-02T06:45:00Z,0.8360181092730201,15.183
2025-11-02T07:00:00Z,0.8399551171470279,15.185
2025-11-02T07:15:00Z,0.8422517050735436,15.186
2025-11-02T07:30:00Z,0.8348609810758987,15.183
2025-11-02T07:45:00Z,0.8483124246454494,15.184
2025-11-02T08:00:00Z,0.841232116169536,15.187
2025-11-02T08:15:00Z,0.8371222320669034,15.189
2025-11-02T08:30:00Z,0.8410592399409111,15.193
2025-11-02T08:45:00Z,0.8392459437647801,15.197
2025-11-02T09:00:00Z,0.8354641436516346,15.199
2025-11-02T09:15:00Z,0.8403854034941531,15.203
2025-11-02T09:30:00Z,0.838744983546647,15.207
2025-11-02T09:45:00Z,0.8405582797227851,15.213
2025-11-02T10:00:00Z,0.8438391196177975,15.217
2025-11-02T10:15:00Z,0.8435110356282962,15.222
2025-11-02T10:30:00Z,0.8444952875967999,15.228
2025-11-02T10:45:00Z,0.8441672036072987,15.233
2025-11-02T11:00:00Z,0.8428548676492937,15.238
2025-11-02T11:15:00Z,0.8449962478149331,15.242
2025-11-02T11:30:00Z,0.8454972080330592,15.25
2025-11-02T11:45:00Z,0.8489509241566964,15.254
2025-11-02T12:00:00Z,0.8410769084086596,15.259
2025-11-02T12:15:00Z,0.8445306245322968,15.262
2025-11-02T12:30:00Z,0.8499528445929556,15.267
2025-11-02T12:45:00Z,0.8424069128344271,15.273
2025-11-02T13:00:00Z,0.8438921250210498,15.276
2025-11-02T13:15:00Z,0.8447211692286913,15.281
2025-11-02T13:30:00Z,0.8458782974258128,15.286
2025-11-02T13:45:00Z,0.8383323656672843,15.289
2025-11-02T14:00:00Z,0.8362086539694005,15.295
2025-11-02T14:15:00Z,0.8449117139250646,15.296
2025-11-02T14:30:00Z,0.8472083018515733,15.302
2025-11-02T14:45:00Z,0.8429432099880572,15.306
2025-11-02T15:00:00Z,0.8452397979145658,15.31
2025-11-02T15:15:00Z,0.8475363858410745,15.314
2025-11-02T15:30:00Z,0.8455678819040671,15.317
2025-11-02T15:45:00Z,0.8501610577570844,15.321
2025-11-02T16:00:00Z,0.8398175778539212,15.326
2025-11-02T16:15:00Z,0.8458959658935683,15.329
2025-11-02T16:30:00Z,0.8496777660067067,15.334
2025-11-02T16:45:00Z,0.8470530940906968,15.338
2025-11-02T17:00:00Z,0.8493496820172055,15.342
2025-11-02T17:15:00Z,0.8403185380720473,15.346
2025-11-02T17:30:00Z,0.8422870420090547,15.351
2025-11-02T17:45:00Z,0.8472083018515733,15.355
2025-11-02T18:00:00Z,0.8371929059379113,15.359
2025-11-02T18:15:00Z,0.8408018298224249,15.365
2025-11-02T18:30:00Z,0.8437545857279289,15.367
2025-11-02T18:45:00Z,0.8486758455704546,15.373
2025-11-02T19:00:00Z,0.8403008696042917,15.379
2025-11-02T19:15:00Z,0.839316617635788,15.383
2025-11-02T19:30:00Z,0.8470354256229413,15.385
2025-11-02T19:45:00Z,0.8457230896649435,15.39
2025-11-02T20:00:00Z,0.8396447016252893,15.393
2025-11-02T20:15:00Z,0.8448940454573091,15.399
2025-11-02T20:30:00Z,0.8424245813021827,15.402
2025-11-02T20:45:00Z,0.8396270331575266,15.408
2025-11-02T21:00:00Z,0.8432359570420473,15.414
2025-11-02T21:15:00Z,0.8445482930000523,15.418
2025-11-02T21:30:00Z,0.8484853008740671,15.421
2025-11-02T21:45:00Z,0.8471729649160622,15.424
2025-11-02T22:00:00Z,0.8455325449685489,15.429
2025-11-02T22:15:00Z,0.8371575690024073,15.433
2025-11-02T22:30:00Z,0.8430630808134296,15.437
2025-11-02T22:45:00Z,0.846343920708442,15.442
2025-11-02T23:00:00Z,0.8387979889499135,15.445
2025-11-02T23:15:00Z,0.8406112851260303,15.447
2025-11-02T23:30:00Z,0.8486581771026991,15.449
2025-11-02T23:45:00Z,0.8376585292205192,15.452
2025-11-03T00:00:00Z,0.8376585292205192,15.455
2025-11-03T00:15:00Z,0.8370023612415167,15.457
2025-11-03T00:30:00Z,0.8473458411447012,15.461
2025-11-03T00:45:00Z,0.8379866132100204,15.464
2025-11-03T01:00:00Z,0.837330445231018,15.465
2025-11-03T01:15:00Z,0.8356900252835189,15.471
2025-11-03T01:30:00Z,0.8447211692286913,15.471
2025-11-03T01:45:00Z,0.8381594894386595,15.473
2025-11-03T02:00:00Z,0.837503321459657,15.475
2025-11-03T02:15:00Z,0.846206381415314,15.479
2025-11-03T02:30:00Z,0.8468625493943165,15.481
2025-11-03T02:45:00Z,0.8381594894386595,15.482
2025-11-03T03:00:00Z,0.8391437414071632,15.486
2025-11-03T03:15:00Z,0.8394718253966644,15.488
2025-11-03T03:30:00Z,0.8437369172601805,15.489
2025-11-03T03:45:00Z,0.8350338573045093,15.491
2025-11-03T04:00:00Z,0.8399551171470279,15.492
2025-11-03T04:15:00Z,0.8361733170339036,15.494
2025-11-03T04:30:00Z,0.8397822409184172,15.496
2025-11-03T04:45:00Z,0.8440473327819333,15.5
2025-11-03T05:00:00Z,0.8466720046979432,15.5
2025-11-03T05:15:00Z,0.8389531967107757,15.502
2025-11-03T05:30:00Z,0.839281280700277,15.501
2025-11-03T05:45:00Z,0.8396093646897782,15.504
2025-11-03T06:00:00Z,0.8422340366057881,15.503
2025-11-03T06:15:00Z,0.8432182885742989,15.505
2025-11-03T06:30:00Z,0.8358275645766398,15.506
2025-11-03T06:45:00Z,0.840092656440163,15.507
2025-11-03T07:00:00Z,0.8427173283561729,15.506
2025-11-03T07:15:00Z,0.8420611603771704,15.507
2025-11-03T07:30:00Z,0.8430454123456741,15.508
2025-11-03T07:45:00Z,0.8473105042091902,15.508
2025-11-03T08:00:00Z,0.841232116169536,15.509
2025-11-03T08:15:00Z,0.8458252920225533,15.511
2025-11-03T08:30:00Z,0.8474657119700595,15.513
2025-11-03T08:45:00Z,0.8464814600015558,15.516
2025-11-03T09:00:00Z,0.8432006201065434,15.516
2025-11-03T09:15:00Z,0.8428725361170422,15.517
2025-11-03T09:30:00Z,0.8428725361170422,15.519
2025-11-03T09:45:00Z,0.8454972080330592,15.521
2025-11-03T10:00:00Z,0.8358098961088913,15.525
2025-11-03T10:15:00Z,0.8354818121193901,15.526
2025-11-03T10:15:00Z,0.8354818121193901,15.526
2025-11-03T10:30:00Z,0.8432006201065434,15.527
2025-11-03T10:45:00Z,0.8422163681380397,15.531
2025-11-03T11:00:00Z,0.8435287040960446,15.532
2025-11-03T11:15:00Z,0.8435287040960446,15.534
2025-11-03T11:30:00Z,0.8395916962220298,15.54
2025-11-03T11:45:00Z,0.8433734963351753,15.542
2025-11-03T12:00:00Z,0.8471552964483067,15.545
2025-11-03T12:15:00Z,0.8399374486792794,15.548
2025-11-03T12:30:00Z,0.8437192487924321,15.552
2025-11-03T12:45:00Z,0.8420788288449259,15.556
2025-11-03T13:00:00Z,0.8387979889499135,15.559
2025-11-03T13:15:00Z,0.8465167969370597,15.562
2025-11-03T13:30:00Z,0.8488133848635684,15.567
2025-11-03T13:45:00Z,0.8438921250210498,15.569
2025-11-03T14:00:00Z,0.8392989491680325,15.572
2025-11-03T14:15:00Z,0.8460335051866892,15.577
2025-11-03T14:30:00Z,0.8417684133231731,15.582
2025-11-03T14:45:00Z,0.8384875734281607,15.587
2025-11-03T15:00:00Z,0.847518717373319,15.591
2025-11-03T15:15:00Z,0.8416132055622967,15.594
2025-11-03T15:30:00Z,0.8389885336462868,15.6
2025-11-03T15:45:00Z,0.838004281677776,15.606
2025-11-03T16:00:00Z,0.8458782974258128,15.61
2025-11-03T16:15:00Z,0.8381594894386595,15.618
2025-11-03T16:30:00Z,0.836190985501652,15.622
2025-11-03T16:45:00Z,0.8394718253966644,15.628
2025-11-03T17:00:00Z,0.8450492532181926,15.635
2025-11-03T17:15:00Z,0.8434088332706793,15.641
2025-11-03T17:30:00Z,0.8427526652916768,15.646
2025-11-03T17:45:00Z,0.8414403293336719,15.651
2025-11-03T18:00:00Z,0.8363461932625214,15.659
2025-11-03T18:15:00Z,0.8399551171470279,15.664
2025-11-03T18:30:00Z,0.8376585292205192,15.67
2025-11-03T18:45:00Z,0.8363461932625214,15.675
2025-11-03T19:00:00Z,0.844393085239183,15.68
2025-11-03T19:15:00Z,0.8350338573045093,15.685
2025-11-03T19:30:00Z,0.8409393691155387,15.688
2025-11-03T19:45:00Z,0.8378137369814098,15.693
2025-11-03T20:00:00Z,0.8437192487924321,15.695
2025-11-03T20:15:00Z,0.8353442728262621,15.697
2025-11-03T20:30:00Z,0.8333757688892547,15.697
2025-11-03T20:45:00Z,0.8346881048472596,15.698
2025-11-03T21:00:00Z,0.8366566087842671,15.702
2025-11-03T21:15:00Z,0.8386251127212745,15.7
2025-11-03T21:30:00Z,0.8409217006477903,15.703
2025-11-03T21:45:00Z,0.8354994805871385,15.704
2025-11-03T22:00:00Z,0.8358275645766398,15.705
2025-11-03T22:15:00Z,0.8348433126081432,15.704
2025-11-03T22:30:00Z,0.8325467246816345,15.705
2025-11-03T22:45:00Z,0.8432182885742989,15.704
2025-11-03T23:00:00Z,0.8348433126081432,15.703
2025-11-03T23:15:00Z,0.8391084044716521,15.702
2025-11-03T23:30:00Z,0.8397645724506617,15.702
2025-11-03T23:45:00Z,0.8320457644635013,15.7
2025-11-04T00:00:00Z,0.8323738484530026,15.698
2025-11-04T00:15:00Z,0.8376231922850224,15.696
2025-11-04T00:30:00Z,0.8392636122325285,15.693
2025-11-04T00:45:00Z,0.8295763003083678,15.692
2025-11-04T01:00:00Z,0.8295763003083678,15.688
2025-11-04T01:15:00Z,0.8299043842978691,15.683
2025-11-04T01:30:00Z,0.8389355282430273,15.681
2025-11-04T01:45:00Z,0.8279358803608616,15.681
2025-11-04T02:00:00Z,0.8308886362663728,15.678
2025-11-04T02:15:00Z,0.8302324682873703,15.677
2025-11-04T02:30:00Z,0.8366389403165186,15.676
2025-11-04T02:45:00Z,0.8333581004215063,15.673
2025-11-04T03:00:00Z,0.8310615124949976,15.668
2025-11-04T03:15:00Z,0.8297491765369855,15.666
2025-11-04T03:30:00Z,0.8290930085579902,15.668
2025-11-04T03:45:00Z,0.8277806725999781,15.666
2025-11-04T04:00:00Z,0.8341871446291336,15.664
2025-11-04T04:15:00Z,0.8277806725999781,15.661
2025-11-04T04:30:00Z,0.8313895964844988,15.658
2025-11-04T04:45:00Z,0.8249831244553505,15.655
2025-11-04T05:00:00Z,0.8289201323293653,15.651
2025-11-04T05:15:00Z,0.831216720255874,15.649
2025-11-04T05:30:00Z,0.8315448042453752,15.645
2025-11-04T05:45:00Z,0.8322009722243777,15.641
2025-11-04T06:00:00Z,0.8322009722243777,15.634
2025-11-04T06:15:00Z,0.8351537281298889,15.631
2025-11-04T06:30:00Z,0.8384345680249012,15.625
2025-11-04T06:45:00Z,0.8310438440272492,15.618
2025-11-04T07:00:00Z,0.8372774398277656,15.615
2025-11-04T07:15:00Z,0.8302147998196148,15.612
2025-11-04T07:30:00Z,0.8367764796096395,15.607
2025-11-04T07:45:00Z,0.8420258234416593,15.603
2025-11-04T08:00:00Z,0.8336508474754964,15.604
2025-11-04T08:15:00Z,0.8349631834335014,15.601
2025-11-04T08:30:00Z,0.8339789314649977,15.601
2025-11-04T08:45:00Z,0.8366036033810076,15.601
2025-11-04T09:00:00Z,0.8402125272655283,15.599
2025-11-04T09:15:00Z,0.8402125272655283,15.602
2025-11-04T09:30:00Z,0.8405406112550295,15.603
2025-11-04T09:45:00Z,0.841196779234032,15.606
2025-11-04T10:00:00Z,0.8418529472130274,15.607
2025-11-04T10:15:00Z,0.8389001913075163,15.611
2025-11-04T10:30:00Z,0.8392282752970175,15.614
2025-11-04T10:45:00Z,0.8295409633728639,15.618
2025-11-04T11:00:00Z,0.8301971313518592,15.621
2025-11-04T11:15:00Z,0.8295409633728639,15.623
2025-11-04T11:30:00Z,0.8375878553495184,15.625
2025-11-04T11:45:00Z,0.8352912674230097,15.627
2025-11-04T12:00:00Z,0.8336508474754964,15.629
2025-11-04T12:15:00Z,0.836120311630637,15.633
2025-11-04T12:30:00Z,0.8385897757857776,15.637
2025-11-04T12:45:00Z,0.8336685159432591,15.637
2025-11-04T13:00:00Z,0.8394188199934121,15.64
2025-11-04T13:15:00Z,0.8338413921718839,15.643
2025-11-04T13:30:00Z,0.8386074442535261,15.647
2025-11-04T13:45:00Z,0.8300772605264868,15.65
2025-11-04T14:00:00Z,0.8304053445159951,15.653
2025-11-04T14:15:00Z,0.8287649245684889,15.655
2025-11-04T14:30:00Z,0.8364837325556422,15.658
2025-11-04T14:45:00Z,0.8354994805871385,15.66
2025-11-04T15:00:00Z,0.8335309766501311,15.665
2025-11-04T15:15:00Z,0.8354994805871385,15.666
2025-11-04T15:30:00Z,0.8325467246816345,15.672
2025-11-04T15:45:00Z,0.8412497846372915,15.675
2025-11-04T16:00:00Z,0.8315624727131237,15.679
2025-11-04T16:15:00Z,0.8299220527656246,15.683
2025-11-04T16:30:00Z,0.8382970287317804,15.685
2025-11-04T16:45:00Z,0.8356723568157705,15.689
2025-11-04T17:00:00Z,0.8346881048472596,15.691
2025-11-04T17:15:00Z,0.8366566087842671,15.697
2025-11-04T17:30:00Z,0.8360004408052646,15.701
2025-11-04T17:45:00Z,0.8369846927737683,15.703
2025-11-04T18:00:00Z,0.8389531967107757,15.707
2025-11-04T18:15:00Z,0.8286097168076125,15.711
2025-11-04T18:30:00Z,0.8286097168076125,15.715
2025-11-04T18:45:00Z,0.8325467246816345,15.718
2025-11-04T19:00:00Z,0.8335309766501311,15.722
2025-11-04T19:15:00Z,0.8381241525031555,15.726
2025-11-04T19:30:00Z,0.8304053445159951,15.728
2025-11-04T19:45:00Z,0.8320457644635013,15.734
2025-11-04T20:00:00Z,0.8322009722243777,15.738
2025-11-04T20:15:00Z,0.8349808519012569,15.74
2025-11-04T20:30:00Z,0.8315271357776197,15.747
2025-11-04T20:45:00Z,0.8331675557251259,15.75
2025-11-04T21:00:00Z,0.8287295876329779,15.755
2025-11-04T21:15:00Z,0.8297138396014816,15.759
2025-11-04T21:30:00Z,0.8343070154544989,15.762
2025-11-04T21:45:00Z,0.8292128793833626,15.767
2025-11-04T22:00:00Z,0.8321656352888738,15.771
2025-11-04T22:15:00Z,0.8282286274148518,15.774
2025-11-04T22:30:00Z,0.831181383320363,15.778
2025-11-04T22:45:00Z,0.8219950316143283,15.782
2025-11-04T23:00:00Z,0.8364483956201383,15.783
2025-11-04T23:00:00Z,0.8364483956201383,15.783
2025-11-04T23:15:00Z,0.8262777919455928,15.788
2025-11-04T23:30:00Z,0.8246373719980937,15.791
2025-11-04T23:45:00Z,0.8297138396014816,15.795
2025-11-05T00:00:00Z,0.8305252153413605,15.796
2025-11-05T00:15:00Z,0.8270714992177162,15.799
2025-11-05T00:30:00Z,0.8283838351757282,15.802
2025-11-05T00:45:00Z,0.8244468273017063,15.803
2025-11-05T01:00:00Z,0.8341341392258812,15.809
2025-11-05T01:15:00Z,0.8300242551232344,15.812
2025-11-05T01:30:00Z,0.8290400031547307,15.811
2025-11-05T01:45:00Z,0.83380605523638,15.815
2025-11-05T02:00:00Z,0.8343070154544989,15.817
2025-11-05T02:15:00Z,0.8306980915699853,15.82
2025-11-05T02:30:00Z,0.8256039554988419,15.821
2025-11-05T02:45:00Z,0.8354464751838862,15.825
2025-11-05T03:00:00Z,0.8341164707581257,15.826
2025-11-05T03:15:00Z,0.8331322187896149,15.828
2025-11-05T03:30:00Z,0.8352559304875058,15.83
2025-11-05T03:45:00Z,0.8265528705318346,15.831
2025-11-05T04:00:00Z,0.8316470066029851,15.832
2025-11-05T04:15:00Z,0.8288494584583432,15.834
2025-11-05T04:30:00Z,0.8293327502087209,15.835
2025-11-05T04:45:00Z,0.825395742334706,15.834
2025-11-05T05:00:00Z,0.8308179623953507,15.834
2025-11-05T05:15:00Z,0.8265528705318346,15.835
2025-11-05T05:30:00Z,0.8296785026659776,15.833
2025-11-05T05:45:00Z,0.8309908386239897,15.833
2025-11-05T06:00:00Z,0.8280380827184786,15.828
2025-11-05T06:15:00Z,0.835584014477007,15.829
2025-11-05T06:30:00Z,0.8337707183008618,15.83
2025-11-05T06:45:00Z,0.8286765822297184,15.826
2025-11-05T07:00:00Z,0.8324407138751084,15.824
2025-11-05T07:00:00Z,0.8324407138751084,15.824
2025-11-05T07:15:00Z,0.8270184938144567,15.821
2025-11-05T07:30:00Z,0.8289869977514641,15.82
2025-11-05T07:45:00Z,0.831611669667474,15.82
2025-11-05T08:00:00Z,0.8307826254598538,15.82
2025-11-05T08:15:00Z,0.8270008253467154,15.82
2025-11-05T08:30:00Z,0.8355310090737476,15.821
2025-11-05T08:45:00Z,0.8320772929501032,15.819
2025-11-05T09:00:00Z,0.8322325007109868,15.82
2025-11-05T09:15:00Z,0.82812261660834,15.821
2025-11-05T09:30:00Z,0.8314034565033523,15.822
2025-11-05T09:45:00Z,0.8254979446923301,15.824
2025-11-05T10:00:00Z,0.8271383646398363,15.824
2025-11-05T10:15:00Z,0.8271383646398363,15.827
2025-11-05T10:30:00Z,0.8401065164590165,15.827
2025-11-05T10:45:00Z,0.8353404643773672,15.83
2025-11-05T11:00:00Z,0.8356685483668684,15.834
2025-11-05T11:15:00Z,0.8342010046479942,15.835
2025-11-05T11:30:00Z,0.8360143008241252,15.837
2025-11-05T11:45:00Z,0.8314211249711008,15.84
2025-11-05T12:00:00Z,0.830609749231229,15.843
2025-11-05T12:15:00Z,0.8276569933257178,15.845
2025-11-05T12:30:00Z,0.829798373491343,15.846
2025-11-05T12:45:00Z,0.8312835856779728,15.849
2025-11-05T13:00:00Z,0.8357215537701137,15.85
2025-11-05T13:15:00Z,0.8304722099380939,15.851
2025-11-05T13:30:00Z,0.839175269893758,15.854
2025-11-05T13:45:00Z,0.8339259260617382,15.858
2025-11-05T14:00:00Z,0.8316293381352295,15.859
2025-11-05T14:15:00Z,0.8319574221247308,15.861
2025-11-05T14:30:00Z,0.8329416740932416,15.862
2025-11-05T14:45:00Z,0.8322855061142391,15.867
2025-11-05T15:00:00Z,0.8380358101643779,15.869
2025-11-05T15:15:00Z,0.8357392222378692,15.872
2025-11-05T15:30:00Z,0.8324583823428569,15.874
2025-11-05T15:45:00Z,0.8301617944163482,15.879
2025-11-05T16:00:00Z,0.8324583823428569,15.881
2025-11-05T16:15:00Z,0.8360673062273776,15.884
2025-11-05T16:30:00Z,0.8309731701562271,15.887
2025-11-05T16:45:00Z,0.8326135901037404,15.89
2025-11-05T17:00:00Z,0.8303170021772317,15.895
2025-11-05T17:15:00Z,0.8326135901037404,15.899
2025-11-05T17:30:00Z,0.8385191019147626,15.902
2025-11-05T17:45:00Z,0.8388471859042568,15.905
2025-11-05T18:00:00Z,0.836049637759622,15.909
2025-11-05T18:15:00Z,0.8396585616441357,15.912
2025-11-05T18:30:00Z,0.8380181416966295,15.917
2025-11-05T18:45:00Z,0.8353934697806196,15.919
2025-11-05T19:00:00Z,0.831784545896106,15.923
2025-11-05T19:15:00Z,0.829159873980096,15.925
2025-11-05T19:30:00Z,0.8311283779171035,15.928
2025-11-05T19:45:00Z,0.8324407138751084,15.93
2025-11-05T20:00:00Z,0.8403147296231381,15.932
2025-11-05T20:15:00Z,0.8342363415834839,15.932
2025-11-05T20:30:00Z,0.8362048455204913,15.928
2025-11-05T20:45:00Z,0.8335801736044814,15.925
2025-11-05T21:00:00Z,0.8306274176989703,15.922
2025-11-05T21:15:00Z,0.8273465778039579,15.92
2025-11-05T21:30:00Z,0.8276746617934592,15.921
2025-11-05T21:45:00Z,0.8286589137619629,15.917
2025-11-05T22:00:00Z,0.8266904098249555,15.917
2025-11-05T22:15:00Z,0.8319397536569753,15.907
2025-11-05T22:30:00Z,0.8280027457829604,15.895
2025-11-05T22:45:00Z,0.8263623258354542,15.891
2025-11-05T23:00:00Z,0.8257061578564517,15.884
2025-11-05T23:15:00Z,0.8327687978646097,15.879
2025-11-05T23:30:00Z,0.8298160419590985,15.869
2025-11-05T23:45:00Z,0.827847538022084,15.857
2025-11-06T00:00:00Z,0.8262071180745849,15.852
2025-11-06T00:15:00Z,0.8245666981270787,15.843
2025-11-06T00:30:00Z,0.8313012541457283,15.832
2025-11-06T00:45:00Z,0.8260519103137085,15.824
2025-11-06T01:00:00Z,0.8227710704186961,15.814
2025-11-06T01:15:00Z,0.8301617944163482,15.806
2025-11-06T01:30:00Z,0.8209754427103135,15.798
2025-11-06T01:45:00Z,0.8270538307499677,15.783
2025-11-06T02:00:00Z,0.8234449068654541,15.774
2025-11-06T02:15:00Z,0.8298513788946025,15.761
2025-11-06T02:30:00Z,0.8301794628841037,15.749
2025-11-06T02:45:00Z,0.8314917988421158,15.737
2025-11-06T03:00:00Z,0.8311637148526145,15.722
2025-11-06T03:15:00Z,0.8262424550100889,15.709
2025-11-06T03:30:00Z,0.8316646750707406,15.697
2025-11-06T03:45:00Z,0.8290400031547307,15.686
2025-11-06T04:00:00Z,0.8224783233647059,15.674
2025-11-06T04:15:00Z,0.8288847953938614,15.662
2025-11-06T04:30:00Z,0.822979283582832,15.646
2025-11-06T04:45:00Z,0.831682343538489,15.636
2025-11-06T05:00:00Z,0.8300419235909828,15.618
2025-11-06T05:15:00Z,0.8306980915699853,15.603
2025-11-06T05:30:00Z,0.8267610836959705,15.58
2025-11-06T05:45:00Z,0.8228240758219556,15.566
2025-11-06T06:00:00Z,0.8280734196539754,15.551
2025-11-06T06:15:00Z,0.8242916195408441,15.535
2025-11-06T06:30:00Z,0.8249477875198394,15.519
2025-11-06T06:45:00Z,0.8318375512993725,15.507
2025-11-06T07:00:00Z,0.8221502393751976,15.491
2025-11-06T07:15:00Z,0.8277276671967257,15.48
2025-11-06T07:30:00Z,0.8300242551232344,15.472
2025-11-06T07:45:00Z,0.8246020350625827,15.463
2025-11-06T08:00:00Z,0.827882874957595,15.456
2025-11-06T08:15:00Z,0.8246020350625827,15.454
2025-11-06T08:30:00Z,0.8282109589470963,15.453
2025-11-06T08:45:00Z,0.8249301190520839,15.457
2025-11-06T09:00:00Z,0.8249301190520839,15.462
2025-11-06T09:15:00Z,0.8385544388502666,15.473
2025-11-06T09:30:00Z,0.8356016829447555,15.481
2025-11-06T09:45:00Z,0.834945514965753,15.49
2025-11-06T10:00:00Z,0.8339612629972493,15.496
2025-11-06T10:15:00Z,0.8326489270392443,15.505
2025-11-06T10:30:00Z,0.8318375512993725,15.513
2025-11-06T10:45:00Z,0.8331498872573704,15.52
2025-11-06T11:00:00Z,0.8282286274148518,15.525
2025-11-06T11:15:00Z,0.8359474354020051,15.527
2025-11-06T11:30:00Z,0.8284015036434766,15.532
2025-11-06T11:45:00Z,0.8282462958826073,15.532
2025-11-06T12:00:00Z,0.8297315080692371,15.534
2025-11-06T12:15:00Z,0.8341694761613923,15.536
2025-11-06T12:30:00Z,0.8308886362663728,15.538
2025-11-06T12:45:00Z,0.8333581004215063,15.541
2025-11-06T13:00:00Z,0.8304053445159951,15.544
2025-11-06T13:15:00Z,0.8345152286186419,15.546
2025-11-06T13:30:00Z,0.8353442728262621,15.549
2025-11-06T13:45:00Z,0.8261579211202275,15.551
2025-11-06T14:00:00Z,0.8322363091598888,15.555
2025-11-06T14:15:00Z,0.8266588813383606,15.558
2025-11-06T14:30:00Z,0.8333934373570102,15.561
2025-11-06T14:45:00Z,0.8301125974619907,15.565
2025-11-06T15:00:00Z,0.8284721775144916,15.567
2025-11-06T15:15:00Z,0.8342224815646446,15.57
2025-11-06T15:30:00Z,0.8256922978376124,15.574
2025-11-06T15:45:00Z,0.8334111058247657,15.578
2025-11-06T16:00:00Z,0.8320987698667608,15.581
2025-11-06T16:15:00Z,0.8304583499192475,15.585
2025-11-06T16:30:00Z,0.8350515257722719,15.588
2025-11-06T16:45:00Z,0.8311145178982571,15.593
2025-11-06T17:00:00Z,0.8307864339087487,15.598
2025-11-06T17:15:00Z,0.8394894938644129,15.602
2025-11-06T17:30:00Z,0.8329278140743881,15.608
2025-11-06T17:45:00Z,0.8358805699798992,15.612
2025-11-06T18:00:00Z,0.8371929059379113,15.616
2025-11-06T18:15:00Z,0.8365367379589017,15.621
2025-11-06T18:30:00Z,0.8335839820533906,15.624
2025-11-06T18:45:00Z,0.8312873941268819,15.627
2025-11-06T19:00:00Z,0.8296469741793828,15.629
2025-11-06T19:15:00Z,0.8348963180114026,15.634
2025-11-06T19:30:00Z,0.8352244020009039,15.637
2025-11-06T19:45:00Z,0.8352244020009039,15.64
2025-11-06T20:00:00Z,0.8322716460953927,15.642
2025-11-06T20:15:00Z,0.8358805699798992,15.637
2025-11-06T20:30:00Z,0.832599730084894,15.627
2025-11-06T20:45:00Z,0.8335839820533906,15.618
2025-11-06T21:00:00Z,0.8378490739169138,15.604
2025-11-06T21:15:00Z,0.8271775100242351,15.589
2025-11-06T21:30:00Z,0.8275055940137364,15.574
2025-11-06T21:45:00Z,0.8271775100242351,15.559
2025-11-06T22:00:00Z,0.8284898459822472,15.544
2025-11-06T22:15:00Z,0.8265213420452397,15.531
2025-11-06T22:30:00Z,0.8271775100242351,15.514
2025-11-06T22:45:00Z,0.8265213420452397,15.498
2025-11-06T23:00:00Z,0.8255370900767289,15.476
2025-11-06T23:15:00Z,0.8345682340218943,15.462
2025-11-06T23:30:00Z,0.8316154781163831,15.451
2025-11-06T23:45:00Z,0.8270223022633658,15.439
2025-11-07T00:00:00Z,0.8247257143368572,15.43
2025-11-07T00:15:00Z,0.8311321863660126,15.426
2025-11-07T00:30:00Z,0.8265390105129953,15.419
2025-11-07T00:45:00Z,0.8358982384476548,15.407
2025-11-07T01:00:00Z,0.830648894615635,15.397
2025-11-07T01:15:00Z,0.826711886741613,15.385
2025-11-07T01:30:00Z,0.8344306947287734,15.371
2025-11-07T01:45:00Z,0.8268847629702449,15.362
2025-11-07T02:00:00Z,0.82557242701224,15.35
2025-11-07T02:15:00Z,0.8326350670203979,15.34
2025-11-07T02:30:00Z,0.8323069830308896,15.329
2025-11-07T02:45:00Z,0.8319788990413954,15.316
2025-11-07T03:00:00Z,0.8267295552093685,15.3
2025-11-07T03:15:00Z,0.8305113553225141,15.283
2025-11-07T03:30:00Z,0.8226373395744844,15.267
2025-11-07T03:45:00Z,0.8323246514986451,15.25
2025-11-07T04:00:00Z,0.8300280635721364,15.234
2025-11-07T04:15:00Z,0.8300280635721364,15.218
2025-11-07T04:30:00Z,0.8313403995301414,15.202
2025-11-07T04:45:00Z,0.8329808194776476,15.188
2025-11-07T05:00:00Z,0.824933927500993,15.178
2025-11-07T05:15:00Z,0.8236215915429881,15.164
2025-11-07T05:30:00Z,0.8285428513855067,15.149
2025-11-07T05:45:00Z,0.8252620114904943,15.139
2025-11-07T06:00:00Z,0.8291990193645162,15.128
2025-11-07T06:15:00Z,0.8237767993038574,15.119
2025-11-07T06:30:00Z,0.8286980591463831,15.11
2025-11-07T06:45:00Z,0.8359159069154103,15.102
2025-11-07T07:00:00Z,0.824260091054235,15.09
2025-11-07T07:15:00Z,0.8281970989282499,15.083
2025-11-07T07:30:00Z,0.8321341068022647,15.074
2025-11-07T07:45:00Z,0.8347587787182746,15.054
2025-11-07T08:00:00Z,0.8240872148256031,15.041
2025-11-07T08:15:00Z,0.8354149466972771,15.029
2025-11-07T08:30:00Z,0.8386957865922966,15.023
2025-11-07T08:45:00Z,0.8247433828046056,15.014
2025-11-07T09:00:00Z,0.8370553666447833,15.004
2025-11-07T09:15:00Z,0.8319612305736328,14.996
2025-11-07T09:30:00Z,0.8332735665316449,14.993
2025-11-07T09:45:00Z,0.8342578185001415,14.992
2025-11-07T10:00:00Z,0.8313050625946303,14.993
2025-11-07T10:15:00Z,0.8270399707311142,14.991
2025-11-07T10:30:00Z,0.8331183587707685,14.992
2025-11-07T10:45:00Z,0.838212494841919,14.996
2025-11-07T11:00:00Z,0.8393696230390546,14.998
2025-11-07T11:15:00Z,0.8314956072910249,15.004
2025-11-07T11:30:00Z,0.8346212394251538,15.009
2025-11-07T11:45:00Z,0.8397153754963043,15.017
2025-11-07T12:00:00Z,0.8408725036934328,15.026
2025-11-07T12:15:00Z,0.841373463911566,15.032
2025-11-07T12:30:00Z,0.8312028602370276,15.042
2025-11-07T12:45:00Z,0.832359988434149,15.05
2025-11-07T13:00:00Z,0.8441886805239562,15.06
2025-11-07T13:15:00Z,0.8343461608389191,15.071
2025-11-07T13:30:00Z,0.8427211368050749,15.081
2025-11-07T13:45:00Z,0.8351752050465464,15.091
2025-11-07T14:00:00Z,0.8392850891491861,15.101
2025-11-07T14:15:00Z,0.8317391573906576,15.112
2025-11-07T14:30:00Z,0.8300987374431514,15.121
2025-11-07T14:45:00Z,0.8374894614408035,15.132
2025-11-07T15:00:00Z,0.8322401176087837,15.145
2025-11-07T15:15:00Z,0.8319120336192753,15.152
2025-11-07T15:30:00Z,0.829943529682275,15.162
2025-11-07T15:45:00Z,0.841271261553949,15.172
2025-11-07T16:00:00Z,0.8383185056484308,15.179
2025-11-07T16:15:00Z,0.8353657497429197,15.189
2025-11-07T16:30:00Z,0.8360219177219292,15.2
2025-11-07T16:45:00Z,0.8373342536799342,15.207
2025-11-07T17:00:00Z,0.8376623376694283,15.217
2025-11-07T17:15:00Z,0.8356938337324209,15.226
2025-11-07T17:30:00Z,0.8363500017114305,15.233
2025-11-07T17:45:00Z,0.8373342536799342,15.242
2025-11-07T18:00:00Z,0.8419274295329515,15.253
2025-11-07T18:15:00Z,0.8465206053859688,15.258
2025-11-07T18:30:00Z,0.8432397654909494,15.268
2025-11-07T18:45:00Z,0.8396308416064429,15.278
2025-11-07T19:00:00Z,0.8503024054991144,15.287
2025-11-07T19:15:00Z,0.8476777335831045,15.294
2025-11-07T19:30:00Z,0.8466934816145937,15.302
2025-11-07T19:45:00Z,0.8463653976250924,15.31
2025-11-07T20:00:00Z,0.841271261553949,15.319
2025-11-07T20:15:00Z,0.8335524535667886,15.323
2025-11-07T20:30:00Z,0.8358490414932973,15.333
2025-11-07T20:45:00Z,0.8407703013358159,15.339
2025-11-07T21:00:00Z,0.843723057241327,15.343
2025-11-07T21:15:00Z,0.8376446692016799,15.352
2025-11-07T21:30:00Z,0.8386289211701907,15.356
2025-11-07T21:45:00Z,0.8412535930862006,15.359
2025-11-07T22:00:00Z,0.843222097023208,15.363
2025-11-07T22:15:00Z,0.8348471210570452,15.362
2025-11-07T22:30:00Z,0.8338628690885344,15.358
2025-11-07T22:45:00Z,0.8351752050465464,15.349
2025-11-07T23:00:00Z,0.8377998769625563,15.341
2025-11-07T23:15:00Z,0.8384560449415588,15.333
2025-11-07T23:30:00Z,0.8430492207945761,15.319
2025-11-07T23:45:00Z,0.8343461608389191,15.307
2025-11-08T00:00:00Z,0.836970832754929,15.293
2025-11-08T00:15:00Z,0.8379550847234327,15.279
2025-11-08T00:30:00Z,0.8386112527024352,15.266
2025-11-08T00:45:00Z,0.8366427487654278,15.251
2025-11-08T01:00:00Z,0.833033824880907,15.239
2025-11-08T01:15:00Z,0.8327057408914129,15.226
2025-11-08T01:30:00Z,0.835658496796924,15.217
2025-11-08T01:45:00Z,0.8346742448284203,15.205
2025-11-08T02:00:00Z,0.8363146647759265,15.194
2025-11-08T02:15:00Z,0.8346742448284203,15.179
2025-11-08T02:30:00Z,0.8423930528155736,15.164
2025-11-08T02:45:00Z,0.8368156249940455,15.15
2025-11-08T03:00:00Z,0.8328786171200377,15.138
2025-11-08T03:15:00Z,0.8338628690885344,15.124
2025-11-08T03:30:00Z,0.8322224491410353,15.112
2025-11-08T03:45:00Z,0.8325505331305365,15.1
2025-11-08T04:00:00Z,0.836159457015043,15.087
2025-11-08T04:15:00Z,0.831393404933408,15.074
2025-11-08T04:30:00Z,0.8317214889229092,15.06
2025-11-08T04:45:00Z,0.8290968170068993,15.045
2025-11-08T05:00:00Z,0.836970832754929,15.034
2025-11-08T05:15:00Z,0.8279396888097637,15.02
2025-11-08T05:30:00Z,0.831220528704776,15.012
2025-11-08T05:45:00Z,0.832532864662781,15.005
2025-11-08T06:00:00Z,0.8361417885472946,15.006
2025-11-08T06:15:00Z,0.832359988434149,15.008
2025-11-08T06:30:00Z,0.8372812482766747,15.009
2025-11-08T06:45:00Z,0.8318590282160301,15.011
2025-11-08T07:00:00Z,0.8351398681110425,15.014
2025-11-08T07:15:00Z,0.8410453799220647,15.017
2025-11-08T07:30:00Z,0.8320142359768923,15.021
2025-11-08T07:45:00Z,0.8362793278404155,15.022
2025-11-08T08:00:00Z,0.8385759157669241,15.025
2025-11-08T08:15:00Z,0.8344660316642845,15.028
2025-11-08T08:30:00Z,0.8361064516117906,15.032
2025-11-08T08:45:00Z,0.839387291506803,15.037
2025-11-08T09:00:00Z,0.8310123155406401,15.04
2025-11-08T09:15:00Z,0.8323246514986451,15.046
2025-11-08T09:30:00Z,0.829371895593134,15.05
2025-11-08T09:45:00Z,0.8342931554356525,15.055
2025-11-08T10:00:00Z,0.8365897433621612,15.063
2025-11-08T10:15:00Z,0.8359335753831587,15.067
2025-11-08T10:30:00Z,0.8282147673960054,15.075
2025-11-08T10:45:00Z,0.8369178273516624,15.081
2025-11-08T11:00:00Z,0.8359335753831587,15.087
2025-11-08T11:15:00Z,0.8375739953306649,15.094
2025-11-08T11:30:00Z,0.8356054913936575,15.101
2025-11-08T11:45:00Z,0.8372459113411637,15.106
2025-11-08T12:00:00Z,0.8356054913936575,15.114
2025-11-08T12:15:00Z,0.8369178273516624,15.12
2025-11-08T12:30:00Z,0.8306842315511389,15.124
2025-11-08T12:45:00Z,0.8410277114543092,15.132
2025-11-08T13:00:00Z,0.8357783676222894,15.137
2025-11-08T13:15:00Z,0.841200587682934,15.144
2025-11-08T13:30:00Z,0.839888251724922,15.151
2025-11-08T13:45:00Z,0.8352950758719118,15.157
2025-11-08T14:00:00Z,0.831686151987391,15.164
2025-11-08T14:15:00Z,0.8320142359768923,15.172
2025-11-08T14:30:00Z,0.8293895640608824,15.178
2025-11-08T14:45:00Z,0.8367802880585486,15.185
2025-11-08T15:00:00Z,0.833171364174035,15.192
2025-11-08T15:15:00Z,0.8348117841215412,15.199
2025-11-08T15:30:00Z,0.8367802880585486,15.205
2025-11-08T15:45:00Z,0.8357960360900449,15.214
2025-11-08T16:00:00Z,0.8338275321530375,15.221
2025-11-08T16:15:00Z,0.8325151961950326,15.228
2025-11-08T16:30:00Z,0.8341556161425387,15.234
2025-11-08T16:45:00Z,0.8374364560375511,15.241
2025-11-08T17:00:00Z,0.8390768759850644,15.247
2025-11-08T17:15:00Z,0.8346389078929022,15.255
2025-11-08T17:30:00Z,0.831185191769265,15.261
2025-11-08T17:45:00Z,0.8361064516117906,15.268
2025-11-08T18:00:00Z,0.8319965675091439,15.276
2025-11-08T18:15:00Z,0.8385582472991686,15.28
2025-11-08T18:30:00Z,0.8334641112280252,15.289
2025-11-08T18:45:00Z,0.8370730351125459,15.293
2025-11-08T19:00:00Z,0.8319788990413954,15.299
2025-11-08T19:15:00Z,0.8388686628209214,15.303
2025-11-08T19:30:00Z,0.8298375188757561,15.309
2025-11-08T19:45:00Z,0.8334464427602697,15.314
2025-11-08T20:00:00Z,0.8383677026027883,15.318
2025-11-08T20:15:00Z,0.830648894615635,15.323
2025-11-08T20:30:00Z,0.8432889624453068,15.325
2025-11-08T20:45:00Z,0.8332735665316449,15.327
2025-11-08T21:00:00Z,0.8414756662691758,15.329
2025-11-08T21:15:00Z,0.828662722210872,15.33
2025-11-08T21:30:00Z,0.8312873941268819,15.332
2025-11-08T21:45:00Z,0.8358805699798992,15.333
2025-11-08T22:00:00Z,0.8385052418959091,15.333
2025-11-08T22:15:00Z,0.8363638617302769,15.333
2025-11-08T22:30:00Z,0.8422693735412992,15.335
2025-11-08T22:45:00Z,0.8332382295961409,15.338
2025-11-08T23:00:00Z,0.8358629015121508,15.336
2025-11-08T23:15:00Z,0.8427526652916768,15.338
2025-11-08T23:30:00Z,0.8353619412940105,15.341
2025-11-08T23:45:00Z,0.8350338573045093,15.341
2025-11-09T00:00:00Z,0.8314249334199957,15.344
2025-11-09T00:15:00Z,0.8427526652916768,15.346
2025-11-09T00:30:00Z,0.8417684133231731,15.348
2025-11-09T00:45:00Z,0.843080749281178,15.351
2025-11-09T01:00:00Z,0.8333934373570102,15.354
2025-11-09T01:15:00Z,0.8366742772520226,15.355
2025-11-09T01:30:00Z,0.8435640410315486,15.357
2025-11-09T01:45:00Z,0.8406112851260303,15.361
2025-11-09T02:00:00Z,0.8370023612415167,15.362
2025-11-09T02:15:00Z,0.8347057733150081,15.364
2025-11-09T02:30:00Z,0.843080749281178,15.366
2025-11-09T02:45:00Z,0.8397999093861728,15.37
2025-11-09T03:00:00Z,0.837503321459657,15.372
2025-11-09T03:15:00Z,0.8368471534806545,15.373
2025-11-09T03:30:00Z,0.8345505655541459,15.377
2025-11-09T03:45:00Z,0.8371752374701558,15.379
2025-11-09T04:00:00Z,0.8394718253966644,15.38
2025-11-09T04:15:00Z,0.8450492532181926,15.384
2025-11-09T04:30:00Z,0.8379866132100204,15.386
2025-11-09T04:45:00Z,0.8379866132100204,15.387
2025-11-09T05:00:00Z,0.8419236210840424,15.391
2025-11-09T05:15:00Z,0.8445482930000523,15.392
2025-11-09T05:30:00Z,0.8438921250210498,15.393
2025-11-09T05:45:00Z,0.8455325449685489,15.394
2025-11-09T06:00:00Z,0.8391260729394148,15.397
2025-11-09T06:15:00Z,0.8410945768764222,15.399
2025-11-09T06:30:00Z,0.8433911648029309,15.4
2025-11-09T06:45:00Z,0.8399374486792794,15.403
2025-11-09T07:00:00Z,0.8348433126081432,15.403
2025-11-09T07:15:00Z,0.833030016432005,15.406
2025-11-09T07:30:00Z,0.839919780211531,15.403
2025-11-09T07:45:00Z,0.8351537281298889,15.406
2025-11-09T08:00:00Z,0.8358098961088913,15.407
2025-11-09T08:15:00Z,0.8394188199934121,15.408
2025-11-09T08:30:00Z,0.8413873239304124,15.409
2025-11-09T08:45:00Z,0.8430277438779186,15.409
2025-11-09T09:00:00Z,0.8430277438779186,15.41
2025-11-09T09:15:00Z,0.8349808519012569,15.412
2025-11-09T09:30:00Z,0.8376055238172668,15.413
2025-11-09T09:45:00Z,0.8395740277542814,15.415
2025-11-09T10:00:00Z,0.8359651038697677,15.417
2025-11-09T10:15:00Z,0.8423715758989232,15.42
2025-11-09T10:30:00Z,0.8364660640878938,15.422
2025-11-09T10:45:00Z,0.8438567880855459,15.428
2025-11-09T11:00:00Z,0.8428725361170422,15.431
2025-11-09T11:15:00Z,0.8418882841485384,15.437
2025-11-09T11:30:00Z,0.8479666721881927,15.44
2025-11-09T11:45:00Z,0.8433734963351753,15.446
2025-11-09T12:00:00Z,0.837467984524153,15.45
2025-11-09T12:15:00Z,0.8428902045847906,15.455
2025-11-09T12:30:00Z,0.8447035007609358,15.46
2025-11-09T12:45:00Z,0.8430630808134296,15.465
2025-11-09T13:00:00Z,0.8414226608659234,15.47
2025-11-09T13:15:00Z,0.8387979889499135,15.475
2025-11-09T13:30:00Z,0.8425797890630378,15.481
2025-11-09T13:45:00Z,0.8422517050735436,15.488
2025-11-09T14:00:00Z,0.842907873052539,15.49
2025-11-09T14:15:00Z,0.846844880926561,15.498
2025-11-09T14:30:00Z,0.8455325449685489,15.504
2025-11-09T14:45:00Z,0.8374856529919086,15.51
2025-11-09T15:00:00Z,0.8381418209709111,15.517
2025-11-09T15:00:00Z,0.8381418209709111,15.517
2025-11-09T15:15:00Z,0.8414226608659234,15.522
2025-11-09T15:30:00Z,0.8447035007609358,15.527
2025-11-09T15:45:00Z,0.8443754167714346,15.534
2025-11-09T16:00:00Z,0.8373127767632695,15.538
2025-11-09T16:00:00Z,0.8373127767632695,15.538
2025-11-09T16:15:00Z,0.8428902045847906,15.543
2025-11-09T16:30:00Z,0.837467984524153,15.552
2025-11-09T16:45:00Z,0.8391084044716521,15.558
2025-11-09T17:00:00Z,0.8410769084086596,15.562
2025-11-09T17:15:00Z,0.8336861844110075,15.571
2025-11-09T17:30:00Z,0.845670084261684,15.576
2025-11-09T17:45:00Z,0.8376231922850224,15.583
2025-11-09T18:00:00Z,0.8318728882348765,15.586
2025-11-09T18:15:00Z,0.8348256441403876,15.593
2025-11-09T18:15:00Z,0.8348256441403876,15.593
2025-11-09T18:30:00Z,0.8358098961088913,15.597
2025-11-09T18:45:00Z,0.8320280959957458,15.603
2025-11-09T19:00:00Z,0.836293187859269,15.611
2025-11-09T19:15:00Z,0.8272620439141036,15.616
2025-11-09T19:30:00Z,0.8336685159432591,15.624
2025-11-09T19:45:00Z,0.8410592399409111,15.63
2025-11-09T20:00:00Z,0.8390907360039108,15.637
2025-11-09T20:00:00Z,0.8390907360039108,15.637
2025-11-09T20:15:00Z,0.8390907360039108,15.643
2025-11-09T20:30:00Z,0.8400749879724074,15.648
2025-11-09T20:45:00Z,0.8343246839222545,15.653
2025-11-09T21:00:00Z,0.830542883809116,15.656
2025-11-09T21:15:00Z,0.8298867158301135,15.662
2025-11-09T21:30:00Z,0.8341518076936296,15.666
2025-11-09T21:45:00Z,0.8325113877461234,15.67
2025-11-09T22:00:00Z,0.8328394717356247,15.675
2025-11-09T22:15:00Z,0.830542883809116,15.679
2025-11-09T22:30:00Z,0.8415425316912888,15.682
2025-11-09T22:45:00Z,0.830542883809116,15.685
2025-11-09T23:00:00Z,0.8389178597752789,15.689
2025-11-09T23:15:00Z,0.8392459437647801,15.692
2025-11-09T23:30:00Z,0.8402301957332838,15.695
2025-11-09T23:45:00Z,0.8328394717356247,15.699
2025-11-10T00:00:00Z,0.8403854034941531,15.699
2025-11-10T00:15:00Z,0.8352912674230097,15.701
2025-11-10T00:30:00Z,0.8359474354020051,15.703
2025-11-10T00:45:00Z,0.8375878553495184,15.706
2025-11-10T01:00:00Z,0.828556711404353,15.705
2025-11-10T01:15:00Z,0.8331498872573704,15.703
2025-11-10T01:30:00Z,0.8331498872573704,15.702
2025-11-10T01:45:00Z,0.8344622232153824,15.7
2025-11-10T02:00:00Z,0.8341341392258812,15.695
2025-11-10T02:15:00Z,0.8321656352888738,15.689
2025-11-10T02:30:00Z,0.8341341392258812,15.684
2025-11-10T02:45:00Z,0.8288847953938614,15.674
2025-11-10T03:00:00Z,0.83988444327602,15.667
2025-11-10T03:15:00Z,0.8385721073180221,15.657
2025-11-10T03:30:00Z,0.8292128793833626,15.649
2025-11-10T03:45:00Z,0.8301971313518592,15.638
2025-11-10T04:00:00Z,0.8329946794965011,15.63
2025-11-10T04:15:00Z,0.8326665955069998,15.623
2025-11-10T04:30:00Z,0.8310261755594865,15.614
2025-11-10T04:45:00Z,0.8352912674230097,15.607
2025-11-10T05:00:00Z,0.828556711404353,15.597
2025-11-10T05:15:00Z,0.828556711404353,15.591
2025-11-10T05:30:00Z,0.8359474354020051,15.583
2025-11-10T05:45:00Z,0.8366036033810076,15.575
2025-11-10T06:00:00Z,0.8369316873705088,15.566
2025-11-10T06:15:00Z,0.8392282752970175,15.554
2025-11-10T06:30:00Z,0.8387273150788914,15.544
2025-11-10T06:45:00Z,0.8346174309762517,15.53
2025-11-10T07:00:00Z,0.8328041348001136,15.517
2025-11-10T07:15:00Z,0.8324760508106124,15.502
2025-11-10T07:30:00Z,0.8328041348001136,15.487
2025-11-10T07:45:00Z,0.8344445547476269,15.478
2025-11-10T08:00:00Z,0.8433028224641532,15.473
2025-11-10T08:15:00Z,0.8339435945295008,15.466
2025-11-10T08:30:00Z,0.8345997625084962,15.465
2025-11-10T08:45:00Z,0.835584014477007,15.466
2025-11-10T09:00:00Z,0.8365682664455107,15.472
2025-11-10T09:15:00Z,0.836896350435012,15.48
2025-11-10T09:30:00Z,0.8316470066029851,15.487
2025-11-10T09:45:00Z,0.8383815626216347,15.498
2025-11-10T10:00:00Z,0.8377253946426322,15.5
2025-11-10T10:15:00Z,0.8370692266636368,15.511
2025-11-10T10:30:00Z,0.8434756986927852,15.521
2025-11-10T10:45:00Z,0.8401948587977799,15.531
2025-11-10T11:00:00Z,0.8369140189027604,15.544
2025-11-10T11:15:00Z,0.8410239030054072,15.556
2025-11-10T11:30:00Z,0.849398878971563,15.564
2025-11-10T11:45:00Z,0.8367588111418911,15.571
2025-11-10T12:00:00Z,0.8464461230660518,15.578
2025-11-10T12:15:00Z,0.8395563592865187,15.587
2025-11-10T12:30:00Z,0.8436662433891655,15.592
2025-11-10T12:45:00Z,0.8348079756726321,15.597
2025-11-10T13:00:00Z,0.8392459437647801,15.602
2025-11-10T13:15:00Z,0.8397469039829133,15.606
2025-11-10T13:30:00Z,0.8458252920225533,15.611
2025-11-10T13:45:00Z,0.8459981682511852,15.614
2025-11-10T14:00:00Z,0.8440296643141707,15.618
2025-11-10T14:15:00Z,0.8427173283561729,15.621
2025-11-10T14:30:00Z,0.8402478642010323,15.625
2025-11-10T14:45:00Z,0.8344975601508864,15.629
2025-11-10T15:00:00Z,0.8364660640878938,15.633
2025-11-10T15:15:00Z,0.8338413921718839,15.635
2025-11-10T15:30:00Z,0.8425444521275409,15.64
2025-11-10T15:45:00Z,0.8402478642010323,15.644
2025-11-10T16:00:00Z,0.8402478642010323,15.646
2025-11-10T16:15:00Z,0.8382793602640248,15.651
2025-11-10T16:30:00Z,0.8369670243060199,15.657
2025-11-10T16:45:00Z,0.8369670243060199,15.661
2025-11-10T17:00:00Z,0.8376231922850224,15.663
2025-11-10T17:15:00Z,0.8349985203690125,15.668
2025-11-10T17:30:00Z,0.8395916962220298,15.673
2025-11-10T17:45:00Z,0.8409040321800347,15.679
2025-11-10T18:00:00Z,0.8432006201065434,15.684
2025-11-10T18:15:00Z,0.8364660640878938,15.689
2025-11-10T18:30:00Z,0.8353089358907653,15.694
2025-11-10T18:45:00Z,0.8346527679117557,15.698
2025-11-10T19:00:00Z,0.8372774398277656,15.705
2025-11-10T19:15:00Z,0.8344798916831309,15.708
2025-11-10T19:30:00Z,0.8364483956201383,15.712
2025-11-10T19:45:00Z,0.8323385115174915,15.712
2025-11-10T20:00:00Z,0.8351360596621333,15.709
2025-11-10T20:15:00Z,0.8354641436516346,15.701
2025-11-10T20:30:00Z,0.8328394717356247,15.69
2025-11-10T20:45:00Z,0.8270891676854717,15.68
2025-11-10T21:00:00Z,0.8270891676854717,15.667
2025-11-10T21:00:00Z,0.8270891676854717,15.667
2025-11-10T21:15:00Z,0.838744983546647,15.651
2025-11-10T21:30:00Z,0.8377607315781432,15.639
2025-11-10T21:45:00Z,0.8357922276411358,15.632
2025-11-10T22:00:00Z,0.8354641436516346,15.627
2025-11-10T22:15:00Z,0.8308709677986172,15.628
2025-11-10T22:30:00Z,0.8372774398277656,15.632
2025-11-10T22:45:00Z,0.8330123479642566,15.639
2025-11-10T23:00:00Z,0.8277630041322368,15.643
2025-11-10T23:00:00Z,0.8277630041322368,15.643
2025-11-10T23:15:00Z,0.826778752163726,15.65
2025-11-10T23:30:00Z,0.8284191721112393,15.652
2025-11-10T23:45:00Z,0.832356179985247,15.657
2025-11-11T00:00:00Z,0.8313719280167433,15.659
2025-11-11T00:15:00Z,0.8338413921718839,15.659
2025-11-11T00:30:00Z,0.8292482163188666,15.661
2025-11-11T00:45:00Z,0.8289201323293653,15.66
2025-11-11T01:00:00Z,0.8272797123818592,15.66
2025-11-11T01:15:00Z,0.8289201323293653,15.658
2025-11-11T01:30:00Z,0.8269516283923579,15.657
2025-11-11T01:45:00Z,0.8290930085579902,15.653
2025-11-11T02:00:00Z,0.8290930085579902,15.65
2025-11-11T02:15:00Z,0.8284368405789877,15.646
2025-11-11T02:30:00Z,0.8271245046209756,15.642
2025-11-11T02:45:00Z,0.8228594127574596,15.639
2025-11-11T03:00:00Z,0.8299220527656246,15.637
2025-11-11T03:15:00Z,0.8233603729755927,15.635
2025-11-11T03:30:00Z,0.8307510969732448,15.633
2025-11-11T03:45:00Z,0.8317353489417485,15.631
2025-11-11T04:00:00Z,0.8304230129837435,15.628
2025-11-11T04:15:00Z,0.8274702570782324,15.625
2025-11-11T04:30:00Z,0.8300949289942423,15.625
2025-11-11T04:30:00Z,0.8300949289942423,15.625
2025-11-11T04:45:00Z,0.8320634329312497,15.622
2025-11-11T05:00:00Z,0.8346881048472596,15.621
2025-11-11T05:15:00Z,0.8302501367551187,15.618
2025-11-11T05:30:00Z,0.8358275645766398,15.614
2025-11-11T05:45:00Z,0.8241717487154645,15.609
2025-11-11T06:00:00Z,0.8381241525031555,15.606
2025-11-11T06:15:00Z,0.8384522364926497,15.602
2025-11-11T06:30:00Z,0.8313895964844988,15.602
2025-11-11T06:45:00Z,0.8366389403165186,15.601
2025-11-11T07:00:00Z,0.8295763003083678,15.598
2025-11-11T07:15:00Z,0.8348256441403876,15.596
2025-11-11T07:30:00Z,0.8320280959957458,15.594
2025-11-11T07:45:00Z,0.830542883809116,15.593
2025-11-11T08:00:00Z,0.8354641436516346,15.594
2025-11-11T08:15:00Z,0.8341518076936296,15.596
2025-11-11T08:30:00Z,0.8349631834335014,15.599
2025-11-11T08:45:00Z,0.8339789314649977,15.603
2025-11-11T09:00:00Z,0.8297138396014816,15.608
2025-11-11T09:15:00Z,0.8407134874836544,15.613
2025-11-11T09:30:00Z,0.8313542595489878,15.619
2025-11-11T09:45:00Z,0.8346350994440002,15.624
2025-11-11T10:00:00Z,0.8339789314649977,15.628
2025-11-11T10:15:00Z,0.8400573195046519,15.632
2025-11-11T10:30:00Z,0.8382616917962764,15.635
2025-11-11T10:45:00Z,0.8376055238172668,15.641
2025-11-11T11:00:00Z,0.8444952875967999,15.646
2025-11-11T11:15:00Z,0.8407134874836544,15.651
2025-11-11T11:30:00Z,0.8377607315781432,15.656
2025-11-11T11:45:00Z,0.8377784000458988,15.661
2025-11-11T12:00:00Z,0.8386074442535261,15.665
2025-11-11T12:15:00Z,0.8423892443666716,15.668
2025-11-11T12:30:00Z,0.8396093646897782,15.672
2025-11-11T12:45:00Z,0.8410945768764222,15.676
2025-11-11T13:00:00Z,0.8492966766139531,15.679
2025-11-11T13:15:00Z,0.840593616658289,15.683
2025-11-11T13:30:00Z,0.8363285247947658,15.689
2025-11-11T13:45:00Z,0.8378137369814098,15.693
2025-11-11T14:00:00Z,0.8328924771388913,15.696
2025-11-11T14:15:00Z,0.8360181092730201,15.698
2025-11-11T14:30:00Z,0.8420964973126814,15.704
2025-11-11T14:45:00Z,0.8453773372076867,15.708
2025-11-11T15:00:00Z,0.8361733170339036,15.714
2025-11-11T15:15:00Z,0.8381418209709111,15.718
2025-11-11T15:30:00Z,0.8342048130968891,15.722
2025-11-11T15:45:00Z,0.8434088332706793,15.727
2025-11-11T16:00:00Z,0.8460335051866892,15.732
2025-11-11T16:15:00Z,0.8458606289580572,15.736
2025-11-11T16:30:00Z,0.8351890650653999,15.741
2025-11-11T16:45:00Z,0.8399551171470279,15.747
2025-11-11T17:00:00Z,0.8415955370945412,15.753
2025-11-11T17:15:00Z,0.8448763769895535,15.761
2025-11-11T17:30:00Z,0.8348609810758987,15.767
2025-11-11T17:45:00Z,0.8397822409184172,15.773
2025-11-11T18:00:00Z,0.8358452330444024,15.78
2025-11-11T18:15:00Z,0.8309239732018838,15.789
2025-11-11T18:30:00Z,0.8412674531050399,15.796
2025-11-11T18:45:00Z,0.8422517050735436,15.803
2025-11-11T19:00:00Z,0.8366742772520226,15.809
2025-11-11T19:15:00Z,0.8409393691155387,15.818
2025-11-11T19:30:00Z,0.8324091853884994,15.825
2025-11-11T19:45:00Z,0.8337215213465115,15.832
2025-11-11T20:00:00Z,0.842907873052539,15.839
2025-11-11T20:15:00Z,0.8422517050735436,15.842
2025-11-11T20:30:00Z,0.8365014010234049,15.848
2025-11-11T20:45:00Z,0.8389708651785313,15.854
2025-11-11T21:00:00Z,0.8392989491680325,15.857
2025-11-11T21:15:00Z,0.8387979889499135,15.861
2025-11-11T21:30:00Z,0.8430630808134296,15.864
2025-11-11T21:45:00Z,0.8371575690024073,15.864
2025-11-11T22:00:00Z,0.8397822409184172,15.863
2025-11-11T22:15:00Z,0.8396270331575266,15.856
2025-11-11T22:30:00Z,0.8402832011365291,15.855
2025-11-11T22:45:00Z,0.8376585292205192,15.848
2025-11-11T23:00:00Z,0.8406112851260303,15.845
2025-11-11T23:15:00Z,0.8438921250210498,15.842
2025-11-11T23:30:00Z,0.842907873052539,15.836
2025-11-11T23:45:00Z,0.8371575690024073,15.836
2025-11-12T00:00:00Z,0.8338767291073879,15.831
2025-11-12T00:00:00Z,0.8338767291073879,15.831
2025-11-12T00:15:00Z,0.8435640410315486,15.825
2025-11-12T00:30:00Z,0.8409393691155387,15.82
2025-11-12T00:45:00Z,0.8420964973126814,15.813
2025-11-12T01:00:00Z,0.8343776893255068,15.803
2025-11-12T01:15:00Z,0.8425797890630378,15.8
2025-11-12T01:30:00Z,0.8335486451178937,15.79
2025-11-12T01:45:00Z,0.8319082251703875,15.782
2025-11-12T02:00:00Z,0.8314249334199957,15.774
2025-11-12T02:15:00Z,0.8401279933756669,15.767
2025-11-12T02:30:00Z,0.8434088332706793,15.764
2025-11-12T02:45:00Z,0.8338767291073879,15.762
2025-11-12T03:00:00Z,0.8332205611283925,15.754
2025-11-12T03:15:00Z,0.8348609810758987,15.747
2025-11-12T03:30:00Z,0.8379866132100204,15.743
2025-11-12T03:45:00Z,0.8389708651785313,15.74
2025-11-12T04:00:00Z,0.8356900252835189,15.735
2025-11-12T04:15:00Z,0.8383146971995288,15.733
2025-11-12T04:30:00Z,0.8338767291073879,15.727
2025-11-12T04:45:00Z,0.8391260729394148,15.719
2025-11-12T05:00:00Z,0.8327196009102522,15.717
2025-11-12T05:15:00Z,0.8361733170339036,15.71
2025-11-12T05:30:00Z,0.8328924771388913,15.706
2025-11-12T05:45:00Z,0.8342048130968891,15.705
2025-11-12T06:00:00Z,0.8328924771388913,15.701
2025-11-12T06:15:00Z,0.8384699049604123,15.7
2025-11-12T06:30:00Z,0.8443754167714346,15.706
2025-11-12T06:45:00Z,0.8420788288449259,15.707
2025-11-12T07:00:00Z,0.8305958892123826,15.706
2025-11-12T07:15:00Z,0.8333757688892547,15.706
2025-11-12T07:30:00Z,0.8433734963351753,15.712
2025-11-12T07:45:00Z,0.8389355282430273,15.715
2025-11-12T08:00:00Z,0.8343246839222545,15.72
2025-11-12T08:15:00Z,0.8330123479642566,15.727
2025-11-12T08:30:00Z,0.8413873239304124,15.729
2025-11-12T08:45:00Z,0.8454972080330592,15.733
2025-11-12T09:00:00Z,0.8338413921718839,15.74
2025-11-12T09:15:00Z,0.8307157600377479,15.742
2025-11-12T09:30:00Z,0.8407311559514099,15.748
2025-11-12T09:45:00Z,0.8402301957332838,15.753
2025-11-12T10:00:00Z,0.8385897757857776,15.755
2025-11-12T10:15:00Z,0.8392459437647801,15.759
2025-11-12T10:30:00Z,0.8400749879724074,15.763
2025-11-12T10:45:00Z,0.8348256441403876,15.769
2025-11-12T11:00:00Z,0.8371222320669034,15.774
2025-11-12T11:15:00Z,0.8341694761613923,15.776
2025-11-12T11:30:00Z,0.8379336078067752,15.782
2025-11-12T11:45:00Z,0.8344975601508864,15.786
2025-11-12T12:00:00Z,0.837467984524153,15.789
2025-11-12T12:15:00Z,0.8386251127212745,15.794
2025-11-12T12:30:00Z,0.8422517050735436,15.797
2025-11-12T12:45:00Z,0.8381594894386595,15.802
2025-11-12T13:00:00Z,0.8333934373570102,15.805
2025-11-12T13:15:00Z,0.8414403293336719,15.806
2025-11-12T13:30:00Z,0.837330445231018,15.809
2025-11-12T13:45:00Z,0.8437369172601805,15.813
2025-11-12T14:00:00Z,0.8407841613546694,15.817
2025-11-12T14:15:00Z,0.8330653533675019,15.82
2025-11-12T14:30:00Z,0.8452221294468103,15.821
2025-11-12T14:45:00Z,0.8376761976882818,15.825
2025-11-12T15:00:00Z,0.8376761976882818,15.827
2025-11-12T15:15:00Z,0.8353796097617661,15.83
2025-11-12T15:30:00Z,0.8353796097617661,15.834
2025-11-12T15:45:00Z,0.8350515257722719,15.835
2025-11-12T16:00:00Z,0.8385052418959091,15.839
2025-11-12T16:15:00Z,0.8353796097617661,15.842
2025-11-12T16:30:00Z,0.8389885336462868,15.846
2025-11-12T16:45:00Z,0.8396447016252893,15.849
2025-11-12T17:00:00Z,0.8373481136987806,15.851
2025-11-12T17:15:00Z,0.8343953577932695,15.855
2025-11-12T17:30:00Z,0.8444107537069314,15.86
2025-11-12T17:45:00Z,0.8416132055622967,15.864
2025-11-12T18:00:00Z,0.8391437414071632,15.868
2025-11-12T18:15:00Z,0.8437369172601805,15.871
2025-11-12T18:30:00Z,0.8314249334199957,15.876
2025-11-12T18:45:00Z,0.8420964973126814,15.881
2025-11-12T19:00:00Z,0.8420964973126814,15.884
2025-11-12T19:15:00Z,0.8414403293336719,15.889
2025-11-12T19:30:00Z,0.8356900252835189,15.893
2025-11-12T19:45:00Z,0.8366742772520226,15.897
2025-11-12T20:00:00Z,0.83864278118903,15.901
2025-11-12T20:15:00Z,0.8358452330444024,15.906
2025-11-12T20:30:00Z,0.8345328970863974,15.911
2025-11-12T20:45:00Z,0.8365014010234049,15.913
2025-11-12T21:00:00Z,0.8420788288449259,15.915
2025-11-12T21:15:00Z,0.8427349968239284,15.91
2025-11-12T21:30:00Z,0.8320634329312497,15.899
2025-11-12T21:45:00Z,0.8328924771388913,15.888
2025-11-12T22:00:00Z,0.8342048130968891,15.872
2025-11-12T22:15:00Z,0.8361733170339036,15.857
2025-11-12T22:30:00Z,0.8335486451178937,15.839
2025-11-12T22:45:00Z,0.8409393691155387,15.821
2025-11-12T23:00:00Z,0.8389708651785313,15.803
2025-11-12T23:15:00Z,0.8292835532543705,15.789
2025-11-12T23:30:00Z,0.8324091853884994,15.772
2025-11-12T23:45:00Z,0.8327372693780006,15.757
2025-11-13T00:00:00Z,0.830440681451492,15.738
2025-11-13T00:15:00Z,0.8288002615039858,15.719
2025-11-13T00:30:00Z,0.8297845134724895,15.705
2025-11-13T00:45:00Z,0.8268317575669784,15.694
2025-11-13T01:00:00Z,0.8365190694911533,15.687
2025-11-13T01:15:00Z,0.8228947496929635,15.677
2025-11-13T01:30:00Z,0.8296293057116273,15.67
2025-11-13T01:45:00Z,0.8294740979507509,15.662
2025-11-13T02:00:00Z,0.8375209899274125,15.651
2025-11-13T02:15:00Z,0.8345682340218943,15.636
2025-11-13T02:30:00Z,0.832599730084894,15.62
2025-11-13T02:45:00Z,0.8316154781163831,15.607
2025-11-13T03:00:00Z,0.8270223022633658,15.589
2025-11-13T03:15:00Z,0.8270223022633658,15.573
2025-11-13T03:30:00Z,0.8376938661560374,15.56
2025-11-13T03:45:00Z,0.8283346382213708,15.545
2025-11-13T04:00:00Z,0.8291636824290052,15.527
2025-11-13T04:15:00Z,0.8268670945024965,15.522
2025-11-13T04:30:00Z,0.8294917664185064,15.512
2025-11-13T04:30:00Z,0.8294917664185064,15.512
2025-11-13T04:45:00Z,0.8247257143368572,15.507
2025-11-13T05:00:00Z,0.8380219501455386,15.504
2025-11-13T05:15:00Z,0.8216000822027141,15.497
2025-11-13T05:30:00Z,0.8232405021502203,15.498
2025-11-13T05:45:00Z,0.8320987698667608,15.495
2025-11-13T06:00:00Z,0.82503612985861,15.493
2025-11-13T06:15:00Z,0.8286450537431236,15.489
2025-11-13T06:30:00Z,0.8342224815646446,15.489
2025-11-13T06:45:00Z,0.8242070856509685,15.49
2025-11-13T07:00:00Z,0.8245351696404697,15.493
2025-11-13T07:15:00Z,0.8271598415564796,15.495
2025-11-13T07:30:00Z,0.8248632536299709,15.499
2025-11-13T07:45:00Z,0.8250184613908615,15.502
2025-11-13T08:00:00Z,0.8246903774013603,15.506
2025-11-13T08:15:00Z,0.8276431333068714,15.509
2025-11-13T08:30:00Z,0.8253465453803628,15.513
2025-11-13T08:45:00Z,0.8297845134724895,15.515
2025-11-13T09:00:00Z,0.8294564294829883,15.519
2025-11-13T09:15:00Z,0.831252057191378,15.507
2025-11-13T09:30:00Z,0.8370023612415167,15.617
2025-11-13T09:45:00Z,0.8442202090105511,15.572
2025-11-13T10:00:00Z,0.8374856529919086,15.555
2025-11-13T10:15:00Z,0.8501257208215733,15.546
2025-11-13T10:30:00Z,0.8417507448554247,15.543
2025-11-13T10:45:00Z,0.8342048130968891,15.541
2025-11-13T11:00:00Z,0.8419236210840424,15.541
2025-11-13T11:15:00Z,0.8333934373570102,15.54
2025-11-13T11:30:00Z,0.8276608017746199,15.544
2025-11-13T11:45:00Z,0.8360357777407756,15.547
2025-11-13T12:00:00Z,0.8329278140743881,15.549
2025-11-13T12:15:00Z,0.835552485990398,15.551
2025-11-13T12:30:00Z,0.8340849422715237,15.552
2025-11-13T12:45:00Z,0.8291636824290052,15.552
2025-11-13T13:00:00Z,0.8278513464710002,15.555
2025-11-13T13:15:00Z,0.8313050625946303,15.559
2025-11-13T13:30:00Z,0.8260557187626105,15.56
2025-11-13T13:45:00Z,0.8245881750437363,15.564
2025-11-13T14:00:00Z,0.8306665630833905,15.57
2025-11-13T14:15:00Z,0.8347764471860373,15.571
2025-11-13T14:30:00Z,0.8388686628209214,15.576
2025-11-13T14:45:00Z,0.8281970989282499,15.581
2025-11-13T15:00:00Z,0.8285251829177511,15.585
2025-11-13T15:15:00Z,0.8306665630833905,15.589
2025-11-13T15:30:00Z,0.827385723188371,15.593
2025-11-13T15:45:00Z,0.8247610512723611,15.597
2025-11-13T16:00:00Z,0.8316508150518942,15.602
2025-11-13T16:15:00Z,0.82557242701224,15.606
2025-11-13T16:30:00Z,2.11314687804402,15.618
2025-11-13T16:45:00Z,1.9362919392350548,15.677
2025-11-13T17:00:00Z,2.234347409463126,15.703
2025-11-13T17:15:00Z,2.4935514296369092,15.76
2025-11-13T17:30:00Z,2.165485108603356,15.826
2025-11-13T17:45:00Z,1.777845040773677,15.904
2025-11-13T18:00:00Z,1.5286564165135488,15.978
2025-11-13T18:15:00Z,1.3797062852799584,16.049
2025-11-13T18:30:00Z,1.3147456553586991,16.115
2025-11-13T18:45:00Z,1.30359079971565,16.171
2025-11-13T19:00:00Z,1.267829644860008,16.224
2025-11-13T19:15:00Z,1.2192732144138176,16.272
2025-11-13T19:30:00Z,1.1821997236001636,16.317
2025-11-13T19:45:00Z,1.1490632406605386,16.358
2025-11-13T20:00:00Z,1.1205199335739167,16.396
2025-11-13T20:15:00Z,1.1028033981408498,16.431
2025-11-13T20:30:00Z,1.0778690149387486,16.463
2025-11-13T20:45:00Z,1.0532627157261487,16.494
2025-11-13T21:00:00Z,1.0363752245007092,16.521
2025-11-13T21:15:00Z,1.0242361168891634,16.546
2025-11-13T21:30:00Z,1.0134093452356225,16.57
2025-11-13T21:45:00Z,0.9956928098025486,16.591
2025-11-13T22:00:00Z,0.9909444261886549,16.613
2025-11-13T22:15:00Z,0.9755244786820967,16.632
2025-11-13T22:30:00Z,0.9617449511230447,16.648
2025-11-13T22:45:00Z,0.9727445990052104,16.663
2025-11-13T23:00:00Z,1.0847764471860373,16.68
2025-11-13T23:15:00Z,2.716338126976055,16.696
2025-11-13T23:30:00Z,2.948621591542988,16.715
2025-11-13T23:45:00Z,2.697482131813608,16.727
2025-11-14T00:00:00Z,2.5632957801075733,16.733
2025-11-14T00:15:00Z,2.3867865937558648,16.73
2025-11-14T00:30:00Z,2.445030336126223,16.726
2025-11-14T00:45:00Z,2.420924997131749,16.725
2025-11-14T01:00:00Z,2.4074735535621983,16.717
2025-11-14T01:15:00Z,2.4022242097301714,16.709
2025-11-14T01:30:00Z,2.471950891733087,16.703
2025-11-14T01:45:00Z,2.6815965610244277,16.698
2025-11-14T02:00:00Z,2.8128301568249583,16.693
2025-11-14T02:15:00Z,3.0041031227042154,16.688
2025-11-14T02:30:00Z,3.8102054849089484,16.704
2025-11-14T02:45:00Z,3.6136831751976572,16.726
2025-11-14T03:00:00Z,3.3092212329404376,16.724
2025-11-14T03:15:00Z,3.4471893847596107,16.717
2025-11-14T03:30:00Z,3.4980424031323167,16.721
2025-11-14T03:45:00Z,4.1441949862212795,16.724
2025-11-14T03:45:00Z,4.1441949862212795,16.724
2025-11-14T04:00:00Z,4.741480723342292,16.73
2025-11-14T04:15:00Z,4.562173988845949,16.705
2025-11-14T04:30:00Z,3.8777907867462176,16.678
2025-11-14T04:30:00Z,3.8777907867462176,16.678
2025-11-14T04:45:00Z,3.262961390420756,16.654
2025-11-14T05:00:00Z,2.980152991470625,16.641
2025-11-14T05:15:00Z,3.0774387285916305,16.631
2025-11-14T05:30:00Z,3.397976786334411,16.62
2025-11-14T05:45:00Z,3.397475826116292,16.605
2025-11-14T06:00:00Z,3.3626989232291535,16.589
2025-11-14T06:15:00Z,3.559549316929939,16.576
2025-11-14T06:30:00Z,3.905833133614685,16.557
2025-11-14T06:45:00Z,3.7857543934572107,16.534
2025-11-14T07:00:00Z,3.531972593344072,16.511
2025-11-14T07:15:00Z,3.1558154651469437,16.494
2025-11-14T07:30:00Z,3.1100389143776326,16.475
2025-11-14T07:45:00Z,3.1786084681834055,16.468
2025-11-14T08:00:00Z,2.9228581641332525,16.461
2025-11-14T08:15:00Z,2.6625146842300893,16.456
2025-11-14T08:30:00Z,2.4262942117891413,16.452
2025-11-14T08:45:00Z,2.2041813508967536,16.451
2025-11-14T09:00:00Z,2.2537220333114476,16.454
2025-11-14T09:15:00Z,2.2545334090513265,16.455
2025-11-14T09:30:00Z,2.0732758390857313,16.463
2025-11-14T09:45:00Z,2.044887739759986,16.476
2025-11-14T10:00:00Z,2.0294677922534277,16.492
2025-11-14T10:15:00Z,1.8874074247993562,16.511
2025-11-14T10:30:00Z,1.762252217038487,16.53
2025-11-14T10:45:00Z,1.6881052354111858,16.553
2025-11-14T11:00:00Z,1.6451262327865166,16.572
2025-11-14T11:15:00Z,1.5968978863298275,16.591
2025-11-14T11:30:00Z,1.54720199615425,16.605
2025-11-14T11:45:00Z,1.4904434659705288,16.624
2025-11-14T12:00:00Z,1.4389342796188203,16.642
2025-11-14T12:15:00Z,1.4040021689708126,16.657
2025-11-14T12:30:00Z,1.3652882582096524,16.669
2025-11-14T12:45:00Z,1.3434795071416943,16.685
2025-11-14T13:00:00Z,1.3162485360130844,16.694
2025-11-14T13:15:00Z,1.298376792819134,16.706
2025-11-14T13:30:00Z,1.274754745575045,16.714
2025-11-14T13:45:00Z,1.255725874183966,16.723
2025-11-14T14:00:00Z,1.2473685666855516,16.731
2025-11-14T14:15:00Z,1.2316205351894922,16.74
2025-11-14T14:15:00Z,1.2316205351894922,16.74
2025-11-14T14:30:00Z,1.2165286716724353,16.747
2025-11-14T14:45:00Z,1.2158725036934328,16.753
2025-11-14T15:00:00Z,1.2955969131422478,16.762
2025-11-14T15:15:00Z,1.3508702311393463,16.768
2025-11-14T15:30:00Z,1.360056582845388,16.774
2025-11-14T15:45:00Z,1.3508702311393463,16.784
2025-11-14T16:00:00Z,1.3115001523991907,16.792
2025-11-14T16:15:00Z,1.2800040894070648,16.807
2025-11-14T16:30:00Z,1.2611480942446107,16.82
2025-11-14T16:45:00Z,1.2332609551369984,16.836
2025-11-14T17:00:00Z,1.2129197477879217,16.85
2025-11-14T17:15:00Z,1.2025762678847585,16.861
2025-11-14T17:30:00Z,1.2975654170792552,16.871
2025-11-14T17:45:00Z,1.4550457320398849,16.88
2025-11-14T18:00:00Z,1.4678410076304331,16.889
2025-11-14T18:15:00Z,1.4327360207537936,16.896
2025-11-14T18:30:00Z,1.4094420574992057,16.902
2025-11-14T18:45:00Z,1.3786021624860822,16.91
2025-11-14T19:00:00Z,1.353667779283981,16.916
2025-11-14T19:15:00Z,1.3484184354519613,16.923
2025-11-14T19:30:00Z,1.3612137110425095,16.924
2025-11-14T19:45:00Z,1.4087858895202032,16.931
2025-11-14T20:00:00Z,1.4027075014805561,16.934
2025-11-14T20:15:00Z,1.4240329607981366,16.939
2025-11-14T20:30:00Z,1.4722613072548327,16.942
2025-11-14T20:45:00Z,1.4942429345514228,16.944
2025-11-14T21:00:00Z,1.5805290237902696,16.947
2025-11-14T21:15:00Z,1.7117626195907931,16.951
2025-11-14T21:30:00Z,1.8508702311393463,16.954
2025-11-14T21:45:00Z,1.9793239472629836,16.955
2025-11-14T22:00:00Z,2.217841007630433,16.953
2025-11-14T22:15:00Z,2.4271585929322725,16.95
2025-11-14T22:30:00Z,2.2070142359768923,16.945
2025-11-14T22:45:00Z,2.142226482284272,16.941
2025-11-14T23:00:00Z,2.198328844488998,16.934
2025-11-14T23:15:00Z,2.1156516791346647,16.929
2025-11-14T23:30:00Z,2.0218196581372894,16.924
2025-11-14T23:45:00Z,2.0597221931585636,16.921
2025-11-15T00:00:00Z,2.2378717994577713,16.915
2025-11-15T00:15:00Z,2.113527967436781,16.918
2025-11-15T00:30:00Z,1.995918691434433,16.915
2025-11-15T00:45:00Z,2.0613802815738254,16.912
2025-11-15T01:00:00Z,2.11190521595703,16.91
2025-11-15T01:15:00Z,1.9501598091328773,16.91
2025-11-15T01:30:00Z,1.7915400344428676,16.909
2025-11-15T01:45:00Z,1.7110042492541808,16.909
2025-11-15T02:00:00Z,1.6463717033224157,16.907
2025-11-15T02:00:00Z,1.6463717033224157,16.907
2025-11-15T02:15:00Z,1.5889746736274404,16.908
2025-11-15T02:30:00Z,1.5190927838636625,16.908
2025-11-15T02:45:00Z,1.4716934816145937,16.911
2025-11-15T03:00:00Z,1.4219799229712677,16.912
2025-11-15T03:15:00Z,1.416730579139248,16.912
2025-11-15T03:30:00Z,1.6047227051234998,16.913
2025-11-15T03:45:00Z,2.2328306687898873,16.916
2025-11-15T03:45:00Z,2.2328306687898873,16.916
2025-11-15T04:00:00Z,2.540245366952618,16.915
2025-11-15T04:15:00Z,2.8648933087980453,16.909
2025-11-15T04:30:00Z,3.0089398486568655,16.904
2025-11-15T04:45:00Z,2.8102938272476976,16.887
2025-11-15T05:00:00Z,2.6060703780170087,16.87
2025-11-15T05:15:00Z,2.3680366093999368,16.849
2025-11-15T05:30:00Z,2.2039946146492753,16.834
2025-11-15T05:45:00Z,2.427419811499668,16.824
2025-11-15T06:00:00Z,2.6889027511322183,16.814
2025-11-15T06:15:00Z,2.780766268192586,16.797
2025-11-15T06:30:00Z,2.909703276066601,16.775
2025-11-15T06:45:00Z,3.2246639059878603,16.752
2025-11-15T07:00:00Z,3.3609916378595273,16.725
2025-11-15T07:15:00Z,3.38739356478051,16.699
2025-11-15T07:30:00Z,3.311588494737954,16.673
2025-11-15T07:45:00Z,3.318651134746105,16.649
2025-11-15T08:00:00Z,3.3486796540193566,16.628
2025-11-15T08:15:00Z,3.1450947042999147,16.606
2025-11-15T08:30:00Z,2.9387298749035864,16.588
2025-11-15T08:45:00Z,2.7902630354203737,16.576
2025-11-15T09:00:00Z,2.7103657497429197,16.565
2025-11-15T09:15:00Z,2.7431741486930505,16.559
2025-11-15T09:30:00Z,2.754484212096969,16.552
2025-11-15T09:45:00Z,2.6724632147216383,16.545
2025-11-15T10:00:00Z,2.6701842952628922,16.538
2025-11-15T10:15:00Z,2.678231187239547,16.532
2025-11-15T10:30:00Z,2.5796507826282777,16.525
2025-11-15T10:45:00Z,2.5952436063634607,16.515
2025-11-15T11:00:00Z,2.5929646869047147,16.507
2025-11-15T11:15:00Z,2.4192353802298854,16.499
2025-11-15T11:30:00Z,2.2532248815422236,16.498
2025-11-15T11:45:00Z,2.1170700258991815,16.496
2025-11-15T12:00:00Z,1.9876320578070334,16.497
2025-11-15T12:15:00Z,1.8960966247361668,16.503
2025-11-15T12:30:00Z,1.8359020468965568,16.506
2025-11-15T12:45:00Z,1.7794716007023297,16.514
2025-11-15T13:00:00Z,1.7333846344112729,16.521
2025-11-15T13:15:00Z,1.6746576002905371,16.527
2025-11-15T13:30:00Z,1.6218360779808307,16.536
2025-11-15T13:45:00Z,1.5741086917422678,16.546
2025-11-15T14:00:00Z,1.5340824450231025,16.556
2025-11-15T14:15:00Z,1.498977458146463,16.568
2025-11-15T14:30:00Z,1.477496791067999,16.576
2025-11-15T14:45:00Z,1.439922340036226,16.585
2025-11-15T15:00:00Z,1.4107228649706158,16.596
2025-11-15T15:15:00Z,1.3844761458105026,16.606
2025-11-15T15:30:00Z,1.3605260145769122,16.616
2025-11-15T15:45:00Z,1.345106067070347,16.625
2025-11-15T16:00:00Z,1.365775358408932,16.632
2025-11-15T16:15:00Z,1.4112061567209793,16.642
2025-11-15T16:30:00Z,1.43679670790209,16.649
2025-11-15T16:45:00Z,1.439248503589468,16.655
2025-11-15T17:00:00Z,1.5212695009647987,16.661
2025-11-15T17:00:00Z,1.5212695009647987,16.661
2025-11-15T17:15:00Z,1.5826212070015373,16.664
2025-11-15T17:30:00Z,1.6131330180251666,16.666
2025-11-15T17:45:00Z,1.572277727098374,16.666
2025-11-15T18:00:00Z,1.5194562047886606,16.665
2025-11-15T18:00:00Z,1.5194562047886606,16.665
2025-11-15T18:15:00Z,1.491240981691547,16.662
2025-11-15T18:30:00Z,2.9312016116128063,16.661
2025-11-15T18:45:00Z,5.391330572654532,16.613
2025-11-15T19:00:00Z,5.975648157956364,16.441
2025-11-15T19:15:00Z,5.3965799164865516,16.306
2025-11-15T19:30:00Z,4.61803660939993,16.22
2025-11-15T19:45:00Z,4.095225937895712,16.163
2025-11-15T20:00:00Z,3.757782720459737,16.133
2025-11-15T20:15:00Z,3.557323402874438,16.107
2025-11-15T20:30:00Z,3.1583732716408477,16.083
2025-11-15T20:45:00Z,2.865877560766542,16.075
2025-11-15T21:00:00Z,2.6593398551415888,16.067
2025-11-15T21:00:00Z,2.6593398551415888,16.067
2025-11-15T21:15:00Z,2.504484212096969,16.063
2025-11-15T21:30:00Z,2.3648756403302897,16.062
2025-11-15T21:45:00Z,2.2461092361308204,16.06
2025-11-15T22:00:00Z,2.131435047566228,16.06
2025-11-15T22:15:00Z,2.0454770423168824,16.061
2025-11-15T22:30:00Z,1.9508159771118798,16.062
2025-11-15T22:45:00Z,1.8789655834111016,16.063
2025-11-15T23:00:00Z,1.8146611214688377,16.064
2025-11-15T23:15:00Z,1.7533094154320992,16.067
2025-11-15T23:30:00Z,1.6998317251433832,16.068
2025-11-15T23:45:00Z,1.6561965545397115,16.071
2025-11-16T00:00:00Z,1.6122332999465314,16.071
2025-11-16T00:15:00Z,1.5685981293428597,16.075
2025-11-16T00:30:00Z,1.5331650584767118,16.076
2025-11-16T00:45:00Z,1.5062621713376103,16.077
2025-11-16T01:00:00Z,1.4892018038835388,16.077
2025-11-16T01:15:00Z,1.505433127129976,16.077
2025-11-16T01:30:00Z,1.483779583822887,16.077
2025-11-16T01:45:00Z,1.5161046910226474,16.077
2025-11-16T02:00:00Z,1.5033094154320992,16.076
2025-11-16T02:15:00Z,1.4668920925974476,16.071
2025-11-16T02:30:00Z,1.4340836936473167,16.069
2025-11-16T02:45:00Z,1.409805478424218,16.065
2025-11-16T03:00:00Z,1.4132415260801068,16.062
2025-11-16T03:15:00Z,1.4306299775236724,16.059
2025-11-16T03:30:00Z,1.4880446756864032,16.057
2025-11-16T03:45:00Z,1.7957874578386352,16.052
2025-11-16T04:00:00Z,1.9775459880223636,16.044
2025-11-16T04:15:00Z,3.7386831751976572,16.021
2025-11-16T04:30:00Z,4.335796036090045,15.957
2025-11-16T04:45:00Z,4.066266204480833,15.864
2025-11-16T05:00:00Z,3.69848405224986,15.77
2025-11-16T05:15:00Z,3.329061480071381,15.695
2025-11-16T05:30:00Z,3.2020929761343737,15.641
2025-11-16T05:45:00Z,3.647631033877154,15.606
2025-11-16T06:00:00Z,4.097917475233835,15.574
2025-11-16T06:15:00Z,3.8000172127666474,15.533
2025-11-16T06:30:00Z,3.3630093387508992,15.493
2025-11-16T06:45:00Z,3.2204480110786946,15.469
2025-11-16T07:00:00Z,3.0877292030915484,15.457
2025-11-16T07:15:00Z,2.8987528251387857,15.453
2025-11-16T07:30:00Z,2.786548100729341,15.451
2025-11-16T07:45:00Z,2.8541334025666103,15.452
2025-11-16T08:00:00Z,3.3229654235639856,15.458
2025-11-16T08:15:00Z,3.489459214002025,15.456
2025-11-16T08:30:00Z,3.2827663006161956,15.444
2025-11-16T08:45:00Z,3.2115720748944128,15.442
2025-11-16T09:00:00Z,3.4194044480096153,15.441
2025-11-16T09:15:00Z,3.263892636985993,15.45
2025-11-16T09:30:00Z,3.00551766101983,15.457
2025-11-16T09:45:00Z,2.7886541439594623,15.474
2025-11-16T10:00:00Z,2.799152831623502,15.491
2025-11-16T10:15:00Z,2.8395071623321684,15.511
2025-11-16T10:30:00Z,2.7177880022271808,15.539
2025-11-16T10:45:00Z,2.6032866898912204,15.568
2025-11-16T11:00:00Z,2.48353603372324,15.598
2025-11-16T11:15:00Z,2.3660819654817757,15.626
2025-11-16T11:30:00Z,2.3893759287363636,15.654
2025-11-16T11:45:00Z,2.3564123220253634,15.681
2025-11-16T12:00:00Z,2.2248506422353387,15.707
2025-11-16T12:15:00Z,2.11314687804402,15.736
2025-11-16T12:30:00Z,2.029485460721183,15.768
2025-11-16T12:45:00Z,1.9500891352618623,15.799
2025-11-16T13:00:00Z,1.896456237212277,15.829
2025-11-16T13:15:00Z,1.8587265784196276,15.858
2025-11-16T13:30:00Z,1.8226373395744844,15.887
2025-11-16T13:45:00Z,1.7678473133277635,15.911
2025-11-16T14:00:00Z,1.7222436387870843,15.938
2025-11-16T14:15:00Z,1.6799208041414175,15.962
2025-11-16T14:30:00Z,1.6451439012542721,15.99
2025-11-16T14:45:00Z,1.6169286781571657,16.012
2025-11-16T15:00:00Z,1.5919942949550645,16.037
2025-11-16T15:15:00Z,1.562466735899946,16.056
2025-11-16T15:30:00Z,1.5332672608343287,16.075
2025-11-16T15:45:00Z,1.507676709653225,16.092
2025-11-16T16:00:00Z,1.4921015543857834,16.107
2025-11-16T16:15:00Z,1.4714322630472054,16.123
2025-11-16T16:30:00Z,1.4453407516479757,16.135
2025-11-16T16:45:00Z,1.4312331400994154,16.145
2025-11-16T17:00:00Z,1.4061258806686894,16.154
2025-11-16T17:15:00Z,1.394815817264778,16.166
2025-11-16T17:30:00Z,1.3861304257768623,16.174
2025-11-16T17:45:00Z,1.3710385622597983,16.184
2025-11-16T18:00:00Z,1.3511806466610992,16.189
2025-11-16T18:15:00Z,1.3367449511230447,16.194
2025-11-16T18:30:00Z,1.3269024314380005,16.199
2025-11-16T18:45:00Z,1.3121386519104448,16.203
2025-11-16T19:00:00Z,1.3075454760574274,16.204
2025-11-16T19:15:00Z,1.293437864508867,16.205
2025-11-16T19:30:00Z,1.2852357647713362,16.206
2025-11-16T19:45:00Z,1.269642941036146,16.204
2025-11-16T20:00:00Z,1.255863413477087,16.205
2025-11-16T20:15:00Z,1.2542229935295808,16.204
2025-11-16T20:30:00Z,1.2453647258130474,16.202
2025-11-16T20:45:00Z,1.237818794054519,16.201
2025-11-16T21:00:00Z,1.2391311300125238,16.198
2025-11-16T21:15:00Z,1.2235383062773266,16.196
2025-11-16T21:30:00Z,1.2202574663823142,16.193
2025-11-16T21:45:00Z,1.2133677026027883,16.189
2025-11-16T22:00:00Z,1.2031970989282499,16.185
2025-11-16T22:15:00Z,1.2002443430227387,16.18
2025-11-16T22:30:00Z,1.1902289471090697,16.177
2025-11-16T22:45:00Z,1.190557031098571,16.174
2025-11-16T23:00:00Z,1.2807801282114326,16.167
2025-11-16T23:15:00Z,1.4910819654817757,16.165
2025-11-16T23:30:00Z,1.5732758390857313,16.162
2025-11-16T23:45:00Z,1.5357190565217138,16.158
2025-11-17T00:00:00Z,1.4612439909049115,16.149
2025-11-17T00:00:00Z,1.4612439909049115,16.149
2025-11-17T00:15:00Z,1.383488085393104,16.135
2025-11-17T00:30:00Z,1.3377292030915484,16.125
2025-11-17T00:45:00Z,1.3301832713330128,16.112
2025-11-17T01:00:00Z,1.3328079432490227,16.106
2025-11-17T01:15:00Z,1.312466735899946,16.099
2025-11-17T01:30:00Z,1.2988600845695117,16.093
2025-11-17T01:45:00Z,1.2762222892939192,16.084
2025-11-17T02:00:00Z,1.2626156379634992,16.081
2025-11-17T02:15:00Z,1.247195690456934,16.077
2025-11-17T02:30:00Z,1.2278387350763538,16.07
2025-11-17T02:45:00Z,1.2084817796957736,16.068
2025-11-17T03:00:00Z,1.2053738160293932,16.063
2025-11-17T03:15:00Z,1.1866730286278155,16.056
2025-11-17T03:30:00Z,1.1829088969824326,16.051
2025-11-17T03:45:00Z,1.1720821253288918,16.04
2025-11-17T04:00:00Z,1.1693022456519984,16.032
2025-11-17T04:15:00Z,1.163396733840976,16.024
2025-11-17T04:30:00Z,1.1542103821349414,16.012
2025-11-17T04:45:00Z,1.1499452902714253,15.998
2025-11-17T05:00:00Z,1.1478215785735415,15.987
2025-11-17T05:15:00Z,1.1396194788360106,15.974
2025-11-17T05:30:00Z,1.1340420510144895,15.96
2025-11-17T05:45:00Z,1.1350263029829932,15.949
2025-11-17T06:00:00Z,1.140275646815013,15.937
2025-11-17T06:15:00Z,1.6468373266050378,15.924
2025-11-17T06:30:00Z,2.148304870323919,15.913
2025-11-17T06:45:00Z,2.248370487121818,15.875
2025-11-17T07:00:00Z,2.2723206183554154,15.824
2025-11-17T07:15:00Z,2.850076523867223,15.773
2025-11-17T07:30:00Z,3.347123767961712,15.713
2025-11-17T07:45:00Z,3.0644705767724574,15.648
2025-11-17T08:00:00Z,3.1446959464394055,15.583
2025-11-17T08:15:00Z,3.0347878099564625,15.529
2025-11-17T08:30:00Z,2.9537510645496425,15.484
2025-11-17T08:45:00Z,2.851388859825228,15.445
2025-11-17T09:00:00Z,2.954407232528645,15.42
2025-11-17T09:15:00Z,3.1719269175680154,15.402
2025-11-17T09:30:00Z,3.473436103919717,15.388
2025-11-17T09:45:00Z,3.4452208808226032,15.377
2025-11-17T10:00:00Z,3.6638976940591093,15.372
2025-11-17T10:15:00Z,3.8095669853976872,15.37
2025-11-17T10:30:00Z,4.108123415843885,15.372
2025-11-17T10:45:00Z,4.00002857553708,15.379
2025-11-17T11:00:00Z,4.0907526328680675,15.39
2025-11-17T11:15:00Z,3.66982087433788,15.406
2025-11-17T11:30:00Z,3.3510961127712307,15.427
2025-11-17T11:45:00Z,3.0845367055352924,15.449
2025-11-17T12:00:00Z,2.879156128107468,15.471
2025-11-17T12:15:00Z,2.72298814910485,15.493
2025-11-17T12:30:00Z,2.8051643542410503,15.514
2025-11-17T12:45:00Z,3.0983162330943443,15.528
2025-11-17T13:00:00Z,3.423620342918774,15.53
2025-11-17T13:15:00Z,3.212334253679934,15.521
2025-11-17T13:30:00Z,2.956428741868912,15.514
2025-11-17T13:45:00Z,2.730050789113001,15.518
2025-11-17T14:00:00Z,2.566336878351848,15.523
2025-11-17T14:15:00Z,2.451352274265517,15.53
2025-11-17T14:30:00Z,2.3604730091736528,15.543
2025-11-17T14:45:00Z,2.275499255892818,15.559
2025-11-17T15:00:00Z,2.1967590984124996,15.576
2025-11-17T15:15:00Z,2.129829964554226,15.595
2025-11-17T15:30:00Z,2.062900830695966,15.614
2025-11-17T15:45:00Z,1.995315528858697,15.636
2025-11-17T16:00:00Z,1.9329795708534476,15.657
2025-11-17T16:15:00Z,1.8801580485437341,15.676
2025-11-17T16:30:00Z,1.8342262900135466,15.69
2025-11-17T16:45:00Z,1.7899349514308724,15.702
2025-11-17T17:00:00Z,1.7485963687537023,15.71
2025-11-17T17:15:00Z,1.7061006578794107,15.717
2025-11-17T17:30:00Z,1.6726360909502702,15.719
2025-11-17T17:45:00Z,1.6444208678531638,15.721
2025-11-17T18:00:00Z,1.6165337287455515,15.717
2025-11-17T18:15:00Z,1.5805996976612775,15.71
2025-11-17T18:30:00Z,1.55664956642768,15.706
2025-11-17T18:45:00Z,1.5336836871625863,15.697
2025-11-17T19:00:00Z,1.5149828997610157,15.687
2025-11-17T19:15:00Z,1.4826577925612625,15.675
2025-11-17T19:30:00Z,1.4659255090966994,15.662
2025-11-17T19:45:00Z,1.4547706534536502,15.646
2025-11-17T20:00:00Z,1.4270387221069143,15.632
2025-11-17T20:15:00Z,1.4126030265688527,15.616
2025-11-17T20:30:00Z,1.3991515829992949,15.6
2025-11-17T20:45:00Z,1.384059719482238,15.58
2025-11-17T21:00:00Z,1.3735610318181983,15.563
2025-11-17T21:15:00Z,1.3614219242066454,15.544
2025-11-17T21:30:00Z,1.339595504670939,15.521
2025-11-17T21:45:00Z,1.3284406490278968,15.5
2025-11-17T22:00:00Z,1.3182700453533585,15.48
2025-11-17T22:15:00Z,1.3090836936473167,15.459
2025-11-17T22:30:00Z,1.301209677899287,15.436
2025-11-17T22:45:00Z,1.294319914119761,15.412
2025-11-17T23:00:00Z,1.2864458983717313,15.388
2025-11-17T23:15:00Z,1.2685564867100254,15.367
2025-11-17T23:30:00Z,1.2636352268675068,15.342
2025-11-17T23:45:00Z,1.255433127129976,15.316
2025-11-18T00:00:00Z,1.244606355476435,15.292
2025-11-18T00:15:00Z,1.235091919780892,15.266
2025-11-18T00:30:00Z,1.2401860558520426,15.242
2025-11-18T00:45:00Z,1.218687720305823,15.216
2025-11-18T01:00:00Z,1.2137664604633045,15.191
2025-11-18T01:15:00Z,1.2195167645134575,15.165
2025-11-18T01:30:00Z,1.2012992688622575,15.137
2025-11-18T01:45:00Z,1.1960499250302377,15.11
2025-11-18T02:00:00Z,1.1914567491772132,15.081
2025-11-18T02:15:00Z,1.1942542973218622,15.053
2025-11-18T02:30:00Z,1.1850679456158204,15.025
2025-11-18T02:45:00Z,1.1785062658257957,14.997
2025-11-18T03:00:00Z,1.1689918301302598,14.968
2025-11-18T03:15:00Z,1.174085966201396,14.94
2025-11-18T03:30:00Z,1.1671962024218772,14.913
2025-11-18T03:45:00Z,1.1678523704008725,14.885
2025-11-18T04:00:00Z,1.1612906906108478,14.856
2025-11-18T04:15:00Z,1.1580098507158354,14.825
2025-11-18T04:30:00Z,1.1443855309176598,14.794
2025-11-18T04:45:00Z,1.1453697828861635,14.764
2025-11-18T05:00:00Z,1.1437293629386573,14.735
2025-11-18T05:15:00Z,1.1353543869724945,14.705
2025-11-18T05:30:00Z,1.1356824709619957,14.675
2025-11-18T05:45:00Z,1.1337139670249883,14.645
2025-11-18T06:00:00Z,1.1327297150564846,14.615
