Serial_number:,,,,
2171461,,,,
Project ID:,,,,
,,,,
Location:,,,,
phelps,,,,
LEVEL,,,,
UNIT: m,,,,
Offset: 0.000000 m,,,,
TEMPERATURE,,,,
UNIT: °C,,,,
Date,Time,ms,LEVEL,TEMPERATURE
3/3/2026,4:15:00 PM,0,0.3262,14.911
3/3/2026,4:30:00 PM,0,0.3271,14.917
3/3/2026,4:45:00 PM,0,0.327,14.924
3/3/2026,5:00:00 PM,0,0.3263,14.933
3/3/2026,5:15:00 PM,0,0.3264,14.946
3/3/2026,5:30:00 PM,0,0.3258,14.955
3/3/2026,5:45:00 PM,0,0.3254,14.966
3/3/2026,6:00:00 PM,0,0.3239,14.983
3/3/2026,6:15:00 PM,0,0.3234,14.999
3/3/2026,6:30:00 PM,0,0.3243,15.016
3/3/2026,6:45:00 PM,0,0.3247,15.033
3/3/2026,7:00:00 PM,0,0.3251,15.05
3/3/2026,7:15:00 PM,0,0.3249,15.069
3/3/2026,7:30:00 PM,0,0.3241,15.086
3/3/2026,7:45:00 PM,0,0.3253,15.108
3/3/2026,8:00:00 PM,0,0.3254,15.125
3/3/2026,8:15:00 PM,0,0.3255,15.146
3/3/2026,8:30:00 PM,0,0.325,15.167
3/3/2026,8:45:00 PM,0,0.3256,15.185
3/3/2026,9:00:00 PM,0,0.3239,15.206
3/3/2026,9:15:00 PM,0,0.325,15.223
3/3/2026,9:30:00 PM,0,0.3246,15.243
3/3/2026,9:45:00 PM,0,0.3249,15.259
3/3/2026,10:00:00 PM,0,0.3253,15.274
3/3/2026,10:15:00 PM,0,0.3242,15.289
3/3/2026,10:30:00 PM,0,0.3246,15.302
3/3/2026,10:45:00 PM,0,0.3245,15.313
3/3/2026,11:00:00 PM,0,0.3247,15.322
3/3/2026,11:15:00 PM,0,0.3244,15.329
3/3/2026,11:30:00 PM,0,0.3242,15.333
3/3/2026,11:45:00 PM,0,0.3245,15.339
3/4/2026,12:00:00 AM,0,0.3243,15.34
3/4/2026,12:15:00 AM,0,0.324,15.342
3/4/2026,12:30:00 AM,0,0.3235,15.34
3/4/2026,12:45:00 AM,0,0.3231,15.336
3/4/2026,1:00:00 AM,0,0.3241,15.334
3/4/2026,1:15:00 AM,0,0.3236,15.327
3/4/2026,1:30:00 AM,0,0.3238,15.323
3/4/2026,1:45:00 AM,0,0.3239,15.315
3/4/2026,2:00:00 AM,0,0.3241,15.306
3/4/2026,2:15:00 AM,0,0.3238,15.299
3/4/2026,2:30:00 AM,0,0.3237,15.285
3/4/2026,2:45:00 AM,0,0.3232,15.274
3/4/2026,3:00:00 AM,0,0.3248,15.263
3/4/2026,3:15:00 AM,0,0.324,15.247
3/4/2026,3:30:00 AM,0,0.3238,15.235
3/4/2026,3:45:00 AM,0,0.3235,15.219
3/4/2026,4:00:00 AM,0,0.3255,15.201
3/4/2026,4:15:00 AM,0,0.3244,15.186
3/4/2026,4:30:00 AM,0,0.3246,15.169
3/4/2026,4:45:00 AM,0,0.3252,15.15
3/4/2026,5:00:00 AM,0,0.3252,15.131
3/4/2026,5:15:00 AM,0,0.3252,15.111
3/4/2026,5:30:00 AM,0,0.3246,15.09
3/4/2026,5:45:00 AM,0,0.3254,15.068
3/4/2026,6:00:00 AM,0,0.3252,15.048
3/4/2026,6:15:00 AM,0,0.3262,15.024
3/4/2026,6:30:00 AM,0,0.3261,15
3/4/2026,6:45:00 AM,0,0.3261,14.976
3/4/2026,7:00:00 AM,0,0.3286,14.949
3/4/2026,7:15:00 AM,0,0.327,14.922
3/4/2026,7:30:00 AM,0,0.3252,14.9
3/4/2026,7:45:00 AM,0,0.3268,14.868
3/4/2026,8:00:00 AM,0,0.327,14.84
3/4/2026,8:15:00 AM,0,0.3275,14.811
3/4/2026,8:30:00 AM,0,0.3277,14.785
3/4/2026,8:45:00 AM,0,0.3266,14.76
3/4/2026,9:00:00 AM,0,0.3279,14.736
3/4/2026,9:15:00 AM,0,0.3296,14.714
3/4/2026,9:30:00 AM,0,0.3308,14.684
3/4/2026,9:45:00 AM,0,0.3307,14.661
3/4/2026,10:00:00 AM,0,0.3284,14.637
3/4/2026,10:15:00 AM,0,0.3285,14.617
3/4/2026,10:30:00 AM,0,0.3297,14.599
3/4/2026,10:45:00 AM,0,0.3269,14.582
3/4/2026,11:00:00 AM,0,0.328,14.567
3/4/2026,11:15:00 AM,0,0.3281,14.552
3/4/2026,11:30:00 AM,0,0.3269,14.536
3/4/2026,11:45:00 AM,0,0.3274,14.525
3/4/2026,12:00:00 PM,0,0.3279,14.512
3/4/2026,12:15:00 PM,0,0.3297,14.506
3/4/2026,12:30:00 PM,0,0.3287,14.497
3/4/2026,12:45:00 PM,0,0.3286,14.489
3/4/2026,1:00:00 PM,0,0.3287,14.485
3/4/2026,1:15:00 PM,0,0.3277,14.482
3/4/2026,1:30:00 PM,0,0.3277,14.476
3/4/2026,1:45:00 PM,0,0.3287,14.477
3/4/2026,2:00:00 PM,0,0.3286,14.476
3/4/2026,2:15:00 PM,0,0.3274,14.474
3/4/2026,2:30:00 PM,0,0.3282,14.472
3/4/2026,2:45:00 PM,0,0.3282,14.474
3/4/2026,3:00:00 PM,0,0.3282,14.475
3/4/2026,3:15:00 PM,0,0.3283,14.478
3/4/2026,3:30:00 PM,0,0.3282,14.483
3/4/2026,3:45:00 PM,0,0.3277,14.489
3/4/2026,4:00:00 PM,0,0.3288,14.496
3/4/2026,4:15:00 PM,0,0.3276,14.499
3/4/2026,4:30:00 PM,0,0.3278,14.508
3/4/2026,4:45:00 PM,0,0.3289,14.519
3/4/2026,5:00:00 PM,0,0.3281,14.528
3/4/2026,5:15:00 PM,0,0.3287,14.54
3/4/2026,5:30:00 PM,0,0.3276,14.549
3/4/2026,5:45:00 PM,0,0.3278,14.561
3/4/2026,6:00:00 PM,0,0.3254,14.574
3/4/2026,6:15:00 PM,0,0.3268,14.584
3/4/2026,6:30:00 PM,0,0.327,14.598
3/4/2026,6:45:00 PM,0,0.3264,14.61
3/4/2026,7:00:00 PM,0,0.3269,14.622
3/4/2026,7:15:00 PM,0,0.3268,14.637
3/4/2026,7:30:00 PM,0,0.327,14.652
3/4/2026,7:45:00 PM,0,0.3272,14.668
3/4/2026,8:00:00 PM,0,0.3267,14.683
3/4/2026,8:15:00 PM,0,0.3261,14.698
3/4/2026,8:30:00 PM,0,0.3271,14.714
3/4/2026,8:45:00 PM,0,0.3264,14.729
3/4/2026,9:00:00 PM,0,0.3269,14.746
3/4/2026,9:15:00 PM,0,0.3267,14.76
3/4/2026,9:30:00 PM,0,0.3275,14.777
3/4/2026,9:45:00 PM,0,0.326,14.795
3/4/2026,10:00:00 PM,0,0.3266,14.808
3/4/2026,10:15:00 PM,0,0.3268,14.824
3/4/2026,10:30:00 PM,0,0.3267,14.836
3/4/2026,10:45:00 PM,0,0.3265,14.846
3/4/2026,11:00:00 PM,0,0.3275,14.855
3/4/2026,11:15:00 PM,0,0.3266,14.865
3/4/2026,11:30:00 PM,0,0.3271,14.871
3/4/2026,11:45:00 PM,0,0.3263,14.878
3/5/2026,12:00:00 AM,0,0.3271,14.883
3/5/2026,12:15:00 AM,0,0.3265,14.884
3/5/2026,12:30:00 AM,0,0.327,14.889
3/5/2026,12:45:00 AM,0,0.3259,14.89
3/5/2026,1:00:00 AM,0,0.3251,14.888
3/5/2026,1:15:00 AM,0,0.3255,14.886
3/5/2026,1:30:00 AM,0,0.3255,14.88
3/5/2026,1:45:00 AM,0,0.3279,14.877
3/5/2026,2:00:00 AM,0,0.3288,14.873
3/5/2026,2:15:00 AM,0,0.3271,14.865
3/5/2026,2:30:00 AM,0,0.3284,14.861
3/5/2026,2:45:00 AM,0,0.3282,14.854
3/5/2026,3:00:00 AM,0,0.3279,14.846
3/5/2026,3:15:00 AM,0,0.3277,14.84
3/5/2026,3:30:00 AM,0,0.3268,14.831
3/5/2026,3:45:00 AM,0,0.3267,14.819
3/5/2026,4:00:00 AM,0,0.3278,14.811
3/5/2026,4:15:00 AM,0,0.3274,14.8
3/5/2026,4:30:00 AM,0,0.3267,14.787
3/5/2026,4:45:00 AM,0,0.3292,14.776
3/5/2026,5:00:00 AM,0,0.328,14.763
3/5/2026,5:15:00 AM,0,0.3279,14.753
3/5/2026,5:30:00 AM,0,0.3296,14.74
3/5/2026,5:45:00 AM,0,0.3303,14.726
3/5/2026,6:00:00 AM,0,0.3247,14.713
3/5/2026,6:15:00 AM,0,0.3253,14.701
3/5/2026,6:30:00 AM,0,0.3237,14.687
3/5/2026,6:45:00 AM,0,0.3243,14.672
3/5/2026,7:00:00 AM,0,0.3267,14.657
3/5/2026,7:15:00 AM,0,0.3292,14.642
3/5/2026,7:30:00 AM,0,0.3306,14.626
3/5/2026,7:45:00 AM,0,0.3281,14.609
3/5/2026,8:00:00 AM,0,0.3273,14.593
3/5/2026,8:15:00 AM,0,0.3284,14.576
3/5/2026,8:30:00 AM,0,0.3294,14.558
3/5/2026,8:45:00 AM,0,0.3296,14.545
3/5/2026,9:00:00 AM,0,0.3285,14.53
3/5/2026,9:15:00 AM,0,0.3296,14.515
3/5/2026,9:30:00 AM,0,0.327,14.499
3/5/2026,9:45:00 AM,0,0.327,14.488
3/5/2026,10:00:00 AM,0,0.3278,14.477
3/5/2026,10:15:00 AM,0,0.3284,14.46
3/5/2026,10:30:00 AM,0,0.3281,14.45
3/5/2026,10:45:00 AM,0,0.3275,14.437
3/5/2026,11:00:00 AM,0,0.3259,14.429
3/5/2026,11:15:00 AM,0,0.328,14.421
3/5/2026,11:30:00 AM,0,0.3279,14.413
3/5/2026,11:45:00 AM,0,0.3279,14.408
3/5/2026,12:00:00 PM,0,0.3277,14.4
3/5/2026,12:15:00 PM,0,0.3287,14.395
3/5/2026,12:30:00 PM,0,0.3278,14.392
3/5/2026,12:45:00 PM,0,0.3271,14.393
3/5/2026,1:00:00 PM,0,0.3276,14.392
3/5/2026,1:15:00 PM,0,0.3264,14.393
3/5/2026,1:30:00 PM,0,0.3253,14.395
3/5/2026,1:45:00 PM,0,0.326,14.396
3/5/2026,2:00:00 PM,0,0.3266,14.401
3/5/2026,2:15:00 PM,0,0.3289,14.403
3/5/2026,2:30:00 PM,0,0.3283,14.406
3/5/2026,2:45:00 PM,0,0.3284,14.408
3/5/2026,3:00:00 PM,0,0.3287,14.413
3/5/2026,3:15:00 PM,0,0.3283,14.419
3/5/2026,3:30:00 PM,0,0.3281,14.423
3/5/2026,3:45:00 PM,0,0.3259,14.43
3/5/2026,4:00:00 PM,0,0.3252,14.437
3/5/2026,4:15:00 PM,0,0.3256,14.443
3/5/2026,4:30:00 PM,0,0.3242,14.449
3/5/2026,4:45:00 PM,0,0.323,14.458
3/5/2026,5:00:00 PM,0,0.3245,14.463
3/5/2026,5:15:00 PM,0,0.3239,14.472
3/5/2026,5:30:00 PM,0,0.3245,14.48
3/5/2026,5:45:00 PM,0,0.3233,14.491
3/5/2026,6:00:00 PM,0,0.3245,14.501
3/5/2026,6:15:00 PM,0,0.325,14.512
3/5/2026,6:30:00 PM,0,0.3234,14.524
3/5/2026,6:45:00 PM,0,0.3235,14.535
3/5/2026,7:00:00 PM,0,0.3236,14.551
3/5/2026,7:15:00 PM,0,0.3249,14.565
3/5/2026,7:30:00 PM,0,0.3231,14.579
3/5/2026,7:45:00 PM,0,0.3235,14.594
3/5/2026,8:00:00 PM,0,0.3223,14.608
3/5/2026,8:15:00 PM,0,0.3217,14.623
3/5/2026,8:30:00 PM,0,0.3219,14.64
3/5/2026,8:45:00 PM,0,0.3231,14.655
3/5/2026,9:00:00 PM,0,0.322,14.671
3/5/2026,9:15:00 PM,0,0.3237,14.684
3/5/2026,9:30:00 PM,0,0.321,14.7
3/5/2026,9:45:00 PM,0,0.3225,14.715
3/5/2026,10:00:00 PM,0,0.3218,14.732
3/5/2026,10:15:00 PM,0,0.322,14.742
3/5/2026,10:30:00 PM,0,0.3227,14.755
3/5/2026,10:45:00 PM,0,0.3203,14.766
3/5/2026,11:00:00 PM,0,0.3222,14.776
3/5/2026,11:15:00 PM,0,0.3241,14.783
3/5/2026,11:30:00 PM,0,0.3213,14.792
3/5/2026,11:45:00 PM,0,0.3216,14.798
3/6/2026,12:00:00 AM,0,0.3209,14.803
3/6/2026,12:15:00 AM,0,0.3205,14.809
3/6/2026,12:30:00 AM,0,0.3205,14.81
3/6/2026,12:45:00 AM,0,0.3214,14.81
3/6/2026,1:00:00 AM,0,0.3223,14.81
3/6/2026,1:15:00 AM,0,0.3218,14.807
3/6/2026,1:30:00 AM,0,0.3217,14.802
3/6/2026,1:45:00 AM,0,0.3224,14.795
3/6/2026,2:00:00 AM,0,0.324,14.788
3/6/2026,2:15:00 AM,0,0.3239,14.783
3/6/2026,2:30:00 AM,0,0.3244,14.774
3/6/2026,2:45:00 AM,0,0.325,14.765
3/6/2026,3:00:00 AM,0,0.3244,14.754
3/6/2026,3:15:00 AM,0,0.3246,14.741
3/6/2026,3:30:00 AM,0,0.323,14.73
3/6/2026,3:45:00 AM,0,0.3223,14.717
3/6/2026,4:00:00 AM,0,0.3229,14.703
3/6/2026,4:15:00 AM,0,0.3221,14.687
3/6/2026,4:30:00 AM,0,0.323,14.671
3/6/2026,4:45:00 AM,0,0.3223,14.655
3/6/2026,5:00:00 AM,0,0.322,14.633
3/6/2026,5:15:00 AM,0,0.3216,14.615
3/6/2026,5:30:00 AM,0,0.3216,14.596
3/6/2026,5:45:00 AM,0,0.3221,14.577
3/6/2026,6:00:00 AM,0,0.3217,14.557
3/6/2026,6:15:00 AM,0,0.3223,14.538
3/6/2026,6:30:00 AM,0,0.3224,14.518
3/6/2026,6:45:00 AM,0,0.3243,14.496
3/6/2026,7:00:00 AM,0,0.3275,14.474
3/6/2026,7:15:00 AM,0,0.3282,14.453
3/6/2026,7:30:00 AM,0,0.3279,14.428
3/6/2026,7:45:00 AM,0,0.3279,14.405
3/6/2026,8:00:00 AM,0,0.3267,14.38
3/6/2026,8:15:00 AM,0,0.3267,14.358
3/6/2026,8:30:00 AM,0,0.3256,14.341
3/6/2026,8:45:00 AM,0,0.3245,14.32
3/6/2026,9:00:00 AM,0,0.3258,14.301
3/6/2026,9:15:00 AM,0,0.3268,14.282
3/6/2026,9:30:00 AM,0,0.3255,14.264
3/6/2026,9:45:00 AM,0,0.3267,14.247
3/6/2026,10:00:00 AM,0,0.3276,14.232
3/6/2026,10:15:00 AM,0,0.3271,14.218
3/6/2026,10:30:00 AM,0,0.3288,14.181
3/6/2026,10:45:00 AM,0,0.3291,14.156
3/6/2026,11:00:00 AM,0,0.3312,14.136
3/6/2026,11:15:00 AM,0,0.3319,14.126
3/6/2026,11:30:00 AM,0,0.3324,14.128
3/6/2026,11:45:00 AM,0,0.3331,14.109
3/6/2026,12:00:00 PM,0,0.3355,14.039
3/6/2026,12:15:00 PM,0,0.3351,14.073
3/6/2026,12:30:00 PM,0,0.3361,14.047
3/6/2026,12:45:00 PM,0,0.3359,14.019
3/6/2026,1:00:00 PM,0,0.3361,14.059
3/6/2026,1:15:00 PM,0,0.3359,14.068
3/6/2026,1:30:00 PM,0,0.335,14.057
3/6/2026,1:45:00 PM,0,0.3347,14.061
3/6/2026,2:00:00 PM,0,0.3345,14.068
3/6/2026,2:15:00 PM,0,0.3345,14.074
3/6/2026,2:30:00 PM,0,0.3335,14.061
3/6/2026,2:45:00 PM,0,0.333,14.083
3/6/2026,3:00:00 PM,0,0.3326,14.092
3/6/2026,3:15:00 PM,0,0.332,14.1
3/6/2026,3:30:00 PM,0,0.3312,14.104
3/6/2026,3:45:00 PM,0,0.3314,14.111
3/6/2026,4:00:00 PM,0,0.3307,14.115
3/6/2026,4:15:00 PM,0,0.3299,14.122
3/6/2026,4:30:00 PM,0,0.3303,14.13
3/6/2026,4:45:00 PM,0,0.3297,14.137
3/6/2026,5:00:00 PM,0,0.3304,14.144
3/6/2026,5:15:00 PM,0,0.3288,14.153
3/6/2026,5:30:00 PM,0,0.3287,14.163
3/6/2026,5:45:00 PM,0,0.3267,14.171
3/6/2026,6:00:00 PM,0,0.3259,14.183
3/6/2026,6:15:00 PM,0,0.3272,14.196
3/6/2026,6:30:00 PM,0,0.3277,14.208
3/6/2026,6:45:00 PM,0,0.3286,14.22
3/6/2026,7:00:00 PM,0,0.3273,14.237
3/6/2026,7:15:00 PM,0,0.3282,14.249
3/6/2026,7:30:00 PM,0,0.3278,14.266
3/6/2026,7:45:00 PM,0,0.3285,14.281
3/6/2026,8:00:00 PM,0,0.3269,14.3
3/6/2026,8:15:00 PM,0,0.327,14.317
3/6/2026,8:30:00 PM,0,0.3272,14.334
3/6/2026,8:45:00 PM,0,0.3274,14.351
3/6/2026,9:00:00 PM,0,0.3273,14.368
3/6/2026,9:15:00 PM,0,0.3271,14.384
3/6/2026,9:30:00 PM,0,0.3266,14.401
3/6/2026,9:45:00 PM,0,0.3265,14.417
3/6/2026,10:00:00 PM,0,0.3263,14.432
3/6/2026,10:15:00 PM,0,0.326,14.447
3/6/2026,10:30:00 PM,0,0.3251,14.46
3/6/2026,10:45:00 PM,0,0.3252,14.473
3/6/2026,11:00:00 PM,0,0.3259,14.483
3/6/2026,11:15:00 PM,0,0.3255,14.492
3/6/2026,11:30:00 PM,0,0.326,14.499
3/6/2026,11:45:00 PM,0,0.3255,14.505
3/7/2026,12:00:00 AM,0,0.3265,14.508
3/7/2026,12:15:00 AM,0,0.3263,14.508
3/7/2026,12:30:00 AM,0,0.3264,14.508
3/7/2026,12:45:00 AM,0,0.3269,14.506
3/7/2026,1:00:00 AM,0,0.3267,14.506
3/7/2026,1:15:00 AM,0,0.3274,14.502
3/7/2026,1:30:00 AM,0,0.3271,14.495
3/7/2026,1:45:00 AM,0,0.3268,14.487
3/7/2026,2:00:00 AM,0,0.3265,14.479
3/7/2026,2:15:00 AM,0,0.3264,14.469
3/7/2026,2:30:00 AM,0,0.3261,14.457
3/7/2026,2:45:00 AM,0,0.3258,14.444
3/7/2026,3:00:00 AM,0,0.3249,14.432
3/7/2026,3:15:00 AM,0,0.3251,14.418
3/7/2026,3:30:00 AM,0,0.3264,14.401
3/7/2026,3:45:00 AM,0,0.3255,14.387
3/7/2026,4:00:00 AM,0,0.3255,14.368
3/7/2026,4:15:00 AM,0,0.3264,14.349
3/7/2026,4:30:00 AM,0,0.3271,14.33
3/7/2026,4:45:00 AM,0,0.3249,14.311
3/7/2026,5:00:00 AM,0,0.3277,14.29
3/7/2026,5:15:00 AM,0,0.3258,14.271
3/7/2026,5:30:00 AM,0,0.3262,14.251
3/7/2026,5:45:00 AM,0,0.3255,14.227
3/7/2026,6:00:00 AM,0,0.326,14.207
3/7/2026,6:15:00 AM,0,0.3259,14.185
3/7/2026,6:30:00 AM,0,0.3258,14.158
3/7/2026,6:45:00 AM,0,0.3291,14.136
3/7/2026,7:00:00 AM,0,0.3306,14.113
3/7/2026,7:15:00 AM,0,0.3321,14.088
3/7/2026,7:30:00 AM,0,0.3322,14.058
3/7/2026,7:45:00 AM,0,0.3315,14.011
3/7/2026,8:00:00 AM,0,0.3277,13.995
3/7/2026,8:15:00 AM,0,0.3288,13.972
3/7/2026,8:30:00 AM,0,0.3285,13.949
3/7/2026,8:45:00 AM,0,0.3307,13.854
3/7/2026,9:00:00 AM,0,0.3304,13.832
3/7/2026,9:15:00 AM,0,0.3308,13.816
3/7/2026,9:30:00 AM,0,0.3314,13.805
3/7/2026,9:45:00 AM,0,0.3302,13.794
3/7/2026,10:00:00 AM,0,0.33,13.782
3/7/2026,10:15:00 AM,0,0.3304,13.771
3/7/2026,10:30:00 AM,0,0.3302,13.759
3/7/2026,10:45:00 AM,0,0.3295,13.746
3/7/2026,11:00:00 AM,0,0.3296,13.719
3/7/2026,11:15:00 AM,0,0.3312,13.705
3/7/2026,11:30:00 AM,0,0.3313,13.693
3/7/2026,11:45:00 AM,0,0.3296,13.683
3/7/2026,12:00:00 PM,0,0.3306,13.675
3/7/2026,12:15:00 PM,0,0.3301,13.667
3/7/2026,12:30:00 PM,0,0.3303,13.662
3/7/2026,12:45:00 PM,0,0.3301,13.655
3/7/2026,1:00:00 PM,0,0.3294,13.64
3/7/2026,1:15:00 PM,0,0.3298,13.637
3/7/2026,1:30:00 PM,0,0.3295,13.641
3/7/2026,1:45:00 PM,0,0.3289,13.643
3/7/2026,2:00:00 PM,0,0.3292,13.645
3/7/2026,2:15:00 PM,0,0.3298,13.65
3/7/2026,2:30:00 PM,0,0.3299,13.651
3/7/2026,2:45:00 PM,0,0.3306,13.654
3/7/2026,3:00:00 PM,0,0.3299,13.654
3/7/2026,3:15:00 PM,0,0.3306,13.657
3/7/2026,3:30:00 PM,0,0.3304,13.66
3/7/2026,3:45:00 PM,0,0.3309,13.667
3/7/2026,4:00:00 PM,0,0.3306,13.675
3/7/2026,4:15:00 PM,0,0.331,13.682
3/7/2026,4:30:00 PM,0,0.3309,13.694
3/7/2026,4:45:00 PM,0,0.3315,13.702
3/7/2026,5:00:00 PM,0,0.3317,13.71
3/7/2026,5:15:00 PM,0,0.3313,13.719
3/7/2026,5:30:00 PM,0,0.3303,13.729
3/7/2026,5:45:00 PM,0,0.3296,13.738
3/7/2026,6:00:00 PM,0,0.3307,13.745
3/7/2026,6:15:00 PM,0,0.3295,13.754
3/7/2026,6:30:00 PM,0,0.3293,13.766
3/7/2026,6:45:00 PM,0,0.3291,13.778
3/7/2026,7:00:00 PM,0,0.3288,13.789
3/7/2026,7:15:00 PM,0,0.3291,13.801
3/7/2026,7:30:00 PM,0,0.3305,13.811
3/7/2026,7:45:00 PM,0,0.3305,13.824
3/7/2026,8:00:00 PM,0,0.3296,13.836
3/7/2026,8:15:00 PM,0,0.3293,13.851
3/7/2026,8:30:00 PM,0,0.3289,13.864
3/7/2026,8:45:00 PM,0,0.3281,13.877
3/7/2026,9:00:00 PM,0,0.3278,13.889
3/7/2026,9:15:00 PM,0,0.3279,13.905
3/7/2026,9:30:00 PM,0,0.3272,13.916
3/7/2026,9:45:00 PM,0,0.3281,13.93
3/7/2026,10:00:00 PM,0,0.3282,13.941
3/7/2026,10:15:00 PM,0,0.3268,13.955
3/7/2026,10:30:00 PM,0,0.3274,13.966
3/7/2026,10:45:00 PM,0,0.3274,13.978
3/7/2026,11:00:00 PM,0,0.3283,13.99
3/7/2026,11:15:00 PM,0,0.3276,13.997
3/7/2026,11:30:00 PM,0,0.3278,14.005
3/7/2026,11:45:00 PM,0,0.3278,14.012
3/8/2026,12:00:00 AM,0,0.3277,14.019
3/8/2026,12:15:00 AM,0,0.3278,14.021
3/8/2026,12:30:00 AM,0,0.3274,14.026
3/8/2026,12:45:00 AM,0,0.3272,14.029
3/8/2026,1:00:00 AM,0,0.327,14.029
3/8/2026,1:15:00 AM,0,0.3273,14.027
3/8/2026,1:30:00 AM,0,0.3273,14.026
3/8/2026,1:45:00 AM,0,0.3302,14.019
3/8/2026,2:00:00 AM,0,0.3334,14.014
3/8/2026,2:15:00 AM,0,0.3339,14.013
3/8/2026,2:30:00 AM,0,0.3343,14.006
3/8/2026,2:45:00 AM,0,0.3344,14.001
3/8/2026,3:00:00 AM,0,0.3344,13.993
3/8/2026,3:15:00 AM,0,0.3325,13.986
3/8/2026,3:30:00 AM,0,0.3306,13.976
3/8/2026,3:45:00 AM,0,0.3304,13.97
3/8/2026,4:00:00 AM,0,0.3305,13.961
3/8/2026,4:15:00 AM,0,0.3304,13.95
3/8/2026,4:30:00 AM,0,0.3294,13.943
3/8/2026,4:45:00 AM,0,0.3296,13.935
3/8/2026,5:00:00 AM,0,0.3293,13.922
3/8/2026,5:15:00 AM,0,0.329,13.914
3/8/2026,5:30:00 AM,0,0.3295,13.903
3/8/2026,5:45:00 AM,0,0.3282,13.89
3/8/2026,6:00:00 AM,0,0.3277,13.861
3/8/2026,6:15:00 AM,0,0.3278,13.854
3/8/2026,6:30:00 AM,0,0.3284,13.843
3/8/2026,6:45:00 AM,0,0.3326,13.832
3/8/2026,7:00:00 AM,0,0.3331,13.817
3/8/2026,7:15:00 AM,0,0.3343,13.789
3/8/2026,7:30:00 AM,0,0.3343,13.769
3/8/2026,7:45:00 AM,0,0.3313,13.711
3/8/2026,8:00:00 AM,0,0.3311,13.699
3/8/2026,8:15:00 AM,0,0.3326,13.701
3/8/2026,8:30:00 AM,0,0.3325,13.693
3/8/2026,8:45:00 AM,0,0.3315,13.678
3/8/2026,9:00:00 AM,0,0.3321,13.67
3/8/2026,9:15:00 AM,0,0.3316,13.665
3/8/2026,9:30:00 AM,0,0.3319,13.656
3/8/2026,9:45:00 AM,0,0.3313,13.649
3/8/2026,10:00:00 AM,0,0.3318,13.641
3/8/2026,10:15:00 AM,0,0.3324,13.621
3/8/2026,10:30:00 AM,0,0.3314,13.612
3/8/2026,10:45:00 AM,0,0.3312,13.61
3/8/2026,11:00:00 AM,0,0.3311,13.604
3/8/2026,11:15:00 AM,0,0.3306,13.6
3/8/2026,11:30:00 AM,0,0.3304,13.597
3/8/2026,11:45:00 AM,0,0.3305,13.594
3/8/2026,12:00:00 PM,0,0.331,13.59
3/8/2026,12:15:00 PM,0,0.3317,13.59
3/8/2026,12:30:00 PM,0,0.3313,13.591
3/8/2026,12:45:00 PM,0,0.3313,13.589
3/8/2026,1:00:00 PM,0,0.331,13.591
3/8/2026,1:15:00 PM,0,0.3315,13.597
3/8/2026,1:30:00 PM,0,0.3315,13.604
3/8/2026,1:45:00 PM,0,0.3314,13.607
3/8/2026,2:00:00 PM,0,0.3321,13.617
3/8/2026,2:15:00 PM,0,0.3322,13.623
3/8/2026,2:30:00 PM,0,0.332,13.642
3/8/2026,2:45:00 PM,0,0.3317,13.651
3/8/2026,3:00:00 PM,0,0.3323,13.662
3/8/2026,3:15:00 PM,0,0.3317,13.671
3/8/2026,3:30:00 PM,0,0.3315,13.685
3/8/2026,3:45:00 PM,0,0.3317,13.697
3/8/2026,4:00:00 PM,0,0.3303,13.709
3/8/2026,4:15:00 PM,0,0.3307,13.723
3/8/2026,4:30:00 PM,0,0.3307,13.727
3/8/2026,4:45:00 PM,0,0.3313,13.745
3/8/2026,5:00:00 PM,0,0.3311,13.759
3/8/2026,5:15:00 PM,0,0.331,13.766
3/8/2026,5:30:00 PM,0,0.3305,13.781
3/8/2026,5:45:00 PM,0,0.3303,13.796
3/8/2026,6:00:00 PM,0,0.3298,13.81
3/8/2026,6:15:00 PM,0,0.3297,13.826
3/8/2026,6:30:00 PM,0,0.3301,13.84
3/8/2026,6:45:00 PM,0,0.3306,13.855
3/8/2026,7:00:00 PM,0,0.331,13.869
3/8/2026,7:15:00 PM,0,0.3303,13.881
3/8/2026,7:30:00 PM,0,0.3288,13.897
3/8/2026,7:45:00 PM,0,0.3291,13.911
3/8/2026,8:00:00 PM,0,0.3294,13.924
3/8/2026,8:15:00 PM,0,0.3293,13.938
3/8/2026,8:30:00 PM,0,0.3294,13.953
3/8/2026,8:45:00 PM,0,0.3295,13.969
3/8/2026,9:00:00 PM,0,0.3289,13.983
3/8/2026,9:15:00 PM,0,0.3291,14
3/8/2026,9:30:00 PM,0,0.3288,14.013
3/8/2026,9:45:00 PM,0,0.3293,14.031
3/8/2026,10:00:00 PM,0,0.3289,14.044
3/8/2026,10:15:00 PM,0,0.3285,14.059
3/8/2026,10:30:00 PM,0,0.3283,14.073
3/8/2026,10:45:00 PM,0,0.3289,14.088
3/8/2026,11:00:00 PM,0,0.3295,14.101
3/8/2026,11:15:00 PM,0,0.3289,14.115
3/8/2026,11:30:00 PM,0,0.3283,14.125
3/8/2026,11:45:00 PM,0,0.3285,14.137
3/9/2026,12:00:00 AM,0,0.3285,14.147
3/9/2026,12:15:00 AM,0,0.3272,14.155
3/9/2026,12:30:00 AM,0,0.328,14.162
3/9/2026,12:45:00 AM,0,0.3281,14.168
3/9/2026,1:00:00 AM,0,0.3291,14.172
3/9/2026,1:15:00 AM,0,0.3287,14.175
3/9/2026,1:30:00 AM,0,0.3276,14.177
3/9/2026,1:45:00 AM,0,0.3278,14.176
3/9/2026,2:00:00 AM,0,0.328,14.175
3/9/2026,2:15:00 AM,0,0.3278,14.173
3/9/2026,2:30:00 AM,0,0.3278,14.169
3/9/2026,2:45:00 AM,0,0.3286,14.163
3/9/2026,3:00:00 AM,0,0.3281,14.156
3/9/2026,3:15:00 AM,0,0.3281,14.151
3/9/2026,3:30:00 AM,0,0.3283,14.142
3/9/2026,3:45:00 AM,0,0.3279,14.133
3/9/2026,4:00:00 AM,0,0.328,14.125
3/9/2026,4:15:00 AM,0,0.3285,14.117
3/9/2026,4:30:00 AM,0,0.3287,14.106
3/9/2026,4:45:00 AM,0,0.3296,14.097
3/9/2026,5:00:00 AM,0,0.3293,14.085
3/9/2026,5:15:00 AM,0,0.3282,14.063
3/9/2026,5:30:00 AM,0,0.3286,14.057
3/9/2026,5:45:00 AM,0,0.3285,14.048
3/9/2026,6:00:00 AM,0,0.329,14.041
3/9/2026,6:15:00 AM,0,0.3287,14.02
3/9/2026,6:30:00 AM,0,0.3296,14.012
3/9/2026,6:45:00 AM,0,0.3321,14.005
3/9/2026,7:00:00 AM,0,0.3351,13.998
3/9/2026,7:15:00 AM,0,0.335,13.989
3/9/2026,7:30:00 AM,0,0.3347,13.97
3/9/2026,7:45:00 AM,0,0.3345,13.958
3/9/2026,8:00:00 AM,0,0.3321,13.951
3/9/2026,8:15:00 AM,0,0.3324,13.942
3/9/2026,8:30:00 AM,0,0.3306,13.935
3/9/2026,8:45:00 AM,0,0.3322,13.927
3/9/2026,9:00:00 AM,0,0.3316,13.918
3/9/2026,9:15:00 AM,0,0.3314,13.911
3/9/2026,9:30:00 AM,0,0.3316,13.902
3/9/2026,9:45:00 AM,0,0.3315,13.891
3/9/2026,10:00:00 AM,0,0.3323,13.886
3/9/2026,10:15:00 AM,0,0.3319,13.882
3/9/2026,10:30:00 AM,0,0.3316,13.879
3/9/2026,10:45:00 AM,0,0.3325,13.874
3/9/2026,11:00:00 AM,0,0.3321,13.87
3/9/2026,11:15:00 AM,0,0.3322,13.866
3/9/2026,11:30:00 AM,0,0.3318,13.865
3/9/2026,11:45:00 AM,0,0.3309,13.862
3/9/2026,12:00:00 PM,0,0.3311,13.862
3/9/2026,12:15:00 PM,0,0.331,13.866
3/9/2026,12:30:00 PM,0,0.3306,13.869
3/9/2026,12:45:00 PM,0,0.3306,13.876
3/9/2026,1:00:00 PM,0,0.3303,13.881
3/9/2026,1:15:00 PM,0,0.3309,13.889
3/9/2026,1:30:00 PM,0,0.3309,13.899
3/9/2026,1:45:00 PM,0,0.3312,13.909
3/9/2026,2:00:00 PM,0,0.3313,13.921
3/9/2026,2:15:00 PM,0,0.3324,13.934
3/9/2026,2:30:00 PM,0,0.3336,13.946
3/9/2026,2:45:00 PM,0,0.3341,13.962
3/9/2026,3:00:00 PM,0,0.3335,13.976
3/9/2026,3:15:00 PM,0,0.3344,13.993
3/9/2026,3:30:00 PM,0,0.3335,14.011
3/9/2026,3:45:00 PM,0,0.3332,14.026
3/9/2026,4:00:00 PM,0,0.3334,14.043
3/9/2026,4:15:00 PM,0,0.3332,14.061
3/9/2026,4:30:00 PM,0,0.3327,14.081
3/9/2026,4:45:00 PM,0,0.332,14.101
3/9/2026,5:00:00 PM,0,0.3326,14.12
3/9/2026,5:15:00 PM,0,0.3339,14.142
3/9/2026,5:30:00 PM,0,0.333,14.161
3/9/2026,5:45:00 PM,0,0.3336,14.185
3/9/2026,6:00:00 PM,0,0.3328,14.203
3/9/2026,6:15:00 PM,0,0.3325,14.226
3/9/2026,6:30:00 PM,0,0.3328,14.246
3/9/2026,6:45:00 PM,0,0.3334,14.266
3/9/2026,7:00:00 PM,0,0.3331,14.288
3/9/2026,7:15:00 PM,0,0.3341,14.309
3/9/2026,7:30:00 PM,0,0.3331,14.331
3/9/2026,7:45:00 PM,0,0.3344,14.352
3/9/2026,8:00:00 PM,0,0.3339,14.373
3/9/2026,8:15:00 PM,0,0.3343,14.394
3/9/2026,8:30:00 PM,0,0.3337,14.419
3/9/2026,8:45:00 PM,0,0.3346,14.439
3/9/2026,9:00:00 PM,0,0.3337,14.46
3/9/2026,9:15:00 PM,0,0.3345,14.482
3/9/2026,9:30:00 PM,0,0.334,14.503
3/9/2026,9:45:00 PM,0,0.3337,14.524
3/9/2026,10:00:00 PM,0,0.3332,14.543
3/9/2026,10:15:00 PM,0,0.333,14.562
3/9/2026,10:30:00 PM,0,0.3332,14.584
3/9/2026,10:45:00 PM,0,0.3329,14.602
3/9/2026,11:00:00 PM,0,0.3323,14.619
3/9/2026,11:15:00 PM,0,0.3328,14.636
3/9/2026,11:30:00 PM,0,0.3332,14.647
3/9/2026,11:45:00 PM,0,0.3329,14.664
3/10/2026,12:00:00 AM,0,0.3333,14.676
3/10/2026,12:15:00 AM,0,0.3336,14.692
3/10/2026,12:30:00 AM,0,0.3338,14.703
3/10/2026,12:45:00 AM,0,0.3348,14.716
3/10/2026,1:00:00 AM,0,0.3348,14.73
3/10/2026,1:15:00 AM,0,0.3358,14.739
3/10/2026,1:30:00 AM,0,0.3369,14.744
3/10/2026,1:45:00 AM,0,0.34,14.744
3/10/2026,2:00:00 AM,0,0.3412,14.746
3/10/2026,2:15:00 AM,0,0.3424,14.762
3/10/2026,2:30:00 AM,0,0.3416,14.774
3/10/2026,2:45:00 AM,0,0.3415,14.788
3/10/2026,3:00:00 AM,0,0.3403,14.801
3/10/2026,3:15:00 AM,0,0.3396,14.808
3/10/2026,3:30:00 AM,0,0.3379,14.813
3/10/2026,3:45:00 AM,0,0.3384,14.813
3/10/2026,4:00:00 AM,0,0.338,14.817
3/10/2026,4:15:00 AM,0,0.337,14.814
3/10/2026,4:30:00 AM,0,0.3366,14.819
3/10/2026,4:45:00 AM,0,0.3364,14.816
3/10/2026,5:00:00 AM,0,0.3355,14.813
3/10/2026,5:15:00 AM,0,0.3346,14.81
3/10/2026,5:30:00 AM,0,0.335,14.794
3/10/2026,5:45:00 AM,0,0.3345,14.799
3/10/2026,6:00:00 AM,0,0.3347,14.799
3/10/2026,6:15:00 AM,0,0.3346,14.798
3/10/2026,6:30:00 AM,0,0.3343,14.803
3/10/2026,6:45:00 AM,0,0.334,14.786
3/10/2026,7:00:00 AM,0,0.3341,14.788
3/10/2026,7:15:00 AM,0,0.334,14.785
3/10/2026,7:30:00 AM,0,0.3345,14.779
3/10/2026,7:45:00 AM,0,0.3349,14.777
3/10/2026,8:00:00 AM,0,0.3347,14.761
3/10/2026,8:15:00 AM,0,0.3347,14.77
3/10/2026,8:30:00 AM,0,0.3353,14.776
3/10/2026,8:45:00 AM,0,0.3356,14.778
3/10/2026,9:00:00 AM,0,0.3352,14.776
3/10/2026,9:15:00 AM,0,0.335,14.765
3/10/2026,9:30:00 AM,0,0.335,14.766
3/10/2026,9:45:00 AM,0,0.3347,14.765
3/10/2026,10:00:00 AM,0,0.3347,14.764
3/10/2026,10:15:00 AM,0,0.3347,14.756
3/10/2026,10:30:00 AM,0,0.3346,14.754
3/10/2026,10:45:00 AM,0,0.3349,14.751
3/10/2026,11:00:00 AM,0,0.3341,14.749
3/10/2026,11:15:00 AM,0,0.3346,14.744
3/10/2026,11:30:00 AM,0,0.3346,14.74
3/10/2026,11:45:00 AM,0,0.3346,14.735
3/10/2026,12:00:00 PM,0,0.3352,14.732
3/10/2026,12:15:00 PM,0,0.3351,14.73
3/10/2026,12:30:00 PM,0,0.3346,14.716
3/10/2026,12:45:00 PM,0,0.3345,14.72
3/10/2026,1:00:00 PM,0,0.3343,14.721
3/10/2026,1:15:00 PM,0,0.3339,14.72
3/10/2026,1:30:00 PM,0,0.3342,14.719
3/10/2026,1:45:00 PM,0,0.3347,14.716
3/10/2026,2:00:00 PM,0,0.3336,14.711
3/10/2026,2:15:00 PM,0,0.3334,14.714
3/10/2026,2:30:00 PM,0,0.3329,14.715
3/10/2026,2:45:00 PM,0,0.3331,14.716
3/10/2026,3:00:00 PM,0,0.3337,14.715
3/10/2026,3:15:00 PM,0,0.3334,14.714
3/10/2026,3:30:00 PM,0,0.3339,14.716
3/10/2026,3:45:00 PM,0,0.334,14.715
3/10/2026,4:00:00 PM,0,0.3329,14.715
3/10/2026,4:15:00 PM,0,0.3338,14.715
3/10/2026,4:30:00 PM,0,0.3332,14.716
3/10/2026,4:45:00 PM,0,0.333,14.717
3/10/2026,5:00:00 PM,0,0.333,14.719
3/10/2026,5:15:00 PM,0,0.333,14.719
3/10/2026,5:30:00 PM,0,0.3333,14.725
3/10/2026,5:45:00 PM,0,0.3328,14.725
3/10/2026,6:00:00 PM,0,0.3324,14.73
3/10/2026,6:15:00 PM,0,0.3324,14.732
3/10/2026,6:30:00 PM,0,0.3325,14.735
3/10/2026,6:45:00 PM,0,0.3321,14.739
3/10/2026,7:00:00 PM,0,0.3322,14.744
3/10/2026,7:15:00 PM,0,0.3325,14.749
3/10/2026,7:30:00 PM,0,0.3322,14.755
3/10/2026,7:45:00 PM,0,0.3319,14.76
3/10/2026,8:00:00 PM,0,0.3317,14.764
3/10/2026,8:15:00 PM,0,0.332,14.769
3/10/2026,8:30:00 PM,0,0.332,14.771
3/10/2026,8:45:00 PM,0,0.3315,14.774
3/10/2026,9:00:00 PM,0,0.3315,14.775
3/10/2026,9:15:00 PM,0,0.3318,14.746
3/10/2026,9:30:00 PM,0,0.3314,14.764
3/10/2026,9:45:00 PM,0,0.3313,14.771
3/10/2026,10:00:00 PM,0,0.3312,14.773
3/10/2026,10:15:00 PM,0,0.331,14.774
3/10/2026,10:30:00 PM,0,0.3312,14.776
3/10/2026,10:45:00 PM,0,0.332,14.773
3/10/2026,11:00:00 PM,0,0.3311,14.77
3/10/2026,11:15:00 PM,0,0.3313,14.768
3/10/2026,11:30:00 PM,0,0.3319,14.764
3/10/2026,11:45:00 PM,0,0.332,14.757
3/11/2026,12:00:00 AM,0,0.332,14.754
3/11/2026,12:15:00 AM,0,0.3326,14.743
3/11/2026,12:30:00 AM,0,0.3329,14.74
3/11/2026,12:45:00 AM,0,0.3334,14.729
3/11/2026,1:00:00 AM,0,0.3328,14.723
3/11/2026,1:15:00 AM,0,0.3324,14.715
3/11/2026,1:30:00 AM,0,0.333,14.706
3/11/2026,1:45:00 AM,0,0.333,14.697
3/11/2026,2:00:00 AM,0,0.3318,14.685
3/11/2026,2:15:00 AM,0,0.3321,14.675
3/11/2026,2:30:00 AM,0,0.3311,14.662
3/11/2026,2:45:00 AM,0,0.3315,14.651
3/11/2026,3:00:00 AM,0,0.3316,14.638
3/11/2026,3:15:00 AM,0,0.3312,14.625
3/11/2026,3:30:00 AM,0,0.3312,14.611
3/11/2026,3:45:00 AM,0,0.3304,14.599
3/11/2026,4:00:00 AM,0,0.3307,14.587
3/11/2026,4:15:00 AM,0,0.3305,14.573
3/11/2026,4:30:00 AM,0,0.3312,14.56
3/11/2026,4:45:00 AM,0,0.3303,14.547
3/11/2026,5:00:00 AM,0,0.3306,14.533
3/11/2026,5:15:00 AM,0,0.3309,14.519
3/11/2026,5:30:00 AM,0,0.3309,14.507
3/11/2026,5:45:00 AM,0,0.3305,14.491
3/11/2026,6:00:00 AM,0,0.3299,14.467
3/11/2026,6:15:00 AM,0,0.33,14.457
3/11/2026,6:30:00 AM,0,0.3304,14.443
3/11/2026,6:45:00 AM,0,0.3319,14.428
3/11/2026,7:00:00 AM,0,0.3349,14.414
3/11/2026,7:15:00 AM,0,0.3371,14.373
3/11/2026,7:30:00 AM,0,0.336,14.337
3/11/2026,7:45:00 AM,0,0.3349,14.335
3/11/2026,8:00:00 AM,0,0.3336,14.33
3/11/2026,8:15:00 AM,0,0.3331,14.32
3/11/2026,8:30:00 AM,0,0.333,14.308
3/11/2026,8:45:00 AM,0,0.3325,14.299
3/11/2026,9:00:00 AM,0,0.333,14.286
3/11/2026,9:15:00 AM,0,0.3328,14.275
3/11/2026,9:30:00 AM,0,0.3335,14.259
3/11/2026,9:45:00 AM,0,0.3338,14.247
3/11/2026,10:00:00 AM,0,0.3337,14.235
3/11/2026,10:15:00 AM,0,0.333,14.221
3/11/2026,10:30:00 AM,0,0.3327,14.209
3/11/2026,10:45:00 AM,0,0.3328,14.199
3/11/2026,11:00:00 AM,0,0.3329,14.189
3/11/2026,11:15:00 AM,0,0.3325,14.181
3/11/2026,11:30:00 AM,0,0.3324,14.172
3/11/2026,11:45:00 AM,0,0.3322,14.165
3/11/2026,12:00:00 PM,0,0.3322,14.158
3/11/2026,12:15:00 PM,0,0.3324,14.158
3/11/2026,12:30:00 PM,0,0.3319,14.15
3/11/2026,12:45:00 PM,0,0.3327,14.145
3/11/2026,1:00:00 PM,0,0.3321,14.143
3/11/2026,1:15:00 PM,0,0.3308,14.141
3/11/2026,1:30:00 PM,0,0.3315,14.149
3/11/2026,1:45:00 PM,0,0.3316,14.142
3/11/2026,2:00:00 PM,0,0.3314,14.142
3/11/2026,2:15:00 PM,0,0.3315,14.145
3/11/2026,2:30:00 PM,0,0.3321,14.147
3/11/2026,2:45:00 PM,0,0.332,14.151
3/11/2026,3:00:00 PM,0,0.3321,14.155
3/11/2026,3:15:00 PM,0,0.3313,14.158
3/11/2026,3:30:00 PM,0,0.3312,14.165
3/11/2026,3:45:00 PM,0,0.3316,14.172
3/11/2026,4:00:00 PM,0,0.3314,14.178
3/11/2026,4:15:00 PM,0,0.3322,14.188
3/11/2026,4:30:00 PM,0,0.3307,14.194
3/11/2026,4:45:00 PM,0,0.3323,14.203
3/11/2026,5:00:00 PM,0,0.3307,14.21
3/11/2026,5:15:00 PM,0,0.3311,14.219
3/11/2026,5:30:00 PM,0,0.3305,14.228
3/11/2026,5:45:00 PM,0,0.3297,14.237
3/11/2026,6:00:00 PM,0,0.3285,14.247
3/11/2026,6:15:00 PM,0,0.3292,14.256
3/11/2026,6:30:00 PM,0,0.33,14.267
3/11/2026,6:45:00 PM,0,0.3296,14.277
3/11/2026,7:00:00 PM,0,0.3304,14.289
3/11/2026,7:15:00 PM,0,0.3307,14.298
3/11/2026,7:30:00 PM,0,0.3297,14.309
3/11/2026,7:45:00 PM,0,0.3297,14.32
3/11/2026,8:00:00 PM,0,0.3294,14.332
3/11/2026,8:15:00 PM,0,0.3294,14.342
3/11/2026,8:30:00 PM,0,0.3298,14.353
3/11/2026,8:45:00 PM,0,0.3292,14.364
3/11/2026,9:00:00 PM,0,0.3289,14.376
3/11/2026,9:15:00 PM,0,0.3295,14.386
3/11/2026,9:30:00 PM,0,0.3289,14.397
3/11/2026,9:45:00 PM,0,0.3295,14.404
3/11/2026,10:00:00 PM,0,0.3288,14.413
3/11/2026,10:15:00 PM,0,0.329,14.422
3/11/2026,10:30:00 PM,0,0.3288,14.43
3/11/2026,10:45:00 PM,0,0.3293,14.437
3/11/2026,11:00:00 PM,0,0.3284,14.445
3/11/2026,11:15:00 PM,0,0.3291,14.451
3/11/2026,11:30:00 PM,0,0.3289,14.454
3/11/2026,11:45:00 PM,0,0.3286,14.457
3/12/2026,12:00:00 AM,0,0.3295,14.46
3/12/2026,12:15:00 AM,0,0.3296,14.464
3/12/2026,12:30:00 AM,0,0.3302,14.464
3/12/2026,12:45:00 AM,0,0.3292,14.464
3/12/2026,1:00:00 AM,0,0.3304,14.464
3/12/2026,1:15:00 AM,0,0.3301,14.462
3/12/2026,1:30:00 AM,0,0.3307,14.456
3/12/2026,1:45:00 AM,0,0.3313,14.451
3/12/2026,2:00:00 AM,0,0.3321,14.447
3/12/2026,2:15:00 AM,0,0.333,14.442
3/12/2026,2:30:00 AM,0,0.3337,14.432
3/12/2026,2:45:00 AM,0,0.3341,14.428
3/12/2026,3:00:00 AM,0,0.3336,14.418
3/12/2026,3:15:00 AM,0,0.3337,14.409
3/12/2026,3:30:00 AM,0,0.3336,14.4
3/12/2026,3:45:00 AM,0,0.3337,14.39
3/12/2026,4:00:00 AM,0,0.3336,14.379
3/12/2026,4:15:00 AM,0,0.3347,14.368
3/12/2026,4:30:00 AM,0,0.3348,14.355
3/12/2026,4:45:00 AM,0,0.3348,14.345
3/12/2026,5:00:00 AM,0,0.3347,14.331
3/12/2026,5:15:00 AM,0,0.3346,14.319
3/12/2026,5:30:00 AM,0,0.3342,14.305
3/12/2026,5:45:00 AM,0,0.3337,14.29
3/12/2026,6:00:00 AM,0,0.335,14.275
3/12/2026,6:15:00 AM,0,0.3343,14.243
3/12/2026,6:30:00 AM,0,0.3346,14.231
3/12/2026,6:45:00 AM,0,0.3366,14.22
3/12/2026,7:00:00 AM,0,0.3405,14.2
3/12/2026,7:15:00 AM,0,0.3388,14.184
3/12/2026,7:30:00 AM,0,0.3392,14.168
3/12/2026,7:45:00 AM,0,0.3375,14.154
3/12/2026,8:00:00 AM,0,0.3362,14.139
3/12/2026,8:15:00 AM,0,0.3362,14.121
3/12/2026,8:30:00 AM,0,0.3356,14.108
3/12/2026,8:45:00 AM,0,0.3348,14.094
3/12/2026,9:00:00 AM,0,0.3355,14.078
3/12/2026,9:15:00 AM,0,0.3359,14.062
3/12/2026,9:30:00 AM,0,0.3353,14.052
3/12/2026,9:45:00 AM,0,0.3365,14.04
3/12/2026,10:00:00 AM,0,0.3346,14.03
3/12/2026,10:15:00 AM,0,0.3356,14.015
3/12/2026,10:30:00 AM,0,0.3346,14.005
3/12/2026,10:45:00 AM,0,0.3341,13.995
3/12/2026,11:00:00 AM,0,0.3343,13.984
3/12/2026,11:15:00 AM,0,0.3337,13.976
3/12/2026,11:30:00 AM,0,0.3332,13.96
3/12/2026,11:45:00 AM,0,0.3339,13.948
3/12/2026,12:00:00 PM,0,0.3336,13.94
3/12/2026,12:15:00 PM,0,0.3329,13.937
3/12/2026,12:30:00 PM,0,0.3333,13.934
3/12/2026,12:45:00 PM,0,0.3332,13.932
3/12/2026,1:00:00 PM,0,0.3336,13.932
3/12/2026,1:15:00 PM,0,0.3327,13.932
3/12/2026,1:30:00 PM,0,0.3326,13.936
3/12/2026,1:45:00 PM,0,0.3333,13.942
3/12/2026,2:00:00 PM,0,0.3327,13.943
3/12/2026,2:15:00 PM,0,0.3332,13.946
3/12/2026,2:30:00 PM,0,0.3335,13.951
3/12/2026,2:45:00 PM,0,0.333,13.957
3/12/2026,3:00:00 PM,0,0.333,13.963
3/12/2026,3:15:00 PM,0,0.3327,13.971
3/12/2026,3:30:00 PM,0,0.3326,13.979
3/12/2026,3:45:00 PM,0,0.3329,13.99
3/12/2026,4:00:00 PM,0,0.3331,14
3/12/2026,4:15:00 PM,0,0.3341,14.01
3/12/2026,4:30:00 PM,0,0.3342,14.021
3/12/2026,4:45:00 PM,0,0.3354,14.034
3/12/2026,5:00:00 PM,0,0.3353,14.044
3/12/2026,5:15:00 PM,0,0.3344,14.058
3/12/2026,5:30:00 PM,0,0.3345,14.072
3/12/2026,5:45:00 PM,0,0.3339,14.085
3/12/2026,6:00:00 PM,0,0.3325,14.1
3/12/2026,6:15:00 PM,0,0.3334,14.114
3/12/2026,6:30:00 PM,0,0.3342,14.128
3/12/2026,6:45:00 PM,0,0.334,14.144
3/12/2026,7:00:00 PM,0,0.3342,14.159
3/12/2026,7:15:00 PM,0,0.3348,14.174
3/12/2026,7:30:00 PM,0,0.3345,14.193
3/12/2026,7:45:00 PM,0,0.335,14.21
3/12/2026,8:00:00 PM,0,0.3346,14.228
3/12/2026,8:15:00 PM,0,0.3351,14.248
3/12/2026,8:30:00 PM,0,0.3349,14.265
3/12/2026,8:45:00 PM,0,0.3333,14.288
3/12/2026,9:00:00 PM,0,0.334,14.306
3/12/2026,9:15:00 PM,0,0.3344,14.326
3/12/2026,9:30:00 PM,0,0.3337,14.348
3/12/2026,9:45:00 PM,0,0.3335,14.369
3/12/2026,10:00:00 PM,0,0.3339,14.388
3/12/2026,10:15:00 PM,0,0.3327,14.41
3/12/2026,10:30:00 PM,0,0.3335,14.43
3/12/2026,10:45:00 PM,0,0.3343,14.452
3/12/2026,11:00:00 PM,0,0.3331,14.471
3/12/2026,11:15:00 PM,0,0.3344,14.489
3/12/2026,11:30:00 PM,0,0.3327,14.51
3/12/2026,11:45:00 PM,0,0.3331,14.525
3/13/2026,12:00:00 AM,0,0.3324,14.542
3/13/2026,12:15:00 AM,0,0.3336,14.559
3/13/2026,12:30:00 AM,0,0.3328,14.574
3/13/2026,12:45:00 AM,0,0.333,14.586
3/13/2026,1:00:00 AM,0,0.3333,14.599
3/13/2026,1:15:00 AM,0,0.3329,14.612
3/13/2026,1:30:00 AM,0,0.3326,14.617
3/13/2026,1:45:00 AM,0,0.3345,14.621
3/13/2026,2:00:00 AM,0,0.3362,14.622
3/13/2026,2:15:00 AM,0,0.3379,14.626
3/13/2026,2:30:00 AM,0,0.3385,14.631
3/13/2026,2:45:00 AM,0,0.3373,14.639
3/13/2026,3:00:00 AM,0,0.337,14.644
3/13/2026,3:15:00 AM,0,0.338,14.648
3/13/2026,3:30:00 AM,0,0.3364,14.647
3/13/2026,3:45:00 AM,0,0.3352,14.647
3/13/2026,4:00:00 AM,0,0.3358,14.643
3/13/2026,4:15:00 AM,0,0.3354,14.638
3/13/2026,4:30:00 AM,0,0.3336,14.631
3/13/2026,4:45:00 AM,0,0.334,14.622
3/13/2026,5:00:00 AM,0,0.3334,14.609
3/13/2026,5:15:00 AM,0,0.3325,14.598
3/13/2026,5:30:00 AM,0,0.3319,14.584
3/13/2026,5:45:00 AM,0,0.3327,14.546
3/13/2026,6:00:00 AM,0,0.3321,14.535
3/13/2026,6:15:00 AM,0,0.3327,14.502
3/13/2026,6:30:00 AM,0,0.3339,14.495
3/13/2026,6:45:00 AM,0,0.3343,14.486
3/13/2026,7:00:00 AM,0,0.3374,14.473
3/13/2026,7:15:00 AM,0,0.3379,14.456
3/13/2026,7:30:00 AM,0,0.3358,14.439
3/13/2026,7:45:00 AM,0,0.3354,14.396
3/13/2026,8:00:00 AM,0,0.3387,14.378
3/13/2026,8:15:00 AM,0,0.3354,14.365
3/13/2026,8:30:00 AM,0,0.3355,14.35
3/13/2026,8:45:00 AM,0,0.3394,14.334
3/13/2026,9:00:00 AM,0,0.3392,14.315
3/13/2026,9:15:00 AM,0,0.3362,14.301
3/13/2026,9:30:00 AM,0,0.3371,14.285
3/13/2026,9:45:00 AM,0,0.338,14.268
3/13/2026,10:00:00 AM,0,0.3381,14.253
3/13/2026,10:15:00 AM,0,0.338,14.238
3/13/2026,10:30:00 AM,0,0.3378,14.226
3/13/2026,10:45:00 AM,0,0.3376,14.213
3/13/2026,11:00:00 AM,0,0.3383,14.202
3/13/2026,11:15:00 AM,0,0.3385,14.191
3/13/2026,11:30:00 AM,0,0.3381,14.183
3/13/2026,11:45:00 AM,0,0.3378,14.178
3/13/2026,12:00:00 PM,0,0.3384,14.172
3/13/2026,12:15:00 PM,0,0.3384,14.167
3/13/2026,12:30:00 PM,0,0.3382,14.163
3/13/2026,12:45:00 PM,0,0.3387,14.163
3/13/2026,1:00:00 PM,0,0.3381,14.163
3/13/2026,1:15:00 PM,0,0.3386,14.164
3/13/2026,1:30:00 PM,0,0.34,14.169
3/13/2026,1:45:00 PM,0,0.3392,14.17
3/13/2026,2:00:00 PM,0,0.3391,14.176
3/13/2026,2:15:00 PM,0,0.3394,14.184
3/13/2026,2:30:00 PM,0,0.3381,14.191
3/13/2026,2:45:00 PM,0,0.3383,14.203
3/13/2026,3:00:00 PM,0,0.3379,14.215
3/13/2026,3:15:00 PM,0,0.3382,14.226
3/13/2026,3:30:00 PM,0,0.3394,14.238
3/13/2026,3:45:00 PM,0,0.3373,14.253
3/13/2026,4:00:00 PM,0,0.3386,14.267
3/13/2026,4:15:00 PM,0,0.3372,14.283
3/13/2026,4:30:00 PM,0,0.3366,14.299
3/13/2026,4:45:00 PM,0,0.3366,14.317
3/13/2026,5:00:00 PM,0,0.3381,14.336
3/13/2026,5:15:00 PM,0,0.3369,14.352
3/13/2026,5:30:00 PM,0,0.3369,14.374
3/13/2026,5:45:00 PM,0,0.3363,14.394
3/13/2026,6:00:00 PM,0,0.3368,14.417
3/13/2026,6:15:00 PM,0,0.3355,14.44
3/13/2026,6:30:00 PM,0,0.3361,14.463
3/13/2026,6:45:00 PM,0,0.3364,14.485
3/13/2026,7:00:00 PM,0,0.3358,14.512
3/13/2026,7:15:00 PM,0,0.3355,14.54
3/13/2026,7:30:00 PM,0,0.3353,14.567
3/13/2026,7:45:00 PM,0,0.3347,14.596
3/13/2026,8:00:00 PM,0,0.3339,14.624
3/13/2026,8:15:00 PM,0,0.3328,14.652
3/13/2026,8:30:00 PM,0,0.333,14.68
3/13/2026,8:45:00 PM,0,0.3332,14.705
3/13/2026,9:00:00 PM,0,0.333,14.733
3/13/2026,9:15:00 PM,0,0.3328,14.756
3/13/2026,9:30:00 PM,0,0.3332,14.782
3/13/2026,9:45:00 PM,0,0.3329,14.805
3/13/2026,10:00:00 PM,0,0.3338,14.83
3/13/2026,10:15:00 PM,0,0.3339,14.853
3/13/2026,10:30:00 PM,0,0.3345,14.876
3/13/2026,10:45:00 PM,0,0.3344,14.901
3/13/2026,11:00:00 PM,0,0.3339,14.919
3/13/2026,11:15:00 PM,0,0.3342,14.943
3/13/2026,11:30:00 PM,0,0.3339,14.961
3/13/2026,11:45:00 PM,0,0.3342,14.98
3/14/2026,12:00:00 AM,0,0.3357,14.995
3/14/2026,12:15:00 AM,0,0.336,15.008
3/14/2026,12:30:00 AM,0,0.3365,15.019
3/14/2026,12:45:00 AM,0,0.3369,15.036
3/14/2026,1:00:00 AM,0,0.3374,15.05
3/14/2026,1:15:00 AM,0,0.3378,15.065
3/14/2026,1:30:00 AM,0,0.337,15.078
3/14/2026,1:45:00 AM,0,0.3382,15.089
3/14/2026,2:00:00 AM,0,0.3367,15.099
3/14/2026,2:15:00 AM,0,0.3373,15.107
3/14/2026,2:30:00 AM,0,0.3366,15.114
3/14/2026,2:45:00 AM,0,0.3356,15.118
3/14/2026,3:00:00 AM,0,0.336,15.121
3/14/2026,3:15:00 AM,0,0.3354,15.121
3/14/2026,3:30:00 AM,0,0.334,15.118
3/14/2026,3:45:00 AM,0,0.3348,15.117
3/14/2026,4:00:00 AM,0,0.3337,15.11
3/14/2026,4:15:00 AM,0,0.3347,15.104
3/14/2026,4:30:00 AM,0,0.3337,15.1
3/14/2026,4:45:00 AM,0,0.3333,15.088
3/14/2026,5:00:00 AM,0,0.3335,15.079
3/14/2026,5:15:00 AM,0,0.334,15.067
3/14/2026,5:30:00 AM,0,0.3336,15.054
3/14/2026,5:45:00 AM,0,0.3332,15.041
3/14/2026,6:00:00 AM,0,0.3337,15.025
3/14/2026,6:15:00 AM,0,0.3333,14.981
3/14/2026,6:30:00 AM,0,0.3346,14.978
3/14/2026,6:45:00 AM,0,0.3365,14.967
3/14/2026,7:00:00 AM,0,0.3391,14.951
3/14/2026,7:15:00 AM,0,0.3388,14.934
3/14/2026,7:30:00 AM,0,0.3397,14.915
3/14/2026,7:45:00 AM,0,0.3382,14.87
3/14/2026,8:00:00 AM,0,0.337,14.858
3/14/2026,8:15:00 AM,0,0.3379,14.844
3/14/2026,8:30:00 AM,0,0.3367,14.827
3/14/2026,8:45:00 AM,0,0.3363,14.813
3/14/2026,9:00:00 AM,0,0.3359,14.794
3/14/2026,9:15:00 AM,0,0.3369,14.776
3/14/2026,9:30:00 AM,0,0.338,14.757
3/14/2026,9:45:00 AM,0,0.3365,14.741
3/14/2026,10:00:00 AM,0,0.3363,14.725
3/14/2026,10:15:00 AM,0,0.3367,14.709
3/14/2026,10:30:00 AM,0,0.3366,14.695
3/14/2026,10:45:00 AM,0,0.3368,14.681
3/14/2026,11:00:00 AM,0,0.3373,14.657
3/14/2026,11:15:00 AM,0,0.3366,14.649
3/14/2026,11:30:00 AM,0,0.3364,14.641
3/14/2026,11:45:00 AM,0,0.3349,14.632
3/14/2026,12:00:00 PM,0,0.3372,14.618
3/14/2026,12:15:00 PM,0,0.3351,14.613
3/14/2026,12:30:00 PM,0,0.3352,14.609
3/14/2026,12:45:00 PM,0,0.3345,14.607
3/14/2026,1:00:00 PM,0,0.3348,14.604
3/14/2026,1:15:00 PM,0,0.3345,14.601
3/14/2026,1:30:00 PM,0,0.3347,14.602
3/14/2026,1:45:00 PM,0,0.3353,14.602
3/14/2026,2:00:00 PM,0,0.3353,14.603
3/14/2026,2:15:00 PM,0,0.3367,14.603
3/14/2026,2:30:00 PM,0,0.3365,14.607
3/14/2026,2:45:00 PM,0,0.339,14.61
3/14/2026,3:00:00 PM,0,0.338,14.614
3/14/2026,3:15:00 PM,0,0.3382,14.621
3/14/2026,3:30:00 PM,0,0.3387,14.628
3/14/2026,3:45:00 PM,0,0.3387,14.635
3/14/2026,4:00:00 PM,0,0.3386,14.645
3/14/2026,4:15:00 PM,0,0.3392,14.656
3/14/2026,4:30:00 PM,0,0.3394,14.666
3/14/2026,4:45:00 PM,0,0.3379,14.679
3/14/2026,5:00:00 PM,0,0.339,14.692
3/14/2026,5:15:00 PM,0,0.3379,14.706
3/14/2026,5:30:00 PM,0,0.3371,14.722
3/14/2026,5:45:00 PM,0,0.3371,14.736
3/14/2026,6:00:00 PM,0,0.3353,14.753
3/14/2026,6:15:00 PM,0,0.3362,14.768
3/14/2026,6:30:00 PM,0,0.3369,14.788
3/14/2026,6:45:00 PM,0,0.3361,14.806
3/14/2026,7:00:00 PM,0,0.336,14.821
3/14/2026,7:15:00 PM,0,0.3368,14.842
3/14/2026,7:30:00 PM,0,0.3365,14.862
3/14/2026,7:45:00 PM,0,0.337,14.879
3/14/2026,8:00:00 PM,0,0.3345,14.898
3/14/2026,8:15:00 PM,0,0.3362,14.915
3/14/2026,8:30:00 PM,0,0.3355,14.934
3/14/2026,8:45:00 PM,0,0.3352,14.949
3/14/2026,9:00:00 PM,0,0.3356,14.966
3/14/2026,9:15:00 PM,0,0.3356,14.985
3/14/2026,9:30:00 PM,0,0.336,15.001
3/14/2026,9:45:00 PM,0,0.3367,15.018
3/14/2026,10:00:00 PM,0,0.3362,15.033
3/14/2026,10:15:00 PM,0,0.3389,15.051
3/14/2026,10:30:00 PM,0,0.3368,15.068
3/14/2026,10:45:00 PM,0,0.3359,15.086
3/14/2026,11:00:00 PM,0,0.3376,15.1
3/14/2026,11:15:00 PM,0,0.335,15.118
3/14/2026,11:30:00 PM,0,0.3361,15.132
3/14/2026,11:45:00 PM,0,0.334,15.147
3/15/2026,12:00:00 AM,0,0.3353,15.161
3/15/2026,12:15:00 AM,0,0.336,15.172
3/15/2026,12:30:00 AM,0,0.3361,15.183
3/15/2026,12:45:00 AM,0,0.3349,15.193
3/15/2026,1:00:00 AM,0,0.3356,15.201
3/15/2026,1:15:00 AM,0,0.3341,15.207
3/15/2026,1:30:00 AM,0,0.3365,15.21
3/15/2026,1:45:00 AM,0,0.338,15.202
3/15/2026,2:00:00 AM,0,0.3411,15.197
3/15/2026,2:15:00 AM,0,0.3428,15.201
3/15/2026,2:30:00 AM,0,0.3432,15.207
3/15/2026,2:45:00 AM,0,0.3437,15.217
3/15/2026,3:00:00 AM,0,0.3424,15.227
3/15/2026,3:15:00 AM,0,0.341,15.232
3/15/2026,3:30:00 AM,0,0.3405,15.236
3/15/2026,3:45:00 AM,0,0.3403,15.235
3/15/2026,4:00:00 AM,0,0.3394,15.231
3/15/2026,4:15:00 AM,0,0.3394,15.228
3/15/2026,4:30:00 AM,0,0.34,15.225
3/15/2026,4:45:00 AM,0,0.3386,15.221
3/15/2026,5:00:00 AM,0,0.3382,15.216
3/15/2026,5:15:00 AM,0,0.3381,15.21
3/15/2026,5:30:00 AM,0,0.3385,15.203
3/15/2026,5:45:00 AM,0,0.3384,15.195
3/15/2026,6:00:00 AM,0,0.3377,15.19
3/15/2026,6:15:00 AM,0,0.3369,15.182
3/15/2026,6:30:00 AM,0,0.3375,15.175
3/15/2026,6:45:00 AM,0,0.3374,15.169
3/15/2026,7:00:00 AM,0,0.3369,15.162
3/15/2026,7:15:00 AM,0,0.3367,15.156
3/15/2026,7:30:00 AM,0,0.3374,15.147
3/15/2026,7:45:00 AM,0,0.3364,15.14
3/15/2026,8:00:00 AM,0,0.3367,15.133
3/15/2026,8:15:00 AM,0,0.3375,15.127
3/15/2026,8:30:00 AM,0,0.3368,15.121
3/15/2026,8:45:00 AM,0,0.3391,15.112
3/15/2026,9:00:00 AM,0,0.3379,15.091
3/15/2026,9:15:00 AM,0,0.337,15.094
3/15/2026,9:30:00 AM,0,0.3367,15.091
3/15/2026,9:45:00 AM,0,0.3364,15.09
3/15/2026,10:00:00 AM,0,0.3379,15.086
3/15/2026,10:15:00 AM,0,0.3382,15.082
3/15/2026,10:30:00 AM,0,0.338,15.083
3/15/2026,10:45:00 AM,0,0.3373,15.079
3/15/2026,11:00:00 AM,0,0.3375,15.077
3/15/2026,11:15:00 AM,0,0.3372,15.072
3/15/2026,11:30:00 AM,0,0.338,15.045
3/15/2026,11:45:00 AM,0,0.3374,15.055
3/15/2026,12:00:00 PM,0,0.3372,15.062
3/15/2026,12:15:00 PM,0,0.3379,15.064
3/15/2026,12:30:00 PM,0,0.338,15.064
3/15/2026,12:45:00 PM,0,0.3372,15.069
3/15/2026,1:00:00 PM,0,0.3384,15.069
3/15/2026,1:15:00 PM,0,0.3378,15.07
3/15/2026,1:30:00 PM,0,0.3379,15.072
3/15/2026,1:45:00 PM,0,0.3378,15.073
3/15/2026,2:00:00 PM,0,0.3375,15.076
3/15/2026,2:15:00 PM,0,0.3373,15.076
3/15/2026,2:30:00 PM,0,0.3376,15.082
3/15/2026,2:45:00 PM,0,0.3358,15.087
3/15/2026,3:00:00 PM,0,0.3376,15.088
3/15/2026,3:15:00 PM,0,0.3382,15.095
3/15/2026,3:30:00 PM,0,0.3369,15.103
3/15/2026,3:45:00 PM,0,0.3371,15.108
3/15/2026,4:00:00 PM,0,0.3363,15.116
3/15/2026,4:15:00 PM,0,0.3366,15.12
3/15/2026,4:30:00 PM,0,0.3372,15.128
3/15/2026,4:45:00 PM,0,0.3372,15.136
3/15/2026,5:00:00 PM,0,0.3377,15.144
3/15/2026,5:15:00 PM,0,0.3372,15.151
3/15/2026,5:30:00 PM,0,0.3382,15.162
3/15/2026,5:45:00 PM,0,0.3381,15.172
3/15/2026,6:00:00 PM,0,0.3382,15.181
3/15/2026,6:15:00 PM,0,0.3382,15.195
3/15/2026,6:30:00 PM,0,0.3381,15.205
3/15/2026,6:45:00 PM,0,0.3384,15.219
3/15/2026,7:00:00 PM,0,0.3378,15.231
3/15/2026,7:15:00 PM,0,0.3375,15.245
3/15/2026,7:30:00 PM,0,0.3376,15.258
3/15/2026,7:45:00 PM,0,0.3369,15.273
3/15/2026,8:00:00 PM,0,0.336,15.286
3/15/2026,8:15:00 PM,0,0.3364,15.302
3/15/2026,8:30:00 PM,0,0.3357,15.315
3/15/2026,8:45:00 PM,0,0.3355,15.329
3/15/2026,9:00:00 PM,0,0.3358,15.344
3/15/2026,9:15:00 PM,0,0.3348,15.357
3/15/2026,9:30:00 PM,0,0.3352,15.373
3/15/2026,9:45:00 PM,0,0.335,15.385
3/15/2026,10:00:00 PM,0,0.335,15.397
3/15/2026,10:15:00 PM,0,0.3349,15.406
3/15/2026,10:30:00 PM,0,0.3354,15.42
3/15/2026,10:45:00 PM,0,0.3358,15.432
3/15/2026,11:00:00 PM,0,0.3349,15.443
3/15/2026,11:15:00 PM,0,0.335,15.452
3/15/2026,11:30:00 PM,0,0.335,15.463
3/15/2026,11:45:00 PM,0,0.3348,15.474
3/16/2026,12:00:00 AM,0,0.3348,15.483
3/16/2026,12:15:00 AM,0,0.3351,15.492
3/16/2026,12:30:00 AM,0,0.3347,15.5
3/16/2026,12:45:00 AM,0,0.3347,15.504
3/16/2026,1:00:00 AM,0,0.334,15.513
3/16/2026,1:15:00 AM,0,0.3347,15.516
3/16/2026,1:30:00 AM,0,0.3347,15.519
3/16/2026,1:45:00 AM,0,0.3348,15.522
3/16/2026,2:00:00 AM,0,0.3343,15.52
3/16/2026,2:15:00 AM,0,0.3346,15.521
3/16/2026,2:30:00 AM,0,0.3349,15.522
3/16/2026,2:45:00 AM,0,0.3345,15.519
3/16/2026,3:00:00 AM,0,0.335,15.517
3/16/2026,3:15:00 AM,0,0.3347,15.515
3/16/2026,3:30:00 AM,0,0.3351,15.511
3/16/2026,3:45:00 AM,0,0.3349,15.506
3/16/2026,4:00:00 AM,0,0.335,15.503
3/16/2026,4:15:00 AM,0,0.3354,15.5
3/16/2026,4:30:00 AM,0,0.3348,15.495
3/16/2026,4:45:00 AM,0,0.3353,15.488
3/16/2026,5:00:00 AM,0,0.3357,15.484
3/16/2026,5:15:00 AM,0,0.3358,15.479
3/16/2026,5:30:00 AM,0,0.3357,15.473
3/16/2026,5:45:00 AM,0,0.336,15.468
3/16/2026,6:00:00 AM,0,0.3358,15.461
3/16/2026,6:15:00 AM,0,0.3357,15.438
3/16/2026,6:30:00 AM,0,0.3365,15.448
3/16/2026,6:45:00 AM,0,0.3359,15.447
3/16/2026,7:00:00 AM,0,0.3367,15.443
3/16/2026,7:15:00 AM,0,0.3371,15.437
3/16/2026,7:30:00 AM,0,0.3371,15.431
3/16/2026,7:45:00 AM,0,0.3376,15.423
3/16/2026,8:00:00 AM,0,0.3378,15.417
3/16/2026,8:15:00 AM,0,0.3387,15.411
3/16/2026,8:30:00 AM,0,0.3396,15.405
3/16/2026,8:45:00 AM,0,0.3431,15.4
3/16/2026,9:00:00 AM,0,0.3421,15.392
3/16/2026,9:15:00 AM,0,0.3399,15.388
3/16/2026,9:30:00 AM,0,0.3403,15.383
3/16/2026,9:45:00 AM,0,0.3393,15.378
3/16/2026,10:00:00 AM,0,0.3405,15.376
3/16/2026,10:15:00 AM,0,0.341,15.372
3/16/2026,10:30:00 AM,0,0.3406,15.37
3/16/2026,10:45:00 AM,0,0.3399,15.364
3/16/2026,11:00:00 AM,0,0.341,15.364
3/16/2026,11:15:00 AM,0,0.3399,15.362
3/16/2026,11:30:00 AM,0,0.3407,15.36
3/16/2026,11:45:00 AM,0,0.3407,15.357
3/16/2026,12:00:00 PM,0,0.3406,15.356
3/16/2026,12:15:00 PM,0,0.3413,15.355
3/16/2026,12:30:00 PM,0,0.341,15.355
3/16/2026,12:45:00 PM,0,0.3406,15.356
3/16/2026,1:00:00 PM,0,0.3408,15.36
3/16/2026,1:15:00 PM,0,0.3401,15.363
3/16/2026,1:30:00 PM,0,0.3406,15.367
3/16/2026,1:45:00 PM,0,0.3393,15.369
3/16/2026,2:00:00 PM,0,0.3394,15.376
3/16/2026,2:15:00 PM,0,0.3396,15.382
3/16/2026,2:30:00 PM,0,0.3395,15.389
3/16/2026,2:45:00 PM,0,0.3382,15.397
3/16/2026,3:00:00 PM,0,0.3388,15.404
3/16/2026,3:15:00 PM,0,0.3394,15.414
3/16/2026,3:30:00 PM,0,0.3393,15.425
3/16/2026,3:45:00 PM,0,0.3377,15.436
3/16/2026,4:00:00 PM,0,0.3377,15.449
3/16/2026,4:15:00 PM,0,0.3376,15.461
3/16/2026,4:30:00 PM,0,0.3384,15.474
3/16/2026,4:45:00 PM,0,0.3379,15.488
3/16/2026,5:00:00 PM,0,0.3381,15.502
3/16/2026,5:15:00 PM,0,0.3389,15.518
3/16/2026,5:30:00 PM,0,0.3378,15.533
3/16/2026,5:45:00 PM,0,0.3378,15.547
3/16/2026,6:00:00 PM,0,0.3369,15.562
3/16/2026,6:15:00 PM,0,0.3367,15.581
3/16/2026,6:30:00 PM,0,0.3378,15.597
3/16/2026,6:45:00 PM,0,0.3376,15.614
3/16/2026,7:00:00 PM,0,0.3371,15.631
3/16/2026,7:15:00 PM,0,0.3371,15.651
3/16/2026,7:30:00 PM,0,0.3379,15.666
3/16/2026,7:45:00 PM,0,0.3369,15.686
3/16/2026,8:00:00 PM,0,0.3372,15.7
3/16/2026,8:15:00 PM,0,0.3365,15.718
3/16/2026,8:30:00 PM,0,0.337,15.737
3/16/2026,8:45:00 PM,0,0.3364,15.753
3/16/2026,9:00:00 PM,0,0.3359,15.767
3/16/2026,9:15:00 PM,0,0.3366,15.785
3/16/2026,9:30:00 PM,0,0.3365,15.8
3/16/2026,9:45:00 PM,0,0.3358,15.814
3/16/2026,10:00:00 PM,0,0.3356,15.828
3/16/2026,10:15:00 PM,0,0.3369,15.843
3/16/2026,10:30:00 PM,0,0.3361,15.858
3/16/2026,10:45:00 PM,0,0.3356,15.873
3/16/2026,11:00:00 PM,0,0.337,15.881
3/16/2026,11:15:00 PM,0,0.3374,15.895
3/16/2026,11:30:00 PM,0,0.3369,15.903
3/16/2026,11:45:00 PM,0,0.3364,15.914
3/17/2026,12:00:00 AM,0,0.3378,15.927
3/17/2026,12:15:00 AM,0,0.3363,15.932
3/17/2026,12:30:00 AM,0,0.3377,15.939
3/17/2026,12:45:00 AM,0,0.3378,15.945
3/17/2026,1:00:00 AM,0,0.3369,15.952
3/17/2026,1:15:00 AM,0,0.338,15.955
3/17/2026,1:30:00 AM,0,0.3407,15.95
3/17/2026,1:45:00 AM,0,0.343,15.939
3/17/2026,2:00:00 AM,0,0.3472,15.935
3/17/2026,2:15:00 AM,0,0.3476,15.937
3/17/2026,2:30:00 AM,0,0.3491,15.947
3/17/2026,2:45:00 AM,0,0.348,15.956
3/17/2026,3:00:00 AM,0,0.3473,15.964
3/17/2026,3:15:00 AM,0,0.3457,15.968
3/17/2026,3:30:00 AM,0,0.3447,15.968
3/17/2026,3:45:00 AM,0,0.3454,15.966
3/17/2026,4:00:00 AM,0,0.3446,15.96
3/17/2026,4:15:00 AM,0,0.3446,15.955
3/17/2026,4:30:00 AM,0,0.344,15.947
3/17/2026,4:45:00 AM,0,0.3438,15.94
3/17/2026,5:00:00 AM,0,0.3435,15.929
3/17/2026,5:15:00 AM,0,0.344,15.92
3/17/2026,5:30:00 AM,0,0.343,15.911
3/17/2026,5:45:00 AM,0,0.343,15.901
3/17/2026,6:00:00 AM,0,0.3426,15.867
3/17/2026,6:15:00 AM,0,0.3425,15.872
3/17/2026,6:30:00 AM,0,0.3444,15.866
3/17/2026,6:45:00 AM,0,0.3464,15.854
3/17/2026,7:00:00 AM,0,0.3461,15.843
3/17/2026,7:15:00 AM,0,0.3446,15.832
3/17/2026,7:30:00 AM,0,0.3453,15.806
3/17/2026,7:45:00 AM,0,0.3436,15.797
3/17/2026,8:00:00 AM,0,0.343,15.787
3/17/2026,8:15:00 AM,0,0.3431,15.773
3/17/2026,8:30:00 AM,0,0.3426,15.76
3/17/2026,8:45:00 AM,0,0.3433,15.746
3/17/2026,9:00:00 AM,0,0.3434,15.732
3/17/2026,9:15:00 AM,0,0.3424,15.719
3/17/2026,9:30:00 AM,0,0.3435,15.707
3/17/2026,9:45:00 AM,0,0.3436,15.697
3/17/2026,10:00:00 AM,0,0.345,15.689
3/17/2026,10:15:00 AM,0,0.3452,15.68
3/17/2026,10:30:00 AM,0,0.3445,15.674
3/17/2026,10:45:00 AM,0,0.3436,15.67
3/17/2026,11:00:00 AM,0,0.3442,15.664
3/17/2026,11:15:00 AM,0,0.3431,15.659
3/17/2026,11:30:00 AM,0,0.3429,15.653
3/17/2026,11:45:00 AM,0,0.3426,15.649
3/17/2026,12:00:00 PM,0,0.3422,15.643
3/17/2026,12:15:00 PM,0,0.3422,15.642
3/17/2026,12:30:00 PM,0,0.3412,15.636
3/17/2026,12:45:00 PM,0,0.3413,15.631
3/17/2026,1:00:00 PM,0,0.3417,15.63
3/17/2026,1:15:00 PM,0,0.3417,15.629
3/17/2026,1:30:00 PM,0,0.3412,15.629
3/17/2026,1:45:00 PM,0,0.3411,15.629
3/17/2026,2:00:00 PM,0,0.3412,15.631
3/17/2026,2:15:00 PM,0,0.3404,15.633
3/17/2026,2:30:00 PM,0,0.3408,15.636
3/17/2026,2:45:00 PM,0,0.3404,15.642
3/17/2026,3:00:00 PM,0,0.3401,15.647
3/17/2026,3:15:00 PM,0,0.3395,15.652
3/17/2026,3:30:00 PM,0,0.3399,15.661
3/17/2026,3:45:00 PM,0,0.3393,15.669
3/17/2026,4:00:00 PM,0,0.3388,15.678
3/17/2026,4:15:00 PM,0,0.3387,15.685
3/17/2026,4:30:00 PM,0,0.3381,15.695
3/17/2026,4:45:00 PM,0,0.3386,15.706
3/17/2026,5:00:00 PM,0,0.3387,15.718
3/17/2026,5:15:00 PM,0,0.3384,15.73
3/17/2026,5:30:00 PM,0,0.3372,15.745
3/17/2026,5:45:00 PM,0,0.3372,15.757
3/17/2026,6:00:00 PM,0,0.335,15.77
3/17/2026,6:15:00 PM,0,0.3348,15.784
3/17/2026,6:30:00 PM,0,0.335,15.797
3/17/2026,6:45:00 PM,0,0.3352,15.815
3/17/2026,7:00:00 PM,0,0.3358,15.828
3/17/2026,7:15:00 PM,0,0.3358,15.845
3/17/2026,7:30:00 PM,0,0.3362,15.864
3/17/2026,7:45:00 PM,0,0.3364,15.881
3/17/2026,8:00:00 PM,0,0.3366,15.9
3/17/2026,8:15:00 PM,0,0.3368,15.919
3/17/2026,8:30:00 PM,0,0.3365,15.934
3/17/2026,8:45:00 PM,0,0.3366,15.956
3/17/2026,9:00:00 PM,0,0.3361,15.977
3/17/2026,9:15:00 PM,0,0.3361,15.997
3/17/2026,9:30:00 PM,0,0.3364,16.018
3/17/2026,9:45:00 PM,0,0.3365,16.037
3/17/2026,10:00:00 PM,0,0.3369,16.058
3/17/2026,10:15:00 PM,0,0.3365,16.079
3/17/2026,10:30:00 PM,0,0.3365,16.098
3/17/2026,10:45:00 PM,0,0.3368,16.118
3/17/2026,11:00:00 PM,0,0.3364,16.138
3/17/2026,11:15:00 PM,0,0.3366,16.158
3/17/2026,11:30:00 PM,0,0.3365,16.174
3/17/2026,11:45:00 PM,0,0.3382,16.191
3/18/2026,12:00:00 AM,0,0.3372,16.205
3/18/2026,12:15:00 AM,0,0.3381,16.218
3/18/2026,12:30:00 AM,0,0.3388,16.233
3/18/2026,12:45:00 AM,0,0.3382,16.248
3/18/2026,1:00:00 AM,0,0.3384,16.263
3/18/2026,1:15:00 AM,0,0.3383,16.276
3/18/2026,1:30:00 AM,0,0.3393,16.288
3/18/2026,1:45:00 AM,0,0.3391,16.299
3/18/2026,2:00:00 AM,0,0.3391,16.309
3/18/2026,2:15:00 AM,0,0.3395,16.318
3/18/2026,2:30:00 AM,0,0.3394,16.326
3/18/2026,2:45:00 AM,0,0.3406,16.334
3/18/2026,3:00:00 AM,0,0.3398,16.338
3/18/2026,3:15:00 AM,0,0.3399,16.344
3/18/2026,3:30:00 AM,0,0.3399,16.347
3/18/2026,3:45:00 AM,0,0.3397,16.351
3/18/2026,4:00:00 AM,0,0.3399,16.352
3/18/2026,4:15:00 AM,0,0.3391,16.353
3/18/2026,4:30:00 AM,0,0.3396,16.352
3/18/2026,4:45:00 AM,0,0.3398,16.345
3/18/2026,5:00:00 AM,0,0.3406,16.342
3/18/2026,5:15:00 AM,0,0.34,16.34
3/18/2026,5:30:00 AM,0,0.3406,16.335
3/18/2026,5:45:00 AM,0,0.34,16.329
3/18/2026,6:00:00 AM,0,0.3397,16.322
3/18/2026,6:15:00 AM,0,0.3389,16.316
3/18/2026,6:30:00 AM,0,0.3408,16.311
3/18/2026,6:45:00 AM,0,0.3438,16.302
3/18/2026,7:00:00 AM,0,0.3426,16.293
3/18/2026,7:15:00 AM,0,0.3416,16.28
3/18/2026,7:30:00 AM,0,0.3411,16.269
3/18/2026,7:45:00 AM,0,0.3427,16.234
3/18/2026,8:00:00 AM,0,0.3404,16.236
3/18/2026,8:15:00 AM,0,0.3408,16.227
3/18/2026,8:30:00 AM,0,0.3409,16.217
3/18/2026,8:45:00 AM,0,0.3412,16.206
3/18/2026,9:00:00 AM,0,0.3411,16.195
3/18/2026,9:15:00 AM,0,0.3407,16.184
3/18/2026,9:30:00 AM,0,0.3419,16.172
3/18/2026,9:45:00 AM,0,0.343,16.159
3/18/2026,10:00:00 AM,0,0.3434,16.149
3/18/2026,10:15:00 AM,0,0.3432,16.132
3/18/2026,10:30:00 AM,0,0.3429,16.133
3/18/2026,10:45:00 AM,0,0.3436,16.127
3/18/2026,11:00:00 AM,0,0.3431,16.121
3/18/2026,11:15:00 AM,0,0.3429,16.114
3/18/2026,11:30:00 AM,0,0.3434,16.11
3/18/2026,11:45:00 AM,0,0.3434,16.104
3/18/2026,12:00:00 PM,0,0.3432,16.099
3/18/2026,12:15:00 PM,0,0.3425,16.096
3/18/2026,12:30:00 PM,0,0.3425,16.095
3/18/2026,12:45:00 PM,0,0.3424,16.091
3/18/2026,1:00:00 PM,0,0.3421,16.093
3/18/2026,1:15:00 PM,0,0.3419,16.093
3/18/2026,1:30:00 PM,0,0.3414,16.095
3/18/2026,1:45:00 PM,0,0.3422,16.097
3/18/2026,2:00:00 PM,0,0.3425,16.102
3/18/2026,2:15:00 PM,0,0.3416,16.108
3/18/2026,2:30:00 PM,0,0.3415,16.113
3/18/2026,2:45:00 PM,0,0.3408,16.12
3/18/2026,3:00:00 PM,0,0.3412,16.126
3/18/2026,3:15:00 PM,0,0.3408,16.133
3/18/2026,3:30:00 PM,0,0.3409,16.14
3/18/2026,3:45:00 PM,0,0.3423,16.147
3/18/2026,4:00:00 PM,0,0.3416,16.155
3/18/2026,4:15:00 PM,0,0.3418,16.165
3/18/2026,4:30:00 PM,0,0.3424,16.175
3/18/2026,4:45:00 PM,0,0.342,16.189
3/18/2026,5:00:00 PM,0,0.3414,16.202
3/18/2026,5:15:00 PM,0,0.3415,16.218
3/18/2026,5:30:00 PM,0,0.3414,16.235
3/18/2026,5:45:00 PM,0,0.3402,16.249
3/18/2026,6:00:00 PM,0,0.3379,16.264
3/18/2026,6:15:00 PM,0,0.3391,16.28
3/18/2026,6:30:00 PM,0,0.3386,16.295
3/18/2026,6:45:00 PM,0,0.3396,16.314
3/18/2026,7:00:00 PM,0,0.3395,16.328
3/18/2026,7:15:00 PM,0,0.34,16.343
3/18/2026,7:30:00 PM,0,0.3407,16.363
3/18/2026,7:45:00 PM,0,0.3402,16.381
3/18/2026,8:00:00 PM,0,0.3401,16.401
3/18/2026,8:15:00 PM,0,0.3414,16.422
3/18/2026,8:30:00 PM,0,0.3397,16.444
3/18/2026,8:45:00 PM,0,0.339,16.462
3/18/2026,9:00:00 PM,0,0.3389,16.483
3/18/2026,9:15:00 PM,0,0.3384,16.501
3/18/2026,9:30:00 PM,0,0.3387,16.52
3/18/2026,9:45:00 PM,0,0.3392,16.537
3/18/2026,10:00:00 PM,0,0.3386,16.553
3/18/2026,10:15:00 PM,0,0.3391,16.569
3/18/2026,10:30:00 PM,0,0.3395,16.588
3/18/2026,10:45:00 PM,0,0.3388,16.604
3/18/2026,11:00:00 PM,0,0.3389,16.618
3/18/2026,11:15:00 PM,0,0.3388,16.633
3/18/2026,11:30:00 PM,0,0.3399,16.648
3/18/2026,11:45:00 PM,0,0.3393,16.663
3/19/2026,12:00:00 AM,0,0.3399,16.674
3/19/2026,12:15:00 AM,0,0.3393,16.688
3/19/2026,12:30:00 AM,0,0.3396,16.7
3/19/2026,12:45:00 AM,0,0.34,16.707
3/19/2026,1:00:00 AM,0,0.3402,16.715
3/19/2026,1:15:00 AM,0,0.3403,16.723
3/19/2026,1:30:00 AM,0,0.3409,16.728
3/19/2026,1:45:00 AM,0,0.3414,16.732
3/19/2026,2:00:00 AM,0,0.3416,16.735
3/19/2026,2:15:00 AM,0,0.3426,16.736
3/19/2026,2:30:00 AM,0,0.3437,16.74
3/19/2026,2:45:00 AM,0,0.3433,16.745
3/19/2026,3:00:00 AM,0,0.3434,16.749
3/19/2026,3:15:00 AM,0,0.3433,16.75
3/19/2026,3:30:00 AM,0,0.344,16.751
3/19/2026,3:45:00 AM,0,0.3435,16.749
3/19/2026,4:00:00 AM,0,0.3433,16.746
3/19/2026,4:15:00 AM,0,0.3435,16.741
3/19/2026,4:30:00 AM,0,0.3439,16.736
3/19/2026,4:45:00 AM,0,0.3438,16.73
3/19/2026,5:00:00 AM,0,0.343,16.724
3/19/2026,5:15:00 AM,0,0.3436,16.709
3/19/2026,5:30:00 AM,0,0.3435,16.701
3/19/2026,5:45:00 AM,0,0.3442,16.689
3/19/2026,6:00:00 AM,0,0.3433,16.677
3/19/2026,6:15:00 AM,0,0.3437,16.666
3/19/2026,6:30:00 AM,0,0.3453,16.655
3/19/2026,6:45:00 AM,0,0.3467,16.643
3/19/2026,7:00:00 AM,0,0.3469,16.63
3/19/2026,7:15:00 AM,0,0.3465,16.618
3/19/2026,7:30:00 AM,0,0.3454,16.568
3/19/2026,7:45:00 AM,0,0.3447,16.578
3/19/2026,8:00:00 AM,0,0.344,16.574
3/19/2026,8:15:00 AM,0,0.3438,16.565
3/19/2026,8:30:00 AM,0,0.3445,16.552
3/19/2026,8:45:00 AM,0,0.3443,16.539
3/19/2026,9:00:00 AM,0,0.344,16.525
3/19/2026,9:15:00 AM,0,0.3439,16.512
3/19/2026,9:30:00 AM,0,0.3442,16.499
3/19/2026,9:45:00 AM,0,0.345,16.489
3/19/2026,10:00:00 AM,0,0.3454,16.479
3/19/2026,10:15:00 AM,0,0.345,16.451
3/19/2026,10:30:00 AM,0,0.345,16.458
3/19/2026,10:45:00 AM,0,0.3449,16.454
3/19/2026,11:00:00 AM,0,0.345,16.45
3/19/2026,11:15:00 AM,0,0.3441,16.445
3/19/2026,11:30:00 AM,0,0.3436,16.444
3/19/2026,11:45:00 AM,0,0.344,16.437
3/19/2026,12:00:00 PM,0,0.3444,16.433
3/19/2026,12:15:00 PM,0,0.3441,16.43
3/19/2026,12:30:00 PM,0,0.3435,16.43
3/19/2026,12:45:00 PM,0,0.3432,16.43
3/19/2026,1:00:00 PM,0,0.3442,16.429
3/19/2026,1:15:00 PM,0,0.3451,16.431
3/19/2026,1:30:00 PM,0,0.3438,16.434
3/19/2026,1:45:00 PM,0,0.3445,16.442
3/19/2026,2:00:00 PM,0,0.3441,16.447
3/19/2026,2:15:00 PM,0,0.3446,16.458
3/19/2026,2:30:00 PM,0,0.3435,16.465
3/19/2026,2:45:00 PM,0,0.3438,16.478
3/19/2026,3:00:00 PM,0,0.3431,16.49
3/19/2026,3:15:00 PM,0,0.3432,16.502
3/19/2026,3:30:00 PM,0,0.3422,16.515
3/19/2026,3:45:00 PM,0,0.3427,16.527
3/19/2026,4:00:00 PM,0,0.343,16.541
3/19/2026,4:15:00 PM,0,0.3428,16.552
3/19/2026,4:30:00 PM,0,0.3419,16.565
3/19/2026,4:45:00 PM,0,0.3419,16.578
3/19/2026,5:00:00 PM,0,0.3413,16.592
3/19/2026,5:15:00 PM,0,0.3411,16.607
3/19/2026,5:30:00 PM,0,0.3403,16.619
3/19/2026,5:45:00 PM,0,0.3399,16.633
3/19/2026,6:00:00 PM,0,0.3397,16.646
3/19/2026,6:15:00 PM,0,0.3397,16.662
3/19/2026,6:30:00 PM,0,0.34,16.675
3/19/2026,6:45:00 PM,0,0.3399,16.686
3/19/2026,7:00:00 PM,0,0.3402,16.699
3/19/2026,7:15:00 PM,0,0.3408,16.714
3/19/2026,7:30:00 PM,0,0.3405,16.729
3/19/2026,7:45:00 PM,0,0.34,16.745
3/19/2026,8:00:00 PM,0,0.3401,16.761
3/19/2026,8:15:00 PM,0,0.3399,16.777
3/19/2026,8:30:00 PM,0,0.3406,16.795
3/19/2026,8:45:00 PM,0,0.3397,16.812
3/19/2026,9:00:00 PM,0,0.3396,16.824
3/19/2026,9:15:00 PM,0,0.3398,16.84
3/19/2026,9:30:00 PM,0,0.3396,16.855
3/19/2026,9:45:00 PM,0,0.34,16.868
3/19/2026,10:00:00 PM,0,0.3398,16.881
3/19/2026,10:15:00 PM,0,0.34,16.897
3/19/2026,10:30:00 PM,0,0.3407,16.911
3/19/2026,10:45:00 PM,0,0.341,16.926
3/19/2026,11:00:00 PM,0,0.3413,16.941
3/19/2026,11:15:00 PM,0,0.3414,16.952
3/19/2026,11:30:00 PM,0,0.3414,16.966
3/19/2026,11:45:00 PM,0,0.3415,16.98
3/20/2026,12:00:00 AM,0,0.3419,16.994
3/20/2026,12:15:00 AM,0,0.3415,17.006
3/20/2026,12:30:00 AM,0,0.3422,17.021
3/20/2026,12:45:00 AM,0,0.3421,17.03
3/20/2026,1:00:00 AM,0,0.3417,17.043
3/20/2026,1:15:00 AM,0,0.3413,17.055
3/20/2026,1:30:00 AM,0,0.3415,17.064
3/20/2026,1:45:00 AM,0,0.342,17.074
3/20/2026,2:00:00 AM,0,0.3414,17.082
3/20/2026,2:15:00 AM,0,0.3425,17.087
3/20/2026,2:30:00 AM,0,0.3421,17.093
3/20/2026,2:45:00 AM,0,0.3422,17.097
3/20/2026,3:00:00 AM,0,0.3425,17.1
3/20/2026,3:15:00 AM,0,0.3426,17.103
3/20/2026,3:30:00 AM,0,0.343,17.106
3/20/2026,3:45:00 AM,0,0.3427,17.107
3/20/2026,4:00:00 AM,0,0.3429,17.109
3/20/2026,4:15:00 AM,0,0.343,17.106
3/20/2026,4:30:00 AM,0,0.3429,17.105
3/20/2026,4:45:00 AM,0,0.343,17.102
3/20/2026,5:00:00 AM,0,0.3426,17.098
3/20/2026,5:15:00 AM,0,0.3431,17.092
3/20/2026,5:30:00 AM,0,0.3429,17.085
3/20/2026,5:45:00 AM,0,0.3431,17.078
3/20/2026,6:00:00 AM,0,0.3429,17.066
3/20/2026,6:15:00 AM,0,0.3431,17.058
3/20/2026,6:30:00 AM,0,0.3451,17.056
3/20/2026,6:45:00 AM,0,0.3479,17.049
3/20/2026,7:00:00 AM,0,0.3469,17.037
3/20/2026,7:15:00 AM,0,0.3462,17.025
3/20/2026,7:30:00 AM,0,0.347,17.016
3/20/2026,7:45:00 AM,0,0.3465,17.006
3/20/2026,8:00:00 AM,0,0.3441,16.953
3/20/2026,8:15:00 AM,0,0.3446,16.967
3/20/2026,8:30:00 AM,0,0.3446,16.959
3/20/2026,8:45:00 AM,0,0.3472,16.943
3/20/2026,9:00:00 AM,0,0.3468,16.927
3/20/2026,9:15:00 AM,0,0.3468,16.913
3/20/2026,9:30:00 AM,0,0.3464,16.903
3/20/2026,9:45:00 AM,0,0.3461,16.888
3/20/2026,10:00:00 AM,0,0.3463,16.876
3/20/2026,10:15:00 AM,0,0.3461,16.863
3/20/2026,10:30:00 AM,0,0.3463,16.854
3/20/2026,10:45:00 AM,0,0.3449,16.843
3/20/2026,11:00:00 AM,0,0.3455,16.833
3/20/2026,11:15:00 AM,0,0.3444,16.825
3/20/2026,11:30:00 AM,0,0.344,16.815
3/20/2026,11:45:00 AM,0,0.3441,16.809
3/20/2026,12:00:00 PM,0,0.3443,16.805
3/20/2026,12:15:00 PM,0,0.344,16.8
3/20/2026,12:30:00 PM,0,0.3439,16.793
3/20/2026,12:45:00 PM,0,0.3446,16.79
3/20/2026,1:00:00 PM,0,0.344,16.788
3/20/2026,1:15:00 PM,0,0.3443,16.791
3/20/2026,1:30:00 PM,0,0.3437,16.79
3/20/2026,1:45:00 PM,0,0.3445,16.793
3/20/2026,2:00:00 PM,0,0.3434,16.793
3/20/2026,2:15:00 PM,0,0.3446,16.797
3/20/2026,2:30:00 PM,0,0.3443,16.802
3/20/2026,2:45:00 PM,0,0.3446,16.81
3/20/2026,3:00:00 PM,0,0.3439,16.815
3/20/2026,3:15:00 PM,0,0.344,16.823
3/20/2026,3:30:00 PM,0,0.3438,16.834
3/20/2026,3:45:00 PM,0,0.3435,16.842
3/20/2026,4:00:00 PM,0,0.3429,16.851
3/20/2026,4:15:00 PM,0,0.3433,16.86
3/20/2026,4:30:00 PM,0,0.3429,16.874
3/20/2026,4:45:00 PM,0,0.3426,16.883
3/20/2026,5:00:00 PM,0,0.3421,16.896
3/20/2026,5:15:00 PM,0,0.3419,16.906
3/20/2026,5:30:00 PM,0,0.3418,16.921
3/20/2026,5:45:00 PM,0,0.3415,16.93
3/20/2026,6:00:00 PM,0,0.3407,16.944
3/20/2026,6:15:00 PM,0,0.3411,16.955
3/20/2026,6:30:00 PM,0,0.3415,16.971
3/20/2026,6:45:00 PM,0,0.3422,16.985
3/20/2026,7:00:00 PM,0,0.342,17.001
3/20/2026,7:15:00 PM,0,0.3412,17.014
3/20/2026,7:30:00 PM,0,0.342,17.03
3/20/2026,7:45:00 PM,0,0.3411,17.045
3/20/2026,8:00:00 PM,0,0.341,17.058
3/20/2026,8:15:00 PM,0,0.3408,17.073
3/20/2026,8:30:00 PM,0,0.3406,17.089
3/20/2026,8:45:00 PM,0,0.3407,17.103
3/20/2026,9:00:00 PM,0,0.3402,17.117
3/20/2026,9:15:00 PM,0,0.3396,17.132
3/20/2026,9:30:00 PM,0,0.3392,17.146
3/20/2026,9:45:00 PM,0,0.3391,17.158
3/20/2026,10:00:00 PM,0,0.3391,17.168
3/20/2026,10:15:00 PM,0,0.3394,17.182
3/20/2026,10:30:00 PM,0,0.3398,17.196
3/20/2026,10:45:00 PM,0,0.3395,17.204
3/20/2026,11:00:00 PM,0,0.3396,17.216
3/20/2026,11:15:00 PM,0,0.3397,17.224
3/20/2026,11:30:00 PM,0,0.339,17.23
3/20/2026,11:45:00 PM,0,0.3404,17.236
3/21/2026,12:00:00 AM,0,0.3399,17.241
3/21/2026,12:15:00 AM,0,0.3413,17.246
3/21/2026,12:30:00 AM,0,0.3411,17.251
3/21/2026,12:45:00 AM,0,0.3413,17.256
3/21/2026,1:00:00 AM,0,0.3419,17.261
3/21/2026,1:15:00 AM,0,0.3413,17.263
3/21/2026,1:30:00 AM,0,0.3415,17.267
3/21/2026,1:45:00 AM,0,0.3417,17.268
3/21/2026,2:00:00 AM,0,0.3416,17.27
3/21/2026,2:15:00 AM,0,0.3421,17.268
3/21/2026,2:30:00 AM,0,0.3412,17.267
3/21/2026,2:45:00 AM,0,0.341,17.263
3/21/2026,3:00:00 AM,0,0.3413,17.258
3/21/2026,3:15:00 AM,0,0.3411,17.25
3/21/2026,3:30:00 AM,0,0.3407,17.24
3/21/2026,3:45:00 AM,0,0.3405,17.232
3/21/2026,4:00:00 AM,0,0.3414,17.224
3/21/2026,4:15:00 AM,0,0.341,17.211
3/21/2026,4:30:00 AM,0,0.3411,17.2
3/21/2026,4:45:00 AM,0,0.341,17.188
3/21/2026,5:00:00 AM,0,0.341,17.173
3/21/2026,5:15:00 AM,0,0.3412,17.159
3/21/2026,5:30:00 AM,0,0.3423,17.143
3/21/2026,5:45:00 AM,0,0.3423,17.128
3/21/2026,6:00:00 AM,0,0.3417,17.11
3/21/2026,6:15:00 AM,0,0.3423,17.094
3/21/2026,6:30:00 AM,0,0.3426,17.078
3/21/2026,6:45:00 AM,0,0.3423,17.06
3/21/2026,7:00:00 AM,0,0.3427,17.046
3/21/2026,7:15:00 AM,0,0.3426,17.029
3/21/2026,7:30:00 AM,0,0.3431,17.011
3/21/2026,7:45:00 AM,0,0.3436,16.996
3/21/2026,8:00:00 AM,0,0.344,16.98
3/21/2026,8:15:00 AM,0,0.3439,16.965
3/21/2026,8:30:00 AM,0,0.3457,16.949
3/21/2026,8:45:00 AM,0,0.3454,16.938
3/21/2026,9:00:00 AM,0,0.3462,16.924
3/21/2026,9:15:00 AM,0,0.3469,16.907
3/21/2026,9:30:00 AM,0,0.3458,16.894
3/21/2026,9:45:00 AM,0,0.3474,16.882
3/21/2026,10:00:00 AM,0,0.3477,16.868
3/21/2026,10:15:00 AM,0,0.3467,16.86
3/21/2026,10:30:00 AM,0,0.3472,16.851
3/21/2026,10:45:00 AM,0,0.3473,16.84
3/21/2026,11:00:00 AM,0,0.3472,16.833
3/21/2026,11:15:00 AM,0,0.3477,16.824
3/21/2026,11:30:00 AM,0,0.3472,16.818
3/21/2026,11:45:00 AM,0,0.3471,16.812
3/21/2026,12:00:00 PM,0,0.3475,16.806
3/21/2026,12:15:00 PM,0,0.3467,16.799
3/21/2026,12:30:00 PM,0,0.347,16.796
3/21/2026,12:45:00 PM,0,0.3468,16.792
3/21/2026,1:00:00 PM,0,0.3469,16.791
3/21/2026,1:15:00 PM,0,0.3447,16.789
3/21/2026,1:30:00 PM,0,0.3461,16.789
3/21/2026,1:45:00 PM,0,0.3466,16.787
3/21/2026,2:00:00 PM,0,0.3456,16.789
3/21/2026,2:15:00 PM,0,0.3456,16.792
3/21/2026,2:30:00 PM,0,0.3459,16.795
3/21/2026,2:45:00 PM,0,0.3459,16.797
3/21/2026,3:00:00 PM,0,0.3459,16.799
3/21/2026,3:15:00 PM,0,0.3461,16.803
3/21/2026,3:30:00 PM,0,0.3449,16.808
3/21/2026,3:45:00 PM,0,0.3457,16.813
3/21/2026,4:00:00 PM,0,0.3464,16.819
3/21/2026,4:15:00 PM,0,0.3465,16.823
3/21/2026,4:30:00 PM,0,0.3467,16.831
3/21/2026,4:45:00 PM,0,0.3445,16.839
3/21/2026,5:00:00 PM,0,0.3444,16.848
3/21/2026,5:15:00 PM,0,0.3447,16.857
3/21/2026,5:30:00 PM,0,0.3447,16.863
3/21/2026,5:45:00 PM,0,0.3444,16.873
3/21/2026,6:00:00 PM,0,0.3454,16.882
3/21/2026,6:15:00 PM,0,0.3441,16.89
3/21/2026,6:30:00 PM,0,0.3446,16.899
3/21/2026,6:45:00 PM,0,0.3447,16.908
3/21/2026,7:00:00 PM,0,0.344,16.919
3/21/2026,7:15:00 PM,0,0.3433,16.927
3/21/2026,7:30:00 PM,0,0.344,16.939
3/21/2026,7:45:00 PM,0,0.3435,16.946
3/21/2026,8:00:00 PM,0,0.3441,16.954
3/21/2026,8:15:00 PM,0,0.3433,16.963
3/21/2026,8:30:00 PM,0,0.344,16.97
3/21/2026,8:45:00 PM,0,0.344,16.978
3/21/2026,9:00:00 PM,0,0.3429,16.984
3/21/2026,9:15:00 PM,0,0.3435,16.994
3/21/2026,9:30:00 PM,0,0.3433,16.999
3/21/2026,9:45:00 PM,0,0.3429,17.005
3/21/2026,10:00:00 PM,0,0.3432,17.01
3/21/2026,10:15:00 PM,0,0.3432,17.016
3/21/2026,10:30:00 PM,0,0.3439,17.023
3/21/2026,10:45:00 PM,0,0.3437,17.029
3/21/2026,11:00:00 PM,0,0.3432,17.033
3/21/2026,11:15:00 PM,0,0.3427,17.037
3/21/2026,11:30:00 PM,0,0.3431,17.041
3/21/2026,11:45:00 PM,0,0.3435,17.046
3/22/2026,12:00:00 AM,0,0.3438,17.05
3/22/2026,12:15:00 AM,0,0.3441,17.055
3/22/2026,12:30:00 AM,0,0.3436,17.058
3/22/2026,12:45:00 AM,0,0.3437,17.061
3/22/2026,1:00:00 AM,0,0.343,17.064
3/22/2026,1:15:00 AM,0,0.3449,17.067
3/22/2026,1:30:00 AM,0,0.3437,17.069
3/22/2026,1:45:00 AM,0,0.3441,17.072
3/22/2026,2:00:00 AM,0,0.3443,17.073
3/22/2026,2:15:00 AM,0,0.3435,17.076
3/22/2026,2:30:00 AM,0,0.3448,17.077
3/22/2026,2:45:00 AM,0,0.3452,17.076
3/22/2026,3:00:00 AM,0,0.346,17.074
3/22/2026,3:15:00 AM,0,0.3457,17.078
3/22/2026,3:30:00 AM,0,0.3462,17.079
3/22/2026,3:45:00 AM,0,0.3469,17.082
3/22/2026,4:00:00 AM,0,0.3459,17.083
3/22/2026,4:15:00 AM,0,0.347,17.082
3/22/2026,4:30:00 AM,0,0.3474,17.082
3/22/2026,4:45:00 AM,0,0.3472,17.081
3/22/2026,5:00:00 AM,0,0.3467,17.079
3/22/2026,5:15:00 AM,0,0.347,17.08
3/22/2026,5:30:00 AM,0,0.3466,17.077
3/22/2026,5:45:00 AM,0,0.3475,17.074
3/22/2026,6:00:00 AM,0,0.3475,17.073
3/22/2026,6:15:00 AM,0,0.3473,17.068
3/22/2026,6:30:00 AM,0,0.3472,17.069
3/22/2026,6:45:00 AM,0,0.3466,17.065
3/22/2026,7:00:00 AM,0,0.3464,17.062
3/22/2026,7:15:00 AM,0,0.3458,17.057
3/22/2026,7:30:00 AM,0,0.3458,17.051
3/22/2026,7:45:00 AM,0,0.3458,17.048
3/22/2026,8:00:00 AM,0,0.3464,17.043
3/22/2026,8:15:00 AM,0,0.3469,17.037
3/22/2026,8:30:00 AM,0,0.3464,17.033
3/22/2026,8:45:00 AM,0,0.3462,17.025
3/22/2026,9:00:00 AM,0,0.347,17.021
3/22/2026,9:15:00 AM,0,0.3467,17.016
3/22/2026,9:30:00 AM,0,0.3477,17.011
3/22/2026,9:45:00 AM,0,0.3484,17.003
3/22/2026,10:00:00 AM,0,0.3488,16.997
3/22/2026,10:15:00 AM,0,0.3492,16.992
3/22/2026,10:30:00 AM,0,0.348,16.989
3/22/2026,10:45:00 AM,0,0.3478,16.983
3/22/2026,11:00:00 AM,0,0.3476,16.98
3/22/2026,11:15:00 AM,0,0.3478,16.974
3/22/2026,11:30:00 AM,0,0.3466,16.973
3/22/2026,11:45:00 AM,0,0.346,16.97
3/22/2026,12:00:00 PM,0,0.3469,16.966
3/22/2026,12:15:00 PM,0,0.3461,16.965
3/22/2026,12:30:00 PM,0,0.3469,16.962
3/22/2026,12:45:00 PM,0,0.3471,16.959
3/22/2026,1:00:00 PM,0,0.3463,16.957
3/22/2026,1:15:00 PM,0,0.3463,16.954
3/22/2026,1:30:00 PM,0,0.3467,16.952
3/22/2026,1:45:00 PM,0,0.3467,16.952
3/22/2026,2:00:00 PM,0,0.3471,16.954
3/22/2026,2:15:00 PM,0,0.3467,16.956
3/22/2026,2:30:00 PM,0,0.3466,16.956
3/22/2026,2:45:00 PM,0,0.3467,16.957
3/22/2026,3:00:00 PM,0,0.3465,16.959
3/22/2026,3:15:00 PM,0,0.3471,16.964
3/22/2026,3:30:00 PM,0,0.3482,16.964
3/22/2026,3:45:00 PM,0,0.3481,16.968
3/22/2026,4:00:00 PM,0,0.3477,16.974
3/22/2026,4:15:00 PM,0,0.3487,16.977
3/22/2026,4:30:00 PM,0,0.3484,16.983
3/22/2026,4:45:00 PM,0,0.348,16.988
3/22/2026,5:00:00 PM,0,0.349,16.994
3/22/2026,5:15:00 PM,0,0.3492,16.999
3/22/2026,5:30:00 PM,0,0.3493,17.004
3/22/2026,5:45:00 PM,0,0.3499,17.009
3/22/2026,6:00:00 PM,0,0.3488,17.016
3/22/2026,6:15:00 PM,0,0.3485,17.023
3/22/2026,6:30:00 PM,0,0.3499,17.028
3/22/2026,6:45:00 PM,0,0.3491,17.035
3/22/2026,7:00:00 PM,0,0.3493,17.039
3/22/2026,7:15:00 PM,0,0.3499,17.045
3/22/2026,7:30:00 PM,0,0.3492,17.049
3/22/2026,7:45:00 PM,0,0.3484,17.055
3/22/2026,8:00:00 PM,0,0.3485,17.063
3/22/2026,8:15:00 PM,0,0.3474,17.068
3/22/2026,8:30:00 PM,0,0.3473,17.072
3/22/2026,8:45:00 PM,0,0.3469,17.076
3/22/2026,9:00:00 PM,0,0.3475,17.081
3/22/2026,9:15:00 PM,0,0.3472,17.084
3/22/2026,9:30:00 PM,0,0.3477,17.089
3/22/2026,9:45:00 PM,0,0.3466,17.091
3/22/2026,10:00:00 PM,0,0.3468,17.095
3/22/2026,10:15:00 PM,0,0.3465,17.098
3/22/2026,10:30:00 PM,0,0.3462,17.1
3/22/2026,10:45:00 PM,0,0.3467,17.104
3/22/2026,11:00:00 PM,0,0.3462,17.107
3/22/2026,11:15:00 PM,0,0.3464,17.106
3/22/2026,11:30:00 PM,0,0.3457,17.11
3/22/2026,11:45:00 PM,0,0.3457,17.11
3/23/2026,12:00:00 AM,0,0.3461,17.113
3/23/2026,12:15:00 AM,0,0.345,17.115
3/23/2026,12:30:00 AM,0,0.3456,17.116
3/23/2026,12:45:00 AM,0,0.3459,17.118
3/23/2026,1:00:00 AM,0,0.3467,17.119
3/23/2026,1:15:00 AM,0,0.3446,17.12
3/23/2026,1:30:00 AM,0,0.3454,17.121
3/23/2026,1:45:00 AM,0,0.3464,17.121
3/23/2026,2:00:00 AM,0,0.3457,17.122
3/23/2026,2:15:00 AM,0,0.3465,17.121
3/23/2026,2:30:00 AM,0,0.346,17.124
3/23/2026,2:45:00 AM,0,0.3455,17.122
3/23/2026,3:00:00 AM,0,0.3453,17.123
3/23/2026,3:15:00 AM,0,0.3467,17.123
3/23/2026,3:30:00 AM,0,0.3466,17.122
3/23/2026,3:45:00 AM,0,0.346,17.122
3/23/2026,4:00:00 AM,0,0.3462,17.121
3/23/2026,4:15:00 AM,0,0.3475,17.121
3/23/2026,4:30:00 AM,0,0.3474,17.12
3/23/2026,4:45:00 AM,0,0.3472,17.118
3/23/2026,5:00:00 AM,0,0.3477,17.116
3/23/2026,5:15:00 AM,0,0.3478,17.114
3/23/2026,5:30:00 AM,0,0.3483,17.11
3/23/2026,5:45:00 AM,0,0.3494,17.108
3/23/2026,6:00:00 AM,0,0.349,17.107
3/23/2026,6:15:00 AM,0,0.3485,17.102
3/23/2026,6:30:00 AM,0,0.3494,17.098
3/23/2026,6:45:00 AM,0,0.3486,17.095
3/23/2026,7:00:00 AM,0,0.3483,17.091
3/23/2026,7:15:00 AM,0,0.3486,17.087
3/23/2026,7:30:00 AM,0,0.3482,17.083
3/23/2026,7:45:00 AM,0,0.3475,17.078
3/23/2026,8:00:00 AM,0,0.3487,17.072
3/23/2026,8:15:00 AM,0,0.349,17.068
3/23/2026,8:30:00 AM,0,0.3497,17.062
3/23/2026,8:45:00 AM,0,0.3497,17.055
3/23/2026,9:00:00 AM,0,0.3499,17.049
3/23/2026,9:15:00 AM,0,0.3506,17.044
3/23/2026,9:30:00 AM,0,0.3505,17.036
3/23/2026,9:45:00 AM,0,0.3502,17.031
3/23/2026,10:00:00 AM,0,0.35,17.026
3/23/2026,10:15:00 AM,0,0.3511,17.021
3/23/2026,10:30:00 AM,0,0.3509,17.016
3/23/2026,10:45:00 AM,0,0.35,17.01
3/23/2026,11:00:00 AM,0,0.3516,17.005
3/23/2026,11:15:00 AM,0,0.349,17.001
3/23/2026,11:30:00 AM,0,0.3501,16.996
3/23/2026,11:45:00 AM,0,0.3495,16.992
3/23/2026,12:00:00 PM,0,0.3501,16.988
3/23/2026,12:15:00 PM,0,0.3491,16.984
3/23/2026,12:30:00 PM,0,0.3483,16.981
3/23/2026,12:45:00 PM,0,0.3488,16.978
3/23/2026,1:00:00 PM,0,0.3492,16.976
3/23/2026,1:15:00 PM,0,0.3489,16.976
3/23/2026,1:30:00 PM,0,0.3494,16.971
3/23/2026,1:45:00 PM,0,0.3488,16.969
3/23/2026,2:00:00 PM,0,0.3501,16.971
3/23/2026,2:15:00 PM,0,0.3496,16.97
3/23/2026,2:30:00 PM,0,0.3499,16.974
3/23/2026,2:45:00 PM,0,0.3499,16.975
3/23/2026,3:00:00 PM,0,0.3471,16.979
3/23/2026,3:15:00 PM,0,0.3481,16.983
3/23/2026,3:30:00 PM,0,0.3486,16.988
3/23/2026,3:45:00 PM,0,0.348,16.993
3/23/2026,4:00:00 PM,0,0.3475,16.997
3/23/2026,4:15:00 PM,0,0.3484,17.004
3/23/2026,4:30:00 PM,0,0.3479,17.01
3/23/2026,4:45:00 PM,0,0.3484,17.015
3/23/2026,5:00:00 PM,0,0.3482,17.024
3/23/2026,5:15:00 PM,0,0.3474,17.031
3/23/2026,5:30:00 PM,0,0.3477,17.04
3/23/2026,5:45:00 PM,0,0.3468,17.046
3/23/2026,6:00:00 PM,0,0.3471,17.056
3/23/2026,6:15:00 PM,0,0.3473,17.065
3/23/2026,6:30:00 PM,0,0.3476,17.073
3/23/2026,6:45:00 PM,0,0.3474,17.08
3/23/2026,7:00:00 PM,0,0.3471,17.088
3/23/2026,7:15:00 PM,0,0.3468,17.095
3/23/2026,7:30:00 PM,0,0.3467,17.099
3/23/2026,7:45:00 PM,0,0.3474,17.11
3/23/2026,8:00:00 PM,0,0.3473,17.114
3/23/2026,8:15:00 PM,0,0.3463,17.118
3/23/2026,8:30:00 PM,0,0.346,17.122
3/23/2026,8:45:00 PM,0,0.3465,17.126
3/23/2026,9:00:00 PM,0,0.346,17.134
3/23/2026,9:15:00 PM,0,0.346,17.136
3/23/2026,9:30:00 PM,0,0.3462,17.138
3/23/2026,9:45:00 PM,0,0.3463,17.14
3/23/2026,10:00:00 PM,0,0.346,17.141
3/23/2026,10:15:00 PM,0,0.3456,17.144
3/23/2026,10:30:00 PM,0,0.3465,17.145
3/23/2026,10:45:00 PM,0,0.3467,17.145
3/23/2026,11:00:00 PM,0,0.3463,17.146
3/23/2026,11:15:00 PM,0,0.347,17.149
3/23/2026,11:30:00 PM,0,0.3464,17.151
3/23/2026,11:45:00 PM,0,0.3465,17.15
3/24/2026,12:00:00 AM,0,0.3469,17.151
3/24/2026,12:15:00 AM,0,0.3465,17.153
3/24/2026,12:30:00 AM,0,0.346,17.154
3/24/2026,12:45:00 AM,0,0.3464,17.157
3/24/2026,1:00:00 AM,0,0.3464,17.155
3/24/2026,1:15:00 AM,0,0.3463,17.157
3/24/2026,1:30:00 AM,0,0.3461,17.156
3/24/2026,1:45:00 AM,0,0.3467,17.157
3/24/2026,2:00:00 AM,0,0.3461,17.158
3/24/2026,2:15:00 AM,0,0.3469,17.156
3/24/2026,2:30:00 AM,0,0.3463,17.155
3/24/2026,2:45:00 AM,0,0.3467,17.155
3/24/2026,3:00:00 AM,0,0.347,17.153
3/24/2026,3:15:00 AM,0,0.3475,17.151
3/24/2026,3:30:00 AM,0,0.3475,17.15
3/24/2026,3:45:00 AM,0,0.348,17.15
3/24/2026,4:00:00 AM,0,0.3483,17.146
3/24/2026,4:15:00 AM,0,0.349,17.143
3/24/2026,4:30:00 AM,0,0.3485,17.141
3/24/2026,4:45:00 AM,0,0.3487,17.139
3/24/2026,5:00:00 AM,0,0.349,17.137
3/24/2026,5:15:00 AM,0,0.3492,17.134
3/24/2026,5:30:00 AM,0,0.3499,17.132
3/24/2026,5:45:00 AM,0,0.3511,17.13
3/24/2026,6:00:00 AM,0,0.3509,17.126
3/24/2026,6:15:00 AM,0,0.3509,17.121
3/24/2026,6:30:00 AM,0,0.3508,17.121
3/24/2026,6:45:00 AM,0,0.3505,17.118
3/24/2026,7:00:00 AM,0,0.3507,17.115
3/24/2026,7:15:00 AM,0,0.3507,17.111
3/24/2026,7:30:00 AM,0,0.351,17.107
3/24/2026,7:45:00 AM,0,0.3512,17.105
3/24/2026,8:00:00 AM,0,0.3505,17.099
3/24/2026,8:15:00 AM,0,0.3513,17.095
3/24/2026,8:30:00 AM,0,0.351,17.088
3/24/2026,8:45:00 AM,0,0.3513,17.085
3/24/2026,9:00:00 AM,0,0.3514,17.08
3/24/2026,9:15:00 AM,0,0.3515,17.075
3/24/2026,9:30:00 AM,0,0.3515,17.071
3/24/2026,9:45:00 AM,0,0.3521,17.064
3/24/2026,10:00:00 AM,0,0.3525,17.059
3/24/2026,10:15:00 AM,0,0.3536,17.055
3/24/2026,10:30:00 AM,0,0.355,17.049
3/24/2026,10:45:00 AM,0,0.354,17.045
3/24/2026,11:00:00 AM,0,0.3529,17.039
3/24/2026,11:15:00 AM,0,0.3537,17.035
3/24/2026,11:30:00 AM,0,0.3538,17.029
3/24/2026,11:45:00 AM,0,0.354,17.019
3/24/2026,12:00:00 PM,0,0.355,17.016
3/24/2026,12:15:00 PM,0,0.355,17.013
3/24/2026,12:30:00 PM,0,0.3534,17.011
3/24/2026,12:45:00 PM,0,0.3537,17.018
3/24/2026,1:00:00 PM,0,0.3534,17.019
3/24/2026,1:15:00 PM,0,0.3525,17.019
3/24/2026,1:30:00 PM,0,0.3536,17.021
3/24/2026,1:45:00 PM,0,0.3527,17.021
3/24/2026,2:00:00 PM,0,0.3526,17.025
3/24/2026,2:15:00 PM,0,0.3528,17.027
3/24/2026,2:30:00 PM,0,0.3528,17.031
3/24/2026,2:45:00 PM,0,0.3525,17.036
3/24/2026,3:00:00 PM,0,0.3524,17.042
3/24/2026,3:15:00 PM,0,0.3517,17.049
3/24/2026,3:30:00 PM,0,0.3507,17.058
3/24/2026,3:45:00 PM,0,0.3499,17.063
3/24/2026,4:00:00 PM,0,0.3504,17.074
3/24/2026,4:15:00 PM,0,0.3493,17.081
3/24/2026,4:30:00 PM,0,0.3494,17.09
3/24/2026,4:45:00 PM,0,0.3482,17.101
3/24/2026,5:00:00 PM,0,0.3486,17.111
3/24/2026,5:15:00 PM,0,0.3478,17.122
3/24/2026,5:30:00 PM,0,0.3479,17.129
3/24/2026,5:45:00 PM,0,0.3474,17.142
3/24/2026,6:00:00 PM,0,0.3478,17.15
3/24/2026,6:15:00 PM,0,0.3476,17.16
3/24/2026,6:30:00 PM,0,0.3471,17.168
3/24/2026,6:45:00 PM,0,0.3465,17.176
3/24/2026,7:00:00 PM,0,0.3459,17.185
3/24/2026,7:15:00 PM,0,0.3459,17.194
3/24/2026,7:30:00 PM,0,0.3453,17.202
3/24/2026,7:45:00 PM,0,0.3457,17.219
3/24/2026,8:00:00 PM,0,0.345,17.226
3/24/2026,8:15:00 PM,0,0.3449,17.231
3/24/2026,8:30:00 PM,0,0.3449,17.235
3/24/2026,8:45:00 PM,0,0.3448,17.24
3/24/2026,9:00:00 PM,0,0.3451,17.243
3/24/2026,9:15:00 PM,0,0.3442,17.247
3/24/2026,9:30:00 PM,0,0.3449,17.253
3/24/2026,9:45:00 PM,0,0.3444,17.254
3/24/2026,10:00:00 PM,0,0.3441,17.257
3/24/2026,10:15:00 PM,0,0.3449,17.261
3/24/2026,10:30:00 PM,0,0.3444,17.263
3/24/2026,10:45:00 PM,0,0.3443,17.267
3/24/2026,11:00:00 PM,0,0.3445,17.267
3/24/2026,11:15:00 PM,0,0.3447,17.27
3/24/2026,11:30:00 PM,0,0.3445,17.271
3/24/2026,11:45:00 PM,0,0.3451,17.27
3/25/2026,12:00:00 AM,0,0.3456,17.272
3/25/2026,12:15:00 AM,0,0.3465,17.272
3/25/2026,12:30:00 AM,0,0.3472,17.273
3/25/2026,12:45:00 AM,0,0.3469,17.273
3/25/2026,1:00:00 AM,0,0.3473,17.273
3/25/2026,1:15:00 AM,0,0.347,17.273
3/25/2026,1:30:00 AM,0,0.3472,17.273
3/25/2026,1:45:00 AM,0,0.3467,17.275
3/25/2026,2:00:00 AM,0,0.3467,17.273
3/25/2026,2:15:00 AM,0,0.3472,17.272
3/25/2026,2:30:00 AM,0,0.3477,17.271
3/25/2026,2:45:00 AM,0,0.3472,17.269
3/25/2026,3:00:00 AM,0,0.3474,17.268
3/25/2026,3:15:00 AM,0,0.3479,17.267
3/25/2026,3:30:00 AM,0,0.3481,17.266
3/25/2026,3:45:00 AM,0,0.3487,17.263
3/25/2026,4:00:00 AM,0,0.349,17.261
3/25/2026,4:15:00 AM,0,0.3492,17.258
3/25/2026,4:30:00 AM,0,0.3494,17.256
3/25/2026,4:45:00 AM,0,0.349,17.252
3/25/2026,5:00:00 AM,0,0.3494,17.25
3/25/2026,5:15:00 AM,0,0.3492,17.248
3/25/2026,5:30:00 AM,0,0.3489,17.246
3/25/2026,5:45:00 AM,0,0.3486,17.243
3/25/2026,6:00:00 AM,0,0.349,17.239
3/25/2026,6:15:00 AM,0,0.3492,17.235
3/25/2026,6:30:00 AM,0,0.35,17.232
3/25/2026,6:45:00 AM,0,0.3505,17.227
3/25/2026,7:00:00 AM,0,0.3503,17.224
3/25/2026,7:15:00 AM,0,0.3502,17.22
3/25/2026,7:30:00 AM,0,0.3503,17.216
3/25/2026,7:45:00 AM,0,0.3507,17.211
3/25/2026,8:00:00 AM,0,0.3503,17.206
3/25/2026,8:15:00 AM,0,0.351,17.2
3/25/2026,8:30:00 AM,0,0.3504,17.195
3/25/2026,8:45:00 AM,0,0.3507,17.189
3/25/2026,9:00:00 AM,0,0.3507,17.184
3/25/2026,9:15:00 AM,0,0.3511,17.179
3/25/2026,9:30:00 AM,0,0.3513,17.171
3/25/2026,9:45:00 AM,0,0.3514,17.166
3/25/2026,10:00:00 AM,0,0.352,17.161
3/25/2026,10:15:00 AM,0,0.3522,17.155
3/25/2026,10:30:00 AM,0,0.3516,17.15
3/25/2026,10:45:00 AM,0,0.3515,17.145
3/25/2026,11:00:00 AM,0,0.3519,17.137
3/25/2026,11:15:00 AM,0,0.351,17.132
3/25/2026,11:30:00 AM,0,0.3514,17.127
3/25/2026,11:45:00 AM,0,0.3519,17.122
3/25/2026,12:00:00 PM,0,0.3516,17.118
3/25/2026,12:15:00 PM,0,0.3515,17.114
3/25/2026,12:30:00 PM,0,0.3513,17.107
3/25/2026,12:45:00 PM,0,0.3517,17.102
3/25/2026,1:00:00 PM,0,0.3514,17.099
3/25/2026,1:15:00 PM,0,0.351,17.095
3/25/2026,1:30:00 PM,0,0.3515,17.092
3/25/2026,1:45:00 PM,0,0.3506,17.086
3/25/2026,2:00:00 PM,0,0.3511,17.086
3/25/2026,2:15:00 PM,0,0.3522,17.082
3/25/2026,2:30:00 PM,0,0.3528,17.081
3/25/2026,2:45:00 PM,0,0.3525,17.08
3/25/2026,3:00:00 PM,0,0.3523,17.079
3/25/2026,3:15:00 PM,0,0.3531,17.08
3/25/2026,3:30:00 PM,0,0.3513,17.078
3/25/2026,3:45:00 PM,0,0.3517,17.08
3/25/2026,4:00:00 PM,0,0.3523,17.08
3/25/2026,4:15:00 PM,0,0.3516,17.081
3/25/2026,4:30:00 PM,0,0.351,17.083
3/25/2026,4:45:00 PM,0,0.3507,17.085
3/25/2026,5:00:00 PM,0,0.352,17.086
3/25/2026,5:15:00 PM,0,0.3521,17.087
3/25/2026,5:30:00 PM,0,0.3511,17.088
3/25/2026,5:45:00 PM,0,0.3515,17.091
3/25/2026,6:00:00 PM,0,0.3513,17.092
3/25/2026,6:15:00 PM,0,0.3518,17.095
3/25/2026,6:30:00 PM,0,0.3494,17.096
3/25/2026,6:45:00 PM,0,0.35,17.094
3/25/2026,7:00:00 PM,0,0.3499,17.095
3/25/2026,7:15:00 PM,0,0.3498,17.096
3/25/2026,7:30:00 PM,0,0.3496,17.095
3/25/2026,7:45:00 PM,0,0.3498,17.095
3/25/2026,8:00:00 PM,0,0.349,17.092
3/25/2026,8:15:00 PM,0,0.3498,17.091
3/25/2026,8:30:00 PM,0,0.3501,17.088
3/25/2026,8:45:00 PM,0,0.3495,17.085
3/25/2026,9:00:00 PM,0,0.3495,17.08
3/25/2026,9:15:00 PM,0,0.349,17.078
3/25/2026,9:30:00 PM,0,0.3493,17.073
3/25/2026,9:45:00 PM,0,0.3491,17.068
3/25/2026,10:00:00 PM,0,0.3495,17.063
3/25/2026,10:15:00 PM,0,0.349,17.061
3/25/2026,10:30:00 PM,0,0.3488,17.053
3/25/2026,10:45:00 PM,0,0.3488,17.048
3/25/2026,11:00:00 PM,0,0.3496,17.041
3/25/2026,11:15:00 PM,0,0.3495,17.035
3/25/2026,11:30:00 PM,0,0.3501,17.029
3/25/2026,11:45:00 PM,0,0.3497,17.02
3/26/2026,12:00:00 AM,0,0.3497,17.017
3/26/2026,12:15:00 AM,0,0.3492,17.008
3/26/2026,12:30:00 AM,0,0.3489,17.002
3/26/2026,12:45:00 AM,0,0.3494,16.994
3/26/2026,1:00:00 AM,0,0.3492,16.989
3/26/2026,1:15:00 AM,0,0.3492,16.98
3/26/2026,1:30:00 AM,0,0.3486,16.971
3/26/2026,1:45:00 AM,0,0.3505,16.966
3/26/2026,2:00:00 AM,0,0.3498,16.959
3/26/2026,2:15:00 AM,0,0.3504,16.952
3/26/2026,2:30:00 AM,0,0.3495,16.944
3/26/2026,2:45:00 AM,0,0.3496,16.938
3/26/2026,3:00:00 AM,0,0.3502,16.93
3/26/2026,3:15:00 AM,0,0.3494,16.922
3/26/2026,3:30:00 AM,0,0.3499,16.916
3/26/2026,3:45:00 AM,0,0.3502,16.908
3/26/2026,4:00:00 AM,0,0.3498,16.902
3/26/2026,4:15:00 AM,0,0.3501,16.897
3/26/2026,4:30:00 AM,0,0.3499,16.891
3/26/2026,4:45:00 AM,0,0.3508,16.883
3/26/2026,5:00:00 AM,0,0.3516,16.877
3/26/2026,5:15:00 AM,0,0.3508,16.872
3/26/2026,5:30:00 AM,0,0.3515,16.865
3/26/2026,5:45:00 AM,0,0.3511,16.86
3/26/2026,6:00:00 AM,0,0.3513,16.857
3/26/2026,6:15:00 AM,0,0.3519,16.85
3/26/2026,6:30:00 AM,0,0.3513,16.844
3/26/2026,6:45:00 AM,0,0.3513,16.839
3/26/2026,7:00:00 AM,0,0.3506,16.834
3/26/2026,7:15:00 AM,0,0.351,16.831
3/26/2026,7:30:00 AM,0,0.351,16.825
3/26/2026,7:45:00 AM,0,0.3509,16.818
3/26/2026,8:00:00 AM,0,0.35,16.815
3/26/2026,8:15:00 AM,0,0.3502,16.811
3/26/2026,8:30:00 AM,0,0.3507,16.805
3/26/2026,8:45:00 AM,0,0.3506,16.801
3/26/2026,9:00:00 AM,0,0.3506,16.797
3/26/2026,9:15:00 AM,0,0.3513,16.794
3/26/2026,9:30:00 AM,0,0.3513,16.791
3/26/2026,9:45:00 AM,0,0.3532,16.784
3/26/2026,10:00:00 AM,0,0.3506,16.781
3/26/2026,10:15:00 AM,0,0.3517,16.779
3/26/2026,10:30:00 AM,0,0.3492,16.775
3/26/2026,10:45:00 AM,0,0.3521,16.772
3/26/2026,11:00:00 AM,0,0.3519,16.772
3/26/2026,11:15:00 AM,0,0.3522,16.771
3/26/2026,11:30:00 AM,0,0.3514,16.769
3/26/2026,11:45:00 AM,0,0.3512,16.769
3/26/2026,12:00:00 PM,0,0.351,16.77
3/26/2026,12:15:00 PM,0,0.3505,16.769
3/26/2026,12:30:00 PM,0,0.3504,16.771
3/26/2026,12:45:00 PM,0,0.3508,16.775
3/26/2026,1:00:00 PM,0,0.3509,16.778
3/26/2026,1:15:00 PM,0,0.3517,16.781
3/26/2026,1:30:00 PM,0,0.3508,16.784
3/26/2026,1:45:00 PM,0,0.3506,16.79
3/26/2026,2:00:00 PM,0,0.3514,16.796
3/26/2026,2:15:00 PM,0,0.3516,16.8
3/26/2026,2:30:00 PM,0,0.3503,16.806
3/26/2026,2:45:00 PM,0,0.3505,16.816
3/26/2026,3:00:00 PM,0,0.3508,16.822
3/26/2026,3:15:00 PM,0,0.3506,16.831
3/26/2026,3:30:00 PM,0,0.3503,16.839
3/26/2026,3:45:00 PM,0,0.3504,16.848
3/26/2026,4:00:00 PM,0,0.3493,16.858
3/26/2026,4:15:00 PM,0,0.3491,16.869
3/26/2026,4:30:00 PM,0,0.3498,16.88
3/26/2026,4:45:00 PM,0,0.3486,16.889
3/26/2026,5:00:00 PM,0,0.3476,16.902
3/26/2026,5:15:00 PM,0,0.3481,16.913
3/26/2026,5:30:00 PM,0,0.3474,16.926
3/26/2026,5:45:00 PM,0,0.3469,16.935
3/26/2026,6:00:00 PM,0,0.3464,16.945
3/26/2026,6:15:00 PM,0,0.3475,16.957
3/26/2026,6:30:00 PM,0,0.3477,16.969
3/26/2026,6:45:00 PM,0,0.3484,16.979
3/26/2026,7:00:00 PM,0,0.3489,16.989
3/26/2026,7:15:00 PM,0,0.3484,17
3/26/2026,7:30:00 PM,0,0.3483,17.01
3/26/2026,7:45:00 PM,0,0.3481,17.021
3/26/2026,8:00:00 PM,0,0.3477,17.027
3/26/2026,8:15:00 PM,0,0.3477,17.033
3/26/2026,8:30:00 PM,0,0.3472,17.039
3/26/2026,8:45:00 PM,0,0.347,17.045
3/26/2026,9:00:00 PM,0,0.347,17.051
3/26/2026,9:15:00 PM,0,0.3464,17.059
3/26/2026,9:30:00 PM,0,0.3468,17.066
3/26/2026,9:45:00 PM,0,0.3463,17.073
3/26/2026,10:00:00 PM,0,0.3464,17.082
3/26/2026,10:15:00 PM,0,0.3468,17.087
3/26/2026,10:30:00 PM,0,0.3471,17.09
3/26/2026,10:45:00 PM,0,0.3464,17.093
3/26/2026,11:00:00 PM,0,0.347,17.097
3/26/2026,11:15:00 PM,0,0.3456,17.097
3/26/2026,11:30:00 PM,0,0.3469,17.099
3/26/2026,11:45:00 PM,0,0.3456,17.1
3/27/2026,12:00:00 AM,0,0.3458,17.098
3/27/2026,12:15:00 AM,0,0.3465,17.098
3/27/2026,12:30:00 AM,0,0.3464,17.097
3/27/2026,12:45:00 AM,0,0.3459,17.092
3/27/2026,1:00:00 AM,0,0.3466,17.089
3/27/2026,1:15:00 AM,0,0.346,17.085
3/27/2026,1:30:00 AM,0,0.3461,17.083
3/27/2026,1:45:00 AM,0,0.347,17.075
3/27/2026,2:00:00 AM,0,0.3465,17.07
3/27/2026,2:15:00 AM,0,0.3473,17.064
3/27/2026,2:30:00 AM,0,0.3472,17.054
3/27/2026,2:45:00 AM,0,0.3484,17.047
3/27/2026,3:00:00 AM,0,0.3475,17.037
3/27/2026,3:15:00 AM,0,0.3481,17.027
3/27/2026,3:30:00 AM,0,0.3488,17.018
3/27/2026,3:45:00 AM,0,0.3492,17.005
3/27/2026,4:00:00 AM,0,0.3487,16.995
3/27/2026,4:15:00 AM,0,0.3495,16.981
3/27/2026,4:30:00 AM,0,0.3504,16.971
3/27/2026,4:45:00 AM,0,0.35,16.96
3/27/2026,5:00:00 AM,0,0.3495,16.947
3/27/2026,5:15:00 AM,0,0.3488,16.936
3/27/2026,5:30:00 AM,0,0.3485,16.922
3/27/2026,5:45:00 AM,0,0.3485,16.911
3/27/2026,6:00:00 AM,0,0.3489,16.901
3/27/2026,6:15:00 AM,0,0.3504,16.891
3/27/2026,6:30:00 AM,0,0.3536,16.874
3/27/2026,6:45:00 AM,0,0.3577,16.766
3/27/2026,7:00:00 AM,0,0.3611,16.755
3/27/2026,7:15:00 AM,0,0.3624,16.762
3/27/2026,7:30:00 AM,0,0.3629,16.752
3/27/2026,7:45:00 AM,0,0.3635,16.732
3/27/2026,8:00:00 AM,0,0.3635,16.722
3/27/2026,8:15:00 AM,0,0.3646,16.713
3/27/2026,8:30:00 AM,0,0.3647,16.71
3/27/2026,8:45:00 AM,0,0.3649,16.707
3/27/2026,9:00:00 AM,0,0.3645,16.703
3/27/2026,9:15:00 AM,0,0.3645,16.707
3/27/2026,9:30:00 AM,0,0.3641,16.712
3/27/2026,9:45:00 AM,0,0.3642,16.718
3/27/2026,10:00:00 AM,0,0.3636,16.723
3/27/2026,10:15:00 AM,0,0.3633,16.723
3/27/2026,10:30:00 AM,0,0.3626,16.724
3/27/2026,10:45:00 AM,0,0.3603,16.721
3/27/2026,11:00:00 AM,0,0.361,16.72
3/27/2026,11:15:00 AM,0,0.3598,16.723
3/27/2026,11:30:00 AM,0,0.3588,16.726
3/27/2026,11:45:00 AM,0,0.3575,16.731
3/27/2026,12:00:00 PM,0,0.3576,16.728
3/27/2026,12:15:00 PM,0,0.3568,16.733
3/27/2026,12:30:00 PM,0,0.3551,16.731
3/27/2026,12:45:00 PM,0,0.3538,16.728
3/27/2026,1:00:00 PM,0,0.3538,16.727
3/27/2026,1:15:00 PM,0,0.3538,16.725
3/27/2026,1:30:00 PM,0,0.353,16.726
3/27/2026,1:45:00 PM,0,0.3528,16.723
3/27/2026,2:00:00 PM,0,0.3527,16.724
3/27/2026,2:15:00 PM,0,0.3527,16.722
3/27/2026,2:30:00 PM,0,0.3522,16.721
3/27/2026,2:45:00 PM,0,0.3523,16.723
3/27/2026,3:00:00 PM,0,0.351,16.726
3/27/2026,3:15:00 PM,0,0.3502,16.728
3/27/2026,3:30:00 PM,0,0.3501,16.732
3/27/2026,3:45:00 PM,0,0.3512,16.74
3/27/2026,4:00:00 PM,0,0.3513,16.743
3/27/2026,4:15:00 PM,0,0.3506,16.747
3/27/2026,4:30:00 PM,0,0.3503,16.753
3/27/2026,4:45:00 PM,0,0.3509,16.758
3/27/2026,5:00:00 PM,0,0.3503,16.766
3/27/2026,5:15:00 PM,0,0.3499,16.771
3/27/2026,5:30:00 PM,0,0.3489,16.776
3/27/2026,5:45:00 PM,0,0.3485,16.781
3/27/2026,6:00:00 PM,0,0.3485,16.79
3/27/2026,6:15:00 PM,0,0.3476,16.797
3/27/2026,6:30:00 PM,0,0.3475,16.803
3/27/2026,6:45:00 PM,0,0.3479,16.81
3/27/2026,7:00:00 PM,0,0.3481,16.817
3/27/2026,7:15:00 PM,0,0.3483,16.827
3/27/2026,7:30:00 PM,0,0.348,16.832
3/27/2026,7:45:00 PM,0,0.3479,16.842
3/27/2026,8:00:00 PM,0,0.3473,16.846
3/27/2026,8:15:00 PM,0,0.3473,16.856
3/27/2026,8:30:00 PM,0,0.3477,16.864
3/27/2026,8:45:00 PM,0,0.3476,16.87
3/27/2026,9:00:00 PM,0,0.3472,16.88
3/27/2026,9:15:00 PM,0,0.3473,16.886
3/27/2026,9:30:00 PM,0,0.3475,16.895
3/27/2026,9:45:00 PM,0,0.3473,16.902
3/27/2026,10:00:00 PM,0,0.3474,16.908
3/27/2026,10:15:00 PM,0,0.347,16.914
3/27/2026,10:30:00 PM,0,0.3475,16.921
3/27/2026,10:45:00 PM,0,0.3471,16.925
3/27/2026,11:00:00 PM,0,0.3467,16.932
3/27/2026,11:15:00 PM,0,0.3464,16.937
3/27/2026,11:30:00 PM,0,0.3471,16.941
3/27/2026,11:45:00 PM,0,0.3476,16.947
3/28/2026,12:00:00 AM,0,0.3481,16.95
3/28/2026,12:15:00 AM,0,0.3486,16.953
3/28/2026,12:30:00 AM,0,0.3492,16.96
3/28/2026,12:45:00 AM,0,0.3492,16.964
3/28/2026,1:00:00 AM,0,0.3496,16.968
3/28/2026,1:15:00 AM,0,0.3493,16.973
3/28/2026,1:30:00 AM,0,0.3496,16.974
3/28/2026,1:45:00 AM,0,0.3496,16.978
3/28/2026,2:00:00 AM,0,0.3491,16.979
3/28/2026,2:15:00 AM,0,0.3487,16.981
3/28/2026,2:30:00 AM,0,0.3487,16.985
3/28/2026,2:45:00 AM,0,0.3482,16.986
3/28/2026,3:00:00 AM,0,0.3486,16.989
3/28/2026,3:15:00 AM,0,0.3483,16.989
3/28/2026,3:30:00 AM,0,0.3483,16.991
3/28/2026,3:45:00 AM,0,0.3488,16.992
3/28/2026,4:00:00 AM,0,0.3483,16.993
3/28/2026,4:15:00 AM,0,0.3484,16.992
3/28/2026,4:30:00 AM,0,0.3481,16.994
3/28/2026,4:45:00 AM,0,0.3479,16.994
3/28/2026,5:00:00 AM,0,0.348,16.994
3/28/2026,5:15:00 AM,0,0.3478,16.992
3/28/2026,5:30:00 AM,0,0.348,16.992
3/28/2026,5:45:00 AM,0,0.3481,16.991
3/28/2026,6:00:00 AM,0,0.3485,16.989
3/28/2026,6:15:00 AM,0,0.3482,16.988
3/28/2026,6:30:00 AM,0,0.3491,16.987
3/28/2026,6:45:00 AM,0,0.3493,16.984
3/28/2026,7:00:00 AM,0,0.3492,16.98
3/28/2026,7:15:00 AM,0,0.3503,16.977
3/28/2026,7:30:00 AM,0,0.3494,16.974
3/28/2026,7:45:00 AM,0,0.35,16.973
3/28/2026,8:00:00 AM,0,0.3502,16.968
3/28/2026,8:15:00 AM,0,0.351,16.965
3/28/2026,8:30:00 AM,0,0.3506,16.961
3/28/2026,8:45:00 AM,0,0.3509,16.956
3/28/2026,9:00:00 AM,0,0.351,16.951
3/28/2026,9:15:00 AM,0,0.3509,16.947
3/28/2026,9:30:00 AM,0,0.3508,16.941
3/28/2026,9:45:00 AM,0,0.3506,16.939
3/28/2026,10:00:00 AM,0,0.3504,16.934
3/28/2026,10:15:00 AM,0,0.3501,16.927
3/28/2026,10:30:00 AM,0,0.35,16.922
3/28/2026,10:45:00 AM,0,0.3525,16.918
3/28/2026,11:00:00 AM,0,0.3516,16.913
3/28/2026,11:15:00 AM,0,0.3503,16.909
3/28/2026,11:30:00 AM,0,0.3498,16.903
3/28/2026,11:45:00 AM,0,0.3493,16.902
3/28/2026,12:00:00 PM,0,0.3493,16.897
3/28/2026,12:15:00 PM,0,0.3498,16.896
3/28/2026,12:30:00 PM,0,0.3497,16.892
3/28/2026,12:45:00 PM,0,0.3495,16.89
3/28/2026,1:00:00 PM,0,0.3494,16.887
3/28/2026,1:15:00 PM,0,0.3502,16.887
3/28/2026,1:30:00 PM,0,0.3501,16.888
3/28/2026,1:45:00 PM,0,0.3487,16.89
3/28/2026,2:00:00 PM,0,0.3504,16.89
3/28/2026,2:15:00 PM,0,0.3505,16.892
3/28/2026,2:30:00 PM,0,0.3501,16.894
3/28/2026,2:45:00 PM,0,0.3494,16.897
3/28/2026,3:00:00 PM,0,0.3504,16.898
3/28/2026,3:15:00 PM,0,0.3511,16.904
3/28/2026,3:30:00 PM,0,0.3501,16.907
3/28/2026,3:45:00 PM,0,0.3498,16.911
3/28/2026,4:00:00 PM,0,0.35,16.916
3/28/2026,4:15:00 PM,0,0.3503,16.92
3/28/2026,4:30:00 PM,0,0.3496,16.924
3/28/2026,4:45:00 PM,0,0.3493,16.932
3/28/2026,5:00:00 PM,0,0.3484,16.936
3/28/2026,5:15:00 PM,0,0.3494,16.942
3/28/2026,5:30:00 PM,0,0.3493,16.947
3/28/2026,5:45:00 PM,0,0.3491,16.954
3/28/2026,6:00:00 PM,0,0.3496,16.957
3/28/2026,6:15:00 PM,0,0.3489,16.966
3/28/2026,6:30:00 PM,0,0.3482,16.972
3/28/2026,6:45:00 PM,0,0.3479,16.977
3/28/2026,7:00:00 PM,0,0.3485,16.981
3/28/2026,7:15:00 PM,0,0.348,16.986
3/28/2026,7:30:00 PM,0,0.3487,16.99
3/28/2026,7:45:00 PM,0,0.3491,16.998
3/28/2026,8:00:00 PM,0,0.3489,17.002
3/28/2026,8:15:00 PM,0,0.3484,17.004
3/28/2026,8:30:00 PM,0,0.3484,17.007
3/28/2026,8:45:00 PM,0,0.3481,17.011
3/28/2026,9:00:00 PM,0,0.3478,17.013
3/28/2026,9:15:00 PM,0,0.3475,17.015
3/28/2026,9:30:00 PM,0,0.3473,17.018
3/28/2026,9:45:00 PM,0,0.3475,17.019
3/28/2026,10:00:00 PM,0,0.3473,17.022
3/28/2026,10:15:00 PM,0,0.3469,17.023
3/28/2026,10:30:00 PM,0,0.347,17.023
3/28/2026,10:45:00 PM,0,0.3467,17.023
3/28/2026,11:00:00 PM,0,0.3462,17.023
3/28/2026,11:15:00 PM,0,0.3471,17.022
3/28/2026,11:30:00 PM,0,0.3466,17.022
3/28/2026,11:45:00 PM,0,0.3467,17.022
3/29/2026,12:00:00 AM,0,0.3472,17.022
3/29/2026,12:15:00 AM,0,0.3474,17.022
3/29/2026,12:30:00 AM,0,0.3478,17.021
3/29/2026,12:45:00 AM,0,0.3474,17.018
3/29/2026,1:00:00 AM,0,0.3478,17.019
3/29/2026,1:15:00 AM,0,0.3475,17.017
3/29/2026,1:30:00 AM,0,0.3471,17.015
3/29/2026,1:45:00 AM,0,0.3473,17.013
3/29/2026,2:00:00 AM,0,0.3481,17.012
3/29/2026,2:15:00 AM,0,0.3473,17.011
3/29/2026,2:30:00 AM,0,0.3473,17.008
3/29/2026,2:45:00 AM,0,0.3475,17.008
3/29/2026,3:00:00 AM,0,0.3474,17.003
3/29/2026,3:15:00 AM,0,0.3473,17.003
3/29/2026,3:30:00 AM,0,0.3472,17
3/29/2026,3:45:00 AM,0,0.3475,16.996
3/29/2026,4:00:00 AM,0,0.3479,16.996
3/29/2026,4:15:00 AM,0,0.3481,16.995
3/29/2026,4:30:00 AM,0,0.3485,16.992
3/29/2026,4:45:00 AM,0,0.3482,16.987
3/29/2026,5:00:00 AM,0,0.3481,16.986
3/29/2026,5:15:00 AM,0,0.3485,16.981
3/29/2026,5:30:00 AM,0,0.3485,16.977
3/29/2026,5:45:00 AM,0,0.3484,16.972
3/29/2026,6:00:00 AM,0,0.3491,16.97
3/29/2026,6:15:00 AM,0,0.3489,16.966
3/29/2026,6:30:00 AM,0,0.3487,16.96
3/29/2026,6:45:00 AM,0,0.3491,16.956
3/29/2026,7:00:00 AM,0,0.3489,16.951
3/29/2026,7:15:00 AM,0,0.3486,16.945
3/29/2026,7:30:00 AM,0,0.3493,16.941
3/29/2026,7:45:00 AM,0,0.3494,16.936
3/29/2026,8:00:00 AM,0,0.3501,16.934
3/29/2026,8:15:00 AM,0,0.3501,16.928
3/29/2026,8:30:00 AM,0,0.3509,16.923
3/29/2026,8:45:00 AM,0,0.3506,16.918
3/29/2026,9:00:00 AM,0,0.3505,16.914
3/29/2026,9:15:00 AM,0,0.3517,16.91
3/29/2026,9:30:00 AM,0,0.3513,16.905
3/29/2026,9:45:00 AM,0,0.3527,16.901
3/29/2026,10:00:00 AM,0,0.3517,16.898
3/29/2026,10:15:00 AM,0,0.3506,16.895
3/29/2026,10:30:00 AM,0,0.3512,16.89
3/29/2026,10:45:00 AM,0,0.3521,16.888
3/29/2026,11:00:00 AM,0,0.3509,16.882
3/29/2026,11:15:00 AM,0,0.3498,16.88
3/29/2026,11:30:00 AM,0,0.3503,16.88
3/29/2026,11:45:00 AM,0,0.3507,16.876
3/29/2026,12:00:00 PM,0,0.3502,16.874
3/29/2026,12:15:00 PM,0,0.3501,16.874
3/29/2026,12:30:00 PM,0,0.3498,16.872
3/29/2026,12:45:00 PM,0,0.3498,16.874
3/29/2026,1:00:00 PM,0,0.3498,16.873
3/29/2026,1:15:00 PM,0,0.3494,16.875
3/29/2026,1:30:00 PM,0,0.3497,16.876
3/29/2026,1:45:00 PM,0,0.3497,16.878
3/29/2026,2:00:00 PM,0,0.3493,16.881
3/29/2026,2:15:00 PM,0,0.3501,16.885
3/29/2026,2:30:00 PM,0,0.3502,16.89
3/29/2026,2:45:00 PM,0,0.3512,16.895
3/29/2026,3:00:00 PM,0,0.3499,16.899
3/29/2026,3:15:00 PM,0,0.3507,16.905
3/29/2026,3:30:00 PM,0,0.3497,16.913
3/29/2026,3:45:00 PM,0,0.3505,16.92
3/29/2026,4:00:00 PM,0,0.3506,16.929
3/29/2026,4:15:00 PM,0,0.3504,16.937
3/29/2026,4:30:00 PM,0,0.3504,16.943
3/29/2026,4:45:00 PM,0,0.3494,16.952
3/29/2026,5:00:00 PM,0,0.35,16.959
3/29/2026,5:15:00 PM,0,0.3494,16.97
3/29/2026,5:30:00 PM,0,0.3501,16.978
3/29/2026,5:45:00 PM,0,0.3499,16.989
3/29/2026,6:00:00 PM,0,0.3494,16.996
3/29/2026,6:15:00 PM,0,0.35,17.003
3/29/2026,6:30:00 PM,0,0.349,17.011
3/29/2026,6:45:00 PM,0,0.3495,17.021
3/29/2026,7:00:00 PM,0,0.3491,17.028
3/29/2026,7:15:00 PM,0,0.3491,17.036
3/29/2026,7:30:00 PM,0,0.3493,17.044
3/29/2026,7:45:00 PM,0,0.3498,17.053
3/29/2026,8:00:00 PM,0,0.3498,17.06
3/29/2026,8:15:00 PM,0,0.3495,17.069
3/29/2026,8:30:00 PM,0,0.3492,17.076
3/29/2026,8:45:00 PM,0,0.3485,17.081
3/29/2026,9:00:00 PM,0,0.3487,17.086
3/29/2026,9:15:00 PM,0,0.3481,17.091
3/29/2026,9:30:00 PM,0,0.3482,17.098
3/29/2026,9:45:00 PM,0,0.3478,17.103
3/29/2026,10:00:00 PM,0,0.3475,17.106
3/29/2026,10:15:00 PM,0,0.3469,17.108
3/29/2026,10:30:00 PM,0,0.3474,17.112
3/29/2026,10:45:00 PM,0,0.3473,17.115
3/29/2026,11:00:00 PM,0,0.347,17.119
3/29/2026,11:15:00 PM,0,0.3473,17.123
3/29/2026,11:30:00 PM,0,0.3475,17.123
3/29/2026,11:45:00 PM,0,0.3478,17.125
3/30/2026,12:00:00 AM,0,0.3472,17.127
3/30/2026,12:15:00 AM,0,0.3477,17.128
3/30/2026,12:30:00 AM,0,0.3473,17.131
3/30/2026,12:45:00 AM,0,0.3469,17.131
3/30/2026,1:00:00 AM,0,0.3469,17.132
3/30/2026,1:15:00 AM,0,0.3469,17.135
3/30/2026,1:30:00 AM,0,0.3465,17.135
3/30/2026,1:45:00 AM,0,0.3467,17.136
3/30/2026,2:00:00 AM,0,0.3465,17.139
3/30/2026,2:15:00 AM,0,0.3466,17.139
3/30/2026,2:30:00 AM,0,0.347,17.137
3/30/2026,2:45:00 AM,0,0.3461,17.138
3/30/2026,3:00:00 AM,0,0.3462,17.137
3/30/2026,3:15:00 AM,0,0.346,17.138
3/30/2026,3:30:00 AM,0,0.3467,17.135
3/30/2026,3:45:00 AM,0,0.3469,17.135
3/30/2026,4:00:00 AM,0,0.3468,17.135
3/30/2026,4:15:00 AM,0,0.348,17.132
3/30/2026,4:30:00 AM,0,0.3479,17.132
3/30/2026,4:45:00 AM,0,0.3487,17.13
3/30/2026,5:00:00 AM,0,0.3484,17.13
3/30/2026,5:15:00 AM,0,0.3494,17.126
3/30/2026,5:30:00 AM,0,0.3498,17.127
3/30/2026,5:45:00 AM,0,0.3498,17.124
3/30/2026,6:00:00 AM,0,0.3508,17.12
3/30/2026,6:15:00 AM,0,0.3504,17.121
3/30/2026,6:30:00 AM,0,0.35,17.119
3/30/2026,6:45:00 AM,0,0.3506,17.114
3/30/2026,7:00:00 AM,0,0.3501,17.113
3/30/2026,7:15:00 AM,0,0.3513,17.111
3/30/2026,7:30:00 AM,0,0.3506,17.106
3/30/2026,7:45:00 AM,0,0.3512,17.102
3/30/2026,8:00:00 AM,0,0.3519,17.1
3/30/2026,8:15:00 AM,0,0.3515,17.097
3/30/2026,8:30:00 AM,0,0.3512,17.099
3/30/2026,8:45:00 AM,0,0.353,17.1
3/30/2026,9:00:00 AM,0,0.3515,17.095
3/30/2026,9:15:00 AM,0,0.3509,17.091
3/30/2026,9:30:00 AM,0,0.3517,17.087
3/30/2026,9:45:00 AM,0,0.3515,17.086
3/30/2026,10:00:00 AM,0,0.3522,17.086
3/30/2026,10:15:00 AM,0,0.3513,17.086
3/30/2026,10:30:00 AM,0,0.3518,17.088
3/30/2026,10:45:00 AM,0,0.3523,17.084
3/30/2026,11:00:00 AM,0,0.3528,17.086
3/30/2026,11:15:00 AM,0,0.3519,17.084
3/30/2026,11:30:00 AM,0,0.3513,17.084
3/30/2026,11:45:00 AM,0,0.3531,17.086
3/30/2026,12:00:00 PM,0,0.3515,17.089
3/30/2026,12:15:00 PM,0,0.3517,17.096
3/30/2026,12:30:00 PM,0,0.3523,17.097
3/30/2026,12:45:00 PM,0,0.3517,17.1
3/30/2026,1:00:00 PM,0,0.3503,17.103
3/30/2026,1:15:00 PM,0,0.3493,17.109
3/30/2026,1:30:00 PM,0,0.3498,17.114
3/30/2026,1:45:00 PM,0,0.3491,17.119
3/30/2026,2:00:00 PM,0,0.351,17.125
3/30/2026,2:15:00 PM,0,0.351,17.131
3/30/2026,2:30:00 PM,0,0.3519,17.138
3/30/2026,2:45:00 PM,0,0.3521,17.147
3/30/2026,3:00:00 PM,0,0.3527,17.151
3/30/2026,3:15:00 PM,0,0.3522,17.16
3/30/2026,3:30:00 PM,0,0.3514,17.165
3/30/2026,3:45:00 PM,0,0.3511,17.171
3/30/2026,4:00:00 PM,0,0.3512,17.179
3/30/2026,4:15:00 PM,0,0.351,17.186
3/30/2026,4:30:00 PM,0,0.3511,17.19
3/30/2026,4:45:00 PM,0,0.3507,17.194
3/30/2026,5:00:00 PM,0,0.3511,17.2
3/30/2026,5:15:00 PM,0,0.3509,17.203
3/30/2026,5:30:00 PM,0,0.3508,17.207
3/30/2026,5:45:00 PM,0,0.3508,17.213
3/30/2026,6:00:00 PM,0,0.3506,17.215
3/30/2026,6:15:00 PM,0,0.3504,17.218
3/30/2026,6:30:00 PM,0,0.3498,17.224
3/30/2026,6:45:00 PM,0,0.3504,17.227
3/30/2026,7:00:00 PM,0,0.3502,17.232
3/30/2026,7:15:00 PM,0,0.3493,17.23
3/30/2026,7:30:00 PM,0,0.3489,17.237
3/30/2026,7:45:00 PM,0,0.3492,17.239
3/30/2026,8:00:00 PM,0,0.3489,17.24
3/30/2026,8:15:00 PM,0,0.3496,17.242
3/30/2026,8:30:00 PM,0,0.3505,17.244
3/30/2026,8:45:00 PM,0,0.3493,17.243
3/30/2026,9:00:00 PM,0,0.3494,17.242
3/30/2026,9:15:00 PM,0,0.3495,17.243
3/30/2026,9:30:00 PM,0,0.3496,17.238
3/30/2026,9:45:00 PM,0,0.3505,17.239
3/30/2026,10:00:00 PM,0,0.3501,17.237
3/30/2026,10:15:00 PM,0,0.3495,17.234
3/30/2026,10:30:00 PM,0,0.3489,17.23
3/30/2026,10:45:00 PM,0,0.3481,17.229
3/30/2026,11:00:00 PM,0,0.3488,17.227
3/30/2026,11:15:00 PM,0,0.3489,17.223
3/30/2026,11:30:00 PM,0,0.3491,17.219
3/30/2026,11:45:00 PM,0,0.3505,17.216
3/31/2026,12:00:00 AM,0,0.3461,17.21
3/31/2026,12:15:00 AM,0,0.3481,17.208
3/31/2026,12:30:00 AM,0,0.3482,17.202
3/31/2026,12:45:00 AM,0,0.3479,17.2
3/31/2026,1:00:00 AM,0,0.3486,17.196
3/31/2026,1:15:00 AM,0,0.3488,17.192
3/31/2026,1:30:00 AM,0,0.3509,17.189
3/31/2026,1:45:00 AM,0,0.3473,17.187
3/31/2026,2:00:00 AM,0,0.3499,17.182
3/31/2026,2:15:00 AM,0,0.3482,17.18
3/31/2026,2:30:00 AM,0,0.3487,17.177
3/31/2026,2:45:00 AM,0,0.3471,17.175
3/31/2026,3:00:00 AM,0,0.3486,17.171
3/31/2026,3:15:00 AM,0,0.3457,17.167
3/31/2026,3:30:00 AM,0,0.3459,17.164
3/31/2026,3:45:00 AM,0,0.3494,17.162
3/31/2026,4:00:00 AM,0,0.3474,17.157
3/31/2026,4:15:00 AM,0,0.3524,17.156
3/31/2026,4:30:00 AM,0,0.3481,17.152
3/31/2026,4:45:00 AM,0,0.3489,17.149
3/31/2026,5:00:00 AM,0,0.3492,17.146
3/31/2026,5:15:00 AM,0,0.3498,17.143
3/31/2026,5:30:00 AM,0,0.3502,17.141
3/31/2026,5:45:00 AM,0,0.3493,17.139
3/31/2026,6:00:00 AM,0,0.35,17.134
3/31/2026,6:15:00 AM,0,0.3495,17.129
3/31/2026,6:30:00 AM,0,0.3503,17.126
3/31/2026,6:45:00 AM,0,0.3491,17.122
3/31/2026,7:00:00 AM,0,0.3484,17.123
3/31/2026,7:15:00 AM,0,0.3501,17.12
3/31/2026,7:30:00 AM,0,0.3485,17.116
3/31/2026,7:45:00 AM,0,0.3483,17.113
3/31/2026,8:00:00 AM,0,0.3505,17.109
3/31/2026,8:15:00 AM,0,0.3514,17.106
3/31/2026,8:30:00 AM,0,0.3492,17.103
3/31/2026,8:45:00 AM,0,0.3495,17.101
3/31/2026,9:00:00 AM,0,0.3512,17.097
3/31/2026,9:15:00 AM,0,0.3497,17.096
3/31/2026,9:30:00 AM,0,0.352,17.097
3/31/2026,9:45:00 AM,0,0.3507,17.094
3/31/2026,10:00:00 AM,0,0.3514,17.09
3/31/2026,10:15:00 AM,0,0.3571,17.094
3/31/2026,10:30:00 AM,0,0.3607,17.137
3/31/2026,10:45:00 AM,0,0.3619,17.161
3/31/2026,11:00:00 AM,0,0.3668,17.153
3/31/2026,11:15:00 AM,0,0.3675,17.145
3/31/2026,11:30:00 AM,0,0.3697,17.133
3/31/2026,11:45:00 AM,0,0.3672,17.123
3/31/2026,12:00:00 PM,0,0.366,17.112
3/31/2026,12:15:00 PM,0,0.3646,17.101
3/31/2026,12:30:00 PM,0,0.3634,17.098
3/31/2026,12:45:00 PM,0,0.3606,17.093
3/31/2026,1:00:00 PM,0,0.3606,17.088
3/31/2026,1:15:00 PM,0,0.3596,17.089
3/31/2026,1:30:00 PM,0,0.3557,17.088
3/31/2026,1:45:00 PM,0,0.3558,17.088
3/31/2026,2:00:00 PM,0,0.3547,17.089
3/31/2026,2:15:00 PM,0,0.3545,17.09
3/31/2026,2:30:00 PM,0,0.3553,17.093
3/31/2026,2:45:00 PM,0,0.3522,17.096
3/31/2026,3:00:00 PM,0,0.3546,17.098
3/31/2026,3:15:00 PM,0,0.3542,17.101
3/31/2026,3:30:00 PM,0,0.3524,17.104
3/31/2026,3:45:00 PM,0,0.3522,17.108
3/31/2026,4:00:00 PM,0,0.3521,17.112
3/31/2026,4:15:00 PM,0,0.353,17.116
3/31/2026,4:30:00 PM,0,0.3517,17.119
3/31/2026,4:45:00 PM,0,0.3506,17.122
3/31/2026,5:00:00 PM,0,0.3511,17.126
3/31/2026,5:15:00 PM,0,0.351,17.129
3/31/2026,5:30:00 PM,0,0.3498,17.132
3/31/2026,5:45:00 PM,0,0.3494,17.135
3/31/2026,6:00:00 PM,0,0.3494,17.137
3/31/2026,6:15:00 PM,0,0.3505,17.139
3/31/2026,6:30:00 PM,0,0.3506,17.14
3/31/2026,6:45:00 PM,0,0.3506,17.143
3/31/2026,7:00:00 PM,0,0.351,17.141
3/31/2026,7:15:00 PM,0,0.3504,17.143
3/31/2026,7:30:00 PM,0,0.3506,17.143
3/31/2026,7:45:00 PM,0,0.3495,17.145
3/31/2026,8:00:00 PM,0,0.3512,17.145
3/31/2026,8:15:00 PM,0,0.3501,17.145
3/31/2026,8:30:00 PM,0,0.35,17.146
3/31/2026,8:45:00 PM,0,0.3487,17.148
3/31/2026,9:00:00 PM,0,0.3511,17.147
3/31/2026,9:15:00 PM,0,0.3712,17.137
3/31/2026,9:30:00 PM,0,0.4131,17.17
3/31/2026,9:45:00 PM,0,0.5227,17.165
3/31/2026,10:00:00 PM,0,0.5742,17.856
3/31/2026,10:15:00 PM,0,0.5544,17.866
3/31/2026,10:30:00 PM,0,0.5091,17.753
3/31/2026,10:45:00 PM,0,0.4739,17.637
3/31/2026,11:00:00 PM,0,0.4504,17.528
3/31/2026,11:15:00 PM,0,0.4332,17.451
3/31/2026,11:30:00 PM,0,0.4209,17.391
3/31/2026,11:45:00 PM,0,0.4112,17.344
4/1/2026,12:00:00 AM,0,0.4074,17.303
4/1/2026,12:15:00 AM,0,0.4088,17.273
4/1/2026,12:30:00 AM,0,0.4081,17.244
4/1/2026,12:45:00 AM,0,0.4056,17.215
4/1/2026,1:00:00 AM,0,0.4022,17.193
4/1/2026,1:15:00 AM,0,0.3988,17.174
4/1/2026,1:30:00 AM,0,0.3957,17.157
4/1/2026,1:45:00 AM,0,0.3916,17.143
4/1/2026,2:00:00 AM,0,0.3895,17.131
4/1/2026,2:15:00 AM,0,0.387,17.116
4/1/2026,2:30:00 AM,0,0.385,17.101
4/1/2026,2:45:00 AM,0,0.3828,17.074
4/1/2026,3:00:00 AM,0,0.3805,17.043
4/1/2026,3:15:00 AM,0,0.3783,17.015
4/1/2026,3:30:00 AM,0,0.3766,16.986
4/1/2026,3:45:00 AM,0,0.3753,16.964
4/1/2026,4:00:00 AM,0,0.3749,16.938
4/1/2026,4:15:00 AM,0,0.3721,16.916
4/1/2026,4:30:00 AM,0,0.372,16.884
4/1/2026,4:45:00 AM,0,0.3703,16.856
4/1/2026,5:00:00 AM,0,0.3697,16.82
4/1/2026,5:15:00 AM,0,0.3691,16.782
4/1/2026,5:30:00 AM,0,0.3681,16.738
4/1/2026,5:45:00 AM,0,0.3678,16.699
4/1/2026,6:00:00 AM,0,0.3672,16.645
4/1/2026,6:15:00 AM,0,0.3685,16.595
4/1/2026,6:30:00 AM,0,0.3689,16.539
4/1/2026,6:45:00 AM,0,0.3697,16.488
4/1/2026,7:00:00 AM,0,0.3669,16.441
4/1/2026,7:15:00 AM,0,0.367,16.403
4/1/2026,7:30:00 AM,0,0.3644,16.367
4/1/2026,7:45:00 AM,0,0.3641,16.334
4/1/2026,8:00:00 AM,0,0.364,16.323
