Serial_number:,,,,
2171461,,,,
Project ID:,,,,
,,,,
Location:,,,,
phelps,,,,
LEVEL,,,,
UNIT: m,,,,
Offset: 0.000000 m,,,,
TEMPERATURE,,,,
UNIT: °C,,,,
Date,Time,ms,LEVEL,TEMPERATURE
5/20/2025,1:09:08 PM,0,0.2479,15.306
5/20/2025,1:24:08 PM,0,0.2493,15.302
5/20/2025,1:39:08 PM,0,0.2505,15.308
5/20/2025,1:54:08 PM,0,0.2522,15.313
5/20/2025,2:09:08 PM,0,0.254,15.319
5/20/2025,2:24:08 PM,0,0.2553,15.327
5/20/2025,2:39:08 PM,0,0.2563,15.338
5/20/2025,2:54:08 PM,0,0.2576,15.349
5/20/2025,3:09:08 PM,0,0.2599,15.36
5/20/2025,3:24:08 PM,0,0.2634,15.371
5/20/2025,3:39:08 PM,0,0.2649,15.383
5/20/2025,3:54:08 PM,0,0.2671,15.397
5/20/2025,4:09:08 PM,0,0.2643,15.412
5/20/2025,4:24:08 PM,0,0.2664,15.424
5/20/2025,4:39:08 PM,0,0.2677,15.439
5/20/2025,4:54:08 PM,0,0.2656,15.455
5/20/2025,5:09:08 PM,0,0.2672,15.467
5/20/2025,5:24:08 PM,0,0.2685,15.485
5/20/2025,5:39:08 PM,0,0.2715,15.5
5/20/2025,5:54:08 PM,0,0.2717,15.517
5/20/2025,6:09:08 PM,0,0.2747,15.533
5/20/2025,6:24:08 PM,0,0.2761,15.548
5/20/2025,6:39:08 PM,0,0.2756,15.564
5/20/2025,6:54:08 PM,0,0.2743,15.581
5/20/2025,7:09:08 PM,0,0.2741,15.595
5/20/2025,7:24:08 PM,0,0.2765,15.61
5/20/2025,7:39:08 PM,0,0.2775,15.627
5/20/2025,7:54:08 PM,0,0.2804,15.641
5/20/2025,8:09:08 PM,0,0.2811,15.701
5/20/2025,8:24:08 PM,0,0.2806,15.707
5/20/2025,8:39:08 PM,0,0.2788,15.715
5/20/2025,8:54:08 PM,0,0.2783,15.724
5/20/2025,9:09:08 PM,0,0.2767,15.73
5/20/2025,9:24:08 PM,0,0.2799,15.738
5/20/2025,9:39:08 PM,0,0.2785,15.748
5/20/2025,9:54:08 PM,0,0.2793,15.756
5/20/2025,10:09:08 PM,0,0.2772,15.764
5/20/2025,10:24:08 PM,0,0.2758,15.771
5/20/2025,10:39:08 PM,0,0.2747,15.779
5/20/2025,10:54:08 PM,0,0.2737,15.785
5/20/2025,11:09:08 PM,0,0.2733,15.792
5/20/2025,11:24:08 PM,0,0.2759,15.8
5/20/2025,11:39:08 PM,0,0.2759,15.807
5/20/2025,11:54:08 PM,0,0.2749,15.812
5/21/2025,12:09:08 AM,0,0.2784,15.818
5/21/2025,12:24:08 AM,0,0.2768,15.82
5/21/2025,12:39:08 AM,0,0.2794,15.823
5/21/2025,12:54:08 AM,0,0.2764,15.828
5/21/2025,1:09:08 AM,0,0.2764,15.834
5/21/2025,1:24:08 AM,0,0.2769,15.835
5/21/2025,1:39:08 AM,0,0.2784,15.828
5/21/2025,1:54:08 AM,0,0.2778,15.824
5/21/2025,2:09:08 AM,0,0.2785,15.814
5/21/2025,2:24:08 AM,0,0.2792,15.804
5/21/2025,2:39:08 AM,0,0.28,15.792
5/21/2025,2:54:08 AM,0,0.2816,15.782
5/21/2025,3:09:08 AM,0,0.2829,15.77
5/21/2025,3:24:08 AM,0,0.2828,15.759
5/21/2025,3:39:08 AM,0,0.2851,15.751
5/21/2025,3:54:08 AM,0,0.2828,15.739
5/21/2025,4:09:08 AM,0,0.2822,15.717
5/21/2025,4:24:08 AM,0,0.2822,15.69
5/21/2025,4:39:08 AM,0,0.2818,15.677
5/21/2025,4:54:08 AM,0,0.2832,15.635
5/21/2025,5:09:08 AM,0,0.2836,15.603
5/21/2025,5:24:08 AM,0,0.2834,15.589
5/21/2025,5:39:08 AM,0,0.285,15.575
5/21/2025,5:54:08 AM,0,0.285,15.542
5/21/2025,6:09:08 AM,0,0.2846,15.515
5/21/2025,6:24:08 AM,0,0.2859,15.504
5/21/2025,6:39:08 AM,0,0.2864,15.499
5/21/2025,6:54:08 AM,0,0.2865,15.5
5/21/2025,7:09:08 AM,0,0.2876,15.5
5/21/2025,7:24:08 AM,0,0.2905,15.495
5/21/2025,7:39:08 AM,0,0.2912,15.493
5/21/2025,7:54:08 AM,0,0.2892,15.487
5/21/2025,8:09:08 AM,0,0.2891,15.487
5/21/2025,8:24:08 AM,0,0.2899,15.486
5/21/2025,8:39:08 AM,0,0.2894,15.484
5/21/2025,8:54:08 AM,0,0.2894,15.48
5/21/2025,9:09:08 AM,0,0.2889,15.48
5/21/2025,9:24:08 AM,0,0.2879,15.48
5/21/2025,9:39:08 AM,0,0.2876,15.478
5/21/2025,9:54:08 AM,0,0.2862,15.48
5/21/2025,10:09:08 AM,0,0.2844,15.476
5/21/2025,10:24:08 AM,0,0.2823,15.479
5/21/2025,10:39:08 AM,0,0.2822,15.477
5/21/2025,10:54:08 AM,0,0.2816,15.477
5/21/2025,11:09:08 AM,0,0.2806,15.48
5/21/2025,11:24:08 AM,0,0.2802,15.481
5/21/2025,11:39:08 AM,0,0.2793,15.483
5/21/2025,11:54:08 AM,0,0.28,15.487
5/21/2025,12:09:08 PM,0,0.2784,15.491
5/21/2025,12:24:08 PM,0,0.278,15.497
5/21/2025,12:39:08 PM,0,0.2769,15.503
5/21/2025,12:54:08 PM,0,0.2745,15.511
5/21/2025,1:09:08 PM,0,0.2753,15.519
5/21/2025,1:24:08 PM,0,0.2743,15.525
5/21/2025,1:39:08 PM,0,0.276,15.534
5/21/2025,1:54:08 PM,0,0.2751,15.545
5/21/2025,2:09:08 PM,0,0.2754,15.554
5/21/2025,2:24:08 PM,0,0.275,15.566
5/21/2025,2:39:08 PM,0,0.2714,15.575
5/21/2025,2:54:08 PM,0,0.2723,15.589
5/21/2025,3:09:08 PM,0,0.2716,15.601
5/21/2025,3:24:08 PM,0,0.271,15.614
5/21/2025,3:39:08 PM,0,0.2718,15.628
5/21/2025,3:54:08 PM,0,0.2696,15.642
5/21/2025,4:09:08 PM,0,0.2712,15.658
5/21/2025,4:24:08 PM,0,0.2724,15.672
5/21/2025,4:39:08 PM,0,0.2729,15.684
5/21/2025,4:54:08 PM,0,0.2729,15.7
5/21/2025,5:09:08 PM,0,0.2735,15.718
5/21/2025,5:24:08 PM,0,0.274,15.732
5/21/2025,5:39:08 PM,0,0.2749,15.747
5/21/2025,5:54:08 PM,0,0.2755,15.762
5/21/2025,6:09:08 PM,0,0.2767,15.777
5/21/2025,6:24:08 PM,0,0.2788,15.793
5/21/2025,6:39:08 PM,0,0.2748,15.805
5/21/2025,6:54:08 PM,0,0.2762,15.822
5/21/2025,7:09:08 PM,0,0.2766,15.834
5/21/2025,7:24:08 PM,0,0.2756,15.848
5/21/2025,7:39:08 PM,0,0.2749,15.861
5/21/2025,7:54:08 PM,0,0.2747,15.872
5/21/2025,8:09:08 PM,0,0.2786,15.883
5/21/2025,8:24:08 PM,0,0.2768,15.898
5/21/2025,8:39:08 PM,0,0.2779,15.907
5/21/2025,8:54:08 PM,0,0.2773,15.92
5/21/2025,9:09:08 PM,0,0.2809,15.928
5/21/2025,9:24:08 PM,0,0.2791,15.94
5/21/2025,9:39:08 PM,0,0.278,15.947
5/21/2025,9:54:08 PM,0,0.2778,15.953
5/21/2025,10:09:08 PM,0,0.2751,15.959
5/21/2025,10:24:08 PM,0,0.2738,15.965
5/21/2025,10:39:08 PM,0,0.2757,15.97
5/21/2025,10:54:08 PM,0,0.277,15.971
5/21/2025,11:09:08 PM,0,0.2783,15.974
5/21/2025,11:24:08 PM,0,0.2792,15.976
5/21/2025,11:39:08 PM,0,0.2773,15.978
5/21/2025,11:54:08 PM,0,0.2774,15.979
5/22/2025,12:09:08 AM,0,0.2767,15.979
5/22/2025,12:24:08 AM,0,0.2747,15.981
5/22/2025,12:39:08 AM,0,0.2748,15.978
5/22/2025,12:54:08 AM,0,0.2765,15.976
5/22/2025,1:09:08 AM,0,0.2753,15.973
5/22/2025,1:24:08 AM,0,0.2768,15.973
5/22/2025,1:39:08 AM,0,0.2791,15.968
5/22/2025,1:54:08 AM,0,0.2806,15.962
5/22/2025,2:09:08 AM,0,0.2791,15.956
5/22/2025,2:24:08 AM,0,0.2808,15.949
5/22/2025,2:39:08 AM,0,0.2817,15.94
5/22/2025,2:54:08 AM,0,0.2837,15.93
5/22/2025,3:09:08 AM,0,0.2829,15.918
5/22/2025,3:24:08 AM,0,0.2837,15.905
5/22/2025,3:39:08 AM,0,0.2861,15.887
5/22/2025,3:54:08 AM,0,0.2865,15.864
5/22/2025,4:09:08 AM,0,0.2878,15.845
5/22/2025,4:24:08 AM,0,0.29,15.821
5/22/2025,4:39:08 AM,0,0.2893,15.796
5/22/2025,4:54:08 AM,0,0.2883,15.765
5/22/2025,5:09:08 AM,0,0.287,15.715
5/22/2025,5:24:08 AM,0,0.2883,15.697
5/22/2025,5:39:08 AM,0,0.2887,15.669
5/22/2025,5:54:08 AM,0,0.2906,15.629
5/22/2025,6:09:08 AM,0,0.2924,15.622
5/22/2025,6:24:08 AM,0,0.2933,15.616
5/22/2025,6:39:08 AM,0,0.2949,15.609
5/22/2025,6:54:08 AM,0,0.2929,15.607
5/22/2025,7:09:08 AM,0,0.291,15.596
5/22/2025,7:24:08 AM,0,0.2895,15.601
5/22/2025,7:39:08 AM,0,0.2888,15.614
5/22/2025,7:54:08 AM,0,0.2887,15.604
5/22/2025,8:09:08 AM,0,0.2858,15.611
5/22/2025,8:24:08 AM,0,0.2879,15.616
5/22/2025,8:39:08 AM,0,0.2865,15.611
5/22/2025,8:54:08 AM,0,0.2829,15.611
5/22/2025,9:09:08 AM,0,0.2817,15.618
5/22/2025,9:24:08 AM,0,0.2852,15.618
5/22/2025,9:39:08 AM,0,0.2809,15.618
5/22/2025,9:54:08 AM,0,0.2832,15.613
5/22/2025,10:09:08 AM,0,0.2852,15.618
5/22/2025,10:24:08 AM,0,0.2837,15.615
5/22/2025,10:39:08 AM,0,0.2843,15.615
5/22/2025,10:54:08 AM,0,0.2829,15.614
5/22/2025,11:09:08 AM,0,0.2807,15.614
5/22/2025,11:24:08 AM,0,0.2797,15.615
5/22/2025,11:39:08 AM,0,0.2766,15.614
5/22/2025,11:54:08 AM,0,0.2765,15.617
5/22/2025,12:09:08 PM,0,0.2747,15.628
5/22/2025,12:24:08 PM,0,0.2755,15.635
5/22/2025,12:39:08 PM,0,0.2758,15.639
5/22/2025,12:54:08 PM,0,0.2758,15.645
5/22/2025,1:09:08 PM,0,0.2752,15.648
5/22/2025,1:24:08 PM,0,0.2734,15.654
5/22/2025,1:39:08 PM,0,0.272,15.661
5/22/2025,1:54:08 PM,0,0.2714,15.668
5/22/2025,2:09:08 PM,0,0.2732,15.684
5/22/2025,2:24:08 PM,0,0.273,15.702
5/22/2025,2:39:08 PM,0,0.2723,15.713
5/22/2025,2:54:08 PM,0,0.2704,15.721
5/22/2025,3:09:08 PM,0,0.2689,15.731
5/22/2025,3:24:08 PM,0,0.2669,15.743
5/22/2025,3:39:08 PM,0,0.2703,15.755
5/22/2025,3:54:08 PM,0,0.2689,15.767
5/22/2025,4:09:08 PM,0,0.2709,15.791
5/22/2025,4:24:08 PM,0,0.2719,15.81
5/22/2025,4:39:08 PM,0,0.2709,15.83
5/22/2025,4:54:08 PM,0,0.2701,15.854
5/22/2025,5:09:08 PM,0,0.2718,15.871
5/22/2025,5:24:08 PM,0,0.2747,15.884
5/22/2025,5:39:08 PM,0,0.274,15.897
5/22/2025,5:54:08 PM,0,0.2736,15.911
5/22/2025,6:09:08 PM,0,0.2725,15.926
5/22/2025,6:24:08 PM,0,0.2706,15.938
5/22/2025,6:39:08 PM,0,0.2736,15.945
5/22/2025,6:54:08 PM,0,0.2785,16.011
5/22/2025,7:09:08 PM,0,0.2796,16.029
5/22/2025,7:24:08 PM,0,0.2839,16.022
5/22/2025,7:39:08 PM,0,0.2825,16.021
5/22/2025,7:54:08 PM,0,0.2817,16.04
5/22/2025,8:09:08 PM,0,0.2808,16.044
5/22/2025,8:24:08 PM,0,0.283,16.185
5/22/2025,8:39:08 PM,0,0.2811,16.216
5/22/2025,8:54:08 PM,0,0.2812,16.177
5/22/2025,9:09:08 PM,0,0.2819,16.148
5/22/2025,9:24:08 PM,0,0.2795,16.129
5/22/2025,9:39:08 PM,0,0.2772,16.116
5/22/2025,9:54:08 PM,0,0.2777,16.107
5/22/2025,10:09:08 PM,0,0.2777,16.103
5/22/2025,10:24:08 PM,0,0.2782,16.101
5/22/2025,10:39:08 PM,0,0.2779,16.098
5/22/2025,10:54:08 PM,0,0.2761,16.099
5/22/2025,11:09:08 PM,0,0.2752,16.096
5/22/2025,11:24:08 PM,0,0.2732,16.138
5/22/2025,11:39:08 PM,0,0.271,16.125
5/22/2025,11:54:08 PM,0,0.2715,16.116
5/23/2025,12:09:08 AM,0,0.2745,16.106
5/23/2025,12:24:08 AM,0,0.2748,16.103
5/23/2025,12:39:08 AM,0,0.2742,16.097
5/23/2025,12:54:08 AM,0,0.2758,16.098
5/23/2025,1:09:08 AM,0,0.2754,16.102
5/23/2025,1:24:08 AM,0,0.2731,16.086
5/23/2025,1:39:08 AM,0,0.2729,16.074
5/23/2025,1:54:08 AM,0,0.2736,16.057
5/23/2025,2:09:08 AM,0,0.2766,16.04
5/23/2025,2:24:08 AM,0,0.2763,16.019
5/23/2025,2:39:08 AM,0,0.2774,16.003
5/23/2025,2:54:08 AM,0,0.2792,15.975
5/23/2025,3:09:08 AM,0,0.277,15.944
5/23/2025,3:24:08 AM,0,0.2769,15.924
5/23/2025,3:39:08 AM,0,0.2773,15.886
5/23/2025,3:54:08 AM,0,0.2755,15.858
5/23/2025,4:09:08 AM,0,0.2763,15.828
5/23/2025,4:24:08 AM,0,0.2781,15.797
5/23/2025,4:39:08 AM,0,0.2825,15.771
5/23/2025,4:54:08 AM,0,0.2854,15.731
5/23/2025,5:09:08 AM,0,0.2714,15.705
5/23/2025,5:24:08 AM,0,0.2755,15.745
5/23/2025,5:39:08 AM,0,0.2729,15.763
5/23/2025,5:54:08 AM,0,0.2705,15.764
5/23/2025,6:09:08 AM,0,0.2694,15.755
5/23/2025,6:24:08 AM,0,0.2711,15.745
5/23/2025,6:39:08 AM,0,0.2716,15.732
5/23/2025,6:54:08 AM,0,0.2709,15.724
5/23/2025,7:09:08 AM,0,0.2721,15.718
5/23/2025,7:24:08 AM,0,0.2734,15.712
5/23/2025,7:39:08 AM,0,0.274,15.704
5/23/2025,7:54:08 AM,0,0.2741,15.695
5/23/2025,8:09:08 AM,0,0.2749,15.69
5/23/2025,8:24:08 AM,0,0.2728,15.686
5/23/2025,8:39:08 AM,0,0.2719,15.682
5/23/2025,8:54:08 AM,0,0.2757,15.688
5/23/2025,9:09:08 AM,0,0.2779,15.689
5/23/2025,9:24:08 AM,0,0.2771,15.687
5/23/2025,9:39:08 AM,0,0.2748,15.685
5/23/2025,9:54:08 AM,0,0.2761,15.681
5/23/2025,10:09:08 AM,0,0.2774,15.679
5/23/2025,10:24:08 AM,0,0.2743,15.678
5/23/2025,10:39:08 AM,0,0.2748,15.676
5/23/2025,10:54:08 AM,0,0.2789,15.677
5/23/2025,11:09:08 AM,0,0.2781,15.677
5/23/2025,11:24:08 AM,0,0.2782,15.679
5/23/2025,11:39:08 AM,0,0.2759,15.68
5/23/2025,11:54:08 AM,0,0.2726,15.685
5/23/2025,12:09:08 PM,0,0.2681,15.69
5/23/2025,12:24:08 PM,0,0.2642,15.698
5/23/2025,12:39:08 PM,0,0.2596,15.701
5/23/2025,12:54:08 PM,0,0.2583,15.708
5/23/2025,1:09:08 PM,0,0.2607,15.718
5/23/2025,1:24:08 PM,0,0.2632,15.727
5/23/2025,1:39:08 PM,0,0.2666,15.736
5/23/2025,1:54:08 PM,0,0.2683,15.745
5/23/2025,2:09:08 PM,0,0.2657,15.756
5/23/2025,2:24:08 PM,0,0.2597,15.768
5/23/2025,2:39:08 PM,0,0.2557,15.777
5/23/2025,2:54:08 PM,0,0.2532,15.789
5/23/2025,3:09:08 PM,0,0.253,15.801
5/23/2025,3:24:08 PM,0,0.2528,15.814
5/23/2025,3:39:08 PM,0,0.2583,15.826
5/23/2025,3:54:08 PM,0,0.2591,15.838
5/23/2025,4:09:08 PM,0,0.2592,15.85
5/23/2025,4:24:08 PM,0,0.2622,15.863
5/23/2025,4:39:08 PM,0,0.2642,15.874
5/23/2025,4:54:08 PM,0,0.2642,15.889
5/23/2025,5:09:08 PM,0,0.2686,15.9
5/23/2025,5:24:08 PM,0,0.2685,15.916
5/23/2025,5:39:08 PM,0,0.2683,15.929
5/23/2025,5:54:08 PM,0,0.2659,15.943
5/23/2025,6:09:08 PM,0,0.2687,15.953
5/23/2025,6:24:08 PM,0,0.2664,15.965
5/23/2025,6:39:08 PM,0,0.2693,15.978
5/23/2025,6:54:08 PM,0,0.2695,15.99
5/23/2025,7:09:08 PM,0,0.2706,16.001
5/23/2025,7:24:08 PM,0,0.2663,16.01
5/23/2025,7:39:08 PM,0,0.2661,16.021
5/23/2025,7:54:08 PM,0,0.267,16.258
5/23/2025,8:09:08 PM,0,0.2717,16.275
5/23/2025,8:24:08 PM,0,0.2687,16.247
5/23/2025,8:39:08 PM,0,0.2765,16.383
5/23/2025,8:54:08 PM,0,0.2743,16.453
5/23/2025,9:09:08 PM,0,0.2752,16.341
5/23/2025,9:24:08 PM,0,0.2744,16.431
5/23/2025,9:39:08 PM,0,0.2686,16.45
5/23/2025,9:54:08 PM,0,0.2657,16.452
5/23/2025,10:09:08 PM,0,0.2749,16.379
5/23/2025,10:24:08 PM,0,0.2734,16.3
5/23/2025,10:39:08 PM,0,0.274,16.416
5/23/2025,10:54:08 PM,0,0.2755,16.332
5/23/2025,11:09:08 PM,0,0.2778,16.267
5/23/2025,11:24:08 PM,0,0.2749,16.241
5/23/2025,11:39:08 PM,0,0.2712,16.318
5/23/2025,11:54:08 PM,0,0.2675,16.252
5/24/2025,12:09:08 AM,0,0.2677,16.269
5/24/2025,12:24:08 AM,0,0.2676,16.259
5/24/2025,12:39:08 AM,0,0.2688,16.237
5/24/2025,12:54:08 AM,0,0.2685,16.203
5/24/2025,1:09:08 AM,0,0.2701,16.165
5/24/2025,1:24:08 AM,0,0.2695,16.118
5/24/2025,1:39:08 AM,0,0.2735,16.065
5/24/2025,1:54:08 AM,0,0.2739,16.018
5/24/2025,2:09:08 AM,0,0.2705,15.981
5/24/2025,2:24:08 AM,0,0.2693,15.939
5/24/2025,2:39:08 AM,0,0.27,15.868
5/24/2025,2:54:08 AM,0,0.2711,15.83
5/24/2025,3:09:08 AM,0,0.2723,15.832
5/24/2025,3:24:08 AM,0,0.2728,15.776
5/24/2025,3:39:08 AM,0,0.2761,15.742
5/24/2025,3:54:08 AM,0,0.2728,15.681
5/24/2025,4:09:08 AM,0,0.2766,15.635
5/24/2025,4:24:08 AM,0,0.2758,15.594
5/24/2025,4:39:08 AM,0,0.2751,15.556
5/24/2025,4:54:08 AM,0,0.2748,15.521
5/24/2025,5:09:08 AM,0,0.2753,15.483
5/24/2025,5:24:08 AM,0,0.2789,15.451
5/24/2025,5:39:08 AM,0,0.2783,15.434
5/24/2025,5:54:08 AM,0,0.2811,15.42
5/24/2025,6:09:08 AM,0,0.2854,15.405
5/24/2025,6:24:08 AM,0,0.2835,15.409
5/24/2025,6:39:08 AM,0,0.2818,15.406
5/24/2025,6:54:08 AM,0,0.281,15.442
5/24/2025,7:09:08 AM,0,0.2767,15.479
5/24/2025,7:24:08 AM,0,0.2753,15.511
5/24/2025,7:39:08 AM,0,0.2752,15.523
5/24/2025,7:54:08 AM,0,0.2762,15.531
5/24/2025,8:09:08 AM,0,0.2767,15.54
5/24/2025,8:24:08 AM,0,0.2777,15.553
5/24/2025,8:39:08 AM,0,0.2779,15.567
5/24/2025,8:54:08 AM,0,0.2748,15.576
5/24/2025,9:09:08 AM,0,0.2744,15.584
5/24/2025,9:24:08 AM,0,0.2748,15.593
5/24/2025,9:39:08 AM,0,0.2716,15.599
5/24/2025,9:54:08 AM,0,0.2716,15.606
5/24/2025,10:09:08 AM,0,0.2719,15.61
5/24/2025,10:24:08 AM,0,0.2703,15.613
5/24/2025,10:39:08 AM,0,0.2707,15.619
5/24/2025,10:54:08 AM,0,0.2706,15.621
5/24/2025,11:09:08 AM,0,0.271,15.625
5/24/2025,11:24:08 AM,0,0.2719,15.627
5/24/2025,11:39:08 AM,0,0.2737,15.631
5/24/2025,11:54:08 AM,0,0.2715,15.636
5/24/2025,12:09:08 PM,0,0.2725,15.638
5/24/2025,12:24:08 PM,0,0.2725,15.639
5/24/2025,12:39:08 PM,0,0.2711,15.645
5/24/2025,12:54:08 PM,0,0.2689,15.647
5/24/2025,1:09:08 PM,0,0.2662,15.65
5/24/2025,1:24:08 PM,0,0.263,15.656
5/24/2025,1:39:08 PM,0,0.2615,15.661
5/24/2025,1:54:08 PM,0,0.2614,15.664
5/24/2025,2:09:08 PM,0,0.2619,15.673
5/24/2025,2:24:08 PM,0,0.2605,15.677
5/24/2025,2:39:08 PM,0,0.259,15.684
5/24/2025,2:54:08 PM,0,0.2598,15.695
5/24/2025,3:09:08 PM,0,0.258,15.7
5/24/2025,3:24:08 PM,0,0.2575,15.71
5/24/2025,3:39:08 PM,0,0.2604,15.719
5/24/2025,3:54:08 PM,0,0.2618,15.727
5/24/2025,4:09:08 PM,0,0.2637,15.739
5/24/2025,4:24:08 PM,0,0.2646,15.75
5/24/2025,4:39:08 PM,0,0.2648,15.76
5/24/2025,4:54:08 PM,0,0.2633,15.771
5/24/2025,5:09:08 PM,0,0.2637,15.782
5/24/2025,5:24:08 PM,0,0.2649,15.79
5/24/2025,5:39:08 PM,0,0.2629,15.801
5/24/2025,5:54:08 PM,0,0.2638,15.813
5/24/2025,6:09:08 PM,0,0.2661,15.824
5/24/2025,6:24:08 PM,0,0.2627,15.835
5/24/2025,6:39:08 PM,0,0.2632,15.844
5/24/2025,6:54:08 PM,0,0.2631,15.858
5/24/2025,7:09:08 PM,0,0.265,15.867
5/24/2025,7:24:08 PM,0,0.2653,15.879
5/24/2025,7:39:08 PM,0,0.267,15.888
5/24/2025,7:54:08 PM,0,0.2671,16.078
5/24/2025,8:09:08 PM,0,0.2669,16.065
5/24/2025,8:24:08 PM,0,0.2667,16.108
5/24/2025,8:39:08 PM,0,0.2688,16.182
5/24/2025,8:54:08 PM,0,0.271,16.098
5/24/2025,9:09:08 PM,0,0.2714,16.11
5/24/2025,9:24:08 PM,0,0.2735,16.157
5/24/2025,9:39:08 PM,0,0.2744,16.101
5/24/2025,9:54:08 PM,0,0.2744,16.146
5/24/2025,10:09:08 PM,0,0.2747,16.089
5/24/2025,10:24:08 PM,0,0.2718,16.107
5/24/2025,10:39:08 PM,0,0.2708,16.064
5/24/2025,10:54:08 PM,0,0.2707,16.073
5/24/2025,11:09:08 PM,0,0.2704,16.039
5/24/2025,11:24:08 PM,0,0.2695,16.055
5/24/2025,11:39:08 PM,0,0.2711,16.022
5/24/2025,11:54:08 PM,0,0.2709,15.996
5/25/2025,12:09:08 AM,0,0.2673,15.973
5/25/2025,12:24:08 AM,0,0.2656,15.94
5/25/2025,12:39:08 AM,0,0.2691,15.912
5/25/2025,12:54:08 AM,0,0.2678,15.874
5/25/2025,1:09:08 AM,0,0.2668,15.835
5/25/2025,1:24:08 AM,0,0.2706,15.791
5/25/2025,1:39:08 AM,0,0.2701,15.744
5/25/2025,1:54:08 AM,0,0.2702,15.711
5/25/2025,2:09:08 AM,0,0.273,15.679
5/25/2025,2:24:08 AM,0,0.2703,15.644
5/25/2025,2:39:08 AM,0,0.2687,15.614
5/25/2025,2:54:08 AM,0,0.269,15.584
5/25/2025,3:09:08 AM,0,0.2712,15.549
5/25/2025,3:24:08 AM,0,0.2714,15.52
5/25/2025,3:39:08 AM,0,0.2734,15.492
5/25/2025,3:54:08 AM,0,0.2755,15.469
5/25/2025,4:09:08 AM,0,0.2738,15.449
5/25/2025,4:24:08 AM,0,0.271,15.428
5/25/2025,4:39:08 AM,0,0.272,15.419
5/25/2025,4:54:08 AM,0,0.2738,15.397
5/25/2025,5:09:08 AM,0,0.2779,15.369
5/25/2025,5:24:08 AM,0,0.2774,15.345
5/25/2025,5:39:08 AM,0,0.2845,15.327
5/25/2025,5:54:08 AM,0,0.2838,15.324
5/25/2025,6:09:08 AM,0,0.282,15.321
5/25/2025,6:24:08 AM,0,0.2805,15.321
5/25/2025,6:39:08 AM,0,0.2797,15.321
5/25/2025,6:54:08 AM,0,0.275,15.326
5/25/2025,7:09:08 AM,0,0.2759,15.328
5/25/2025,7:24:08 AM,0,0.2741,15.337
5/25/2025,7:39:08 AM,0,0.2779,15.345
5/25/2025,7:54:08 AM,0,0.2798,15.354
5/25/2025,8:09:08 AM,0,0.2804,15.368
5/25/2025,8:24:08 AM,0,0.28,15.377
5/25/2025,8:39:08 AM,0,0.2768,15.393
5/25/2025,8:54:08 AM,0,0.2765,15.404
5/25/2025,9:09:08 AM,0,0.2744,15.411
5/25/2025,9:24:08 AM,0,0.2756,15.422
5/25/2025,9:39:08 AM,0,0.2786,15.43
5/25/2025,9:54:08 AM,0,0.2794,15.435
5/25/2025,10:09:08 AM,0,0.2782,15.443
5/25/2025,10:24:08 AM,0,0.2785,15.452
5/25/2025,10:39:08 AM,0,0.2766,15.457
5/25/2025,10:54:08 AM,0,0.2755,15.463
5/25/2025,11:09:08 AM,0,0.2738,15.468
5/25/2025,11:24:08 AM,0,0.2758,15.477
5/25/2025,11:39:08 AM,0,0.2744,15.482
5/25/2025,11:54:08 AM,0,0.2699,15.487
5/25/2025,12:09:08 PM,0,0.2657,15.494
5/25/2025,12:24:08 PM,0,0.2643,15.5
5/25/2025,12:39:08 PM,0,0.2617,15.507
5/25/2025,12:54:08 PM,0,0.2623,15.512
5/25/2025,1:09:08 PM,0,0.2667,15.517
5/25/2025,1:24:08 PM,0,0.2694,15.554
5/25/2025,1:39:08 PM,0,0.268,15.606
5/25/2025,1:54:08 PM,0,0.2661,15.593
5/25/2025,2:09:08 PM,0,0.2658,15.584
5/25/2025,2:24:08 PM,0,0.2642,15.721
5/25/2025,2:39:08 PM,0,0.2602,15.871
5/25/2025,2:54:08 PM,0,0.2596,15.782
5/25/2025,3:09:08 PM,0,0.2601,15.73
5/25/2025,3:24:08 PM,0,0.2612,15.696
5/25/2025,3:39:08 PM,0,0.2613,15.677
5/25/2025,3:54:08 PM,0,0.2652,15.666
5/25/2025,4:09:08 PM,0,0.2654,15.659
5/25/2025,4:24:08 PM,0,0.2642,15.658
5/25/2025,4:39:08 PM,0,0.2631,15.658
5/25/2025,4:54:08 PM,0,0.2623,15.661
5/25/2025,5:09:08 PM,0,0.2622,15.663
5/25/2025,5:24:08 PM,0,0.26,15.668
5/25/2025,5:39:08 PM,0,0.2626,15.674
5/25/2025,5:54:08 PM,0,0.2653,15.68
5/25/2025,6:09:08 PM,0,0.2646,15.684
5/25/2025,6:24:08 PM,0,0.265,15.691
5/25/2025,6:39:08 PM,0,0.2681,15.697
5/25/2025,6:54:08 PM,0,0.2661,15.705
5/25/2025,7:09:08 PM,0,0.2658,15.713
5/25/2025,7:24:08 PM,0,0.2666,15.72
5/25/2025,7:39:08 PM,0,0.2686,15.726
5/25/2025,7:54:08 PM,0,0.2691,15.734
5/25/2025,8:09:08 PM,0,0.2682,15.741
5/25/2025,8:24:08 PM,0,0.2695,15.745
5/25/2025,8:39:08 PM,0,0.273,15.804
5/25/2025,8:54:08 PM,0,0.2724,15.864
5/25/2025,9:09:08 PM,0,0.2722,15.831
5/25/2025,9:24:08 PM,0,0.2734,15.811
5/25/2025,9:39:08 PM,0,0.2726,15.822
5/25/2025,9:54:08 PM,0,0.2702,15.872
5/25/2025,10:09:08 PM,0,0.2683,15.841
5/25/2025,10:24:08 PM,0,0.268,15.821
5/25/2025,10:39:08 PM,0,0.2682,15.811
5/25/2025,10:54:08 PM,0,0.267,15.799
5/25/2025,11:09:08 PM,0,0.2657,15.792
5/25/2025,11:24:08 PM,0,0.2635,15.785
5/25/2025,11:39:08 PM,0,0.2626,15.777
5/25/2025,11:54:08 PM,0,0.2596,15.768
5/26/2025,12:09:08 AM,0,0.2607,15.747
5/26/2025,12:24:08 AM,0,0.2617,15.714
5/26/2025,12:39:08 AM,0,0.2639,15.696
5/26/2025,12:54:08 AM,0,0.2669,15.637
5/26/2025,1:09:08 AM,0,0.2675,15.596
5/26/2025,1:24:08 AM,0,0.2668,15.559
5/26/2025,1:39:08 AM,0,0.2685,15.528
5/26/2025,1:54:08 AM,0,0.2675,15.499
5/26/2025,2:09:08 AM,0,0.2654,15.463
5/26/2025,2:24:08 AM,0,0.2639,15.422
5/26/2025,2:39:08 AM,0,0.2642,15.386
5/26/2025,2:54:08 AM,0,0.2635,15.363
5/26/2025,3:09:08 AM,0,0.2655,15.323
5/26/2025,3:24:08 AM,0,0.2638,15.297
5/26/2025,3:39:08 AM,0,0.2676,15.267
5/26/2025,3:54:08 AM,0,0.2682,15.249
5/26/2025,4:09:08 AM,0,0.2693,15.227
5/26/2025,4:24:08 AM,0,0.2693,15.205
5/26/2025,4:39:08 AM,0,0.2697,15.19
5/26/2025,4:54:08 AM,0,0.2702,15.168
5/26/2025,5:09:08 AM,0,0.2701,15.144
5/26/2025,5:24:08 AM,0,0.2712,15.135
5/26/2025,5:39:08 AM,0,0.2715,15.119
5/26/2025,5:54:08 AM,0,0.2738,15.109
5/26/2025,6:09:08 AM,0,0.2711,15.097
5/26/2025,6:24:08 AM,0,0.2709,15.092
5/26/2025,6:39:08 AM,0,0.2696,15.088
5/26/2025,6:54:08 AM,0,0.2734,15.092
5/26/2025,7:09:08 AM,0,0.2713,15.1
5/26/2025,7:24:08 AM,0,0.2714,15.106
5/26/2025,7:39:08 AM,0,0.273,15.118
5/26/2025,7:54:08 AM,0,0.2707,15.129
5/26/2025,8:09:08 AM,0,0.2687,15.148
5/26/2025,8:24:08 AM,0,0.2723,15.163
5/26/2025,8:39:08 AM,0,0.2728,15.174
5/26/2025,8:54:08 AM,0,0.2742,15.186
5/26/2025,9:09:08 AM,0,0.2728,15.191
5/26/2025,9:24:08 AM,0,0.2744,15.2
5/26/2025,9:39:08 AM,0,0.2718,15.21
5/26/2025,9:54:08 AM,0,0.2733,15.215
5/26/2025,10:09:08 AM,0,0.2743,15.223
5/26/2025,10:24:08 AM,0,0.2734,15.232
5/26/2025,10:39:08 AM,0,0.2747,15.24
5/26/2025,10:54:08 AM,0,0.272,15.248
5/26/2025,11:09:08 AM,0,0.2709,15.255
5/26/2025,11:24:08 AM,0,0.2706,15.264
5/26/2025,11:39:08 AM,0,0.2739,15.273
5/26/2025,11:54:08 AM,0,0.2722,15.282
5/26/2025,12:09:08 PM,0,0.2724,15.291
5/26/2025,12:24:08 PM,0,0.2715,15.298
5/26/2025,12:39:08 PM,0,0.2675,15.308
5/26/2025,12:54:08 PM,0,0.2634,15.316
5/26/2025,1:09:08 PM,0,0.2636,15.326
5/26/2025,1:24:08 PM,0,0.2621,15.333
5/26/2025,1:39:08 PM,0,0.2603,15.344
5/26/2025,1:54:08 PM,0,0.2608,15.353
5/26/2025,2:09:08 PM,0,0.2629,15.364
5/26/2025,2:24:08 PM,0,0.26,15.371
5/26/2025,2:39:08 PM,0,0.2603,15.38
5/26/2025,2:54:08 PM,0,0.261,15.392
5/26/2025,3:09:08 PM,0,0.2593,15.402
5/26/2025,3:24:08 PM,0,0.2611,15.415
5/26/2025,3:39:08 PM,0,0.2603,15.425
5/26/2025,3:54:08 PM,0,0.263,15.437
5/26/2025,4:09:08 PM,0,0.2628,15.449
5/26/2025,4:24:08 PM,0,0.2649,15.461
5/26/2025,4:39:08 PM,0,0.2626,15.476
5/26/2025,4:54:08 PM,0,0.2651,15.487
5/26/2025,5:09:08 PM,0,0.267,15.499
5/26/2025,5:24:08 PM,0,0.2651,15.514
5/26/2025,5:39:08 PM,0,0.2651,15.555
5/26/2025,5:54:08 PM,0,0.2668,15.78
5/26/2025,6:09:08 PM,0,0.2654,15.719
5/26/2025,6:24:08 PM,0,0.2655,15.684
5/26/2025,6:39:08 PM,0,0.2669,15.665
5/26/2025,6:54:08 PM,0,0.2684,15.657
5/26/2025,7:09:08 PM,0,0.2677,15.656
5/26/2025,7:24:08 PM,0,0.266,15.777
5/26/2025,7:39:08 PM,0,0.2684,15.755
5/26/2025,7:54:08 PM,0,0.2682,15.997
5/26/2025,8:09:08 PM,0,0.2718,15.917
5/26/2025,8:24:08 PM,0,0.2717,15.857
5/26/2025,8:39:08 PM,0,0.2718,15.819
5/26/2025,8:54:08 PM,0,0.2737,15.969
5/26/2025,9:09:08 PM,0,0.2734,16.063
5/26/2025,9:24:08 PM,0,0.2756,15.968
5/26/2025,9:39:08 PM,0,0.2759,15.899
5/26/2025,9:54:08 PM,0,0.2773,15.855
5/26/2025,10:09:08 PM,0,0.2739,15.826
5/26/2025,10:24:08 PM,0,0.2724,15.811
5/26/2025,10:39:08 PM,0,0.27,15.798
5/26/2025,10:54:08 PM,0,0.268,15.788
5/26/2025,11:09:08 PM,0,0.2688,15.782
5/26/2025,11:24:08 PM,0,0.2676,15.777
5/26/2025,11:39:08 PM,0,0.269,15.772
5/26/2025,11:54:08 PM,0,0.2675,15.768
5/27/2025,12:09:08 AM,0,0.2685,15.771
5/27/2025,12:24:08 AM,0,0.2661,15.77
5/27/2025,12:39:08 AM,0,0.2652,15.763
5/27/2025,12:54:08 AM,0,0.2645,15.758
5/27/2025,1:09:08 AM,0,0.2651,15.752
5/27/2025,1:24:08 AM,0,0.2652,15.746
5/27/2025,1:39:08 AM,0,0.2678,15.742
5/27/2025,1:54:08 AM,0,0.2695,15.737
5/27/2025,2:09:08 AM,0,0.2684,15.73
5/27/2025,2:24:08 AM,0,0.2688,15.725
5/27/2025,2:39:08 AM,0,0.2696,15.717
5/27/2025,2:54:08 AM,0,0.2703,15.708
5/27/2025,3:09:08 AM,0,0.2726,15.698
5/27/2025,3:24:08 AM,0,0.2743,15.685
5/27/2025,3:39:08 AM,0,0.2742,15.669
5/27/2025,3:54:08 AM,0,0.2747,15.654
5/27/2025,4:09:08 AM,0,0.277,15.556
5/27/2025,4:24:08 AM,0,0.2785,15.489
5/27/2025,4:39:08 AM,0,0.2777,15.421
5/27/2025,4:54:08 AM,0,0.2811,15.334
5/27/2025,5:09:08 AM,0,0.2845,15.195
5/27/2025,5:24:08 AM,0,0.2838,15.312
5/27/2025,5:39:08 AM,0,0.2864,15.367
5/27/2025,5:54:08 AM,0,0.2858,15.362
5/27/2025,6:09:08 AM,0,0.2847,15.284
5/27/2025,6:24:08 AM,0,0.2811,15.213
5/27/2025,6:39:08 AM,0,0.2816,15.171
5/27/2025,6:54:08 AM,0,0.2791,15.154
5/27/2025,7:09:08 AM,0,0.2784,15.15
5/27/2025,7:24:08 AM,0,0.2798,15.16
5/27/2025,7:39:08 AM,0,0.279,15.171
5/27/2025,7:54:08 AM,0,0.2766,15.178
5/27/2025,8:09:08 AM,0,0.2774,15.192
5/27/2025,8:24:08 AM,0,0.2757,15.201
5/27/2025,8:39:08 AM,0,0.2746,15.214
5/27/2025,8:54:08 AM,0,0.2735,15.223
5/27/2025,9:09:08 AM,0,0.2715,15.232
5/27/2025,9:24:08 AM,0,0.2716,15.24
5/27/2025,9:39:08 AM,0,0.2715,15.247
5/27/2025,9:54:08 AM,0,0.2742,15.256
5/27/2025,10:09:08 AM,0,0.2736,15.261
5/27/2025,10:24:08 AM,0,0.2754,15.269
5/27/2025,10:39:08 AM,0,0.2754,15.277
5/27/2025,10:54:08 AM,0,0.2744,15.285
5/27/2025,11:09:08 AM,0,0.2723,15.289
5/27/2025,11:24:08 AM,0,0.2717,15.296
5/27/2025,11:39:08 AM,0,0.2719,15.304
5/27/2025,11:54:08 AM,0,0.2685,15.309
5/27/2025,12:09:08 PM,0,0.2673,15.314
5/27/2025,12:24:08 PM,0,0.2673,15.321
5/27/2025,12:39:08 PM,0,0.2683,15.325
5/27/2025,12:54:08 PM,0,0.2665,15.333
5/27/2025,1:09:08 PM,0,0.2673,15.338
5/27/2025,1:24:08 PM,0,0.2674,15.344
5/27/2025,1:39:08 PM,0,0.2666,15.353
5/27/2025,1:54:08 PM,0,0.2667,15.359
5/27/2025,2:09:08 PM,0,0.2656,15.366
5/27/2025,2:24:08 PM,0,0.2662,15.373
5/27/2025,2:39:08 PM,0,0.266,15.382
5/27/2025,2:54:08 PM,0,0.2692,15.39
5/27/2025,3:09:08 PM,0,0.269,15.398
5/27/2025,3:24:08 PM,0,0.2696,15.404
5/27/2025,3:39:08 PM,0,0.2693,15.414
5/27/2025,3:54:08 PM,0,0.268,15.423
5/27/2025,4:09:08 PM,0,0.27,15.429
5/27/2025,4:24:08 PM,0,0.2681,15.437
5/27/2025,4:39:08 PM,0,0.2658,15.448
5/27/2025,4:54:08 PM,0,0.2636,15.458
5/27/2025,5:09:08 PM,0,0.2646,15.467
5/27/2025,5:24:08 PM,0,0.2626,15.478
5/27/2025,5:39:08 PM,0,0.2638,15.488
5/27/2025,5:54:08 PM,0,0.2653,15.497
5/27/2025,6:09:08 PM,0,0.2652,15.507
5/27/2025,6:24:08 PM,0,0.2681,15.52
5/27/2025,6:39:08 PM,0,0.2683,15.529
5/27/2025,6:54:08 PM,0,0.2699,15.539
5/27/2025,7:09:08 PM,0,0.2705,15.548
5/27/2025,7:24:08 PM,0,0.2692,15.557
5/27/2025,7:39:08 PM,0,0.2697,15.567
5/27/2025,7:54:08 PM,0,0.2689,15.578
5/27/2025,8:09:08 PM,0,0.2708,15.584
5/27/2025,8:24:08 PM,0,0.2706,15.594
5/27/2025,8:39:08 PM,0,0.2722,15.603
5/27/2025,8:54:08 PM,0,0.2771,15.731
5/27/2025,9:09:08 PM,0,0.2783,15.788
5/27/2025,9:24:08 PM,0,0.2779,15.734
5/27/2025,9:39:08 PM,0,0.2757,15.702
5/27/2025,9:54:08 PM,0,0.2739,15.682
5/27/2025,10:09:08 PM,0,0.2733,15.674
5/27/2025,10:24:08 PM,0,0.2706,15.667
5/27/2025,10:39:08 PM,0,0.269,15.663
5/27/2025,10:54:08 PM,0,0.2675,15.657
5/27/2025,11:09:08 PM,0,0.2683,15.656
5/27/2025,11:24:08 PM,0,0.266,15.654
5/27/2025,11:39:08 PM,0,0.2665,15.652
5/27/2025,11:54:08 PM,0,0.2648,15.649
5/28/2025,12:09:08 AM,0,0.267,15.647
5/28/2025,12:24:08 AM,0,0.2661,15.649
5/28/2025,12:39:08 AM,0,0.264,15.647
5/28/2025,12:54:08 AM,0,0.2647,15.648
5/28/2025,1:09:08 AM,0,0.262,15.646
5/28/2025,1:24:08 AM,0,0.2645,15.639
5/28/2025,1:39:08 AM,0,0.2674,15.632
5/28/2025,1:54:08 AM,0,0.2689,15.627
5/28/2025,2:09:08 AM,0,0.2722,15.624
5/28/2025,2:24:08 AM,0,0.2713,15.618
5/28/2025,2:39:08 AM,0,0.2715,15.609
5/28/2025,2:54:08 AM,0,0.2684,15.608
5/28/2025,3:09:08 AM,0,0.2669,15.593
5/28/2025,3:24:08 AM,0,0.2703,15.585
5/28/2025,3:39:08 AM,0,0.2678,15.58
5/28/2025,3:54:08 AM,0,0.2724,15.564
5/28/2025,4:09:08 AM,0,0.2734,15.554
5/28/2025,4:24:08 AM,0,0.2732,15.548
5/28/2025,4:39:08 AM,0,0.2754,15.543
5/28/2025,4:54:08 AM,0,0.276,15.535
5/28/2025,5:09:08 AM,0,0.274,15.531
5/28/2025,5:24:08 AM,0,0.2702,15.527
5/28/2025,5:39:08 AM,0,0.2697,15.52
5/28/2025,5:54:08 AM,0,0.2676,15.515
5/28/2025,6:09:08 AM,0,0.2683,15.513
5/28/2025,6:24:08 AM,0,0.2692,15.502
5/28/2025,6:39:08 AM,0,0.2716,15.495
5/28/2025,6:54:08 AM,0,0.2753,15.497
5/28/2025,7:09:08 AM,0,0.2812,15.497
5/28/2025,7:24:08 AM,0,0.2816,15.493
5/28/2025,7:39:08 AM,0,0.2816,15.491
5/28/2025,7:54:08 AM,0,0.283,15.487
5/28/2025,8:09:08 AM,0,0.2814,15.482
5/28/2025,8:24:08 AM,0,0.2793,15.474
5/28/2025,8:39:08 AM,0,0.2816,15.472
5/28/2025,8:54:08 AM,0,0.2801,15.472
5/28/2025,9:09:08 AM,0,0.2772,15.474
5/28/2025,9:24:08 AM,0,0.2778,15.478
5/28/2025,9:39:08 AM,0,0.2789,15.483
5/28/2025,9:54:08 AM,0,0.278,15.489
5/28/2025,10:09:08 AM,0,0.2828,15.493
5/28/2025,10:24:08 AM,0,0.2853,15.495
5/28/2025,10:39:08 AM,0,0.2887,15.497
5/28/2025,10:54:08 AM,0,0.2865,15.499
5/28/2025,11:09:08 AM,0,0.2854,15.503
5/28/2025,11:24:08 AM,0,0.285,15.504
5/28/2025,11:39:08 AM,0,0.2839,15.506
5/28/2025,11:54:08 AM,0,0.2837,15.508
5/28/2025,12:09:08 PM,0,0.2807,15.509
5/28/2025,12:24:08 PM,0,0.2796,15.51
5/28/2025,12:39:08 PM,0,0.2787,15.512
5/28/2025,12:54:08 PM,0,0.2751,15.513
5/28/2025,1:09:08 PM,0,0.2755,15.514
5/28/2025,1:24:08 PM,0,0.2766,15.517
5/28/2025,1:39:08 PM,0,0.275,15.516
5/28/2025,1:54:08 PM,0,0.2736,15.519
5/28/2025,2:09:08 PM,0,0.2712,15.521
5/28/2025,2:24:08 PM,0,0.2676,15.525
5/28/2025,2:39:08 PM,0,0.2639,15.526
5/28/2025,2:54:08 PM,0,0.2622,15.529
5/28/2025,3:09:08 PM,0,0.2592,15.529
5/28/2025,3:24:08 PM,0,0.2632,15.532
5/28/2025,3:39:08 PM,0,0.2643,15.534
5/28/2025,3:54:08 PM,0,0.2661,15.534
5/28/2025,4:09:08 PM,0,0.2657,15.537
5/28/2025,4:24:08 PM,0,0.2659,15.541
5/28/2025,4:39:08 PM,0,0.2619,15.542
5/28/2025,4:54:08 PM,0,0.2626,15.546
5/28/2025,5:09:08 PM,0,0.2618,15.549
5/28/2025,5:24:08 PM,0,0.2615,15.552
5/28/2025,5:39:08 PM,0,0.2662,15.554
5/28/2025,5:54:08 PM,0,0.2694,15.557
5/28/2025,6:09:08 PM,0,0.2724,15.559
5/28/2025,6:24:08 PM,0,0.278,15.563
5/28/2025,6:39:08 PM,0,0.2791,15.567
5/28/2025,6:54:08 PM,0,0.2759,15.571
5/28/2025,7:09:08 PM,0,0.2796,15.573
5/28/2025,7:24:08 PM,0,0.2767,15.577
5/28/2025,7:39:08 PM,0,0.2783,15.58
5/28/2025,7:54:08 PM,0,0.2745,15.596
5/28/2025,8:09:08 PM,0,0.2776,15.6
5/28/2025,8:24:08 PM,0,0.2759,15.597
5/28/2025,8:39:08 PM,0,0.2747,15.599
5/28/2025,8:54:08 PM,0,0.2767,15.6
5/28/2025,9:09:08 PM,0,0.28,15.599
5/28/2025,9:24:08 PM,0,0.278,15.603
5/28/2025,9:39:08 PM,0,0.2809,15.614
5/28/2025,9:54:08 PM,0,0.2794,15.613
5/28/2025,10:09:08 PM,0,0.2783,15.61
5/28/2025,10:24:08 PM,0,0.2776,15.611
5/28/2025,10:39:08 PM,0,0.2726,15.61
5/28/2025,10:54:08 PM,0,0.2719,15.609
5/28/2025,11:09:08 PM,0,0.2707,15.606
5/28/2025,11:24:08 PM,0,0.2713,15.609
5/28/2025,11:39:08 PM,0,0.2689,15.607
5/28/2025,11:54:08 PM,0,0.2712,15.605
5/29/2025,12:09:08 AM,0,0.2721,15.605
5/29/2025,12:24:08 AM,0,0.2707,15.606
5/29/2025,12:39:08 AM,0,0.2706,15.605
5/29/2025,12:54:08 AM,0,0.2722,15.603
5/29/2025,1:09:08 AM,0,0.2705,15.602
5/29/2025,1:24:08 AM,0,0.2698,15.603
5/29/2025,1:39:08 AM,0,0.2685,15.601
5/29/2025,1:54:08 AM,0,0.2665,15.597
5/29/2025,2:09:08 AM,0,0.2676,15.595
5/29/2025,2:24:08 AM,0,0.2663,15.596
5/29/2025,2:39:08 AM,0,0.2661,15.593
5/29/2025,2:54:08 AM,0,0.2698,15.592
5/29/2025,3:09:08 AM,0,0.27,15.588
5/29/2025,3:24:08 AM,0,0.2714,15.587
5/29/2025,3:39:08 AM,0,0.2723,15.584
5/29/2025,3:54:08 AM,0,0.2737,15.579
5/29/2025,4:09:08 AM,0,0.2756,15.578
5/29/2025,4:24:08 AM,0,0.2765,15.576
5/29/2025,4:39:08 AM,0,0.2762,15.574
5/29/2025,4:54:08 AM,0,0.278,15.572
5/29/2025,5:09:08 AM,0,0.283,15.569
5/29/2025,5:24:08 AM,0,0.2846,15.568
5/29/2025,5:39:08 AM,0,0.2842,15.565
5/29/2025,5:54:08 AM,0,0.2852,15.564
5/29/2025,6:09:08 AM,0,0.2834,15.561
5/29/2025,6:24:08 AM,0,0.2831,15.557
5/29/2025,6:39:08 AM,0,0.2828,15.555
5/29/2025,6:54:08 AM,0,0.2799,15.554
5/29/2025,7:09:08 AM,0,0.2814,15.552
5/29/2025,7:24:08 AM,0,0.2825,15.55
5/29/2025,7:39:08 AM,0,0.2811,15.548
5/29/2025,7:54:08 AM,0,0.2797,15.545
5/29/2025,8:09:08 AM,0,0.2803,15.543
5/29/2025,8:24:08 AM,0,0.28,15.543
5/29/2025,8:39:08 AM,0,0.2782,15.542
5/29/2025,8:54:08 AM,0,0.2765,15.539
5/29/2025,9:09:08 AM,0,0.2755,15.538
5/29/2025,9:24:08 AM,0,0.2746,15.538
5/29/2025,9:39:08 AM,0,0.2766,15.538
5/29/2025,9:54:08 AM,0,0.2777,15.539
5/29/2025,10:09:08 AM,0,0.2775,15.539
5/29/2025,10:24:08 AM,0,0.2751,15.538
5/29/2025,10:39:08 AM,0,0.2759,15.539
5/29/2025,10:54:08 AM,0,0.2762,15.541
5/29/2025,11:09:08 AM,0,0.2747,15.543
5/29/2025,11:24:08 AM,0,0.2758,15.544
5/29/2025,11:39:08 AM,0,0.2768,15.545
5/29/2025,11:54:08 AM,0,0.2765,15.55
5/29/2025,12:09:08 PM,0,0.2736,15.554
5/29/2025,12:24:08 PM,0,0.2733,15.562
5/29/2025,12:39:08 PM,0,0.2712,15.566
5/29/2025,12:54:08 PM,0,0.2699,15.576
5/29/2025,1:09:08 PM,0,0.2687,15.586
5/29/2025,1:24:08 PM,0,0.2676,15.595
5/29/2025,1:39:08 PM,0,0.2679,15.607
5/29/2025,1:54:08 PM,0,0.2689,15.619
5/29/2025,2:09:08 PM,0,0.2708,15.632
5/29/2025,2:24:08 PM,0,0.2684,15.644
5/29/2025,2:39:08 PM,0,0.2691,15.658
5/29/2025,2:54:08 PM,0,0.2692,15.671
5/29/2025,3:09:08 PM,0,0.2682,15.685
5/29/2025,3:24:08 PM,0,0.2671,15.698
5/29/2025,3:39:08 PM,0,0.2686,15.709
5/29/2025,3:54:08 PM,0,0.2696,15.724
5/29/2025,4:09:08 PM,0,0.2697,15.738
5/29/2025,4:24:08 PM,0,0.2692,15.751
5/29/2025,4:39:08 PM,0,0.2692,15.767
5/29/2025,4:54:08 PM,0,0.269,15.782
5/29/2025,5:09:08 PM,0,0.2666,15.798
5/29/2025,5:24:08 PM,0,0.2662,15.811
5/29/2025,5:39:08 PM,0,0.2669,15.829
5/29/2025,5:54:08 PM,0,0.2687,15.842
5/29/2025,6:09:08 PM,0,0.2681,15.858
5/29/2025,6:24:08 PM,0,0.2697,15.873
5/29/2025,6:39:08 PM,0,0.273,15.887
5/29/2025,6:54:08 PM,0,0.2729,15.9
5/29/2025,7:09:08 PM,0,0.2726,15.916
5/29/2025,7:24:08 PM,0,0.2736,15.93
5/29/2025,7:39:08 PM,0,0.2769,15.942
5/29/2025,7:54:08 PM,0,0.2731,15.956
5/29/2025,8:09:08 PM,0,0.2718,15.966
5/29/2025,8:24:08 PM,0,0.2784,15.977
5/29/2025,8:39:08 PM,0,0.2761,16.033
5/29/2025,8:54:08 PM,0,0.2742,16.112
5/29/2025,9:09:08 PM,0,0.2745,16.09
5/29/2025,9:24:08 PM,0,0.273,16.073
5/29/2025,9:39:08 PM,0,0.2685,16.063
5/29/2025,9:54:08 PM,0,0.2702,16.058
5/29/2025,10:09:08 PM,0,0.2731,16.053
5/29/2025,10:24:08 PM,0,0.2742,16.049
5/29/2025,10:39:08 PM,0,0.2757,16.046
5/29/2025,10:54:08 PM,0,0.2715,16.043
5/29/2025,11:09:08 PM,0,0.2697,16.041
5/29/2025,11:24:08 PM,0,0.2708,16.036
5/29/2025,11:39:08 PM,0,0.2699,16.033
5/29/2025,11:54:08 PM,0,0.2655,16.028
5/30/2025,12:09:08 AM,0,0.2655,16.023
5/30/2025,12:24:08 AM,0,0.2651,16.015
5/30/2025,12:39:08 AM,0,0.2653,16.007
5/30/2025,12:54:08 AM,0,0.2672,15.998
5/30/2025,1:09:08 AM,0,0.2719,15.99
5/30/2025,1:24:08 AM,0,0.2714,15.98
5/30/2025,1:39:08 AM,0,0.2708,15.973
5/30/2025,1:54:08 AM,0,0.2706,15.963
5/30/2025,2:09:08 AM,0,0.2726,15.95
5/30/2025,2:24:08 AM,0,0.2683,15.938
5/30/2025,2:39:08 AM,0,0.2695,15.919
5/30/2025,2:54:08 AM,0,0.2679,15.902
5/30/2025,3:09:08 AM,0,0.273,15.881
5/30/2025,3:24:08 AM,0,0.2701,15.863
5/30/2025,3:39:08 AM,0,0.2686,15.843
5/30/2025,3:54:08 AM,0,0.2685,15.823
5/30/2025,4:09:08 AM,0,0.2652,15.802
5/30/2025,4:24:08 AM,0,0.2625,15.782
5/30/2025,4:39:08 AM,0,0.263,15.763
5/30/2025,4:54:08 AM,0,0.2617,15.743
5/30/2025,5:09:08 AM,0,0.2611,15.724
5/30/2025,5:24:08 AM,0,0.2637,15.704
5/30/2025,5:39:08 AM,0,0.2661,15.686
5/30/2025,5:54:08 AM,0,0.2607,15.671
5/30/2025,6:09:08 AM,0,0.2682,15.654
5/30/2025,6:24:08 AM,0,0.2728,15.642
5/30/2025,6:39:08 AM,0,0.2786,15.631
5/30/2025,6:54:08 AM,0,0.2835,15.621
5/30/2025,7:09:08 AM,0,0.2904,15.614
5/30/2025,7:24:08 AM,0,0.2966,15.604
5/30/2025,7:39:08 AM,0,0.2931,15.597
5/30/2025,7:54:08 AM,0,0.2925,15.588
5/30/2025,8:09:08 AM,0,0.2888,15.582
5/30/2025,8:24:08 AM,0,0.2886,15.576
5/30/2025,8:39:08 AM,0,0.2902,15.573
5/30/2025,8:54:08 AM,0,0.2906,15.57
5/30/2025,9:09:08 AM,0,0.2848,15.567
5/30/2025,9:24:08 AM,0,0.2806,15.567
5/30/2025,9:39:08 AM,0,0.2793,15.567
5/30/2025,9:54:08 AM,0,0.2736,15.566
5/30/2025,10:09:08 AM,0,0.2719,15.566
5/30/2025,10:24:08 AM,0,0.2742,15.567
5/30/2025,10:39:08 AM,0,0.2746,15.569
5/30/2025,10:54:08 AM,0,0.2695,15.568
5/30/2025,11:09:08 AM,0,0.2707,15.57
5/30/2025,11:24:08 AM,0,0.273,15.572
5/30/2025,11:39:08 AM,0,0.2656,15.573
5/30/2025,11:54:08 AM,0,0.2663,15.58
5/30/2025,12:09:08 PM,0,0.2695,15.581
5/30/2025,12:24:08 PM,0,0.2676,15.585
5/30/2025,12:39:08 PM,0,0.2669,15.588
5/30/2025,12:54:08 PM,0,0.265,15.595
5/30/2025,1:09:08 PM,0,0.2665,15.6
5/30/2025,1:24:08 PM,0,0.2616,15.61
5/30/2025,1:39:08 PM,0,0.2639,15.617
5/30/2025,1:54:08 PM,0,0.2641,15.623
5/30/2025,2:09:08 PM,0,0.2624,15.635
5/30/2025,2:24:08 PM,0,0.2602,15.646
5/30/2025,2:39:08 PM,0,0.262,15.656
5/30/2025,2:54:08 PM,0,0.2619,15.667
5/30/2025,3:09:08 PM,0,0.2629,15.678
5/30/2025,3:24:08 PM,0,0.2647,15.691
5/30/2025,3:39:08 PM,0,0.2624,15.708
5/30/2025,3:54:08 PM,0,0.2619,15.718
5/30/2025,4:09:08 PM,0,0.2608,15.732
5/30/2025,4:24:08 PM,0,0.2572,15.746
5/30/2025,4:39:08 PM,0,0.2587,15.76
5/30/2025,4:54:08 PM,0,0.2586,15.776
5/30/2025,5:09:08 PM,0,0.261,15.788
5/30/2025,5:24:08 PM,0,0.2623,15.804
5/30/2025,5:39:08 PM,0,0.2618,15.819
5/30/2025,5:54:08 PM,0,0.2639,15.833
5/30/2025,6:09:08 PM,0,0.267,15.848
5/30/2025,6:24:08 PM,0,0.2683,15.861
5/30/2025,6:39:08 PM,0,0.2724,15.878
5/30/2025,6:54:08 PM,0,0.2738,15.89
5/30/2025,7:09:08 PM,0,0.277,15.903
5/30/2025,7:24:08 PM,0,0.2767,15.915
5/30/2025,7:39:08 PM,0,0.2742,15.929
5/30/2025,7:54:08 PM,0,0.2735,15.988
5/30/2025,8:09:08 PM,0,0.2735,16.167
5/30/2025,8:24:08 PM,0,0.2711,16.11
5/30/2025,8:39:08 PM,0,0.2706,16.076
5/30/2025,8:54:08 PM,0,0.2722,16.063
5/30/2025,9:09:08 PM,0,0.2716,16.054
5/30/2025,9:24:08 PM,0,0.2721,16.052
5/30/2025,9:39:08 PM,0,0.2709,16.053
5/30/2025,9:54:08 PM,0,0.2709,16.057
5/30/2025,10:09:08 PM,0,0.2725,16.105
5/30/2025,10:24:08 PM,0,0.2756,16.156
5/30/2025,10:39:08 PM,0,0.2754,16.13
5/30/2025,10:54:08 PM,0,0.2797,16.115
5/30/2025,11:09:08 PM,0,0.2769,16.105
5/30/2025,11:24:08 PM,0,0.2758,16.098
5/30/2025,11:39:08 PM,0,0.2742,16.094
5/30/2025,11:54:08 PM,0,0.2725,16.091
5/31/2025,12:09:08 AM,0,0.272,16.088
5/31/2025,12:24:08 AM,0,0.271,16.087
5/31/2025,12:39:08 AM,0,0.2671,16.085
5/31/2025,12:54:08 AM,0,0.2665,16.081
5/31/2025,1:09:08 AM,0,0.2669,16.079
5/31/2025,1:24:08 AM,0,0.2638,16.079
5/31/2025,1:39:08 AM,0,0.2668,16.077
5/31/2025,1:54:08 AM,0,0.2649,16.1
5/31/2025,2:09:08 AM,0,0.265,16.093
5/31/2025,2:24:08 AM,0,0.266,16.089
5/31/2025,2:39:08 AM,0,0.2662,16.082
5/31/2025,2:54:08 AM,0,0.2667,16.08
5/31/2025,3:09:08 AM,0,0.2657,16.076
5/31/2025,3:24:08 AM,0,0.2664,16.074
5/31/2025,3:39:08 AM,0,0.268,16.072
5/31/2025,3:54:08 AM,0,0.272,16.07
5/31/2025,4:09:08 AM,0,0.2702,16.066
5/31/2025,4:24:08 AM,0,0.2718,16.065
5/31/2025,4:39:08 AM,0,0.2722,16.063
5/31/2025,4:54:08 AM,0,0.2734,16.063
5/31/2025,5:09:08 AM,0,0.2771,16.06
5/31/2025,5:24:08 AM,0,0.2793,16.059
5/31/2025,5:39:08 AM,0,0.2772,16.057
5/31/2025,5:54:08 AM,0,0.2803,16.057
5/31/2025,6:09:08 AM,0,0.2784,16.055
5/31/2025,6:24:08 AM,0,0.2758,16.054
5/31/2025,6:39:08 AM,0,0.2767,16.051
5/31/2025,6:54:08 AM,0,0.2759,16.048
5/31/2025,7:09:08 AM,0,0.2745,16.048
5/31/2025,7:24:08 AM,0,0.2717,16.046
5/31/2025,7:39:08 AM,0,0.2746,16.046
5/31/2025,7:54:08 AM,0,0.2785,16.043
5/31/2025,8:09:08 AM,0,0.2753,16.044
5/31/2025,8:24:08 AM,0,0.2761,16.044
5/31/2025,8:39:08 AM,0,0.2757,16.041
5/31/2025,8:54:08 AM,0,0.2708,16.042
5/31/2025,9:09:08 AM,0,0.2699,16.043
5/31/2025,9:24:08 AM,0,0.2692,16.041
5/31/2025,9:39:08 AM,0,0.2668,16.044
5/31/2025,9:54:08 AM,0,0.2694,16.044
5/31/2025,10:09:08 AM,0,0.2693,16.044
5/31/2025,10:24:08 AM,0,0.2659,16.047
5/31/2025,10:39:08 AM,0,0.2673,16.049
5/31/2025,10:54:08 AM,0,0.2662,16.05
5/31/2025,11:09:08 AM,0,0.264,16.054
5/31/2025,11:24:08 AM,0,0.2655,16.058
5/31/2025,11:39:08 AM,0,0.265,16.064
5/31/2025,11:54:08 AM,0,0.2627,16.07
5/31/2025,12:09:08 PM,0,0.2597,16.076
5/31/2025,12:24:08 PM,0,0.2613,16.083
5/31/2025,12:39:08 PM,0,0.2602,16.093
5/31/2025,12:54:08 PM,0,0.2586,16.103
5/31/2025,1:09:08 PM,0,0.2612,16.112
5/31/2025,1:24:08 PM,0,0.2609,16.123
5/31/2025,1:39:08 PM,0,0.261,16.135
5/31/2025,1:54:08 PM,0,0.2578,16.149
5/31/2025,2:09:08 PM,0,0.2595,16.161
5/31/2025,2:24:08 PM,0,0.2569,16.174
5/31/2025,2:39:08 PM,0,0.256,16.187
5/31/2025,2:54:08 PM,0,0.2619,16.201
5/31/2025,3:09:08 PM,0,0.2705,16.216
5/31/2025,3:24:08 PM,0,0.2757,16.23
5/31/2025,3:39:08 PM,0,0.2784,16.247
5/31/2025,3:54:08 PM,0,0.2772,16.262
5/31/2025,4:09:08 PM,0,0.2692,16.276
5/31/2025,4:24:08 PM,0,0.2605,16.294
5/31/2025,4:39:08 PM,0,0.2582,16.308
5/31/2025,4:54:08 PM,0,0.2621,16.322
5/31/2025,5:09:08 PM,0,0.2695,16.337
5/31/2025,5:24:08 PM,0,0.2718,16.35
5/31/2025,5:39:08 PM,0,0.2675,16.366
5/31/2025,5:54:08 PM,0,0.2627,16.38
5/31/2025,6:09:08 PM,0,0.2647,16.393
5/31/2025,6:24:08 PM,0,0.2588,16.404
5/31/2025,6:39:08 PM,0,0.2643,16.417
5/31/2025,6:54:08 PM,0,0.2605,16.431
5/31/2025,7:09:08 PM,0,0.2667,16.438
5/31/2025,7:24:08 PM,0,0.2667,16.447
5/31/2025,7:39:08 PM,0,0.2786,16.456
5/31/2025,7:54:08 PM,0,0.2781,16.464
5/31/2025,8:09:08 PM,0,0.2839,16.472
5/31/2025,8:24:08 PM,0,0.2779,16.478
5/31/2025,8:39:08 PM,0,0.2818,16.483
5/31/2025,8:54:08 PM,0,0.2744,16.489
5/31/2025,9:09:08 PM,0,0.2694,16.493
5/31/2025,9:24:08 PM,0,0.2628,16.495
5/31/2025,9:39:08 PM,0,0.2645,16.499
5/31/2025,9:54:08 PM,0,0.2671,16.502
5/31/2025,10:09:08 PM,0,0.2758,16.505
5/31/2025,10:24:08 PM,0,0.2855,16.506
5/31/2025,10:39:08 PM,0,0.2877,16.506
5/31/2025,10:54:08 PM,0,0.2827,16.506
5/31/2025,11:09:08 PM,0,0.2761,16.514
5/31/2025,11:24:08 PM,0,0.2647,16.511
5/31/2025,11:39:08 PM,0,0.2513,16.509
5/31/2025,11:54:08 PM,0,0.2523,16.509
6/1/2025,12:09:08 AM,0,0.2559,16.508
6/1/2025,12:24:08 AM,0,0.2558,16.507
6/1/2025,12:39:08 AM,0,0.2584,16.503
6/1/2025,12:54:08 AM,0,0.2693,16.502
6/1/2025,1:09:08 AM,0,0.2742,16.5
6/1/2025,1:24:08 AM,0,0.273,16.497
6/1/2025,1:39:08 AM,0,0.2716,16.494
6/1/2025,1:54:08 AM,0,0.2734,16.491
6/1/2025,2:09:08 AM,0,0.2698,16.487
6/1/2025,2:24:08 AM,0,0.272,16.484
6/1/2025,2:39:08 AM,0,0.2716,16.481
6/1/2025,2:54:08 AM,0,0.2738,16.476
6/1/2025,3:09:08 AM,0,0.2739,16.482
6/1/2025,3:24:08 AM,0,0.2732,16.475
6/1/2025,3:39:08 AM,0,0.2738,16.471
6/1/2025,3:54:08 AM,0,0.2675,16.465
6/1/2025,4:09:08 AM,0,0.2692,16.461
6/1/2025,4:24:08 AM,0,0.2674,16.458
6/1/2025,4:39:08 AM,0,0.2698,16.452
6/1/2025,4:54:08 AM,0,0.2712,16.447
6/1/2025,5:09:08 AM,0,0.2763,16.442
6/1/2025,5:24:08 AM,0,0.2748,16.436
6/1/2025,5:39:08 AM,0,0.2742,16.431
6/1/2025,5:54:08 AM,0,0.2784,16.425
6/1/2025,6:09:08 AM,0,0.2758,16.422
6/1/2025,6:24:08 AM,0,0.2777,16.417
6/1/2025,6:39:08 AM,0,0.2767,16.409
6/1/2025,6:54:08 AM,0,0.2726,16.407
6/1/2025,7:09:08 AM,0,0.2744,16.4
6/1/2025,7:24:08 AM,0,0.2758,16.397
6/1/2025,7:39:08 AM,0,0.276,16.39
6/1/2025,7:54:08 AM,0,0.2773,16.386
6/1/2025,8:09:08 AM,0,0.2799,16.381
6/1/2025,8:24:08 AM,0,0.2808,16.375
6/1/2025,8:39:08 AM,0,0.28,16.371
6/1/2025,8:54:08 AM,0,0.2811,16.366
6/1/2025,9:09:08 AM,0,0.2815,16.364
6/1/2025,9:24:08 AM,0,0.2842,16.359
6/1/2025,9:39:08 AM,0,0.2792,16.356
6/1/2025,9:54:08 AM,0,0.2769,16.352
6/1/2025,10:09:08 AM,0,0.2728,16.35
6/1/2025,10:24:08 AM,0,0.2673,16.347
6/1/2025,10:39:08 AM,0,0.2607,16.344
6/1/2025,10:54:08 AM,0,0.2597,16.344
6/1/2025,11:09:08 AM,0,0.2587,16.341
6/1/2025,11:24:08 AM,0,0.2571,16.342
6/1/2025,11:39:08 AM,0,0.2603,16.341
6/1/2025,11:54:08 AM,0,0.2642,16.344
6/1/2025,12:09:08 PM,0,0.2642,16.345
6/1/2025,12:24:08 PM,0,0.2636,16.351
6/1/2025,12:39:08 PM,0,0.2618,16.365
6/1/2025,12:54:08 PM,0,0.2582,16.381
6/1/2025,1:09:08 PM,0,0.2561,16.39
6/1/2025,1:24:08 PM,0,0.2568,16.399
6/1/2025,1:39:08 PM,0,0.2579,16.407
6/1/2025,1:54:08 PM,0,0.2615,16.415
6/1/2025,2:09:08 PM,0,0.2624,16.421
6/1/2025,2:24:08 PM,0,0.2638,16.428
6/1/2025,2:39:08 PM,0,0.2631,16.436
6/1/2025,2:54:08 PM,0,0.2625,16.443
6/1/2025,3:09:08 PM,0,0.2606,16.452
6/1/2025,3:24:08 PM,0,0.2625,16.46
6/1/2025,3:39:08 PM,0,0.2619,16.472
6/1/2025,3:54:08 PM,0,0.2587,16.483
6/1/2025,4:09:08 PM,0,0.2611,16.497
6/1/2025,4:24:08 PM,0,0.2651,16.508
6/1/2025,4:39:08 PM,0,0.2656,16.518
6/1/2025,4:54:08 PM,0,0.2671,16.532
6/1/2025,5:09:08 PM,0,0.2681,16.54
6/1/2025,5:24:08 PM,0,0.2633,16.553
6/1/2025,5:39:08 PM,0,0.2639,16.562
6/1/2025,5:54:08 PM,0,0.2625,16.574
6/1/2025,6:09:08 PM,0,0.2658,16.583
6/1/2025,6:24:08 PM,0,0.2655,16.592
6/1/2025,6:39:08 PM,0,0.2714,16.602
6/1/2025,6:54:08 PM,0,0.2697,16.611
6/1/2025,7:09:08 PM,0,0.2724,16.617
6/1/2025,7:24:08 PM,0,0.275,16.628
6/1/2025,7:39:08 PM,0,0.2749,16.704
6/1/2025,7:54:08 PM,0,0.2737,16.686
6/1/2025,8:09:08 PM,0,0.274,16.673
6/1/2025,8:24:08 PM,0,0.2748,16.669
6/1/2025,8:39:08 PM,0,0.2765,16.668
6/1/2025,8:54:08 PM,0,0.2781,16.667
6/1/2025,9:09:08 PM,0,0.2787,16.665
6/1/2025,9:24:08 PM,0,0.2768,16.665
6/1/2025,9:39:08 PM,0,0.2768,16.663
6/1/2025,9:54:08 PM,0,0.2726,16.66
6/1/2025,10:09:08 PM,0,0.2716,16.66
6/1/2025,10:24:08 PM,0,0.2709,16.656
6/1/2025,10:39:08 PM,0,0.2691,16.654
6/1/2025,10:54:08 PM,0,0.2699,16.648
6/1/2025,11:09:08 PM,0,0.2698,16.646
6/1/2025,11:24:08 PM,0,0.2689,16.64
6/1/2025,11:39:08 PM,0,0.2718,16.637
6/1/2025,11:54:08 PM,0,0.2668,16.631
6/2/2025,12:09:08 AM,0,0.2676,16.627
6/2/2025,12:24:08 AM,0,0.2666,16.619
6/2/2025,12:39:08 AM,0,0.2651,16.616
6/2/2025,12:54:08 AM,0,0.2647,16.61
6/2/2025,1:09:08 AM,0,0.2651,16.601
6/2/2025,1:24:08 AM,0,0.2637,16.597
6/2/2025,1:39:08 AM,0,0.2695,16.591
6/2/2025,1:54:08 AM,0,0.271,16.586
6/2/2025,2:09:08 AM,0,0.2682,16.576
6/2/2025,2:24:08 AM,0,0.2671,16.57
6/2/2025,2:39:08 AM,0,0.2682,16.56
6/2/2025,2:54:08 AM,0,0.2647,16.554
6/2/2025,3:09:08 AM,0,0.2662,16.549
6/2/2025,3:24:08 AM,0,0.2678,16.541
6/2/2025,3:39:08 AM,0,0.2698,16.534
6/2/2025,3:54:08 AM,0,0.2693,16.529
6/2/2025,4:09:08 AM,0,0.2686,16.524
6/2/2025,4:24:08 AM,0,0.2669,16.517
6/2/2025,4:39:08 AM,0,0.2683,16.51
6/2/2025,4:54:08 AM,0,0.2681,16.503
6/2/2025,5:09:08 AM,0,0.2674,16.493
6/2/2025,5:24:08 AM,0,0.2725,16.486
6/2/2025,5:39:08 AM,0,0.2719,16.479
6/2/2025,5:54:08 AM,0,0.2727,16.472
6/2/2025,6:09:08 AM,0,0.273,16.468
6/2/2025,6:24:08 AM,0,0.2729,16.461
6/2/2025,6:39:08 AM,0,0.2709,16.458
6/2/2025,6:54:08 AM,0,0.2743,16.451
6/2/2025,7:09:08 AM,0,0.2738,16.442
6/2/2025,7:24:08 AM,0,0.273,16.437
6/2/2025,7:39:08 AM,0,0.2761,16.433
6/2/2025,7:54:08 AM,0,0.2778,16.426
6/2/2025,8:09:08 AM,0,0.2791,16.421
6/2/2025,8:24:08 AM,0,0.282,16.418
6/2/2025,8:39:08 AM,0,0.2798,16.413
6/2/2025,8:54:08 AM,0,0.2797,16.409
6/2/2025,9:09:08 AM,0,0.2791,16.407
6/2/2025,9:24:08 AM,0,0.2787,16.403
6/2/2025,9:39:08 AM,0,0.2783,16.402
6/2/2025,9:54:08 AM,0,0.2775,16.398
6/2/2025,10:09:08 AM,0,0.2786,16.398
6/2/2025,10:24:08 AM,0,0.2777,16.396
6/2/2025,10:39:08 AM,0,0.278,16.39
6/2/2025,10:54:08 AM,0,0.2754,16.393
6/2/2025,11:09:08 AM,0,0.2768,16.392
6/2/2025,11:24:08 AM,0,0.2753,16.393
6/2/2025,11:39:08 AM,0,0.2777,16.393
6/2/2025,11:54:08 AM,0,0.2758,16.394
6/2/2025,12:09:08 PM,0,0.2752,16.393
6/2/2025,12:24:08 PM,0,0.2742,16.397
6/2/2025,12:39:08 PM,0,0.2727,16.398
6/2/2025,12:54:08 PM,0,0.2723,16.398
6/2/2025,1:09:08 PM,0,0.2708,16.401
6/2/2025,1:24:08 PM,0,0.2689,16.403
6/2/2025,1:39:08 PM,0,0.2686,16.408
6/2/2025,1:54:08 PM,0,0.2677,16.411
6/2/2025,2:09:08 PM,0,0.2664,16.416
6/2/2025,2:24:08 PM,0,0.2658,16.42
6/2/2025,2:39:08 PM,0,0.2647,16.427
6/2/2025,2:54:08 PM,0,0.2633,16.433
6/2/2025,3:09:08 PM,0,0.2635,16.442
6/2/2025,3:24:08 PM,0,0.2653,16.452
6/2/2025,3:39:08 PM,0,0.2637,16.459
6/2/2025,3:54:08 PM,0,0.2661,16.468
6/2/2025,4:09:08 PM,0,0.2665,16.476
6/2/2025,4:24:08 PM,0,0.2671,16.481
6/2/2025,4:39:08 PM,0,0.2671,16.49
6/2/2025,4:54:08 PM,0,0.2667,16.495
6/2/2025,5:09:08 PM,0,0.2677,16.501
6/2/2025,5:24:08 PM,0,0.2678,16.506
6/2/2025,5:39:08 PM,0,0.2677,16.512
6/2/2025,5:54:08 PM,0,0.2691,16.516
6/2/2025,6:09:08 PM,0,0.2721,16.522
6/2/2025,6:24:08 PM,0,0.2737,16.526
6/2/2025,6:39:08 PM,0,0.2712,16.531
6/2/2025,6:54:08 PM,0,0.2734,16.533
6/2/2025,7:09:08 PM,0,0.2729,16.536
6/2/2025,7:24:08 PM,0,0.2729,16.539
6/2/2025,7:39:08 PM,0,0.2729,16.544
6/2/2025,7:54:08 PM,0,0.274,16.548
6/2/2025,8:09:08 PM,0,0.2747,16.556
6/2/2025,8:24:08 PM,0,0.2739,16.556
6/2/2025,8:39:08 PM,0,0.2741,16.557
6/2/2025,8:54:08 PM,0,0.2759,16.557
6/2/2025,9:09:08 PM,0,0.2758,16.554
6/2/2025,9:24:08 PM,0,0.2768,16.55
6/2/2025,9:39:08 PM,0,0.2751,16.545
6/2/2025,9:54:08 PM,0,0.2719,16.54
6/2/2025,10:09:08 PM,0,0.2704,16.534
6/2/2025,10:24:08 PM,0,0.2669,16.531
6/2/2025,10:39:08 PM,0,0.267,16.523
6/2/2025,10:54:08 PM,0,0.2656,16.519
6/2/2025,11:09:08 PM,0,0.2694,16.514
6/2/2025,11:24:08 PM,0,0.2712,16.507
6/2/2025,11:39:08 PM,0,0.2732,16.5
6/2/2025,11:54:08 PM,0,0.2731,16.496
6/3/2025,12:09:08 AM,0,0.2724,16.488
6/3/2025,12:24:08 AM,0,0.2702,16.483
6/3/2025,12:39:08 AM,0,0.2675,16.478
6/3/2025,12:54:08 AM,0,0.2659,16.472
6/3/2025,1:09:08 AM,0,0.2669,16.473
6/3/2025,1:24:08 AM,0,0.2693,16.466
6/3/2025,1:39:08 AM,0,0.2698,16.456
6/3/2025,1:54:08 AM,0,0.2682,16.449
6/3/2025,2:09:08 AM,0,0.2692,16.439
6/3/2025,2:24:08 AM,0,0.2676,16.434
6/3/2025,2:39:08 AM,0,0.2645,16.426
6/3/2025,2:54:08 AM,0,0.2624,16.419
6/3/2025,3:09:08 AM,0,0.2639,16.419
6/3/2025,3:24:08 AM,0,0.266,16.411
6/3/2025,3:39:08 AM,0,0.2688,16.403
6/3/2025,3:54:08 AM,0,0.2722,16.39
6/3/2025,4:09:08 AM,0,0.276,16.38
6/3/2025,4:24:08 AM,0,0.2775,16.369
6/3/2025,4:39:08 AM,0,0.2763,16.357
6/3/2025,4:54:08 AM,0,0.2751,16.341
6/3/2025,5:09:08 AM,0,0.275,16.326
6/3/2025,5:24:08 AM,0,0.2761,16.317
6/3/2025,5:39:08 AM,0,0.2758,16.306
6/3/2025,5:54:08 AM,0,0.2755,16.295
6/3/2025,6:09:08 AM,0,0.2771,16.281
6/3/2025,6:24:08 AM,0,0.2776,16.272
6/3/2025,6:39:08 AM,0,0.2758,16.261
6/3/2025,6:54:08 AM,0,0.2774,16.249
6/3/2025,7:09:08 AM,0,0.276,16.243
6/3/2025,7:24:08 AM,0,0.2789,16.239
6/3/2025,7:39:08 AM,0,0.2779,16.236
6/3/2025,7:54:08 AM,0,0.2788,16.236
6/3/2025,8:09:08 AM,0,0.2758,16.239
6/3/2025,8:24:08 AM,0,0.2729,16.242
6/3/2025,8:39:08 AM,0,0.2755,16.243
6/3/2025,8:54:08 AM,0,0.2717,16.242
6/3/2025,9:09:08 AM,0,0.2717,16.243
6/3/2025,9:24:08 AM,0,0.2752,16.244
6/3/2025,9:39:08 AM,0,0.2746,16.245
6/3/2025,9:54:08 AM,0,0.2744,16.242
6/3/2025,10:09:08 AM,0,0.2767,16.243
6/3/2025,10:24:08 AM,0,0.2756,16.241
6/3/2025,10:39:08 AM,0,0.2757,16.239
6/3/2025,10:54:08 AM,0,0.2778,16.24
6/3/2025,11:09:08 AM,0,0.2785,16.241
6/3/2025,11:24:08 AM,0,0.2765,16.24
6/3/2025,11:39:08 AM,0,0.2752,16.241
6/3/2025,11:54:08 AM,0,0.2732,16.24
6/3/2025,12:09:08 PM,0,0.269,16.241
6/3/2025,12:24:08 PM,0,0.2647,16.243
6/3/2025,12:39:08 PM,0,0.2643,16.244
6/3/2025,12:54:08 PM,0,0.2645,16.245
6/3/2025,1:09:08 PM,0,0.2643,16.247
6/3/2025,1:24:08 PM,0,0.262,16.251
6/3/2025,1:39:08 PM,0,0.2643,16.251
6/3/2025,1:54:08 PM,0,0.2671,16.254
6/3/2025,2:09:08 PM,0,0.2666,16.257
6/3/2025,2:24:08 PM,0,0.2712,16.261
6/3/2025,2:39:08 PM,0,0.2713,16.265
6/3/2025,2:54:08 PM,0,0.2681,16.27
6/3/2025,3:09:08 PM,0,0.2548,16.275
6/3/2025,3:24:08 PM,0,0.2558,16.28
6/3/2025,3:39:08 PM,0,0.2528,16.285
6/3/2025,3:54:08 PM,0,0.2486,16.29
6/3/2025,4:09:08 PM,0,0.252,16.298
6/3/2025,4:24:08 PM,0,0.2591,16.304
6/3/2025,4:39:08 PM,0,0.2697,16.309
6/3/2025,4:54:08 PM,0,0.2727,16.315
6/3/2025,5:09:08 PM,0,0.2834,16.322
6/3/2025,5:24:08 PM,0,0.2844,16.33
6/3/2025,5:39:08 PM,0,0.2793,16.335
6/3/2025,5:54:08 PM,0,0.2658,16.341
6/3/2025,6:09:08 PM,0,0.2588,16.348
6/3/2025,6:24:08 PM,0,0.2568,16.356
6/3/2025,6:39:08 PM,0,0.2518,16.361
6/3/2025,6:54:08 PM,0,0.2532,16.369
6/3/2025,7:09:08 PM,0,0.2554,16.374
6/3/2025,7:24:08 PM,0,0.2571,16.378
6/3/2025,7:39:08 PM,0,0.2631,16.384
6/3/2025,7:54:08 PM,0,0.269,16.386
6/3/2025,8:09:08 PM,0,0.2719,16.389
6/3/2025,8:24:08 PM,0,0.2762,16.392
6/3/2025,8:39:08 PM,0,0.2831,16.395
6/3/2025,8:54:08 PM,0,0.285,16.395
6/3/2025,9:09:08 PM,0,0.2829,16.394
6/3/2025,9:24:08 PM,0,0.2834,16.393
6/3/2025,9:39:08 PM,0,0.278,16.391
6/3/2025,9:54:08 PM,0,0.2727,16.386
6/3/2025,10:09:08 PM,0,0.2714,16.385
6/3/2025,10:24:08 PM,0,0.269,16.38
6/3/2025,10:39:08 PM,0,0.266,16.377
6/3/2025,10:54:08 PM,0,0.2668,16.37
6/3/2025,11:09:08 PM,0,0.2646,16.365
6/3/2025,11:24:08 PM,0,0.2645,16.358
6/3/2025,11:39:08 PM,0,0.2618,16.355
6/3/2025,11:54:08 PM,0,0.2622,16.345
6/4/2025,12:09:08 AM,0,0.2665,16.335
6/4/2025,12:24:08 AM,0,0.2657,16.329
6/4/2025,12:39:08 AM,0,0.2646,16.322
6/4/2025,12:54:08 AM,0,0.267,16.316
6/4/2025,1:09:08 AM,0,0.2667,16.311
6/4/2025,1:24:08 AM,0,0.2666,16.304
6/4/2025,1:39:08 AM,0,0.2674,16.297
6/4/2025,1:54:08 AM,0,0.2708,16.289
6/4/2025,2:09:08 AM,0,0.2713,16.283
6/4/2025,2:24:08 AM,0,0.2721,16.277
6/4/2025,2:39:08 AM,0,0.2707,16.269
6/4/2025,2:54:08 AM,0,0.2686,16.22
6/4/2025,3:09:08 AM,0,0.2665,16.22
6/4/2025,3:24:08 AM,0,0.2645,16.225
6/4/2025,3:39:08 AM,0,0.2664,16.228
6/4/2025,3:54:08 AM,0,0.2675,16.228
6/4/2025,4:09:08 AM,0,0.2695,16.227
6/4/2025,4:24:08 AM,0,0.2708,16.223
6/4/2025,4:39:08 AM,0,0.2725,16.221
6/4/2025,4:54:08 AM,0,0.2736,16.217
6/4/2025,5:09:08 AM,0,0.275,16.212
6/4/2025,5:24:08 AM,0,0.2779,16.209
6/4/2025,5:39:08 AM,0,0.2821,16.204
6/4/2025,5:54:08 AM,0,0.2841,16.198
6/4/2025,6:09:08 AM,0,0.286,16.196
6/4/2025,6:24:08 AM,0,0.2846,16.193
6/4/2025,6:39:08 AM,0,0.2844,16.186
6/4/2025,6:54:08 AM,0,0.2853,16.181
6/4/2025,7:09:08 AM,0,0.2829,16.177
6/4/2025,7:24:08 AM,0,0.282,16.172
6/4/2025,7:39:08 AM,0,0.2819,16.166
6/4/2025,7:54:08 AM,0,0.2808,16.161
6/4/2025,8:09:08 AM,0,0.2802,16.152
6/4/2025,8:24:08 AM,0,0.2808,16.145
6/4/2025,8:39:08 AM,0,0.2805,16.142
6/4/2025,8:54:08 AM,0,0.2791,16.135
6/4/2025,9:09:08 AM,0,0.2783,16.132
6/4/2025,9:24:08 AM,0,0.277,16.128
6/4/2025,9:39:08 AM,0,0.2766,16.124
6/4/2025,9:54:08 AM,0,0.2783,16.123
6/4/2025,10:09:08 AM,0,0.2772,16.123
6/4/2025,10:24:08 AM,0,0.279,16.119
6/4/2025,10:39:08 AM,0,0.2772,16.12
6/4/2025,10:54:08 AM,0,0.2757,16.121
6/4/2025,11:09:08 AM,0,0.2733,16.123
6/4/2025,11:24:08 AM,0,0.2715,16.122
6/4/2025,11:39:08 AM,0,0.2699,16.124
6/4/2025,11:54:08 AM,0,0.269,16.127
6/4/2025,12:09:08 PM,0,0.2704,16.133
6/4/2025,12:24:08 PM,0,0.2693,16.135
6/4/2025,12:39:08 PM,0,0.2691,16.137
6/4/2025,12:54:08 PM,0,0.27,16.14
6/4/2025,1:09:08 PM,0,0.2688,16.146
6/4/2025,1:24:08 PM,0,0.2668,16.149
6/4/2025,1:39:08 PM,0,0.2671,16.155
6/4/2025,1:54:08 PM,0,0.2679,16.159
6/4/2025,2:09:08 PM,0,0.2674,16.163
6/4/2025,2:24:08 PM,0,0.2705,16.17
6/4/2025,2:39:08 PM,0,0.2716,16.173
6/4/2025,2:54:08 PM,0,0.2715,16.179
6/4/2025,3:09:08 PM,0,0.2731,16.185
6/4/2025,3:24:08 PM,0,0.2727,16.191
6/4/2025,3:39:08 PM,0,0.2698,16.198
6/4/2025,3:54:08 PM,0,0.2686,16.204
6/4/2025,4:09:08 PM,0,0.2706,16.209
6/4/2025,4:24:08 PM,0,0.27,16.214
6/4/2025,4:39:08 PM,0,0.2723,16.222
6/4/2025,4:54:08 PM,0,0.2727,16.226
6/4/2025,5:09:08 PM,0,0.2741,16.23
6/4/2025,5:24:08 PM,0,0.2724,16.235
6/4/2025,5:39:08 PM,0,0.2721,16.24
6/4/2025,5:54:08 PM,0,0.2719,16.244
6/4/2025,6:09:08 PM,0,0.2744,16.248
6/4/2025,6:24:08 PM,0,0.2738,16.253
6/4/2025,6:39:08 PM,0,0.2757,16.256
6/4/2025,6:54:08 PM,0,0.2757,16.259
6/4/2025,7:09:08 PM,0,0.2758,16.262
6/4/2025,7:24:08 PM,0,0.274,16.263
6/4/2025,7:39:08 PM,0,0.2743,16.267
6/4/2025,7:54:08 PM,0,0.2726,16.269
6/4/2025,8:09:08 PM,0,0.2714,16.269
6/4/2025,8:24:08 PM,0,0.2707,16.27
6/4/2025,8:39:08 PM,0,0.272,16.269
6/4/2025,8:54:08 PM,0,0.2729,16.27
6/4/2025,9:09:08 PM,0,0.2749,16.269
6/4/2025,9:24:08 PM,0,0.2752,16.27
6/4/2025,9:39:08 PM,0,0.2751,16.268
6/4/2025,9:54:08 PM,0,0.2734,16.268
6/4/2025,10:09:08 PM,0,0.272,16.263
6/4/2025,10:24:08 PM,0,0.2707,16.265
6/4/2025,10:39:08 PM,0,0.2704,16.263
6/4/2025,10:54:08 PM,0,0.2719,16.26
6/4/2025,11:09:08 PM,0,0.2704,16.26
6/4/2025,11:24:08 PM,0,0.269,16.257
6/4/2025,11:39:08 PM,0,0.2696,16.254
6/4/2025,11:54:08 PM,0,0.2674,16.251
6/5/2025,12:09:08 AM,0,0.2676,16.247
6/5/2025,12:24:08 AM,0,0.2657,16.244
6/5/2025,12:39:08 AM,0,0.2662,16.242
6/5/2025,12:54:08 AM,0,0.2673,16.239
6/5/2025,1:09:08 AM,0,0.2672,16.235
6/5/2025,1:24:08 AM,0,0.2672,16.233
6/5/2025,1:39:08 AM,0,0.2695,16.244
6/5/2025,1:54:08 AM,0,0.2712,16.236
6/5/2025,2:09:08 AM,0,0.2725,16.23
6/5/2025,2:24:08 AM,0,0.2725,16.225
6/5/2025,2:39:08 AM,0,0.2739,16.221
6/5/2025,2:54:08 AM,0,0.2752,16.217
6/5/2025,3:09:08 AM,0,0.2742,16.214
6/5/2025,3:24:08 AM,0,0.275,16.21
6/5/2025,3:39:08 AM,0,0.2773,16.208
6/5/2025,3:54:08 AM,0,0.2783,16.205
6/5/2025,4:09:08 AM,0,0.2806,16.203
6/5/2025,4:24:08 AM,0,0.2846,16.198
6/5/2025,4:39:08 AM,0,0.2466,16.224
6/5/2025,4:54:08 AM,0,0.246,16.218
6/5/2025,5:09:08 AM,0,0.2465,16.216
6/5/2025,5:24:08 AM,0,0.2459,16.211
6/5/2025,5:39:08 AM,0,0.2443,16.208
6/5/2025,5:54:08 AM,0,0.243,16.201
6/5/2025,6:09:08 AM,0,0.2432,16.192
6/5/2025,6:24:08 AM,0,0.2422,16.192
6/5/2025,6:39:08 AM,0,0.2417,16.184
6/5/2025,6:54:08 AM,0,0.2421,16.172
6/5/2025,7:09:08 AM,0,0.2418,16.161
6/5/2025,7:24:08 AM,0,0.2427,16.166
6/5/2025,7:39:08 AM,0,0.2415,16.169
6/5/2025,7:54:08 AM,0,0.2432,16.168
6/5/2025,8:09:08 AM,0,0.2426,16.158
6/5/2025,8:24:08 AM,0,0.2418,16.158
6/5/2025,8:39:08 AM,0,0.2412,16.161
6/5/2025,8:54:08 AM,0,0.2374,16.16
6/5/2025,9:09:08 AM,0,0.2374,16.16
6/5/2025,9:24:08 AM,0,0.2357,16.159
6/5/2025,9:39:08 AM,0,0.2358,16.16
6/5/2025,9:54:08 AM,0,0.2347,16.159
6/5/2025,10:09:08 AM,0,0.2387,16.159
6/5/2025,10:24:08 AM,0,0.2388,16.16
6/5/2025,10:39:08 AM,0,0.2384,16.159
6/5/2025,10:54:08 AM,0,0.2384,16.16
6/5/2025,11:09:08 AM,0,0.2387,16.162
6/5/2025,11:24:08 AM,0,0.2364,16.165
6/5/2025,11:39:08 AM,0,0.2357,16.181
6/5/2025,11:54:08 AM,0,0.2325,16.189
6/5/2025,12:09:08 PM,0,0.2328,16.192
6/5/2025,12:24:08 PM,0,0.2321,16.197
6/5/2025,12:39:08 PM,0,0.2324,16.211
6/5/2025,12:54:08 PM,0,0.2301,16.227
6/5/2025,1:09:08 PM,0,0.2292,16.236
6/5/2025,1:24:08 PM,0,0.2282,16.248
6/5/2025,1:39:08 PM,0,0.2261,16.255
6/5/2025,1:54:08 PM,0,0.2266,16.264
6/5/2025,2:09:08 PM,0,0.2281,16.277
6/5/2025,2:24:08 PM,0,0.2278,16.288
6/5/2025,2:39:08 PM,0,0.2262,16.297
6/5/2025,2:54:08 PM,0,0.2288,16.308
6/5/2025,3:09:08 PM,0,0.2264,16.319
6/5/2025,3:24:08 PM,0,0.2265,16.327
6/5/2025,3:39:08 PM,0,0.2272,16.339
6/5/2025,3:54:08 PM,0,0.2284,16.348
6/5/2025,4:09:08 PM,0,0.2277,16.356
6/5/2025,4:24:08 PM,0,0.2281,16.368
6/5/2025,4:39:08 PM,0,0.2268,16.378
6/5/2025,4:54:08 PM,0,0.2261,16.387
6/5/2025,5:09:08 PM,0,0.2263,16.395
6/5/2025,5:24:08 PM,0,0.2273,16.402
6/5/2025,5:39:08 PM,0,0.2266,16.409
6/5/2025,5:54:08 PM,0,0.2295,16.417
6/5/2025,6:09:08 PM,0,0.2336,16.422
6/5/2025,6:24:08 PM,0,0.2356,16.427
6/5/2025,6:39:08 PM,0,0.2365,16.432
6/5/2025,6:54:08 PM,0,0.2368,16.436
6/5/2025,7:09:08 PM,0,0.2368,16.437
6/5/2025,7:24:08 PM,0,0.2343,16.44
6/5/2025,7:39:08 PM,0,0.2321,16.442
6/5/2025,7:54:08 PM,0,0.2323,16.443
6/5/2025,8:09:08 PM,0,0.2313,16.444
6/5/2025,8:24:08 PM,0,0.2324,16.444
6/5/2025,8:39:08 PM,0,0.2343,16.441
6/5/2025,8:54:08 PM,0,0.2351,16.441
6/5/2025,9:09:08 PM,0,0.2359,16.439
6/5/2025,9:24:08 PM,0,0.2349,16.437
6/5/2025,9:39:08 PM,0,0.2364,16.434
6/5/2025,9:54:08 PM,0,0.2335,16.435
6/5/2025,10:09:08 PM,0,0.2331,16.433
6/5/2025,10:24:08 PM,0,0.2302,16.429
6/5/2025,10:39:08 PM,0,0.2293,16.427
6/5/2025,10:54:08 PM,0,0.2292,16.422
6/5/2025,11:09:08 PM,0,0.2293,16.418
6/5/2025,11:24:08 PM,0,0.2291,16.411
6/5/2025,11:39:08 PM,0,0.2308,16.403
6/5/2025,11:54:08 PM,0,0.2294,16.392
6/6/2025,12:09:08 AM,0,0.2275,16.373
6/6/2025,12:24:08 AM,0,0.2265,16.168
6/6/2025,12:39:08 AM,0,0.2266,16.211
6/6/2025,12:54:08 AM,0,0.2269,16.241
6/6/2025,1:09:08 AM,0,0.2268,16.262
6/6/2025,1:24:08 AM,0,0.2279,16.273
6/6/2025,1:39:08 AM,0,0.2268,16.276
6/6/2025,1:54:08 AM,0,0.2263,16.277
6/6/2025,2:09:08 AM,0,0.2256,16.273
6/6/2025,2:24:08 AM,0,0.2283,16.269
6/6/2025,2:39:08 AM,0,0.23,16.141
6/6/2025,2:54:08 AM,0,0.2285,16.104
6/6/2025,3:09:08 AM,0,0.2329,16.101
6/6/2025,3:24:08 AM,0,0.2327,16.093
6/6/2025,3:39:08 AM,0,0.2307,16.07
6/6/2025,3:54:08 AM,0,0.231,16.075
6/6/2025,4:09:08 AM,0,0.2308,16.057
6/6/2025,4:24:08 AM,0,0.2306,16.028
6/6/2025,4:39:08 AM,0,0.2305,16.012
6/6/2025,4:54:08 AM,0,0.234,15.979
6/6/2025,5:09:08 AM,0,0.2348,15.933
6/6/2025,5:24:08 AM,0,0.2369,15.898
6/6/2025,5:39:08 AM,0,0.2387,15.884
6/6/2025,5:54:08 AM,0,0.2382,15.878
6/6/2025,6:09:08 AM,0,0.2414,15.869
6/6/2025,6:24:08 AM,0,0.2405,15.863
6/6/2025,6:39:08 AM,0,0.2418,15.852
6/6/2025,6:54:08 AM,0,0.2423,15.855
6/6/2025,7:09:08 AM,0,0.2432,15.861
6/6/2025,7:24:08 AM,0,0.2428,15.859
6/6/2025,7:39:08 AM,0,0.2446,15.863
6/6/2025,7:54:08 AM,0,0.2437,15.872
6/6/2025,8:09:08 AM,0,0.2449,15.879
6/6/2025,8:24:08 AM,0,0.2438,15.892
6/6/2025,8:39:08 AM,0,0.2428,15.906
6/6/2025,8:54:08 AM,0,0.2406,15.926
6/6/2025,9:09:08 AM,0,0.239,15.94
6/6/2025,9:24:08 AM,0,0.2376,15.948
6/6/2025,9:39:08 AM,0,0.2362,15.953
6/6/2025,9:54:08 AM,0,0.238,15.966
6/6/2025,10:09:08 AM,0,0.2387,15.977
6/6/2025,10:24:08 AM,0,0.2381,15.978
6/6/2025,10:39:08 AM,0,0.239,15.986
6/6/2025,10:54:08 AM,0,0.2389,16.003
6/6/2025,11:09:08 AM,0,0.2386,16.01
6/6/2025,11:24:08 AM,0,0.2359,16.014
6/6/2025,11:39:08 AM,0,0.2351,16.021
6/6/2025,11:54:08 AM,0,0.2339,16.032
6/6/2025,12:09:08 PM,0,0.2333,16.04
6/6/2025,12:24:08 PM,0,0.2334,16.056
6/6/2025,12:39:08 PM,0,0.2321,16.072
6/6/2025,12:54:08 PM,0,0.2305,16.082
6/6/2025,1:09:08 PM,0,0.2287,16.089
6/6/2025,1:24:08 PM,0,0.2285,16.095
6/6/2025,1:39:08 PM,0,0.2284,16.101
6/6/2025,1:54:08 PM,0,0.2272,16.106
6/6/2025,2:09:08 PM,0,0.2271,16.114
6/6/2025,2:24:08 PM,0,0.2271,16.121
6/6/2025,2:39:08 PM,0,0.226,16.128
6/6/2025,2:54:08 PM,0,0.2282,16.137
6/6/2025,3:09:08 PM,0,0.2252,16.147
6/6/2025,3:24:08 PM,0,0.2265,16.156
6/6/2025,3:39:08 PM,0,0.2274,16.166
6/6/2025,3:54:08 PM,0,0.2281,16.179
6/6/2025,4:09:08 PM,0,0.2275,16.191
6/6/2025,4:24:08 PM,0,0.2313,16.236
6/6/2025,4:39:08 PM,0,0.2309,16.268
6/6/2025,4:54:08 PM,0,0.2298,16.255
6/6/2025,5:09:08 PM,0,0.2307,16.252
6/6/2025,5:24:08 PM,0,0.228,16.268
6/6/2025,5:39:08 PM,0,0.2253,16.266
6/6/2025,5:54:08 PM,0,0.2266,16.266
6/6/2025,6:09:08 PM,0,0.2285,16.276
6/6/2025,6:24:08 PM,0,0.2305,16.281
6/6/2025,6:39:08 PM,0,0.2346,16.28
6/6/2025,6:54:08 PM,0,0.2385,16.281
6/6/2025,7:09:08 PM,0,0.2376,16.281
6/6/2025,7:24:08 PM,0,0.2367,16.283
6/6/2025,7:39:08 PM,0,0.2368,16.279
6/6/2025,7:54:08 PM,0,0.2385,16.28
6/6/2025,8:09:08 PM,0,0.2376,16.282
6/6/2025,8:24:08 PM,0,0.2368,16.284
6/6/2025,8:39:08 PM,0,0.2376,16.282
6/6/2025,8:54:08 PM,0,0.2381,16.276
6/6/2025,9:09:08 PM,0,0.2362,16.266
6/6/2025,9:24:08 PM,0,0.2364,16.26
6/6/2025,9:39:08 PM,0,0.2361,16.249
6/6/2025,9:54:08 PM,0,0.2354,16.234
6/6/2025,10:09:08 PM,0,0.2369,16.215
6/6/2025,10:24:08 PM,0,0.2332,16.195
6/6/2025,10:39:08 PM,0,0.2314,16.173
6/6/2025,10:54:08 PM,0,0.232,16.156
6/6/2025,11:09:08 PM,0,0.2305,16.14
6/6/2025,11:24:08 PM,0,0.2293,16.114
6/6/2025,11:39:08 PM,0,0.2271,16.097
6/6/2025,11:54:08 PM,0,0.2256,16.076
6/7/2025,12:09:08 AM,0,0.2246,16.052
6/7/2025,12:24:08 AM,0,0.2255,16.023
6/7/2025,12:39:08 AM,0,0.2253,16.027
6/7/2025,12:54:08 AM,0,0.2274,16.001
6/7/2025,1:09:08 AM,0,0.2283,15.982
6/7/2025,1:24:08 AM,0,0.2301,15.968
6/7/2025,1:39:08 AM,0,0.231,15.953
6/7/2025,1:54:08 AM,0,0.2308,15.936
6/7/2025,2:09:08 AM,0,0.2309,15.922
6/7/2025,2:24:08 AM,0,0.2314,15.91
6/7/2025,2:39:08 AM,0,0.2315,15.894
6/7/2025,2:54:08 AM,0,0.2311,15.878
6/7/2025,3:09:08 AM,0,0.2313,15.863
6/7/2025,3:24:08 AM,0,0.2323,15.843
6/7/2025,3:39:08 AM,0,0.2334,15.824
6/7/2025,3:54:08 AM,0,0.235,15.811
6/7/2025,4:09:08 AM,0,0.2376,15.794
6/7/2025,4:24:08 AM,0,0.2392,15.777
6/7/2025,4:39:08 AM,0,0.2377,15.762
6/7/2025,4:54:08 AM,0,0.2387,15.761
6/7/2025,5:09:08 AM,0,0.2388,15.757
6/7/2025,5:24:08 AM,0,0.2395,15.75
6/7/2025,5:39:08 AM,0,0.2395,15.764
6/7/2025,5:54:08 AM,0,0.2399,15.774
6/7/2025,6:09:08 AM,0,0.2413,15.788
6/7/2025,6:24:08 AM,0,0.2399,15.789
6/7/2025,6:39:08 AM,0,0.2388,15.782
6/7/2025,6:54:08 AM,0,0.2377,15.781
6/7/2025,7:09:08 AM,0,0.2365,15.78
6/7/2025,7:24:08 AM,0,0.2377,15.786
6/7/2025,7:39:08 AM,0,0.238,15.781
6/7/2025,7:54:08 AM,0,0.2367,15.795
6/7/2025,8:09:08 AM,0,0.2384,15.794
6/7/2025,8:24:08 AM,0,0.2349,15.795
6/7/2025,8:39:08 AM,0,0.233,15.803
6/7/2025,8:54:08 AM,0,0.2328,15.807
6/7/2025,9:09:08 AM,0,0.2321,15.816
6/7/2025,9:24:08 AM,0,0.2313,15.829
6/7/2025,9:39:08 AM,0,0.2335,15.84
6/7/2025,9:54:08 AM,0,0.2335,15.854
6/7/2025,10:09:08 AM,0,0.2358,15.865
6/7/2025,10:24:08 AM,0,0.2366,15.878
6/7/2025,10:39:08 AM,0,0.2375,15.887
6/7/2025,10:54:08 AM,0,0.2376,15.896
6/7/2025,11:09:08 AM,0,0.2383,15.906
6/7/2025,11:24:08 AM,0,0.2369,15.914
6/7/2025,11:39:08 AM,0,0.236,15.925
6/7/2025,11:54:08 AM,0,0.2353,15.94
6/7/2025,12:09:08 PM,0,0.2331,15.961
6/7/2025,12:24:08 PM,0,0.2315,15.979
6/7/2025,12:39:08 PM,0,0.2312,15.997
6/7/2025,12:54:08 PM,0,0.231,16.025
6/7/2025,1:09:08 PM,0,0.2326,16.055
6/7/2025,1:24:08 PM,0,0.2303,16.076
6/7/2025,1:39:08 PM,0,0.232,16.095
6/7/2025,1:54:08 PM,0,0.2318,16.11
6/7/2025,2:09:08 PM,0,0.2317,16.117
6/7/2025,2:24:08 PM,0,0.2312,16.132
6/7/2025,2:39:08 PM,0,0.2333,16.144
6/7/2025,2:54:08 PM,0,0.2311,16.164
6/7/2025,3:09:08 PM,0,0.2303,16.184
6/7/2025,3:24:08 PM,0,0.2272,16.204
6/7/2025,3:39:08 PM,0,0.2254,16.223
6/7/2025,3:54:08 PM,0,0.224,16.241
6/7/2025,4:09:08 PM,0,0.2253,16.266
6/7/2025,4:24:08 PM,0,0.2256,16.284
6/7/2025,4:39:08 PM,0,0.2302,16.302
6/7/2025,4:54:08 PM,0,0.2299,16.323
6/7/2025,5:09:08 PM,0,0.2291,16.34
6/7/2025,5:24:08 PM,0,0.2317,16.357
6/7/2025,5:39:08 PM,0,0.2331,16.376
6/7/2025,5:54:08 PM,0,0.2352,16.402
6/7/2025,6:09:08 PM,0,0.2369,16.42
6/7/2025,6:24:08 PM,0,0.2353,16.435
6/7/2025,6:39:08 PM,0,0.2358,16.453
6/7/2025,6:54:08 PM,0,0.235,16.551
6/7/2025,7:09:08 PM,0,0.234,16.517
6/7/2025,7:24:08 PM,0,0.2328,16.501
6/7/2025,7:39:08 PM,0,0.2316,16.494
6/7/2025,7:54:08 PM,0,0.2294,16.494
6/7/2025,8:09:08 PM,0,0.2287,16.563
6/7/2025,8:24:08 PM,0,0.2292,16.534
6/7/2025,8:39:08 PM,0,0.2315,16.513
6/7/2025,8:54:08 PM,0,0.2342,16.501
6/7/2025,9:09:08 PM,0,0.2364,16.494
6/7/2025,9:24:08 PM,0,0.2373,16.488
6/7/2025,9:39:08 PM,0,0.2347,16.483
6/7/2025,9:54:08 PM,0,0.2353,16.476
6/7/2025,10:09:08 PM,0,0.233,16.47
6/7/2025,10:24:08 PM,0,0.2307,16.463
6/7/2025,10:39:08 PM,0,0.234,16.456
6/7/2025,10:54:08 PM,0,0.2341,16.497
6/7/2025,11:09:08 PM,0,0.2328,16.482
6/7/2025,11:24:08 PM,0,0.2319,16.457
6/7/2025,11:39:08 PM,0,0.2309,16.439
6/7/2025,11:54:08 PM,0,0.2299,16.422
6/8/2025,12:09:08 AM,0,0.2287,16.409
6/8/2025,12:24:08 AM,0,0.2294,16.4
6/8/2025,12:39:08 AM,0,0.2291,16.39
6/8/2025,12:54:08 AM,0,0.2291,16.38
6/8/2025,1:09:08 AM,0,0.2277,16.371
6/8/2025,1:24:08 AM,0,0.2279,16.361
6/8/2025,1:39:08 AM,0,0.2298,16.351
6/8/2025,1:54:08 AM,0,0.2314,16.343
6/8/2025,2:09:08 AM,0,0.2323,16.335
6/8/2025,2:24:08 AM,0,0.2338,16.327
6/8/2025,2:39:08 AM,0,0.232,16.317
6/8/2025,2:54:08 AM,0,0.2288,16.304
6/8/2025,3:09:08 AM,0,0.2287,16.292
6/8/2025,3:24:08 AM,0,0.2313,16.282
6/8/2025,3:39:08 AM,0,0.2301,16.271
6/8/2025,3:54:08 AM,0,0.2293,16.263
6/8/2025,4:09:08 AM,0,0.2343,16.256
6/8/2025,4:24:08 AM,0,0.2376,16.251
6/8/2025,4:39:08 AM,0,0.2378,16.239
6/8/2025,4:54:08 AM,0,0.2383,16.226
6/8/2025,5:09:08 AM,0,0.2382,16.216
6/8/2025,5:24:08 AM,0,0.241,16.203
6/8/2025,5:39:08 AM,0,0.2414,16.191
6/8/2025,5:54:08 AM,0,0.2414,16.181
6/8/2025,6:09:08 AM,0,0.2416,16.175
6/8/2025,6:24:08 AM,0,0.2411,16.17
6/8/2025,6:39:08 AM,0,0.2391,16.168
6/8/2025,6:54:08 AM,0,0.2389,16.166
6/8/2025,7:09:08 AM,0,0.2403,16.16
6/8/2025,7:24:08 AM,0,0.2407,16.159
6/8/2025,7:39:08 AM,0,0.2422,16.159
6/8/2025,7:54:08 AM,0,0.2411,16.159
6/8/2025,8:09:08 AM,0,0.2403,16.158
6/8/2025,8:24:08 AM,0,0.2387,16.156
6/8/2025,8:39:08 AM,0,0.2372,16.155
6/8/2025,8:54:08 AM,0,0.2343,16.154
6/8/2025,9:09:08 AM,0,0.2338,16.154
6/8/2025,9:24:08 AM,0,0.2345,16.156
6/8/2025,9:39:08 AM,0,0.2341,16.153
6/8/2025,9:54:08 AM,0,0.233,16.154
6/8/2025,10:09:08 AM,0,0.2346,16.152
6/8/2025,10:24:08 AM,0,0.236,16.154
6/8/2025,10:39:08 AM,0,0.2342,16.154
6/8/2025,10:54:08 AM,0,0.2323,16.154
6/8/2025,11:09:08 AM,0,0.2326,16.158
6/8/2025,11:24:08 AM,0,0.2313,16.158
6/8/2025,11:39:08 AM,0,0.2287,16.161
6/8/2025,11:54:08 AM,0,0.2268,16.162
6/8/2025,12:09:08 PM,0,0.224,16.167
6/8/2025,12:24:08 PM,0,0.2223,16.173
6/8/2025,12:39:08 PM,0,0.2228,16.176
6/8/2025,12:54:08 PM,0,0.2214,16.182
6/8/2025,1:09:08 PM,0,0.2225,16.189
6/8/2025,1:24:08 PM,0,0.2241,16.198
6/8/2025,1:39:08 PM,0,0.2238,16.205
6/8/2025,1:54:08 PM,0,0.2245,16.221
6/8/2025,2:09:08 PM,0,0.222,16.234
6/8/2025,2:24:08 PM,0,0.2226,16.246
6/8/2025,2:39:08 PM,0,0.2209,16.262
6/8/2025,2:54:08 PM,0,0.2184,16.279
6/8/2025,3:09:08 PM,0,0.2171,16.292
6/8/2025,3:24:08 PM,0,0.2176,16.307
6/8/2025,3:39:08 PM,0,0.218,16.326
6/8/2025,3:54:08 PM,0,0.2168,16.348
6/8/2025,4:09:08 PM,0,0.2171,16.361
6/8/2025,4:24:08 PM,0,0.2188,16.377
6/8/2025,4:39:08 PM,0,0.2178,16.393
6/8/2025,4:54:08 PM,0,0.2169,16.411
6/8/2025,5:09:08 PM,0,0.2187,16.43
6/8/2025,5:24:08 PM,0,0.2185,16.445
6/8/2025,5:39:08 PM,0,0.2181,16.576
6/8/2025,5:54:08 PM,0,0.2179,16.535
6/8/2025,6:09:08 PM,0,0.2224,16.516
6/8/2025,6:24:08 PM,0,0.2236,16.513
6/8/2025,6:39:08 PM,0,0.2239,16.513
6/8/2025,6:54:08 PM,0,0.2275,16.511
6/8/2025,7:09:08 PM,0,0.2069,16.593
6/8/2025,7:24:08 PM,0,0.2066,16.629
6/8/2025,7:39:08 PM,0,0.2057,16.649
6/8/2025,7:54:08 PM,0,0.2077,16.638
6/8/2025,8:09:08 PM,0,0.2072,16.637
6/8/2025,8:24:08 PM,0,0.2079,16.681
6/8/2025,8:39:08 PM,0,0.2102,16.672
6/8/2025,8:54:08 PM,0,0.2121,16.666
6/8/2025,9:09:08 PM,0,0.2129,16.656
6/8/2025,9:24:08 PM,0,0.2149,16.647
6/8/2025,9:39:08 PM,0,0.2143,16.647
6/8/2025,9:54:08 PM,0,0.2122,16.745
6/8/2025,10:09:08 PM,0,0.212,16.707
6/8/2025,10:24:08 PM,0,0.2101,16.684
6/8/2025,10:39:08 PM,0,0.2071,16.667
6/8/2025,10:54:08 PM,0,0.2077,16.655
6/8/2025,11:09:08 PM,0,0.2066,16.644
6/8/2025,11:24:08 PM,0,0.2091,16.634
6/8/2025,11:39:08 PM,0,0.2098,16.625
6/8/2025,11:54:08 PM,0,0.2131,16.61
6/9/2025,12:09:08 AM,0,0.2134,16.639
6/9/2025,12:24:08 AM,0,0.2138,16.62
6/9/2025,12:39:08 AM,0,0.2129,16.602
6/9/2025,12:54:08 AM,0,0.2097,16.591
6/9/2025,1:09:08 AM,0,0.2084,16.58
6/9/2025,1:24:08 AM,0,0.2093,16.584
6/9/2025,1:39:08 AM,0,0.2076,16.566
6/9/2025,1:54:08 AM,0,0.2068,16.552
6/9/2025,2:09:08 AM,0,0.2099,16.54
6/9/2025,2:24:08 AM,0,0.2124,16.546
6/9/2025,2:39:08 AM,0,0.2115,16.535
6/9/2025,2:54:08 AM,0,0.2118,16.523
6/9/2025,3:09:08 AM,0,0.2113,16.513
6/9/2025,3:24:08 AM,0,0.2104,16.503
6/9/2025,3:39:08 AM,0,0.2109,16.494
6/9/2025,3:54:08 AM,0,0.211,16.485
6/9/2025,4:09:08 AM,0,0.2129,16.476
6/9/2025,4:24:08 AM,0,0.2139,16.468
6/9/2025,4:39:08 AM,0,0.2146,16.459
6/9/2025,4:54:08 AM,0,0.2151,16.452
6/9/2025,5:09:08 AM,0,0.217,16.441
6/9/2025,5:24:08 AM,0,0.2182,16.436
6/9/2025,5:39:08 AM,0,0.2537,16.425
6/9/2025,5:54:08 AM,0,0.253,16.428
6/9/2025,6:09:08 AM,0,0.2507,16.42
6/9/2025,6:24:08 AM,0,0.2521,16.413
6/9/2025,6:39:08 AM,0,0.2528,16.412
6/9/2025,6:54:08 AM,0,0.2521,16.408
6/9/2025,7:09:08 AM,0,0.2536,16.397
6/9/2025,7:24:08 AM,0,0.2572,16.396
6/9/2025,7:39:08 AM,0,0.2569,16.389
6/9/2025,7:54:08 AM,0,0.2593,16.384
6/9/2025,8:09:08 AM,0,0.2581,16.394
6/9/2025,8:24:08 AM,0,0.2566,16.387
6/9/2025,8:39:08 AM,0,0.2542,16.388
6/9/2025,8:54:08 AM,0,0.2529,16.39
6/9/2025,9:09:08 AM,0,0.2529,16.389
6/9/2025,9:24:08 AM,0,0.2529,16.396
6/9/2025,9:39:08 AM,0,0.2511,16.398
6/9/2025,9:54:08 AM,0,0.2514,16.401
6/9/2025,10:09:08 AM,0,0.2516,16.412
6/9/2025,10:24:08 AM,0,0.251,16.42
6/9/2025,10:39:08 AM,0,0.2524,16.421
6/9/2025,10:54:08 AM,0,0.2512,16.424
6/9/2025,11:09:08 AM,0,0.248,16.429
6/9/2025,11:24:08 AM,0,0.248,16.435
6/9/2025,11:39:08 AM,0,0.2492,16.444
6/9/2025,11:54:08 AM,0,0.2492,16.456
6/9/2025,12:09:08 PM,0,0.2493,16.466
6/9/2025,12:24:08 PM,0,0.2484,16.467
6/9/2025,12:39:08 PM,0,0.2509,16.48
6/9/2025,12:54:08 PM,0,0.247,16.486
6/9/2025,1:09:08 PM,0,0.2442,16.5
6/9/2025,1:24:08 PM,0,0.2425,16.501
6/9/2025,1:39:08 PM,0,0.2434,16.534
6/9/2025,1:54:08 PM,0,0.2388,16.543
6/9/2025,2:09:08 PM,0,0.2385,16.565
6/9/2025,2:24:08 PM,0,0.239,16.512
6/9/2025,2:39:08 PM,0,0.2401,16.555
6/9/2025,2:54:08 PM,0,0.2396,16.576
6/9/2025,3:09:08 PM,0,0.2393,16.632
6/9/2025,3:24:08 PM,0,0.2412,16.666
6/9/2025,3:39:08 PM,0,0.2394,16.628
6/9/2025,3:54:08 PM,0,0.2412,16.666
6/9/2025,4:09:08 PM,0,0.2414,16.701
6/9/2025,4:24:08 PM,0,0.2425,16.728
6/9/2025,4:39:08 PM,0,0.2417,16.716
6/9/2025,4:54:08 PM,0,0.2416,16.724
6/9/2025,5:09:08 PM,0,0.239,16.725
6/9/2025,5:24:08 PM,0,0.2378,16.723
6/9/2025,5:39:08 PM,0,0.2398,16.717
6/9/2025,5:54:08 PM,0,0.2425,16.717
6/9/2025,6:09:08 PM,0,0.2414,16.725
6/9/2025,6:24:08 PM,0,0.2433,16.726
6/9/2025,6:39:08 PM,0,0.2459,16.73
6/9/2025,6:54:08 PM,0,0.245,16.738
6/9/2025,7:09:08 PM,0,0.2492,16.741
6/9/2025,7:24:08 PM,0,0.248,16.732
6/9/2025,7:39:08 PM,0,0.2502,16.783
6/9/2025,7:54:08 PM,0,0.2498,16.757
6/9/2025,8:09:08 PM,0,0.2492,16.777
6/9/2025,8:24:08 PM,0,0.2515,16.786
6/9/2025,8:39:08 PM,0,0.2512,16.776
6/9/2025,8:54:08 PM,0,0.2502,16.769
6/9/2025,9:09:08 PM,0,0.2507,16.768
6/9/2025,9:24:08 PM,0,0.2525,16.771
6/9/2025,9:39:08 PM,0,0.2527,16.755
6/9/2025,9:54:08 PM,0,0.2525,16.759
6/9/2025,10:09:08 PM,0,0.2517,16.746
6/9/2025,10:24:08 PM,0,0.253,16.742
6/9/2025,10:39:08 PM,0,0.2515,16.748
6/9/2025,10:54:08 PM,0,0.2478,16.741
6/9/2025,11:09:08 PM,0,0.247,16.729
6/9/2025,11:24:08 PM,0,0.249,16.723
6/9/2025,11:39:08 PM,0,0.2494,16.717
6/9/2025,11:54:08 PM,0,0.244,16.706
6/10/2025,12:09:08 AM,0,0.2462,16.688
6/10/2025,12:24:08 AM,0,0.242,16.682
6/10/2025,12:39:08 AM,0,0.243,16.671
6/10/2025,12:54:08 AM,0,0.241,16.66
6/10/2025,1:09:08 AM,0,0.2428,16.641
6/10/2025,1:24:08 AM,0,0.2452,16.602
6/10/2025,1:39:08 AM,0,0.2443,16.583
6/10/2025,1:54:08 AM,0,0.2422,16.588
6/10/2025,2:09:08 AM,0,0.2451,16.579
6/10/2025,2:24:08 AM,0,0.2439,16.574
6/10/2025,2:39:08 AM,0,0.2475,16.566
6/10/2025,2:54:08 AM,0,0.2501,16.565
6/10/2025,3:09:08 AM,0,0.2465,16.555
6/10/2025,3:24:08 AM,0,0.2459,16.542
6/10/2025,3:39:08 AM,0,0.2508,16.529
6/10/2025,3:54:08 AM,0,0.2505,16.512
6/10/2025,4:09:08 AM,0,0.2512,16.51
6/10/2025,4:24:08 AM,0,0.2529,16.496
6/10/2025,4:39:08 AM,0,0.2571,16.494
6/10/2025,4:54:08 AM,0,0.2598,16.491
6/10/2025,5:09:08 AM,0,0.2588,16.492
6/10/2025,5:24:08 AM,0,0.2612,16.491
6/10/2025,5:39:08 AM,0,0.2638,16.489
6/10/2025,5:54:08 AM,0,0.262,16.485
6/10/2025,6:09:08 AM,0,0.2623,16.475
6/10/2025,6:24:08 AM,0,0.2622,16.472
6/10/2025,6:39:08 AM,0,0.2605,16.469
6/10/2025,6:54:08 AM,0,0.2608,16.462
6/10/2025,7:09:08 AM,0,0.2593,16.465
6/10/2025,7:24:08 AM,0,0.2594,16.462
6/10/2025,7:39:08 AM,0,0.2577,16.458
6/10/2025,7:54:08 AM,0,0.2568,16.46
6/10/2025,8:09:08 AM,0,0.2548,16.459
6/10/2025,8:24:08 AM,0,0.252,16.457
6/10/2025,8:39:08 AM,0,0.2513,16.46
6/10/2025,8:54:08 AM,0,0.2489,16.464
6/10/2025,9:09:08 AM,0,0.2497,16.469
6/10/2025,9:24:08 AM,0,0.2509,16.48
6/10/2025,9:39:08 AM,0,0.2548,16.493
6/10/2025,9:54:08 AM,0,0.2522,16.493
6/10/2025,10:09:08 AM,0,0.2544,16.505
6/10/2025,10:24:08 AM,0,0.2534,16.502
6/10/2025,10:39:08 AM,0,0.2507,16.502
6/10/2025,10:54:08 AM,0,0.2483,16.5
6/10/2025,11:09:08 AM,0,0.2501,16.516
6/10/2025,11:24:08 AM,0,0.2463,16.517
6/10/2025,11:39:08 AM,0,0.2451,16.525
6/10/2025,11:54:08 AM,0,0.2433,16.537
6/10/2025,12:09:08 PM,0,0.2403,16.549
6/10/2025,12:24:08 PM,0,0.2405,16.551
6/10/2025,12:39:08 PM,0,0.2375,16.566
6/10/2025,12:54:08 PM,0,0.2375,16.574
6/10/2025,1:09:08 PM,0,0.2366,16.596
6/10/2025,1:24:08 PM,0,0.238,16.6
6/10/2025,1:39:08 PM,0,0.2385,16.608
6/10/2025,1:54:08 PM,0,0.2375,16.621
6/10/2025,2:09:08 PM,0,0.2401,16.629
6/10/2025,2:24:08 PM,0,0.2404,16.638
6/10/2025,2:39:08 PM,0,0.2399,16.652
6/10/2025,2:54:08 PM,0,0.2397,16.658
6/10/2025,3:09:08 PM,0,0.2394,16.682
6/10/2025,3:24:08 PM,0,0.2384,16.693
6/10/2025,3:39:08 PM,0,0.2376,16.698
6/10/2025,3:54:08 PM,0,0.239,16.717
6/10/2025,4:09:08 PM,0,0.2379,16.722
6/10/2025,4:24:08 PM,0,0.2375,16.758
6/10/2025,4:39:08 PM,0,0.238,16.752
6/10/2025,4:54:08 PM,0,0.2388,16.769
6/10/2025,5:09:08 PM,0,0.2377,16.779
6/10/2025,5:24:08 PM,0,0.2373,16.781
6/10/2025,5:39:08 PM,0,0.2383,16.786
6/10/2025,5:54:08 PM,0,0.2404,16.796
6/10/2025,6:09:08 PM,0,0.2418,16.792
6/10/2025,6:24:08 PM,0,0.2431,16.809
6/10/2025,6:39:08 PM,0,0.2473,16.815
6/10/2025,6:54:08 PM,0,0.2485,16.819
6/10/2025,7:09:08 PM,0,0.2477,16.809
6/10/2025,7:24:08 PM,0,0.2482,16.817
6/10/2025,7:39:08 PM,0,0.2472,16.827
6/10/2025,7:54:08 PM,0,0.2466,16.832
6/10/2025,8:09:08 PM,0,0.2468,16.842
6/10/2025,8:24:08 PM,0,0.2495,16.85
6/10/2025,8:39:08 PM,0,0.2505,16.876
6/10/2025,8:54:08 PM,0,0.2522,16.874
6/10/2025,9:09:08 PM,0,0.253,16.864
6/10/2025,9:24:08 PM,0,0.2514,16.874
6/10/2025,9:39:08 PM,0,0.2494,16.868
6/10/2025,9:54:08 PM,0,0.2477,16.9
6/10/2025,10:09:08 PM,0,0.2468,16.865
6/10/2025,10:24:08 PM,0,0.2478,16.872
6/10/2025,10:39:08 PM,0,0.2468,16.886
6/10/2025,10:54:08 PM,0,0.2464,16.878
6/10/2025,11:09:08 PM,0,0.2449,16.887
6/10/2025,11:24:08 PM,0,0.2438,16.882
6/10/2025,11:39:08 PM,0,0.2447,16.884
6/10/2025,11:54:08 PM,0,0.2428,16.875
6/11/2025,12:09:08 AM,0,0.2433,16.876
6/11/2025,12:24:08 AM,0,0.2447,16.869
6/11/2025,12:39:08 AM,0,0.2444,16.861
6/11/2025,12:54:08 AM,0,0.2434,16.867
6/11/2025,1:09:08 AM,0,0.2402,16.873
6/11/2025,1:24:08 AM,0,0.2444,16.876
6/11/2025,1:39:08 AM,0,0.2456,16.867
6/11/2025,1:54:08 AM,0,0.2399,16.854
6/11/2025,2:09:08 AM,0,0.2423,16.838
6/11/2025,2:24:08 AM,0,0.2421,16.839
6/11/2025,2:39:08 AM,0,0.2441,16.835
6/11/2025,2:54:08 AM,0,0.2448,16.837
6/11/2025,3:09:08 AM,0,0.2427,16.775
6/11/2025,3:24:08 AM,0,0.2461,16.767
6/11/2025,3:39:08 AM,0,0.2485,16.774
6/11/2025,3:54:08 AM,0,0.2467,16.764
6/11/2025,4:09:08 AM,0,0.2484,16.746
6/11/2025,4:24:08 AM,0,0.2488,16.73
6/11/2025,4:39:08 AM,0,0.247,16.711
6/11/2025,4:54:08 AM,0,0.245,16.702
6/11/2025,5:09:08 AM,0,0.246,16.692
6/11/2025,5:24:08 AM,0,0.2478,16.685
6/11/2025,5:39:08 AM,0,0.25,16.676
6/11/2025,5:54:08 AM,0,0.2526,16.673
6/11/2025,6:09:08 AM,0,0.2549,16.663
6/11/2025,6:24:08 AM,0,0.255,16.661
6/11/2025,6:39:08 AM,0,0.2566,16.647
6/11/2025,6:54:08 AM,0,0.2578,16.648
6/11/2025,7:09:08 AM,0,0.2608,16.633
6/11/2025,7:24:08 AM,0,0.2608,16.618
6/11/2025,7:39:08 AM,0,0.2593,16.606
6/11/2025,7:54:08 AM,0,0.2597,16.6
6/11/2025,8:09:08 AM,0,0.2627,16.577
6/11/2025,8:24:08 AM,0,0.2619,16.57
6/11/2025,8:39:08 AM,0,0.2583,16.56
6/11/2025,8:54:08 AM,0,0.2545,16.548
6/11/2025,9:09:08 AM,0,0.252,16.549
6/11/2025,9:24:08 AM,0,0.25,16.548
6/11/2025,9:39:08 AM,0,0.2488,16.552
6/11/2025,9:54:08 AM,0,0.2501,16.556
6/11/2025,10:09:08 AM,0,0.2548,16.566
6/11/2025,10:24:08 AM,0,0.2586,16.569
6/11/2025,10:39:08 AM,0,0.2543,16.579
6/11/2025,10:54:08 AM,0,0.2515,16.585
6/11/2025,11:09:08 AM,0,0.2505,16.598
6/11/2025,11:24:08 AM,0,0.2469,16.607
6/11/2025,11:39:08 AM,0,0.2422,16.621
6/11/2025,11:54:08 AM,0,0.2433,16.627
6/11/2025,12:09:08 PM,0,0.2456,16.639
6/11/2025,12:24:08 PM,0,0.2435,16.655
6/11/2025,12:39:08 PM,0,0.2426,16.65
6/11/2025,12:54:08 PM,0,0.2438,16.655
6/11/2025,1:09:08 PM,0,0.2462,16.661
6/11/2025,1:24:08 PM,0,0.2422,16.669
6/11/2025,1:39:08 PM,0,0.2401,16.692
6/11/2025,1:54:08 PM,0,0.2423,16.699
6/11/2025,2:09:08 PM,0,0.2394,16.691
6/11/2025,2:24:08 PM,0,0.2392,16.716
6/11/2025,2:39:08 PM,0,0.2379,16.728
6/11/2025,2:54:08 PM,0,0.2384,16.738
6/11/2025,3:09:08 PM,0,0.2349,16.749
6/11/2025,3:24:08 PM,0,0.236,16.769
6/11/2025,3:39:08 PM,0,0.2349,16.775
6/11/2025,3:54:08 PM,0,0.2382,16.79
6/11/2025,4:09:08 PM,0,0.2354,16.803
6/11/2025,4:24:08 PM,0,0.2354,16.833
6/11/2025,4:39:08 PM,0,0.235,16.839
6/11/2025,4:54:08 PM,0,0.2363,16.875
6/11/2025,5:09:08 PM,0,0.2372,16.882
6/11/2025,5:24:08 PM,0,0.2375,16.896
6/11/2025,5:39:08 PM,0,0.2405,16.905
6/11/2025,5:54:08 PM,0,0.2426,16.916
6/11/2025,6:09:08 PM,0,0.2424,16.913
6/11/2025,6:24:08 PM,0,0.2438,16.924
6/11/2025,6:39:08 PM,0,0.2427,16.93
6/11/2025,6:54:08 PM,0,0.2418,16.954
6/11/2025,7:09:08 PM,0,0.2434,16.957
6/11/2025,7:24:08 PM,0,0.2455,17.149
6/11/2025,7:39:08 PM,0,0.2443,17.133
6/11/2025,7:54:08 PM,0,0.2465,17.131
6/11/2025,8:09:08 PM,0,0.2476,17.103
6/11/2025,8:24:08 PM,0,0.2476,17.095
6/11/2025,8:39:08 PM,0,0.2462,17.097
6/11/2025,8:54:08 PM,0,0.2457,17.086
6/11/2025,9:09:08 PM,0,0.249,17.089
6/11/2025,9:24:08 PM,0,0.2462,17.087
6/11/2025,9:39:08 PM,0,0.2462,17.088
6/11/2025,9:54:08 PM,0,0.2452,17.09
6/11/2025,10:09:08 PM,0,0.2439,17.087
6/11/2025,10:24:08 PM,0,0.2433,17.092
6/11/2025,10:39:08 PM,0,0.242,17.074
6/11/2025,10:54:08 PM,0,0.2414,17.067
6/11/2025,11:09:08 PM,0,0.2393,17.048
6/11/2025,11:24:08 PM,0,0.2397,17.028
6/11/2025,11:39:08 PM,0,0.239,16.994
6/11/2025,11:54:08 PM,0,0.2408,16.973
6/12/2025,12:09:08 AM,0,0.2398,16.938
6/12/2025,12:24:08 AM,0,0.244,16.907
6/12/2025,12:39:08 AM,0,0.2431,16.86
6/12/2025,12:54:08 AM,0,0.2424,16.811
6/12/2025,1:09:08 AM,0,0.24,16.777
6/12/2025,1:24:08 AM,0,0.2414,16.755
6/12/2025,1:39:08 AM,0,0.2416,16.721
6/12/2025,1:54:08 AM,0,0.2421,16.647
6/12/2025,2:09:08 AM,0,0.2412,16.586
6/12/2025,2:24:08 AM,0,0.2438,16.541
6/12/2025,2:39:08 AM,0,0.2474,16.514
6/12/2025,2:54:08 AM,0,0.2495,16.492
6/12/2025,3:09:08 AM,0,0.2518,16.465
6/12/2025,3:24:08 AM,0,0.2505,16.403
6/12/2025,3:39:08 AM,0,0.2491,16.361
6/12/2025,3:54:08 AM,0,0.2497,16.394
6/12/2025,4:09:08 AM,0,0.2498,16.368
6/12/2025,4:24:08 AM,0,0.2516,16.363
6/12/2025,4:39:08 AM,0,0.253,16.344
6/12/2025,4:54:08 AM,0,0.2563,16.308
6/12/2025,5:09:08 AM,0,0.2583,16.319
6/12/2025,5:24:08 AM,0,0.2564,16.336
6/12/2025,5:39:08 AM,0,0.2554,16.339
6/12/2025,5:54:08 AM,0,0.2546,16.31
6/12/2025,6:09:08 AM,0,0.2545,16.232
6/12/2025,6:24:08 AM,0,0.2576,16.191
6/12/2025,6:39:08 AM,0,0.2587,16.176
6/12/2025,6:54:08 AM,0,0.2602,16.175
6/12/2025,7:09:08 AM,0,0.2618,16.176
6/12/2025,7:24:08 AM,0,0.2606,16.162
6/12/2025,7:39:08 AM,0,0.2591,16.158
6/12/2025,7:54:08 AM,0,0.2578,16.154
6/12/2025,8:09:08 AM,0,0.2551,16.173
6/12/2025,8:24:08 AM,0,0.2497,16.165
6/12/2025,8:39:08 AM,0,0.2484,16.167
6/12/2025,8:54:08 AM,0,0.2493,16.184
6/12/2025,9:09:08 AM,0,0.2448,16.191
6/12/2025,9:24:08 AM,0,0.2468,16.217
6/12/2025,9:39:08 AM,0,0.2476,16.29
6/12/2025,9:54:08 AM,0,0.2507,16.267
6/12/2025,10:09:08 AM,0,0.2517,16.284
6/12/2025,10:24:08 AM,0,0.2513,16.315
6/12/2025,10:39:08 AM,0,0.2503,16.328
6/12/2025,10:54:08 AM,0,0.2494,16.347
6/12/2025,11:09:08 AM,0,0.2455,16.342
6/12/2025,11:24:08 AM,0,0.246,16.404
6/12/2025,11:39:08 AM,0,0.2435,16.404
6/12/2025,11:54:08 AM,0,0.2412,16.437
6/12/2025,12:09:08 PM,0,0.2423,16.407
6/12/2025,12:24:08 PM,0,0.2401,16.423
6/12/2025,12:39:08 PM,0,0.2397,16.442
6/12/2025,12:54:08 PM,0,0.2376,16.454
6/12/2025,1:09:08 PM,0,0.2416,16.474
6/12/2025,1:24:08 PM,0,0.2402,16.496
6/12/2025,1:39:08 PM,0,0.2413,16.494
6/12/2025,1:54:08 PM,0,0.2447,16.517
6/12/2025,2:09:08 PM,0,0.2429,16.528
6/12/2025,2:24:08 PM,0,0.2414,16.546
6/12/2025,2:39:08 PM,0,0.2402,16.592
6/12/2025,2:54:08 PM,0,0.2381,16.6
6/12/2025,3:09:08 PM,0,0.237,16.601
6/12/2025,3:24:08 PM,0,0.2377,16.635
6/12/2025,3:39:08 PM,0,0.2365,16.637
6/12/2025,3:54:08 PM,0,0.2374,16.673
6/12/2025,4:09:08 PM,0,0.2348,16.682
6/12/2025,4:24:08 PM,0,0.2358,16.715
6/12/2025,4:39:08 PM,0,0.2362,16.746
6/12/2025,4:54:08 PM,0,0.238,16.742
6/12/2025,5:09:08 PM,0,0.2399,16.746
6/12/2025,5:24:08 PM,0,0.2406,16.759
6/12/2025,5:39:08 PM,0,0.2404,16.767
6/12/2025,5:54:08 PM,0,0.2415,16.782
6/12/2025,6:09:08 PM,0,0.2411,16.79
6/12/2025,6:24:08 PM,0,0.2422,16.808
6/12/2025,6:39:08 PM,0,0.2421,16.828
6/12/2025,6:54:08 PM,0,0.2445,16.847
6/12/2025,7:09:08 PM,0,0.2458,16.874
6/12/2025,7:24:08 PM,0,0.2431,16.887
6/12/2025,7:39:08 PM,0,0.2438,16.89
6/12/2025,7:54:08 PM,0,0.2429,16.913
6/12/2025,8:09:08 PM,0,0.2418,16.932
6/12/2025,8:24:08 PM,0,0.2437,16.937
6/12/2025,8:39:08 PM,0,0.2462,16.953
6/12/2025,8:54:08 PM,0,0.2474,16.962
6/12/2025,9:09:08 PM,0,0.2497,16.96
6/12/2025,9:24:08 PM,0,0.2492,16.969
6/12/2025,9:39:08 PM,0,0.2478,17.024
6/12/2025,9:54:08 PM,0,0.2465,16.94
6/12/2025,10:09:08 PM,0,0.2462,16.983
6/12/2025,10:24:08 PM,0,0.2446,16.99
6/12/2025,10:39:08 PM,0,0.2466,16.992
6/12/2025,10:54:08 PM,0,0.2441,16.983
6/12/2025,11:09:08 PM,0,0.2423,16.979
6/12/2025,11:24:08 PM,0,0.2366,16.988
6/12/2025,11:39:08 PM,0,0.2397,16.975
6/12/2025,11:54:08 PM,0,0.2399,16.976
6/13/2025,12:09:08 AM,0,0.2422,16.98
6/13/2025,12:24:08 AM,0,0.2426,16.987
6/13/2025,12:39:08 AM,0,0.2462,16.958
6/13/2025,12:54:08 AM,0,0.2437,16.933
6/13/2025,1:09:08 AM,0,0.2409,16.931
6/13/2025,1:24:08 AM,0,0.24,16.924
6/13/2025,1:39:08 AM,0,0.2414,16.921
6/13/2025,1:54:08 AM,0,0.2394,16.915
6/13/2025,2:09:08 AM,0,0.2422,16.918
6/13/2025,2:24:08 AM,0,0.2401,16.899
6/13/2025,2:39:08 AM,0,0.2413,16.888
6/13/2025,2:54:08 AM,0,0.2407,16.878
6/13/2025,3:09:08 AM,0,0.2445,16.867
6/13/2025,3:24:08 AM,0,0.2436,16.866
6/13/2025,3:39:08 AM,0,0.2431,16.863
6/13/2025,3:54:08 AM,0,0.2466,16.867
6/13/2025,4:09:08 AM,0,0.2452,16.847
6/13/2025,4:24:08 AM,0,0.2447,16.852
6/13/2025,4:39:08 AM,0,0.2447,16.84
6/13/2025,4:54:08 AM,0,0.246,16.837
6/13/2025,5:09:08 AM,0,0.2476,16.827
6/13/2025,5:24:08 AM,0,0.2489,16.819
6/13/2025,5:39:08 AM,0,0.2499,16.815
6/13/2025,5:54:08 AM,0,0.25,16.806
6/13/2025,6:09:08 AM,0,0.2484,16.803
6/13/2025,6:24:08 AM,0,0.2497,16.793
6/13/2025,6:39:08 AM,0,0.2473,16.79
6/13/2025,6:54:08 AM,0,0.2465,16.78
6/13/2025,7:09:08 AM,0,0.249,16.782
6/13/2025,7:24:08 AM,0,0.2491,16.783
6/13/2025,7:39:08 AM,0,0.2513,16.777
6/13/2025,7:54:08 AM,0,0.2534,16.774
6/13/2025,8:09:08 AM,0,0.2536,16.772
6/13/2025,8:24:08 AM,0,0.2516,16.771
6/13/2025,8:39:08 AM,0,0.2501,16.765
6/13/2025,8:54:08 AM,0,0.2483,16.756
6/13/2025,9:09:08 AM,0,0.2487,16.757
6/13/2025,9:24:08 AM,0,0.2488,16.756
6/13/2025,9:39:08 AM,0,0.2496,16.755
6/13/2025,9:54:08 AM,0,0.2522,16.76
6/13/2025,10:09:08 AM,0,0.2492,16.757
6/13/2025,10:24:08 AM,0,0.2487,16.749
6/13/2025,10:39:08 AM,0,0.2513,16.744
6/13/2025,10:54:08 AM,0,0.2476,16.744
6/13/2025,11:09:08 AM,0,0.2461,16.745
6/13/2025,11:24:08 AM,0,0.2456,16.745
6/13/2025,11:39:08 AM,0,0.2442,16.745
6/13/2025,11:54:08 AM,0,0.2435,16.749
6/13/2025,12:09:08 PM,0,0.2427,16.748
6/13/2025,12:24:08 PM,0,0.2458,16.748
6/13/2025,12:39:08 PM,0,0.2452,16.745
6/13/2025,12:54:08 PM,0,0.2455,16.745
6/13/2025,1:09:08 PM,0,0.244,16.744
6/13/2025,1:24:08 PM,0,0.2438,16.753
6/13/2025,1:39:08 PM,0,0.2448,16.765
6/13/2025,1:54:08 PM,0,0.2417,16.769
6/13/2025,2:09:08 PM,0,0.2424,16.774
6/13/2025,2:24:08 PM,0,0.2395,16.796
6/13/2025,2:39:08 PM,0,0.2416,16.798
6/13/2025,2:54:08 PM,0,0.2373,16.801
6/13/2025,3:09:08 PM,0,0.2395,16.818
6/13/2025,3:24:08 PM,0,0.2411,16.844
6/13/2025,3:39:08 PM,0,0.2399,16.843
6/13/2025,3:54:08 PM,0,0.2421,16.862
6/13/2025,4:09:08 PM,0,0.2419,16.865
6/13/2025,4:24:08 PM,0,0.2414,16.894
6/13/2025,4:39:08 PM,0,0.2406,16.903
6/13/2025,4:54:08 PM,0,0.2404,16.918
6/13/2025,5:09:08 PM,0,0.2399,16.927
6/13/2025,5:24:08 PM,0,0.2393,16.929
6/13/2025,5:39:08 PM,0,0.2394,16.926
6/13/2025,5:54:08 PM,0,0.2396,16.934
6/13/2025,6:09:08 PM,0,0.2412,16.941
6/13/2025,6:24:08 PM,0,0.2436,16.944
6/13/2025,6:39:08 PM,0,0.2442,16.951
6/13/2025,6:54:08 PM,0,0.2454,16.953
6/13/2025,7:09:08 PM,0,0.2453,16.96
6/13/2025,7:24:08 PM,0,0.2448,16.96
6/13/2025,7:39:08 PM,0,0.2437,16.963
6/13/2025,7:54:08 PM,0,0.2436,16.986
6/13/2025,8:09:08 PM,0,0.2458,16.989
6/13/2025,8:24:08 PM,0,0.2462,17.032
6/13/2025,8:39:08 PM,0,0.2469,17.039
6/13/2025,8:54:08 PM,0,0.2503,17.042
6/13/2025,9:09:08 PM,0,0.2534,17.051
6/13/2025,9:24:08 PM,0,0.2535,17.052
6/13/2025,9:39:08 PM,0,0.2548,17.072
6/13/2025,9:54:08 PM,0,0.2541,17.06
6/13/2025,10:09:08 PM,0,0.2513,17.06
6/13/2025,10:24:08 PM,0,0.2478,17.047
6/13/2025,10:39:08 PM,0,0.2463,17.053
6/13/2025,10:54:08 PM,0,0.2445,17.043
6/13/2025,11:09:08 PM,0,0.2442,17.041
6/13/2025,11:24:08 PM,0,0.2426,17.03
6/13/2025,11:39:08 PM,0,0.2457,17.047
6/13/2025,11:54:08 PM,0,0.2457,17.062
6/14/2025,12:09:08 AM,0,0.2459,17.05
6/14/2025,12:24:08 AM,0,0.2455,17.056
6/14/2025,12:39:08 AM,0,0.2464,17.042
6/14/2025,12:54:08 AM,0,0.2449,17.037
6/14/2025,1:09:08 AM,0,0.2425,17.037
6/14/2025,1:24:08 AM,0,0.2412,17.035
6/14/2025,1:39:08 AM,0,0.2415,17.014
6/14/2025,1:54:08 AM,0,0.2411,17.007
6/14/2025,2:09:08 AM,0,0.2445,17.007
6/14/2025,2:24:08 AM,0,0.2505,17.003
6/14/2025,2:39:08 AM,0,0.246,16.989
6/14/2025,2:54:08 AM,0,0.2498,16.972
6/14/2025,3:09:08 AM,0,0.2514,16.979
6/14/2025,3:24:08 AM,0,0.2511,16.971
6/14/2025,3:39:08 AM,0,0.2429,16.963
6/14/2025,3:54:08 AM,0,0.2527,16.958
6/14/2025,4:09:08 AM,0,0.2535,16.953
6/14/2025,4:24:08 AM,0,0.2537,16.939
6/14/2025,4:39:08 AM,0,0.2534,16.937
6/14/2025,4:54:08 AM,0,0.2558,16.934
6/14/2025,5:09:08 AM,0,0.2589,16.924
6/14/2025,5:24:08 AM,0,0.2594,16.917
6/14/2025,5:39:08 AM,0,0.2598,16.909
6/14/2025,5:54:08 AM,0,0.2592,16.9
6/14/2025,6:09:08 AM,0,0.2579,16.899
6/14/2025,6:24:08 AM,0,0.2558,16.904
6/14/2025,6:39:08 AM,0,0.2555,16.899
6/14/2025,6:54:08 AM,0,0.2569,16.894
6/14/2025,7:09:08 AM,0,0.257,16.889
6/14/2025,7:24:08 AM,0,0.2548,16.886
6/14/2025,7:39:08 AM,0,0.2546,16.866
6/14/2025,7:54:08 AM,0,0.2535,16.861
6/14/2025,8:09:08 AM,0,0.2508,16.856
6/14/2025,8:24:08 AM,0,0.2492,16.856
6/14/2025,8:39:08 AM,0,0.2536,16.844
6/14/2025,8:54:08 AM,0,0.2525,16.846
6/14/2025,9:09:08 AM,0,0.2522,16.84
6/14/2025,9:24:08 AM,0,0.2488,16.835
6/14/2025,9:39:08 AM,0,0.2472,16.832
6/14/2025,9:54:08 AM,0,0.2464,16.829
6/14/2025,10:09:08 AM,0,0.2448,16.821
6/14/2025,10:24:08 AM,0,0.2447,16.821
6/14/2025,10:39:08 AM,0,0.2464,16.82
6/14/2025,10:54:08 AM,0,0.2494,16.822
6/14/2025,11:09:08 AM,0,0.2505,16.84
6/14/2025,11:24:08 AM,0,0.25,16.839
6/14/2025,11:39:08 AM,0,0.2491,16.837
6/14/2025,11:54:08 AM,0,0.2478,16.838
6/14/2025,12:09:08 PM,0,0.2444,16.838
6/14/2025,12:24:08 PM,0,0.2404,16.838
6/14/2025,12:39:08 PM,0,0.2384,16.842
6/14/2025,12:54:08 PM,0,0.2394,16.847
6/14/2025,1:09:08 PM,0,0.2392,16.846
6/14/2025,1:24:08 PM,0,0.2377,16.847
6/14/2025,1:39:08 PM,0,0.2354,16.851
6/14/2025,1:54:08 PM,0,0.2334,16.858
6/14/2025,2:09:08 PM,0,0.2305,16.865
6/14/2025,2:24:08 PM,0,0.2341,16.873
6/14/2025,2:39:08 PM,0,0.2342,16.886
6/14/2025,2:54:08 PM,0,0.2373,16.9
6/14/2025,3:09:08 PM,0,0.2372,16.9
6/14/2025,3:24:08 PM,0,0.2376,16.906
6/14/2025,3:39:08 PM,0,0.2379,16.916
6/14/2025,3:54:08 PM,0,0.2331,16.94
6/14/2025,4:09:08 PM,0,0.2337,16.957
6/14/2025,4:24:08 PM,0,0.2323,16.991
6/14/2025,4:39:08 PM,0,0.2311,17.007
6/14/2025,4:54:08 PM,0,0.2308,17.034
6/14/2025,5:09:08 PM,0,0.2307,17.05
6/14/2025,5:24:08 PM,0,0.2329,17.048
6/14/2025,5:39:08 PM,0,0.2348,17.051
6/14/2025,5:54:08 PM,0,0.2367,17.095
6/14/2025,6:09:08 PM,0,0.2387,17.097
6/14/2025,6:24:08 PM,0,0.2425,17.096
6/14/2025,6:39:08 PM,0,0.2451,17.103
6/14/2025,6:54:08 PM,0,0.2443,17.102
6/14/2025,7:09:08 PM,0,0.2445,17.106
6/14/2025,7:24:08 PM,0,0.2454,17.108
6/14/2025,7:39:08 PM,0,0.2422,17.122
6/14/2025,7:54:08 PM,0,0.2435,17.128
6/14/2025,8:09:08 PM,0,0.2448,17.144
6/14/2025,8:24:08 PM,0,0.2456,17.143
6/14/2025,8:39:08 PM,0,0.2486,17.131
6/14/2025,8:54:08 PM,0,0.2527,17.13
6/14/2025,9:09:08 PM,0,0.2518,17.145
6/14/2025,9:24:08 PM,0,0.2512,17.166
6/14/2025,9:39:08 PM,0,0.2457,17.172
6/14/2025,9:54:08 PM,0,0.2422,17.162
6/14/2025,10:09:08 PM,0,0.2395,17.157
6/14/2025,10:24:08 PM,0,0.2404,17.135
6/14/2025,10:39:08 PM,0,0.2428,17.112
6/14/2025,10:54:08 PM,0,0.244,17.071
6/14/2025,11:09:08 PM,0,0.243,17.057
6/14/2025,11:24:08 PM,0,0.2443,17.045
6/14/2025,11:39:08 PM,0,0.2434,17.015
6/14/2025,11:54:08 PM,0,0.2419,16.99
6/15/2025,12:09:08 AM,0,0.2399,16.941
6/15/2025,12:24:08 AM,0,0.2378,16.873
6/15/2025,12:39:08 AM,0,0.237,16.818
6/15/2025,12:54:08 AM,0,0.2378,16.751
6/15/2025,1:09:08 AM,0,0.2404,16.709
6/15/2025,1:24:08 AM,0,0.2432,16.683
6/15/2025,1:39:08 AM,0,0.2449,16.625
6/15/2025,1:54:08 AM,0,0.2464,16.585
6/15/2025,2:09:08 AM,0,0.2456,16.538
6/15/2025,2:24:08 AM,0,0.245,16.499
6/15/2025,2:39:08 AM,0,0.2451,16.45
6/15/2025,2:54:08 AM,0,0.2445,16.447
6/15/2025,3:09:08 AM,0,0.2485,16.414
6/15/2025,3:24:08 AM,0,0.2494,16.385
6/15/2025,3:39:08 AM,0,0.2501,16.346
6/15/2025,3:54:08 AM,0,0.2534,16.307
6/15/2025,4:09:08 AM,0,0.2557,16.28
6/15/2025,4:24:08 AM,0,0.2522,16.268
6/15/2025,4:39:08 AM,0,0.2494,16.248
6/15/2025,4:54:08 AM,0,0.2539,16.251
6/15/2025,5:09:08 AM,0,0.2576,16.268
6/15/2025,5:24:08 AM,0,0.2607,16.2
6/15/2025,5:39:08 AM,0,0.2627,16.173
6/15/2025,5:54:08 AM,0,0.264,16.344
6/15/2025,6:09:08 AM,0,0.2627,16.347
6/15/2025,6:24:08 AM,0,0.2557,16.345
6/15/2025,6:39:08 AM,0,0.2543,16.31
6/15/2025,6:54:08 AM,0,0.254,16.267
6/15/2025,7:09:08 AM,0,0.2582,16.206
6/15/2025,7:24:08 AM,0,0.2577,16.17
6/15/2025,7:39:08 AM,0,0.258,16.144
6/15/2025,7:54:08 AM,0,0.2562,16.129
6/15/2025,8:09:08 AM,0,0.2576,16.119
6/15/2025,8:24:08 AM,0,0.2529,16.117
6/15/2025,8:39:08 AM,0,0.2548,16.119
6/15/2025,8:54:08 AM,0,0.2536,16.114
6/15/2025,9:09:08 AM,0,0.2445,16.095
6/15/2025,9:24:08 AM,0,0.2489,16.106
6/15/2025,9:39:08 AM,0,0.2481,16.127
6/15/2025,9:54:08 AM,0,0.2449,16.162
6/15/2025,10:09:08 AM,0,0.2469,16.193
6/15/2025,10:24:08 AM,0,0.251,16.223
6/15/2025,10:39:08 AM,0,0.2455,16.254
6/15/2025,10:54:08 AM,0,0.2435,16.273
6/15/2025,11:09:08 AM,0,0.2462,16.307
6/15/2025,11:24:08 AM,0,0.2457,16.328
6/15/2025,11:39:08 AM,0,0.2418,16.354
6/15/2025,11:54:08 AM,0,0.2393,16.373
6/15/2025,12:09:08 PM,0,0.2438,16.402
6/15/2025,12:24:08 PM,0,0.241,16.425
6/15/2025,12:39:08 PM,0,0.2375,16.438
6/15/2025,12:54:08 PM,0,0.2419,16.465
6/15/2025,1:09:08 PM,0,0.2413,16.487
6/15/2025,1:24:08 PM,0,0.2356,16.476
6/15/2025,1:39:08 PM,0,0.2301,16.51
6/15/2025,1:54:08 PM,0,0.2329,16.513
6/15/2025,2:09:08 PM,0,0.23,16.529
6/15/2025,2:24:08 PM,0,0.2297,16.558
6/15/2025,2:39:08 PM,0,0.2317,16.574
6/15/2025,2:54:08 PM,0,0.2354,16.548
6/15/2025,3:09:08 PM,0,0.2292,16.578
6/15/2025,3:24:08 PM,0,0.2297,16.613
6/15/2025,3:39:08 PM,0,0.2319,16.598
6/15/2025,3:54:08 PM,0,0.2304,16.621
6/15/2025,4:09:08 PM,0,0.2321,16.673
6/15/2025,4:24:08 PM,0,0.23,16.663
6/15/2025,4:39:08 PM,0,0.2342,16.664
6/15/2025,4:54:08 PM,0,0.2329,16.709
6/15/2025,5:09:08 PM,0,0.2355,16.703
6/15/2025,5:24:08 PM,0,0.2355,16.739
6/15/2025,5:39:08 PM,0,0.2385,16.76
6/15/2025,5:54:08 PM,0,0.2381,16.77
6/15/2025,6:09:08 PM,0,0.243,16.784
6/15/2025,6:24:08 PM,0,0.2413,16.8
6/15/2025,6:39:08 PM,0,0.2444,16.838
6/15/2025,6:54:08 PM,0,0.2488,16.834
6/15/2025,7:09:08 PM,0,0.2483,16.876
6/15/2025,7:24:08 PM,0,0.2503,16.886
6/15/2025,7:39:08 PM,0,0.2524,16.908
6/15/2025,7:54:08 PM,0,0.2515,16.912
6/15/2025,8:09:08 PM,0,0.2524,16.904
6/15/2025,8:24:08 PM,0,0.2494,16.912
6/15/2025,8:39:08 PM,0,0.2492,16.932
6/15/2025,8:54:08 PM,0,0.2519,16.927
6/15/2025,9:09:08 PM,0,0.2536,16.95
6/15/2025,9:24:08 PM,0,0.2515,16.958
6/15/2025,9:39:08 PM,0,0.2514,16.967
6/15/2025,9:54:08 PM,0,0.2537,16.978
6/15/2025,10:09:08 PM,0,0.2535,16.986
6/15/2025,10:24:08 PM,0,0.2489,17.014
6/15/2025,10:39:08 PM,0,0.2493,17.01
6/15/2025,10:54:08 PM,0,0.2486,17.036
6/15/2025,11:09:08 PM,0,0.2434,17.041
6/15/2025,11:24:08 PM,0,0.2422,17.063
6/15/2025,11:39:08 PM,0,0.2404,17.045
6/15/2025,11:54:08 PM,0,0.2449,17.041
6/16/2025,12:09:08 AM,0,0.2416,17.047
6/16/2025,12:24:08 AM,0,0.2418,17.028
6/16/2025,12:39:08 AM,0,0.2427,17.048
6/16/2025,12:54:08 AM,0,0.2423,17.031
6/16/2025,1:09:08 AM,0,0.2406,17.055
6/16/2025,1:24:08 AM,0,0.2395,17.045
6/16/2025,1:39:08 AM,0,0.242,17.046
6/16/2025,1:54:08 AM,0,0.2454,17.024
6/16/2025,2:09:08 AM,0,0.2459,16.968
6/16/2025,2:24:08 AM,0,0.2476,16.934
6/16/2025,2:39:08 AM,0,0.2485,16.9
6/16/2025,2:54:08 AM,0,0.2482,16.878
6/16/2025,3:09:08 AM,0,0.2493,16.81
6/16/2025,3:24:08 AM,0,0.2482,16.794
6/16/2025,3:39:08 AM,0,0.2493,16.749
6/16/2025,3:54:08 AM,0,0.2475,16.715
6/16/2025,4:09:08 AM,0,0.2477,16.662
6/16/2025,4:24:08 AM,0,0.2478,16.623
6/16/2025,4:39:08 AM,0,0.2473,16.586
6/16/2025,4:54:08 AM,0,0.2495,16.542
6/16/2025,5:09:08 AM,0,0.2523,16.489
6/16/2025,5:24:08 AM,0,0.2536,16.457
6/16/2025,5:39:08 AM,0,0.2517,16.426
6/16/2025,5:54:08 AM,0,0.2539,16.407
6/16/2025,6:09:08 AM,0,0.2516,16.402
6/16/2025,6:24:08 AM,0,0.2498,16.392
6/16/2025,6:39:08 AM,0,0.2461,16.389
6/16/2025,6:54:08 AM,0,0.2445,16.388
6/16/2025,7:09:08 AM,0,0.245,16.387
6/16/2025,7:24:08 AM,0,0.2462,16.389
6/16/2025,7:39:08 AM,0,0.2475,16.39
6/16/2025,7:54:08 AM,0,0.2512,16.393
6/16/2025,8:09:08 AM,0,0.2512,16.392
6/16/2025,8:24:08 AM,0,0.2527,16.395
6/16/2025,8:39:08 AM,0,0.2489,16.403
6/16/2025,8:54:08 AM,0,0.2476,16.405
6/16/2025,9:09:08 AM,0,0.2454,16.408
6/16/2025,9:24:08 AM,0,0.2438,16.408
6/16/2025,9:39:08 AM,0,0.241,16.417
6/16/2025,9:54:08 AM,0,0.2428,16.426
6/16/2025,10:09:08 AM,0,0.2425,16.438
6/16/2025,10:24:08 AM,0,0.2417,16.445
6/16/2025,10:39:08 AM,0,0.2461,16.462
6/16/2025,10:54:08 AM,0,0.2449,16.492
6/16/2025,11:09:08 AM,0,0.2411,16.515
6/16/2025,11:24:08 AM,0,0.2368,16.546
6/16/2025,11:39:08 AM,0,0.2368,16.575
6/16/2025,11:54:08 AM,0,0.2357,16.585
6/16/2025,12:09:08 PM,0,0.2355,16.631
6/16/2025,12:24:08 PM,0,0.2394,16.648
6/16/2025,12:39:08 PM,0,0.2424,16.629
6/16/2025,12:54:08 PM,0,0.2385,16.682
6/16/2025,1:09:08 PM,0,0.2389,16.707
6/16/2025,1:24:08 PM,0,0.2365,16.709
6/16/2025,1:39:08 PM,0,0.2372,16.736
6/16/2025,1:54:08 PM,0,0.2318,16.75
6/16/2025,2:09:08 PM,0,0.237,16.758
6/16/2025,2:24:08 PM,0,0.2365,16.778
6/16/2025,2:39:08 PM,0,0.2347,16.794
6/16/2025,2:54:08 PM,0,0.2366,16.834
6/16/2025,3:09:08 PM,0,0.2373,16.806
6/16/2025,3:24:08 PM,0,0.2355,16.878
6/16/2025,3:39:08 PM,0,0.2336,16.883
6/16/2025,3:54:08 PM,0,0.2342,16.915
6/16/2025,4:09:08 PM,0,0.2349,16.93
6/16/2025,4:24:08 PM,0,0.2354,16.973
6/16/2025,4:39:08 PM,0,0.2369,16.976
6/16/2025,4:54:08 PM,0,0.2364,16.983
6/16/2025,5:09:08 PM,0,0.24,17.02
6/16/2025,5:24:08 PM,0,0.2376,17.027
6/16/2025,5:39:08 PM,0,0.2413,17.061
6/16/2025,5:54:08 PM,0,0.2395,17.059
6/16/2025,6:09:08 PM,0,0.2415,17.101
6/16/2025,6:24:08 PM,0,0.245,17.108
6/16/2025,6:39:08 PM,0,0.2447,17.142
6/16/2025,6:54:08 PM,0,0.2446,17.134
6/16/2025,7:09:08 PM,0,0.2432,17.166
6/16/2025,7:24:08 PM,0,0.245,17.176
6/16/2025,7:39:08 PM,0,0.2416,17.202
6/16/2025,7:54:08 PM,0,0.2433,17.238
6/16/2025,8:09:08 PM,0,0.2449,17.246
6/16/2025,8:24:08 PM,0,0.2433,17.28
6/16/2025,8:39:08 PM,0,0.2442,17.244
6/16/2025,8:54:08 PM,0,0.2474,17.271
6/16/2025,9:09:08 PM,0,0.2455,17.271
6/16/2025,9:24:08 PM,0,0.2473,17.314
6/16/2025,9:39:08 PM,0,0.2444,17.318
6/16/2025,9:54:08 PM,0,0.2434,17.33
6/16/2025,10:09:08 PM,0,0.2404,17.317
6/16/2025,10:24:08 PM,0,0.2397,17.336
6/16/2025,10:39:08 PM,0,0.2404,17.362
6/16/2025,10:54:08 PM,0,0.2407,17.336
6/16/2025,11:09:08 PM,0,0.2408,17.336
6/16/2025,11:24:08 PM,0,0.2436,17.34
6/16/2025,11:39:08 PM,0,0.2463,17.357
6/16/2025,11:54:08 PM,0,0.2427,17.364
6/17/2025,12:09:08 AM,0,0.2443,17.357
6/17/2025,12:24:08 AM,0,0.2435,17.354
6/17/2025,12:39:08 AM,0,0.2415,17.343
6/17/2025,12:54:08 AM,0,0.2445,17.319
6/17/2025,1:09:08 AM,0,0.2466,17.301
6/17/2025,1:24:08 AM,0,0.2443,17.267
6/17/2025,1:39:08 AM,0,0.2437,17.247
6/17/2025,1:54:08 AM,0,0.2451,17.214
6/17/2025,2:09:08 AM,0,0.2444,17.169
6/17/2025,2:24:08 AM,0,0.2386,17.153
6/17/2025,2:39:08 AM,0,0.2422,17.121
6/17/2025,2:54:08 AM,0,0.2421,17.095
6/17/2025,3:09:08 AM,0,0.2409,17.071
6/17/2025,3:24:08 AM,0,0.2419,17.045
6/17/2025,3:39:08 AM,0,0.2455,17.007
6/17/2025,3:54:08 AM,0,0.2438,16.961
6/17/2025,4:09:08 AM,0,0.2458,16.925
6/17/2025,4:24:08 AM,0,0.249,16.885
6/17/2025,4:39:08 AM,0,0.2506,16.843
6/17/2025,4:54:08 AM,0,0.2503,16.793
6/17/2025,5:09:08 AM,0,0.2551,16.747
6/17/2025,5:24:08 AM,0,0.2531,16.708
6/17/2025,5:39:08 AM,0,0.2532,16.665
6/17/2025,5:54:08 AM,0,0.2536,16.647
6/17/2025,6:09:08 AM,0,0.253,16.615
6/17/2025,6:24:08 AM,0,0.2542,16.601
6/17/2025,6:39:08 AM,0,0.2524,16.583
6/17/2025,6:54:08 AM,0,0.2534,16.569
6/17/2025,7:09:08 AM,0,0.2534,16.566
6/17/2025,7:24:08 AM,0,0.2542,16.549
6/17/2025,7:39:08 AM,0,0.2565,16.547
6/17/2025,7:54:08 AM,0,0.2545,16.537
6/17/2025,8:09:08 AM,0,0.2518,16.531
6/17/2025,8:24:08 AM,0,0.25,16.523
6/17/2025,8:39:08 AM,0,0.2484,16.523
6/17/2025,8:54:08 AM,0,0.2463,16.526
6/17/2025,9:09:08 AM,0,0.2445,16.532
6/17/2025,9:24:08 AM,0,0.2443,16.545
6/17/2025,9:39:08 AM,0,0.2474,16.564
6/17/2025,9:54:08 AM,0,0.2443,16.578
6/17/2025,10:09:08 AM,0,0.2461,16.599
6/17/2025,10:24:08 AM,0,0.2455,16.626
6/17/2025,10:39:08 AM,0,0.2432,16.658
6/17/2025,10:54:08 AM,0,0.243,16.681
6/17/2025,11:09:08 AM,0,0.242,16.73
6/17/2025,11:24:08 AM,0,0.2399,16.748
6/17/2025,11:39:08 AM,0,0.2413,16.774
6/17/2025,11:54:08 AM,0,0.2372,16.811
6/17/2025,12:09:08 PM,0,0.2353,16.842
6/17/2025,12:24:08 PM,0,0.2342,16.868
6/17/2025,12:39:08 PM,0,0.2352,16.895
6/17/2025,12:54:08 PM,0,0.2356,16.917
6/17/2025,1:09:08 PM,0,0.2347,16.971
6/17/2025,1:24:08 PM,0,0.2359,16.971
6/17/2025,1:39:08 PM,0,0.2322,16.986
6/17/2025,1:54:08 PM,0,0.2329,16.994
6/17/2025,2:09:08 PM,0,0.2321,17.022
6/17/2025,2:24:08 PM,0,0.2321,17.032
6/17/2025,2:39:08 PM,0,0.2316,17.064
6/17/2025,2:54:08 PM,0,0.2331,17.042
6/17/2025,3:09:08 PM,0,0.2345,17.079
6/17/2025,3:24:08 PM,0,0.2338,17.112
6/17/2025,3:39:08 PM,0,0.2317,17.122
6/17/2025,3:54:08 PM,0,0.2318,17.155
6/17/2025,4:09:08 PM,0,0.2326,17.164
6/17/2025,4:24:08 PM,0,0.229,17.187
6/17/2025,4:39:08 PM,0,0.2336,17.198
6/17/2025,4:54:08 PM,0,0.2293,17.235
6/17/2025,5:09:08 PM,0,0.2333,17.259
6/17/2025,5:24:08 PM,0,0.2298,17.321
6/17/2025,5:39:08 PM,0,0.2327,17.284
6/17/2025,5:54:08 PM,0,0.2321,17.337
6/17/2025,6:09:08 PM,0,0.235,17.333
6/17/2025,6:24:08 PM,0,0.2389,17.401
6/17/2025,6:39:08 PM,0,0.2404,17.395
6/17/2025,6:54:08 PM,0,0.2395,17.428
6/17/2025,7:09:08 PM,0,0.2399,17.425
6/17/2025,7:24:08 PM,0,0.2399,17.458
6/17/2025,7:39:08 PM,0,0.2396,17.467
6/17/2025,7:54:08 PM,0,0.2424,17.491
6/17/2025,8:09:08 PM,0,0.2444,17.518
6/17/2025,8:24:08 PM,0,0.2469,17.505
6/17/2025,8:39:08 PM,0,0.2473,17.527
6/17/2025,8:54:08 PM,0,0.2479,17.527
6/17/2025,9:09:08 PM,0,0.2509,17.555
6/17/2025,9:24:08 PM,0,0.2522,17.559
6/17/2025,9:39:08 PM,0,0.2495,17.572
6/17/2025,9:54:08 PM,0,0.2502,17.558
6/17/2025,10:09:08 PM,0,0.2477,17.56
6/17/2025,10:24:08 PM,0,0.2435,17.583
6/17/2025,10:39:08 PM,0,0.2398,17.608
6/17/2025,10:54:08 PM,0,0.238,17.62
6/17/2025,11:09:08 PM,0,0.239,17.62
6/17/2025,11:24:08 PM,0,0.239,17.613
6/17/2025,11:39:08 PM,0,0.2401,17.63
6/17/2025,11:54:08 PM,0,0.2419,17.628
6/18/2025,12:09:08 AM,0,0.2444,17.625
6/18/2025,12:24:08 AM,0,0.2434,17.653
6/18/2025,12:39:08 AM,0,0.2426,17.633
6/18/2025,12:54:08 AM,0,0.2414,17.649
6/18/2025,1:09:08 AM,0,0.2399,17.634
6/18/2025,1:24:08 AM,0,0.2406,17.649
6/18/2025,1:39:08 AM,0,0.2397,17.627
6/18/2025,1:54:08 AM,0,0.2411,17.643
6/18/2025,2:09:08 AM,0,0.2409,17.593
6/18/2025,2:24:08 AM,0,0.2432,17.591
6/18/2025,2:39:08 AM,0,0.2422,17.536
6/18/2025,2:54:08 AM,0,0.2444,17.539
6/18/2025,3:09:08 AM,0,0.2432,17.503
6/18/2025,3:24:08 AM,0,0.2437,17.485
6/18/2025,3:39:08 AM,0,0.2441,17.458
6/18/2025,3:54:08 AM,0,0.2442,17.415
6/18/2025,4:09:08 AM,0,0.2465,17.406
6/18/2025,4:24:08 AM,0,0.2458,17.371
6/18/2025,4:39:08 AM,0,0.2537,17.27
6/18/2025,4:54:08 AM,0,0.2548,17.213
6/18/2025,5:09:08 AM,0,0.2536,17.181
6/18/2025,5:24:08 AM,0,0.253,17.135
6/18/2025,5:39:08 AM,0,0.2521,17.108
6/18/2025,5:54:08 AM,0,0.252,17.062
6/18/2025,6:09:08 AM,0,0.2533,17.026
6/18/2025,6:24:08 AM,0,0.2519,17.002
6/18/2025,6:39:08 AM,0,0.2532,16.987
6/18/2025,6:54:08 AM,0,0.2528,16.975
6/18/2025,7:09:08 AM,0,0.2533,16.967
6/18/2025,7:24:08 AM,0,0.2533,16.96
6/18/2025,7:39:08 AM,0,0.254,16.952
6/18/2025,7:54:08 AM,0,0.2531,16.96
6/18/2025,8:09:08 AM,0,0.2529,16.955
6/18/2025,8:24:08 AM,0,0.2521,16.985
6/18/2025,8:39:08 AM,0,0.2532,16.968
6/18/2025,8:54:08 AM,0,0.25,16.958
6/18/2025,9:09:08 AM,0,0.247,16.971
6/18/2025,9:24:08 AM,0,0.248,16.975
6/18/2025,9:39:08 AM,0,0.2482,16.983
6/18/2025,9:54:08 AM,0,0.2497,17.001
6/18/2025,10:09:08 AM,0,0.2532,17.008
6/18/2025,10:24:08 AM,0,0.2578,17.042
6/18/2025,10:39:08 AM,0,0.2607,17.068
6/18/2025,10:54:08 AM,0,0.2646,17.086
6/18/2025,11:09:08 AM,0,0.2643,17.128
6/18/2025,11:24:08 AM,0,0.263,17.149
6/18/2025,11:39:08 AM,0,0.2625,17.192
6/18/2025,11:54:08 AM,0,0.2615,17.239
6/18/2025,12:09:08 PM,0,0.2599,17.269
6/18/2025,12:24:08 PM,0,0.2593,17.272
6/18/2025,12:39:08 PM,0,0.2581,17.303
6/18/2025,12:54:08 PM,0,0.2575,17.318
6/18/2025,1:09:08 PM,0,0.2565,17.339
6/18/2025,1:24:08 PM,0,0.255,17.361
6/18/2025,1:39:08 PM,0,0.2529,17.367
6/18/2025,1:54:08 PM,0,0.2533,17.39
6/18/2025,2:09:08 PM,0,0.252,17.382
6/18/2025,2:24:08 PM,0,0.2492,17.424
6/18/2025,2:39:08 PM,0,0.2487,17.419
6/18/2025,2:54:08 PM,0,0.2473,17.442
6/18/2025,3:09:08 PM,0,0.2476,17.453
6/18/2025,3:24:08 PM,0,0.247,17.48
6/18/2025,3:39:08 PM,0,0.2448,17.538
6/18/2025,3:54:08 PM,0,0.2443,17.539
6/18/2025,4:09:08 PM,0,0.2448,17.561
6/18/2025,4:24:08 PM,0,0.2453,17.564
6/18/2025,4:39:08 PM,0,0.2453,17.583
6/18/2025,4:54:08 PM,0,0.2452,17.602
6/18/2025,5:09:08 PM,0,0.2458,17.649
6/18/2025,5:24:08 PM,0,0.2465,17.654
6/18/2025,5:39:08 PM,0,0.2469,17.665
6/18/2025,5:54:08 PM,0,0.2503,17.676
6/18/2025,6:09:08 PM,0,0.2522,17.657
6/18/2025,6:24:08 PM,0,0.2527,17.685
6/18/2025,6:39:08 PM,0,0.251,17.669
6/18/2025,6:54:08 PM,0,0.2518,17.627
6/18/2025,7:09:08 PM,0,0.2515,17.634
6/18/2025,7:24:08 PM,0,0.2482,17.639
6/18/2025,7:39:08 PM,0,0.2486,17.64
6/18/2025,7:54:08 PM,0,0.2501,17.651
6/18/2025,8:09:08 PM,0,0.2496,17.675
6/18/2025,8:24:08 PM,0,0.2518,17.691
6/18/2025,8:39:08 PM,0,0.2553,17.695
6/18/2025,8:54:08 PM,0,0.2555,17.686
6/18/2025,9:09:08 PM,0,0.2563,17.698
6/18/2025,9:24:08 PM,0,0.2513,17.704
6/18/2025,9:39:08 PM,0,0.2494,17.694
6/18/2025,9:54:08 PM,0,0.2461,17.686
6/18/2025,10:09:08 PM,0,0.2447,17.703
6/18/2025,10:24:08 PM,0,0.2426,17.706
6/18/2025,10:39:08 PM,0,0.2448,17.674
6/18/2025,10:54:08 PM,0,0.2455,17.668
6/18/2025,11:09:08 PM,0,0.2465,17.657
6/18/2025,11:24:08 PM,0,0.247,17.629
6/18/2025,11:39:08 PM,0,0.2455,17.622
6/18/2025,11:54:08 PM,0,0.2435,17.616
6/19/2025,12:09:08 AM,0,0.2413,17.6
6/19/2025,12:24:08 AM,0,0.2423,17.576
6/19/2025,12:39:08 AM,0,0.2423,17.576
6/19/2025,12:54:08 AM,0,0.2432,17.548
6/19/2025,1:09:08 AM,0,0.2445,17.511
6/19/2025,1:24:08 AM,0,0.2467,17.456
6/19/2025,1:39:08 AM,0,0.2495,17.433
6/19/2025,1:54:08 AM,0,0.2514,17.393
6/19/2025,2:09:08 AM,0,0.2507,17.353
6/19/2025,2:24:08 AM,0,0.2518,17.318
6/19/2025,2:39:08 AM,0,0.2506,17.29
6/19/2025,2:54:08 AM,0,0.2505,17.246
6/19/2025,3:09:08 AM,0,0.2494,17.214
6/19/2025,3:24:08 AM,0,0.249,17.171
6/19/2025,3:39:08 AM,0,0.2489,17.119
6/19/2025,3:54:08 AM,0,0.2511,17.08
6/19/2025,4:09:08 AM,0,0.2517,17.055
6/19/2025,4:24:08 AM,0,0.252,17.032
6/19/2025,4:39:08 AM,0,0.254,16.971
6/19/2025,4:54:08 AM,0,0.254,16.927
6/19/2025,5:09:08 AM,0,0.2568,16.916
6/19/2025,5:24:08 AM,0,0.258,16.89
6/19/2025,5:39:08 AM,0,0.2592,16.884
6/19/2025,5:54:08 AM,0,0.2607,16.876
6/19/2025,6:09:08 AM,0,0.2638,16.88
6/19/2025,6:24:08 AM,0,0.263,16.882
6/19/2025,6:39:08 AM,0,0.2637,16.878
6/19/2025,6:54:08 AM,0,0.2683,16.877
6/19/2025,7:09:08 AM,0,0.269,16.877
6/19/2025,7:24:08 AM,0,0.2657,16.874
6/19/2025,7:39:08 AM,0,0.2654,16.871
6/19/2025,7:54:08 AM,0,0.263,16.867
6/19/2025,8:09:08 AM,0,0.259,16.872
6/19/2025,8:24:08 AM,0,0.2567,16.88
6/19/2025,8:39:08 AM,0,0.2561,16.875
6/19/2025,8:54:08 AM,0,0.2556,16.894
6/19/2025,9:09:08 AM,0,0.2568,16.889
6/19/2025,9:24:08 AM,0,0.256,16.894
6/19/2025,9:39:08 AM,0,0.2575,16.899
6/19/2025,9:54:08 AM,0,0.2572,16.901
6/19/2025,10:09:08 AM,0,0.2563,16.896
6/19/2025,10:24:08 AM,0,0.2547,16.897
6/19/2025,10:39:08 AM,0,0.2542,16.905
6/19/2025,10:54:08 AM,0,0.2546,16.919
6/19/2025,11:09:08 AM,0,0.2522,16.938
6/19/2025,11:24:08 AM,0,0.247,16.951
6/19/2025,11:39:08 AM,0,0.2468,16.957
6/19/2025,11:54:08 AM,0,0.2478,16.952
6/19/2025,12:09:08 PM,0,0.2444,16.959
6/19/2025,12:24:08 PM,0,0.2445,16.973
6/19/2025,12:39:08 PM,0,0.2485,16.991
6/19/2025,12:54:08 PM,0,0.2479,17.011
6/19/2025,1:09:08 PM,0,0.2449,17.031
6/19/2025,1:24:08 PM,0,0.2456,17.034
6/19/2025,1:39:08 PM,0,0.2466,17.041
6/19/2025,1:54:08 PM,0,0.2441,17.045
6/19/2025,2:09:08 PM,0,0.2435,17.054
6/19/2025,2:24:08 PM,0,0.2455,17.067
6/19/2025,2:39:08 PM,0,0.2407,17.072
6/19/2025,2:54:08 PM,0,0.2385,17.09
6/19/2025,3:09:08 PM,0,0.2414,17.11
6/19/2025,3:24:08 PM,0,0.2414,17.108
6/19/2025,3:39:08 PM,0,0.2397,17.106
6/19/2025,3:54:08 PM,0,0.2405,17.116
6/19/2025,4:09:08 PM,0,0.2409,17.131
6/19/2025,4:24:08 PM,0,0.2396,17.144
6/19/2025,4:39:08 PM,0,0.2414,17.158
6/19/2025,4:54:08 PM,0,0.2406,17.178
6/19/2025,5:09:08 PM,0,0.24,17.18
6/19/2025,5:24:08 PM,0,0.2382,17.164
6/19/2025,5:39:08 PM,0,0.2397,17.178
6/19/2025,5:54:08 PM,0,0.2404,17.189
6/19/2025,6:09:08 PM,0,0.2409,17.19
6/19/2025,6:24:08 PM,0,0.2429,17.204
6/19/2025,6:39:08 PM,0,0.245,17.209
6/19/2025,6:54:08 PM,0,0.2443,17.202
6/19/2025,7:09:08 PM,0,0.2435,17.204
6/19/2025,7:24:08 PM,0,0.2461,17.217
6/19/2025,7:39:08 PM,0,0.2469,17.222
6/19/2025,7:54:08 PM,0,0.2454,17.234
6/19/2025,8:09:08 PM,0,0.2473,17.265
6/19/2025,8:24:08 PM,0,0.249,17.266
6/19/2025,8:39:08 PM,0,0.2481,17.281
6/19/2025,8:54:08 PM,0,0.2508,17.287
6/19/2025,9:09:08 PM,0,0.2532,17.273
6/19/2025,9:24:08 PM,0,0.2514,17.303
6/19/2025,9:39:08 PM,0,0.2519,17.303
6/19/2025,9:54:08 PM,0,0.2517,17.278
6/19/2025,10:09:08 PM,0,0.2488,17.276
6/19/2025,10:24:08 PM,0,0.2461,17.275
6/19/2025,10:39:08 PM,0,0.2439,17.23
6/19/2025,10:54:08 PM,0,0.2435,17.216
6/19/2025,11:09:08 PM,0,0.2422,17.204
6/19/2025,11:24:08 PM,0,0.2434,17.196
6/19/2025,11:39:08 PM,0,0.2426,17.175
6/19/2025,11:54:08 PM,0,0.2441,17.138
6/20/2025,12:09:08 AM,0,0.2466,17.111
6/20/2025,12:24:08 AM,0,0.2439,17.065
6/20/2025,12:39:08 AM,0,0.243,17.044
6/20/2025,12:54:08 AM,0,0.2448,16.994
6/20/2025,1:09:08 AM,0,0.2445,16.948
6/20/2025,1:24:08 AM,0,0.2454,16.92
6/20/2025,1:39:08 AM,0,0.2458,16.891
6/20/2025,1:54:08 AM,0,0.2467,16.847
6/20/2025,2:09:08 AM,0,0.2472,16.817
6/20/2025,2:24:08 AM,0,0.2489,16.773
6/20/2025,2:39:08 AM,0,0.2486,16.717
6/20/2025,2:54:08 AM,0,0.2513,16.689
6/20/2025,3:09:08 AM,0,0.2543,16.638
6/20/2025,3:24:08 AM,0,0.2534,16.593
6/20/2025,3:39:08 AM,0,0.2572,16.557
6/20/2025,3:54:08 AM,0,0.2572,16.546
6/20/2025,4:09:08 AM,0,0.2585,16.497
6/20/2025,4:24:08 AM,0,0.2572,16.468
6/20/2025,4:39:08 AM,0,0.2584,16.435
6/20/2025,4:54:08 AM,0,0.2582,16.391
6/20/2025,5:09:08 AM,0,0.2586,16.373
6/20/2025,5:24:08 AM,0,0.26,16.338
6/20/2025,5:39:08 AM,0,0.2599,16.324
6/20/2025,5:54:08 AM,0,0.2593,16.313
6/20/2025,6:09:08 AM,0,0.2591,16.307
6/20/2025,6:24:08 AM,0,0.2585,16.329
6/20/2025,6:39:08 AM,0,0.2579,16.339
6/20/2025,6:54:08 AM,0,0.257,16.326
6/20/2025,7:09:08 AM,0,0.26,16.302
6/20/2025,7:24:08 AM,0,0.2621,16.308
6/20/2025,7:39:08 AM,0,0.2585,16.335
6/20/2025,7:54:08 AM,0,0.2578,16.337
6/20/2025,8:09:08 AM,0,0.2575,16.337
6/20/2025,8:24:08 AM,0,0.2519,16.317
6/20/2025,8:39:08 AM,0,0.2503,16.32
6/20/2025,8:54:08 AM,0,0.2506,16.322
6/20/2025,9:09:08 AM,0,0.2513,16.321
6/20/2025,9:24:08 AM,0,0.2507,16.324
6/20/2025,9:39:08 AM,0,0.2512,16.348
6/20/2025,9:54:08 AM,0,0.252,16.352
6/20/2025,10:09:08 AM,0,0.2514,16.364
6/20/2025,10:24:08 AM,0,0.2505,16.376
6/20/2025,10:39:08 AM,0,0.2526,16.377
6/20/2025,10:54:08 AM,0,0.2506,16.391
6/20/2025,11:09:08 AM,0,0.2472,16.423
6/20/2025,11:24:08 AM,0,0.2463,16.448
6/20/2025,11:39:08 AM,0,0.2461,16.48
6/20/2025,11:54:08 AM,0,0.2449,16.502
6/20/2025,12:09:08 PM,0,0.2434,16.531
6/20/2025,12:24:08 PM,0,0.2441,16.55
6/20/2025,12:39:08 PM,0,0.2427,16.564
6/20/2025,12:54:08 PM,0,0.2438,16.594
6/20/2025,1:09:08 PM,0,0.2435,16.604
6/20/2025,1:24:08 PM,0,0.2414,16.62
6/20/2025,1:39:08 PM,0,0.2388,16.642
6/20/2025,1:54:08 PM,0,0.2405,16.661
6/20/2025,2:09:08 PM,0,0.2368,16.689
6/20/2025,2:24:08 PM,0,0.2394,16.701
6/20/2025,2:39:08 PM,0,0.2389,16.701
6/20/2025,2:54:08 PM,0,0.2379,16.722
6/20/2025,3:09:08 PM,0,0.2385,16.748
6/20/2025,3:24:08 PM,0,0.2386,16.759
6/20/2025,3:39:08 PM,0,0.2391,16.777
6/20/2025,3:54:08 PM,0,0.2405,16.796
6/20/2025,4:09:08 PM,0,0.2429,16.881
6/20/2025,4:24:08 PM,0,0.245,16.915
6/20/2025,4:39:08 PM,0,0.245,16.877
6/20/2025,4:54:08 PM,0,0.2488,16.911
6/20/2025,5:09:08 PM,0,0.2442,16.918
6/20/2025,5:24:08 PM,0,0.2454,16.921
6/20/2025,5:39:08 PM,0,0.2483,16.957
6/20/2025,5:54:08 PM,0,0.2463,16.986
6/20/2025,6:09:08 PM,0,0.2464,16.994
6/20/2025,6:24:08 PM,0,0.2503,17.057
6/20/2025,6:39:08 PM,0,0.2509,17.075
6/20/2025,6:54:08 PM,0,0.2521,17.096
6/20/2025,7:09:08 PM,0,0.252,17.137
6/20/2025,7:24:08 PM,0,0.2532,17.151
6/20/2025,7:39:08 PM,0,0.2512,17.178
6/20/2025,7:54:08 PM,0,0.2514,17.142
6/20/2025,8:09:08 PM,0,0.2518,17.11
6/20/2025,8:24:08 PM,0,0.2506,17.132
6/20/2025,8:39:08 PM,0,0.2532,17.11
6/20/2025,8:54:08 PM,0,0.2532,17.144
6/20/2025,9:09:08 PM,0,0.2553,17.113
6/20/2025,9:24:08 PM,0,0.2501,17.134
6/20/2025,9:39:08 PM,0,0.2523,17.137
6/20/2025,9:54:08 PM,0,0.2508,17.147
6/20/2025,10:09:08 PM,0,0.2486,17.117
6/20/2025,10:24:08 PM,0,0.2478,17.131
6/20/2025,10:39:08 PM,0,0.2488,17.131
6/20/2025,10:54:08 PM,0,0.2467,17.076
6/20/2025,11:09:08 PM,0,0.2462,17.123
6/20/2025,11:24:08 PM,0,0.2469,17.108
6/20/2025,11:39:08 PM,0,0.245,17.066
6/20/2025,11:54:08 PM,0,0.2469,17.074
6/21/2025,12:09:08 AM,0,0.2454,17.019
6/21/2025,12:24:08 AM,0,0.2455,17.01
6/21/2025,12:39:08 AM,0,0.2457,16.944
6/21/2025,12:54:08 AM,0,0.249,16.904
6/21/2025,1:09:08 AM,0,0.247,16.871
6/21/2025,1:24:08 AM,0,0.2473,16.834
6/21/2025,1:39:08 AM,0,0.248,16.786
6/21/2025,1:54:08 AM,0,0.2487,16.745
6/21/2025,2:09:08 AM,0,0.2485,16.679
6/21/2025,2:24:08 AM,0,0.2507,16.623
6/21/2025,2:39:08 AM,0,0.2506,16.583
6/21/2025,2:54:08 AM,0,0.2521,16.52
6/21/2025,3:09:08 AM,0,0.2509,16.499
6/21/2025,3:24:08 AM,0,0.2539,16.447
6/21/2025,3:39:08 AM,0,0.2546,16.417
6/21/2025,3:54:08 AM,0,0.2522,16.38
6/21/2025,4:09:08 AM,0,0.2558,16.347
6/21/2025,4:24:08 AM,0,0.2558,16.315
6/21/2025,4:39:08 AM,0,0.2568,16.271
6/21/2025,4:54:08 AM,0,0.2562,16.249
6/21/2025,5:09:08 AM,0,0.2563,16.213
6/21/2025,5:24:08 AM,0,0.2549,16.195
6/21/2025,5:39:08 AM,0,0.2562,16.181
6/21/2025,5:54:08 AM,0,0.254,16.184
6/21/2025,6:09:08 AM,0,0.2521,16.137
6/21/2025,6:24:08 AM,0,0.2535,16.14
6/21/2025,6:39:08 AM,0,0.2531,16.111
6/21/2025,6:54:08 AM,0,0.2516,16.119
6/21/2025,7:09:08 AM,0,0.2505,16.103
6/21/2025,7:24:08 AM,0,0.2526,16.094
6/21/2025,7:39:08 AM,0,0.2534,16.094
6/21/2025,7:54:08 AM,0,0.2504,16.109
6/21/2025,8:09:08 AM,0,0.251,16.096
6/21/2025,8:24:08 AM,0,0.2512,16.093
6/21/2025,8:39:08 AM,0,0.2522,16.094
6/21/2025,8:54:08 AM,0,0.2498,16.103
6/21/2025,9:09:08 AM,0,0.2494,16.108
6/21/2025,9:24:08 AM,0,0.2493,16.114
6/21/2025,9:39:08 AM,0,0.2483,16.128
6/21/2025,9:54:08 AM,0,0.2476,16.136
6/21/2025,10:09:08 AM,0,0.2456,16.154
6/21/2025,10:24:08 AM,0,0.2465,16.165
6/21/2025,10:39:08 AM,0,0.2446,16.18
6/21/2025,10:54:08 AM,0,0.2453,16.202
6/21/2025,11:09:08 AM,0,0.2436,16.226
6/21/2025,11:24:08 AM,0,0.245,16.264
6/21/2025,11:39:08 AM,0,0.2431,16.295
6/21/2025,11:54:08 AM,0,0.2422,16.316
6/21/2025,12:09:08 PM,0,0.2396,16.361
6/21/2025,12:24:08 PM,0,0.236,16.37
6/21/2025,12:39:08 PM,0,0.2355,16.402
6/21/2025,12:54:08 PM,0,0.2358,16.43
6/21/2025,1:09:08 PM,0,0.2328,16.432
6/21/2025,1:24:08 PM,0,0.2357,16.459
6/21/2025,1:39:08 PM,0,0.2341,16.481
6/21/2025,1:54:08 PM,0,0.2353,16.5
6/21/2025,2:09:08 PM,0,0.2351,16.508
6/21/2025,2:24:08 PM,0,0.2346,16.504
6/21/2025,2:39:08 PM,0,0.2349,16.53
6/21/2025,2:54:08 PM,0,0.2346,16.554
6/21/2025,3:09:08 PM,0,0.2342,16.58
6/21/2025,3:24:08 PM,0,0.2344,16.584
6/21/2025,3:39:08 PM,0,0.2336,16.614
6/21/2025,3:54:08 PM,0,0.2342,16.66
6/21/2025,4:09:08 PM,0,0.2381,16.669
6/21/2025,4:24:08 PM,0,0.24,16.663
6/21/2025,4:39:08 PM,0,0.2374,16.702
6/21/2025,4:54:08 PM,0,0.2407,16.722
6/21/2025,5:09:08 PM,0,0.2417,16.721
6/21/2025,5:24:08 PM,0,0.243,16.741
6/21/2025,5:39:08 PM,0,0.2402,16.763
6/21/2025,5:54:08 PM,0,0.2424,16.79
6/21/2025,6:09:08 PM,0,0.2458,16.795
6/21/2025,6:24:08 PM,0,0.2429,16.821
6/21/2025,6:39:08 PM,0,0.2416,16.821
6/21/2025,6:54:08 PM,0,0.2445,16.832
6/21/2025,7:09:08 PM,0,0.2431,16.851
6/21/2025,7:24:08 PM,0,0.2432,16.872
6/21/2025,7:39:08 PM,0,0.2457,16.865
6/21/2025,7:54:08 PM,0,0.2486,16.874
6/21/2025,8:09:08 PM,0,0.2495,16.888
6/21/2025,8:24:08 PM,0,0.2487,16.885
6/21/2025,8:39:08 PM,0,0.2504,16.906
6/21/2025,8:54:08 PM,0,0.2546,16.911
6/21/2025,9:09:08 PM,0,0.2541,16.888
6/21/2025,9:24:08 PM,0,0.2508,16.932
6/21/2025,9:39:08 PM,0,0.249,16.972
6/21/2025,9:54:08 PM,0,0.248,16.955
6/21/2025,10:09:08 PM,0,0.2447,16.969
6/21/2025,10:24:08 PM,0,0.2418,16.949
6/21/2025,10:39:08 PM,0,0.2388,16.93
6/21/2025,10:54:08 PM,0,0.2381,16.933
6/21/2025,11:09:08 PM,0,0.2357,16.907
6/21/2025,11:24:08 PM,0,0.2324,16.893
6/21/2025,11:39:08 PM,0,0.2367,16.87
6/21/2025,11:54:08 PM,0,0.233,16.855
6/22/2025,12:09:08 AM,0,0.235,16.821
6/22/2025,12:24:08 AM,0,0.2376,16.802
6/22/2025,12:39:08 AM,0,0.2381,16.75
6/22/2025,12:54:08 AM,0,0.2368,16.721
6/22/2025,1:09:08 AM,0,0.2377,16.674
6/22/2025,1:24:08 AM,0,0.2358,16.644
6/22/2025,1:39:08 AM,0,0.2331,16.625
6/22/2025,1:54:08 AM,0,0.2365,16.593
6/22/2025,2:09:08 AM,0,0.2379,16.584
6/22/2025,2:24:08 AM,0,0.2377,16.559
6/22/2025,2:39:08 AM,0,0.2402,16.528
6/22/2025,2:54:08 AM,0,0.245,16.495
6/22/2025,3:09:08 AM,0,0.2489,16.462
6/22/2025,3:24:08 AM,0,0.2513,16.446
6/22/2025,3:39:08 AM,0,0.2557,16.432
6/22/2025,3:54:08 AM,0,0.2568,16.4
6/22/2025,4:09:08 AM,0,0.2555,16.385
6/22/2025,4:24:08 AM,0,0.2536,16.384
6/22/2025,4:39:08 AM,0,0.2525,16.356
6/22/2025,4:54:08 AM,0,0.2544,16.323
6/22/2025,5:09:08 AM,0,0.2552,16.31
6/22/2025,5:24:08 AM,0,0.2553,16.301
6/22/2025,5:39:08 AM,0,0.2581,16.293
6/22/2025,5:54:08 AM,0,0.259,16.29
6/22/2025,6:09:08 AM,0,0.2578,16.288
6/22/2025,6:24:08 AM,0,0.2575,16.275
6/22/2025,6:39:08 AM,0,0.2594,16.261
6/22/2025,6:54:08 AM,0,0.2554,16.262
6/22/2025,7:09:08 AM,0,0.254,16.25
6/22/2025,7:24:08 AM,0,0.2547,16.231
6/22/2025,7:39:08 AM,0,0.2531,16.24
6/22/2025,7:54:08 AM,0,0.2532,16.241
6/22/2025,8:09:08 AM,0,0.2514,16.226
6/22/2025,8:24:08 AM,0,0.2519,16.219
6/22/2025,8:39:08 AM,0,0.2475,16.216
6/22/2025,8:54:08 AM,0,0.2444,16.225
6/22/2025,9:09:08 AM,0,0.2489,16.248
6/22/2025,9:24:08 AM,0,0.2472,16.265
6/22/2025,9:39:08 AM,0,0.2488,16.269
6/22/2025,9:54:08 AM,0,0.2503,16.282
6/22/2025,10:09:08 AM,0,0.2507,16.294
6/22/2025,10:24:08 AM,0,0.2487,16.306
6/22/2025,10:39:08 AM,0,0.2461,16.333
6/22/2025,10:54:08 AM,0,0.2474,16.358
6/22/2025,11:09:08 AM,0,0.2456,16.393
6/22/2025,11:24:08 AM,0,0.2455,16.428
6/22/2025,11:39:08 AM,0,0.2438,16.455
6/22/2025,11:54:08 AM,0,0.2412,16.48
6/22/2025,12:09:08 PM,0,0.2389,16.498
6/22/2025,12:24:08 PM,0,0.2386,16.564
6/22/2025,12:39:08 PM,0,0.2409,16.598
6/22/2025,12:54:08 PM,0,0.2381,16.582
6/22/2025,1:09:08 PM,0,0.2415,16.574
6/22/2025,1:24:08 PM,0,0.2389,16.612
6/22/2025,1:39:08 PM,0,0.2379,16.635
6/22/2025,1:54:08 PM,0,0.2363,16.624
6/22/2025,2:09:08 PM,0,0.2351,16.681
6/22/2025,2:24:08 PM,0,0.2338,16.682
6/22/2025,2:39:08 PM,0,0.2338,16.752
6/22/2025,2:54:08 PM,0,0.2332,16.764
6/22/2025,3:09:08 PM,0,0.2332,16.753
6/22/2025,3:24:08 PM,0,0.2338,16.786
6/22/2025,3:39:08 PM,0,0.2344,16.771
6/22/2025,3:54:08 PM,0,0.2378,16.79
6/22/2025,4:09:08 PM,0,0.2355,16.817
6/22/2025,4:24:08 PM,0,0.2351,16.881
6/22/2025,4:39:08 PM,0,0.2349,16.842
6/22/2025,4:54:08 PM,0,0.2338,16.88
6/22/2025,5:09:08 PM,0,0.2318,16.876
6/22/2025,5:24:08 PM,0,0.2328,16.889
6/22/2025,5:39:08 PM,0,0.2341,16.922
6/22/2025,5:54:08 PM,0,0.2354,16.917
6/22/2025,6:09:08 PM,0,0.2381,16.94
6/22/2025,6:24:08 PM,0,0.2351,16.966
6/22/2025,6:39:08 PM,0,0.2399,16.942
6/22/2025,6:54:08 PM,0,0.2376,16.952
6/22/2025,7:09:08 PM,0,0.2398,16.955
6/22/2025,7:24:08 PM,0,0.2376,16.984
6/22/2025,7:39:08 PM,0,0.2371,17.009
6/22/2025,7:54:08 PM,0,0.2364,17.002
6/22/2025,8:09:08 PM,0,0.2377,17.03
6/22/2025,8:24:08 PM,0,0.2408,17.081
6/22/2025,8:39:08 PM,0,0.2422,17.042
6/22/2025,8:54:08 PM,0,0.2441,17.032
6/22/2025,9:09:08 PM,0,0.2449,17.03
6/22/2025,9:24:08 PM,0,0.2446,17.136
6/22/2025,9:39:08 PM,0,0.2444,17.04
6/22/2025,9:54:08 PM,0,0.2419,17.062
6/22/2025,10:09:08 PM,0,0.2398,17.083
6/22/2025,10:24:08 PM,0,0.237,17.105
6/22/2025,10:39:08 PM,0,0.2385,17.087
6/22/2025,10:54:08 PM,0,0.2394,17.089
6/22/2025,11:09:08 PM,0,0.2421,17.093
6/22/2025,11:24:08 PM,0,0.2426,17.078
6/22/2025,11:39:08 PM,0,0.2464,17.049
6/22/2025,11:54:08 PM,0,0.2442,17.038
6/23/2025,12:09:08 AM,0,0.2435,17.029
6/23/2025,12:24:08 AM,0,0.2405,17.005
6/23/2025,12:39:08 AM,0,0.2435,17.006
6/23/2025,12:54:08 AM,0,0.241,16.998
6/23/2025,1:09:08 AM,0,0.2394,16.981
6/23/2025,1:24:08 AM,0,0.24,16.98
6/23/2025,1:39:08 AM,0,0.2446,16.959
6/23/2025,1:54:08 AM,0,0.2431,16.952
6/23/2025,2:09:08 AM,0,0.2452,16.952
6/23/2025,2:24:08 AM,0,0.247,16.937
6/23/2025,2:39:08 AM,0,0.2485,16.925
6/23/2025,2:54:08 AM,0,0.247,16.894
6/23/2025,3:09:08 AM,0,0.2477,16.868
6/23/2025,3:24:08 AM,0,0.2473,16.85
6/23/2025,3:39:08 AM,0,0.247,16.823
6/23/2025,3:54:08 AM,0,0.2472,16.805
6/23/2025,4:09:08 AM,0,0.2486,16.78
6/23/2025,4:24:08 AM,0,0.2475,16.73
6/23/2025,4:39:08 AM,0,0.2484,16.705
6/23/2025,4:54:08 AM,0,0.242,16.671
6/23/2025,5:09:08 AM,0,0.2463,16.645
6/23/2025,5:24:08 AM,0,0.2459,16.601
6/23/2025,5:39:08 AM,0,0.2447,16.59
6/23/2025,5:54:08 AM,0,0.2449,16.569
6/23/2025,6:09:08 AM,0,0.2459,16.552
6/23/2025,6:24:08 AM,0,0.2486,16.54
6/23/2025,6:39:08 AM,0,0.2513,16.52
6/23/2025,6:54:08 AM,0,0.2538,16.502
6/23/2025,7:09:08 AM,0,0.2534,16.512
6/23/2025,7:24:08 AM,0,0.255,16.505
6/23/2025,7:39:08 AM,0,0.2533,16.497
6/23/2025,7:54:08 AM,0,0.251,16.504
6/23/2025,8:09:08 AM,0,0.2499,16.509
6/23/2025,8:24:08 AM,0,0.2491,16.516
6/23/2025,8:39:08 AM,0,0.2476,16.516
6/23/2025,8:54:08 AM,0,0.2476,16.514
6/23/2025,9:09:08 AM,0,0.2475,16.519
6/23/2025,9:24:08 AM,0,0.247,16.521
6/23/2025,9:39:08 AM,0,0.2489,16.534
6/23/2025,9:54:08 AM,0,0.249,16.543
6/23/2025,10:09:08 AM,0,0.2521,16.566
6/23/2025,10:24:08 AM,0,0.2512,16.59
6/23/2025,10:39:08 AM,0,0.2521,16.584
6/23/2025,10:54:08 AM,0,0.2511,16.606
6/23/2025,11:09:08 AM,0,0.2487,16.633
6/23/2025,11:24:08 AM,0,0.2468,16.68
6/23/2025,11:39:08 AM,0,0.247,16.691
6/23/2025,11:54:08 AM,0,0.2462,16.721
6/23/2025,12:09:08 PM,0,0.2462,16.745
6/23/2025,12:24:08 PM,0,0.2449,16.773
6/23/2025,12:39:08 PM,0,0.2462,16.768
6/23/2025,12:54:08 PM,0,0.2452,16.799
6/23/2025,1:09:08 PM,0,0.2427,16.821
6/23/2025,1:24:08 PM,0,0.2431,16.811
6/23/2025,1:39:08 PM,0,0.2453,16.791
6/23/2025,1:54:08 PM,0,0.2445,16.83
6/23/2025,2:09:08 PM,0,0.2449,16.852
6/23/2025,2:24:08 PM,0,0.2431,16.878
6/23/2025,2:39:08 PM,0,0.2426,16.892
6/23/2025,2:54:08 PM,0,0.2389,16.894
6/23/2025,3:09:08 PM,0,0.2399,16.898
6/23/2025,3:24:08 PM,0,0.2394,16.897
6/23/2025,3:39:08 PM,0,0.238,16.923
6/23/2025,3:54:08 PM,0,0.2408,16.94
6/23/2025,4:09:08 PM,0,0.2407,16.942
6/23/2025,4:24:08 PM,0,0.2388,16.947
6/23/2025,4:39:08 PM,0,0.2382,16.996
6/23/2025,4:54:08 PM,0,0.2379,17.012
6/23/2025,5:09:08 PM,0,0.2385,17.027
6/23/2025,5:24:08 PM,0,0.2421,17.033
6/23/2025,5:39:08 PM,0,0.2425,17.037
6/23/2025,5:54:08 PM,0,0.2421,17.05
6/23/2025,6:09:08 PM,0,0.2431,17.063
6/23/2025,6:24:08 PM,0,0.2444,17.087
6/23/2025,6:39:08 PM,0,0.2446,17.075
6/23/2025,6:54:08 PM,0,0.2426,17.105
6/23/2025,7:09:08 PM,0,0.2432,17.086
6/23/2025,7:24:08 PM,0,0.2458,17.113
6/23/2025,7:39:08 PM,0,0.2457,17.1
6/23/2025,7:54:08 PM,0,0.2448,17.218
6/23/2025,8:09:08 PM,0,0.2438,17.188
6/23/2025,8:24:08 PM,0,0.2457,17.177
6/23/2025,8:39:08 PM,0,0.2439,17.177
6/23/2025,8:54:08 PM,0,0.2435,17.107
6/23/2025,9:09:08 PM,0,0.2428,17.093
6/23/2025,9:24:08 PM,0,0.247,17.077
6/23/2025,9:39:08 PM,0,0.2479,17.067
6/23/2025,9:54:08 PM,0,0.2489,17.033
6/23/2025,10:09:08 PM,0,0.2465,17.029
6/23/2025,10:24:08 PM,0,0.2463,17.018
6/23/2025,10:39:08 PM,0,0.2449,17.004
6/23/2025,10:54:08 PM,0,0.2448,16.985
6/23/2025,11:09:08 PM,0,0.2461,16.953
6/23/2025,11:24:08 PM,0,0.2469,16.929
6/23/2025,11:39:08 PM,0,0.2482,16.916
6/23/2025,11:54:08 PM,0,0.2445,16.891
6/24/2025,12:09:08 AM,0,0.245,16.878
6/24/2025,12:24:08 AM,0,0.2429,16.866
6/24/2025,12:39:08 AM,0,0.2418,16.855
6/24/2025,12:54:08 AM,0,0.2441,16.813
6/24/2025,1:09:08 AM,0,0.2437,16.802
6/24/2025,1:24:08 AM,0,0.2434,16.793
6/24/2025,1:39:08 AM,0,0.2454,16.77
6/24/2025,1:54:08 AM,0,0.2459,16.756
6/24/2025,2:09:08 AM,0,0.2472,16.721
6/24/2025,2:24:08 AM,0,0.25,16.706
6/24/2025,2:39:08 AM,0,0.2516,16.692
6/24/2025,2:54:08 AM,0,0.2524,16.678
6/24/2025,3:09:08 AM,0,0.2503,16.653
6/24/2025,3:24:08 AM,0,0.248,16.644
6/24/2025,3:39:08 AM,0,0.248,16.614
6/24/2025,3:54:08 AM,0,0.2481,16.59
6/24/2025,4:09:08 AM,0,0.2522,16.586
6/24/2025,4:24:08 AM,0,0.2546,16.563
6/24/2025,4:39:08 AM,0,0.2573,16.544
6/24/2025,4:54:08 AM,0,0.2628,16.532
6/24/2025,5:09:08 AM,0,0.2632,16.521
6/24/2025,5:24:08 AM,0,0.2615,16.516
6/24/2025,5:39:08 AM,0,0.2627,16.5
6/24/2025,5:54:08 AM,0,0.2653,16.498
6/24/2025,6:09:08 AM,0,0.2625,16.494
6/24/2025,6:24:08 AM,0,0.261,16.471
6/24/2025,6:39:08 AM,0,0.2625,16.47
6/24/2025,6:54:08 AM,0,0.2613,16.461
6/24/2025,7:09:08 AM,0,0.2585,16.455
6/24/2025,7:24:08 AM,0,0.2587,16.458
6/24/2025,7:39:08 AM,0,0.2598,16.462
6/24/2025,7:54:08 AM,0,0.261,16.468
6/24/2025,8:09:08 AM,0,0.2582,16.463
6/24/2025,8:24:08 AM,0,0.2592,16.468
6/24/2025,8:39:08 AM,0,0.2589,16.468
6/24/2025,8:54:08 AM,0,0.2583,16.468
6/24/2025,9:09:08 AM,0,0.2573,16.467
6/24/2025,9:24:08 AM,0,0.258,16.465
6/24/2025,9:39:08 AM,0,0.2566,16.471
6/24/2025,9:54:08 AM,0,0.2547,16.48
6/24/2025,10:09:08 AM,0,0.2535,16.486
6/24/2025,10:24:08 AM,0,0.2526,16.491
6/24/2025,10:39:08 AM,0,0.2512,16.501
6/24/2025,10:54:08 AM,0,0.252,16.512
6/24/2025,11:09:08 AM,0,0.2529,16.525
6/24/2025,11:24:08 AM,0,0.2511,16.533
6/24/2025,11:39:08 AM,0,0.251,16.542
6/24/2025,11:54:08 AM,0,0.2525,16.553
6/24/2025,12:09:08 PM,0,0.248,16.574
6/24/2025,12:24:08 PM,0,0.2481,16.58
6/24/2025,12:39:08 PM,0,0.2476,16.589
6/24/2025,12:54:08 PM,0,0.2454,16.597
6/24/2025,1:09:08 PM,0,0.2449,16.61
6/24/2025,1:24:08 PM,0,0.2457,16.617
6/24/2025,1:39:08 PM,0,0.2462,16.631
6/24/2025,1:54:08 PM,0,0.2452,16.634
6/24/2025,2:09:08 PM,0,0.2445,16.658
6/24/2025,2:24:08 PM,0,0.2432,16.671
6/24/2025,2:39:08 PM,0,0.2418,16.66
6/24/2025,2:54:08 PM,0,0.2426,16.648
6/24/2025,3:09:08 PM,0,0.2419,16.647
6/24/2025,3:24:08 PM,0,0.24,16.677
6/24/2025,3:39:08 PM,0,0.2418,16.707
6/24/2025,3:54:08 PM,0,0.241,16.705
6/24/2025,4:09:08 PM,0,0.2406,16.699
6/24/2025,4:24:08 PM,0,0.2408,16.713
6/24/2025,4:39:08 PM,0,0.2418,16.725
6/24/2025,4:54:08 PM,0,0.2422,16.74
6/24/2025,5:09:08 PM,0,0.2452,16.74
6/24/2025,5:24:08 PM,0,0.2428,16.749
6/24/2025,5:39:08 PM,0,0.2449,16.751
6/24/2025,5:54:08 PM,0,0.2458,16.74
6/24/2025,6:09:08 PM,0,0.2463,16.771
6/24/2025,6:24:08 PM,0,0.2431,16.764
6/24/2025,6:39:08 PM,0,0.2446,16.781
6/24/2025,6:54:08 PM,0,0.2447,16.775
6/24/2025,7:09:08 PM,0,0.2465,16.772
6/24/2025,7:24:08 PM,0,0.2456,16.785
6/24/2025,7:39:08 PM,0,0.2472,16.79
6/24/2025,7:54:08 PM,0,0.2464,16.794
6/24/2025,8:09:08 PM,0,0.2477,16.799
6/24/2025,8:24:08 PM,0,0.249,16.791
6/24/2025,8:39:08 PM,0,0.2507,16.77
6/24/2025,8:54:08 PM,0,0.2503,16.766
6/24/2025,9:09:08 PM,0,0.2521,16.773
6/24/2025,9:24:08 PM,0,0.25,16.759
6/24/2025,9:39:08 PM,0,0.2497,16.739
6/24/2025,9:54:08 PM,0,0.2467,16.719
6/24/2025,10:09:08 PM,0,0.2538,16.709
6/24/2025,10:24:08 PM,0,0.252,16.709
6/24/2025,10:39:08 PM,0,0.2497,16.687
6/24/2025,10:54:08 PM,0,0.2517,16.669
6/24/2025,11:09:08 PM,0,0.2492,16.648
6/24/2025,11:24:08 PM,0,0.2459,16.629
6/24/2025,11:39:08 PM,0,0.2475,16.615
6/24/2025,11:54:08 PM,0,0.2488,16.602
6/25/2025,12:09:08 AM,0,0.247,16.59
6/25/2025,12:24:08 AM,0,0.2504,16.558
6/25/2025,12:39:08 AM,0,0.2524,16.547
6/25/2025,12:54:08 AM,0,0.251,16.537
6/25/2025,1:09:08 AM,0,0.2519,16.514
6/25/2025,1:24:08 AM,0,0.2526,16.494
6/25/2025,1:39:08 AM,0,0.2565,16.484
6/25/2025,1:54:08 AM,0,0.2559,16.465
6/25/2025,2:09:08 AM,0,0.2559,16.462
6/25/2025,2:24:08 AM,0,0.2556,16.463
6/25/2025,2:39:08 AM,0,0.2568,16.452
6/25/2025,2:54:08 AM,0,0.2565,16.445
6/25/2025,3:09:08 AM,0,0.2591,16.444
6/25/2025,3:24:08 AM,0,0.2589,16.428
6/25/2025,3:39:08 AM,0,0.2578,16.423
6/25/2025,3:54:08 AM,0,0.2589,16.414
6/25/2025,4:09:08 AM,0,0.2586,16.394
6/25/2025,4:24:08 AM,0,0.2594,16.392
6/25/2025,4:39:08 AM,0,0.2608,16.388
6/25/2025,4:54:08 AM,0,0.2623,16.369
6/25/2025,5:09:08 AM,0,0.2624,16.359
6/25/2025,5:24:08 AM,0,0.2617,16.363
6/25/2025,5:39:08 AM,0,0.262,16.361
6/25/2025,5:54:08 AM,0,0.2629,16.367
6/25/2025,6:09:08 AM,0,0.2644,16.368
6/25/2025,6:24:08 AM,0,0.2666,16.365
6/25/2025,6:39:08 AM,0,0.2657,16.365
6/25/2025,6:54:08 AM,0,0.2637,16.364
6/25/2025,7:09:08 AM,0,0.2659,16.379
6/25/2025,7:24:08 AM,0,0.2638,16.378
6/25/2025,7:39:08 AM,0,0.2644,16.36
6/25/2025,7:54:08 AM,0,0.2621,16.357
6/25/2025,8:09:08 AM,0,0.2631,16.339
6/25/2025,8:24:08 AM,0,0.261,16.341
6/25/2025,8:39:08 AM,0,0.2587,16.337
6/25/2025,8:54:08 AM,0,0.259,16.326
6/25/2025,9:09:08 AM,0,0.259,16.331
6/25/2025,9:24:08 AM,0,0.2594,16.332
6/25/2025,9:39:08 AM,0,0.2591,16.335
6/25/2025,9:54:08 AM,0,0.2595,16.329
6/25/2025,10:09:08 AM,0,0.2603,16.332
6/25/2025,10:24:08 AM,0,0.2588,16.337
6/25/2025,10:39:08 AM,0,0.2565,16.347
6/25/2025,10:54:08 AM,0,0.257,16.357
6/25/2025,11:09:08 AM,0,0.2565,16.368
6/25/2025,11:24:08 AM,0,0.2554,16.377
6/25/2025,11:39:08 AM,0,0.2535,16.399
6/25/2025,11:54:08 AM,0,0.253,16.408
6/25/2025,12:09:08 PM,0,0.2524,16.405
6/25/2025,12:24:08 PM,0,0.2501,16.437
6/25/2025,12:39:08 PM,0,0.2496,16.457
6/25/2025,12:54:08 PM,0,0.2499,16.473
6/25/2025,1:09:08 PM,0,0.2498,16.481
6/25/2025,1:24:08 PM,0,0.252,16.486
6/25/2025,1:39:08 PM,0,0.252,16.507
6/25/2025,1:54:08 PM,0,0.2494,16.517
6/25/2025,2:09:08 PM,0,0.2488,16.529
6/25/2025,2:24:08 PM,0,0.2495,16.541
6/25/2025,2:39:08 PM,0,0.248,16.55
6/25/2025,2:54:08 PM,0,0.2478,16.573
6/25/2025,3:09:08 PM,0,0.2495,16.57
6/25/2025,3:24:08 PM,0,0.2513,16.577
6/25/2025,3:39:08 PM,0,0.2525,16.57
6/25/2025,3:54:08 PM,0,0.2509,16.593
6/25/2025,4:09:08 PM,0,0.2514,16.611
6/25/2025,4:24:08 PM,0,0.2492,16.642
6/25/2025,4:39:08 PM,0,0.2458,16.616
6/25/2025,4:54:08 PM,0,0.246,16.638
6/25/2025,5:09:08 PM,0,0.2451,16.65
6/25/2025,5:24:08 PM,0,0.2467,16.675
6/25/2025,5:39:08 PM,0,0.2482,16.672
6/25/2025,5:54:08 PM,0,0.2487,16.677
6/25/2025,6:09:08 PM,0,0.2493,16.68
6/25/2025,6:24:08 PM,0,0.2479,16.687
6/25/2025,6:39:08 PM,0,0.2493,16.673
6/25/2025,6:54:08 PM,0,0.2515,16.679
6/25/2025,7:09:08 PM,0,0.2526,16.676
6/25/2025,7:24:08 PM,0,0.2515,16.672
6/25/2025,7:39:08 PM,0,0.2524,16.667
6/25/2025,7:54:08 PM,0,0.2536,16.689
6/25/2025,8:09:08 PM,0,0.2508,16.715
6/25/2025,8:24:08 PM,0,0.2511,16.754
6/25/2025,8:39:08 PM,0,0.2546,16.761
6/25/2025,8:54:08 PM,0,0.2552,16.761
6/25/2025,9:09:08 PM,0,0.2578,16.774
6/25/2025,9:24:08 PM,0,0.2585,16.704
6/25/2025,9:39:08 PM,0,0.2614,16.712
6/25/2025,9:54:08 PM,0,0.261,16.704
6/25/2025,10:09:08 PM,0,0.2629,16.72
6/25/2025,10:24:08 PM,0,0.2591,16.724
6/25/2025,10:39:08 PM,0,0.2586,16.723
6/25/2025,10:54:08 PM,0,0.2574,16.693
6/25/2025,11:09:08 PM,0,0.2598,16.694
6/25/2025,11:24:08 PM,0,0.2583,16.689
6/25/2025,11:39:08 PM,0,0.2586,16.683
6/25/2025,11:54:08 PM,0,0.2612,16.682
6/26/2025,12:09:08 AM,0,0.2604,16.663
6/26/2025,12:24:08 AM,0,0.2612,16.644
6/26/2025,12:39:08 AM,0,0.2607,16.646
6/26/2025,12:54:08 AM,0,0.2599,16.626
6/26/2025,1:09:08 AM,0,0.2586,16.611
6/26/2025,1:24:08 AM,0,0.2578,16.594
6/26/2025,1:39:08 AM,0,0.2544,16.58
6/26/2025,1:54:08 AM,0,0.256,16.559
6/26/2025,2:09:08 AM,0,0.2551,16.545
6/26/2025,2:24:08 AM,0,0.2567,16.53
6/26/2025,2:39:08 AM,0,0.261,16.518
6/26/2025,2:54:08 AM,0,0.2615,16.508
6/26/2025,3:09:08 AM,0,0.2627,16.505
6/26/2025,3:24:08 AM,0,0.2655,16.495
6/26/2025,3:39:08 AM,0,0.2678,16.479
6/26/2025,3:54:08 AM,0,0.2677,16.475
6/26/2025,4:09:08 AM,0,0.2707,16.475
6/26/2025,4:24:08 AM,0,0.2718,16.469
6/26/2025,4:39:08 AM,0,0.2723,16.453
6/26/2025,4:54:08 AM,0,0.271,16.415
6/26/2025,5:09:08 AM,0,0.2714,16.424
6/26/2025,5:24:08 AM,0,0.2713,16.433
6/26/2025,5:39:08 AM,0,0.2724,16.433
6/26/2025,5:54:08 AM,0,0.2717,16.431
6/26/2025,6:09:08 AM,0,0.2722,16.427
6/26/2025,6:24:08 AM,0,0.2721,16.43
6/26/2025,6:39:08 AM,0,0.2712,16.432
6/26/2025,6:54:08 AM,0,0.2693,16.437
6/26/2025,7:09:08 AM,0,0.2718,16.441
6/26/2025,7:24:08 AM,0,0.271,16.445
6/26/2025,7:39:08 AM,0,0.269,16.447
6/26/2025,7:54:08 AM,0,0.2725,16.453
6/26/2025,8:09:08 AM,0,0.2718,16.457
6/26/2025,8:24:08 AM,0,0.2716,16.457
6/26/2025,8:39:08 AM,0,0.2714,16.463
6/26/2025,8:54:08 AM,0,0.27,16.471
6/26/2025,9:09:08 AM,0,0.2656,16.469
6/26/2025,9:24:08 AM,0,0.2651,16.472
6/26/2025,9:39:08 AM,0,0.265,16.478
6/26/2025,9:54:08 AM,0,0.2642,16.479
6/26/2025,10:09:08 AM,0,0.2633,16.482
6/26/2025,10:24:08 AM,0,0.2618,16.486
6/26/2025,10:39:08 AM,0,0.2602,16.49
6/26/2025,10:54:08 AM,0,0.2595,16.498
6/26/2025,11:09:08 AM,0,0.2586,16.504
6/26/2025,11:24:08 AM,0,0.2591,16.519
6/26/2025,11:39:08 AM,0,0.2605,16.517
6/26/2025,11:54:08 AM,0,0.2588,16.522
6/26/2025,12:09:08 PM,0,0.2589,16.519
6/26/2025,12:24:08 PM,0,0.2568,16.534
6/26/2025,12:39:08 PM,0,0.2571,16.555
6/26/2025,12:54:08 PM,0,0.2565,16.56
6/26/2025,1:09:08 PM,0,0.2551,16.569
6/26/2025,1:24:08 PM,0,0.2556,16.573
6/26/2025,1:39:08 PM,0,0.2545,16.581
6/26/2025,1:54:08 PM,0,0.2537,16.583
6/26/2025,2:09:08 PM,0,0.2536,16.61
6/26/2025,2:24:08 PM,0,0.2541,16.622
6/26/2025,2:39:08 PM,0,0.2524,16.631
6/26/2025,2:54:08 PM,0,0.2513,16.643
6/26/2025,3:09:08 PM,0,0.2519,16.646
6/26/2025,3:24:08 PM,0,0.2512,16.639
6/26/2025,3:39:08 PM,0,0.2502,16.65
6/26/2025,3:54:08 PM,0,0.2523,16.665
6/26/2025,4:09:08 PM,0,0.2518,16.676
6/26/2025,4:24:08 PM,0,0.2511,16.666
6/26/2025,4:39:08 PM,0,0.2508,16.65
6/26/2025,4:54:08 PM,0,0.2512,16.674
6/26/2025,5:09:08 PM,0,0.248,16.686
6/26/2025,5:24:08 PM,0,0.2525,16.688
6/26/2025,5:39:08 PM,0,0.2521,16.683
6/26/2025,5:54:08 PM,0,0.2524,16.691
6/26/2025,6:09:08 PM,0,0.2521,16.694
6/26/2025,6:24:08 PM,0,0.2542,16.71
6/26/2025,6:39:08 PM,0,0.2541,16.714
6/26/2025,6:54:08 PM,0,0.2538,16.714
6/26/2025,7:09:08 PM,0,0.2558,16.726
6/26/2025,7:24:08 PM,0,0.2553,16.728
6/26/2025,7:39:08 PM,0,0.2548,16.733
6/26/2025,7:54:08 PM,0,0.2569,16.741
6/26/2025,8:09:08 PM,0,0.2575,16.751
6/26/2025,8:24:08 PM,0,0.2574,16.761
6/26/2025,8:39:08 PM,0,0.2594,16.742
6/26/2025,8:54:08 PM,0,0.2606,16.743
6/26/2025,9:09:08 PM,0,0.2621,16.747
6/26/2025,9:24:08 PM,0,0.2641,16.746
6/26/2025,9:39:08 PM,0,0.2609,16.747
6/26/2025,9:54:08 PM,0,0.2613,16.754
6/26/2025,10:09:08 PM,0,0.2612,16.755
6/26/2025,10:24:08 PM,0,0.2614,16.76
6/26/2025,10:39:08 PM,0,0.2577,16.751
6/26/2025,10:54:08 PM,0,0.259,16.745
6/26/2025,11:09:08 PM,0,0.26,16.746
6/26/2025,11:24:08 PM,0,0.2604,16.746
6/26/2025,11:39:08 PM,0,0.2596,16.746
6/26/2025,11:54:08 PM,0,0.2593,16.736
6/27/2025,12:09:08 AM,0,0.2582,16.74
6/27/2025,12:24:08 AM,0,0.26,16.733
6/27/2025,12:39:08 AM,0,0.2604,16.731
6/27/2025,12:54:08 AM,0,0.2607,16.718
6/27/2025,1:09:08 AM,0,0.2626,16.72
6/27/2025,1:24:08 AM,0,0.2627,16.715
6/27/2025,1:39:08 AM,0,0.2651,16.708
6/27/2025,1:54:08 AM,0,0.268,16.7
6/27/2025,2:09:08 AM,0,0.2698,16.698
6/27/2025,2:24:08 AM,0,0.2698,16.689
6/27/2025,2:39:08 AM,0,0.2715,16.687
6/27/2025,2:54:08 AM,0,0.2696,16.681
6/27/2025,3:09:08 AM,0,0.2667,16.679
6/27/2025,3:24:08 AM,0,0.2679,16.678
6/27/2025,3:39:08 AM,0,0.2679,16.675
6/27/2025,3:54:08 AM,0,0.2686,16.672
6/27/2025,4:09:08 AM,0,0.2697,16.666
6/27/2025,4:24:08 AM,0,0.271,16.657
6/27/2025,4:39:08 AM,0,0.271,16.66
6/27/2025,4:54:08 AM,0,0.27,16.658
6/27/2025,5:09:08 AM,0,0.2711,16.653
6/27/2025,5:24:08 AM,0,0.2697,16.65
6/27/2025,5:39:08 AM,0,0.2694,16.651
6/27/2025,5:54:08 AM,0,0.268,16.645
6/27/2025,6:09:08 AM,0,0.2708,16.644
6/27/2025,6:24:08 AM,0,0.2718,16.643
6/27/2025,6:39:08 AM,0,0.2734,16.643
6/27/2025,6:54:08 AM,0,0.2745,16.641
6/27/2025,7:09:08 AM,0,0.2737,16.641
6/27/2025,7:24:08 AM,0,0.2745,16.642
6/27/2025,7:39:08 AM,0,0.2734,16.639
6/27/2025,7:54:08 AM,0,0.2715,16.639
6/27/2025,8:09:08 AM,0,0.2727,16.639
6/27/2025,8:24:08 AM,0,0.2714,16.64
6/27/2025,8:39:08 AM,0,0.2717,16.638
6/27/2025,8:54:08 AM,0,0.2705,16.641
6/27/2025,9:09:08 AM,0,0.2698,16.638
6/27/2025,9:24:08 AM,0,0.2699,16.638
6/27/2025,9:39:08 AM,0,0.2701,16.641
6/27/2025,9:54:08 AM,0,0.2702,16.642
6/27/2025,10:09:08 AM,0,0.2707,16.644
6/27/2025,10:24:08 AM,0,0.2718,16.648
6/27/2025,10:39:08 AM,0,0.2726,16.655
6/27/2025,10:54:08 AM,0,0.2713,16.663
6/27/2025,11:09:08 AM,0,0.2704,16.664
6/27/2025,11:24:08 AM,0,0.2683,16.669
6/27/2025,11:39:08 AM,0,0.2671,16.669
6/27/2025,11:54:08 AM,0,0.2672,16.669
6/27/2025,12:09:08 PM,0,0.2691,16.674
6/27/2025,12:24:08 PM,0,0.269,16.68
6/27/2025,12:39:08 PM,0,0.2699,16.688
6/27/2025,12:54:08 PM,0,0.2699,16.688
6/27/2025,1:09:08 PM,0,0.2672,16.692
6/27/2025,1:24:08 PM,0,0.2631,16.697
6/27/2025,1:39:08 PM,0,0.2618,16.7
6/27/2025,1:54:08 PM,0,0.2589,16.705
6/27/2025,2:09:08 PM,0,0.2581,16.71
6/27/2025,2:24:08 PM,0,0.2571,16.719
6/27/2025,2:39:08 PM,0,0.2597,16.724
6/27/2025,2:54:08 PM,0,0.2596,16.725
6/27/2025,3:09:08 PM,0,0.2617,16.731
6/27/2025,3:24:08 PM,0,0.2601,16.736
6/27/2025,3:39:08 PM,0,0.2615,16.742
6/27/2025,3:54:08 PM,0,0.2604,16.753
6/27/2025,4:09:08 PM,0,0.2588,16.763
6/27/2025,4:24:08 PM,0,0.2582,16.773
6/27/2025,4:39:08 PM,0,0.258,16.792
6/27/2025,4:54:08 PM,0,0.2551,16.804
6/27/2025,5:09:08 PM,0,0.2562,16.833
6/27/2025,5:24:08 PM,0,0.2585,16.824
6/27/2025,5:39:08 PM,0,0.2597,16.83
6/27/2025,5:54:08 PM,0,0.2618,16.825
6/27/2025,6:09:08 PM,0,0.2621,16.838
6/27/2025,6:24:08 PM,0,0.2615,16.835
6/27/2025,6:39:08 PM,0,0.2619,16.828
6/27/2025,6:54:08 PM,0,0.2606,16.828
6/27/2025,7:09:08 PM,0,0.2582,16.842
6/27/2025,7:24:08 PM,0,0.2599,16.842
6/27/2025,7:39:08 PM,0,0.2601,16.843
6/27/2025,7:54:08 PM,0,0.26,16.846
6/27/2025,8:09:08 PM,0,0.2592,16.852
6/27/2025,8:24:08 PM,0,0.2618,16.861
6/27/2025,8:39:08 PM,0,0.2619,16.866
6/27/2025,8:54:08 PM,0,0.2622,16.877
6/27/2025,9:09:08 PM,0,0.264,16.917
6/27/2025,9:24:08 PM,0,0.2653,16.901
6/27/2025,9:39:08 PM,0,0.2642,16.898
6/27/2025,9:54:08 PM,0,0.2629,16.899
6/27/2025,10:09:08 PM,0,0.2606,16.91
6/27/2025,10:24:08 PM,0,0.261,16.917
6/27/2025,10:39:08 PM,0,0.261,16.924
6/27/2025,10:54:08 PM,0,0.2625,16.919
6/27/2025,11:09:08 PM,0,0.26,16.921
6/27/2025,11:24:08 PM,0,0.2609,16.921
6/27/2025,11:39:08 PM,0,0.2572,16.925
6/27/2025,11:54:08 PM,0,0.2552,16.924
6/28/2025,12:09:08 AM,0,0.2562,16.918
6/28/2025,12:24:08 AM,0,0.257,16.923
6/28/2025,12:39:08 AM,0,0.2568,16.925
6/28/2025,12:54:08 AM,0,0.259,16.923
6/28/2025,1:09:08 AM,0,0.2614,16.911
6/28/2025,1:24:08 AM,0,0.2619,16.917
6/28/2025,1:39:08 AM,0,0.2611,16.92
6/28/2025,1:54:08 AM,0,0.2659,16.911
6/28/2025,2:09:08 AM,0,0.2657,16.912
6/28/2025,2:24:08 AM,0,0.2649,16.909
6/28/2025,2:39:08 AM,0,0.2683,16.908
6/28/2025,2:54:08 AM,0,0.2681,16.905
6/28/2025,3:09:08 AM,0,0.2672,16.904
6/28/2025,3:24:08 AM,0,0.2671,16.898
6/28/2025,3:39:08 AM,0,0.2683,16.896
6/28/2025,3:54:08 AM,0,0.2671,16.893
6/28/2025,4:09:08 AM,0,0.2683,16.888
6/28/2025,4:24:08 AM,0,0.2692,16.886
6/28/2025,4:39:08 AM,0,0.2704,16.883
6/28/2025,4:54:08 AM,0,0.271,16.88
6/28/2025,5:09:08 AM,0,0.2682,16.877
6/28/2025,5:24:08 AM,0,0.2686,16.874
6/28/2025,5:39:08 AM,0,0.2692,16.867
6/28/2025,5:54:08 AM,0,0.2681,16.867
6/28/2025,6:09:08 AM,0,0.2682,16.863
6/28/2025,6:24:08 AM,0,0.272,16.861
6/28/2025,6:39:08 AM,0,0.2692,16.859
6/28/2025,6:54:08 AM,0,0.2696,16.852
6/28/2025,7:09:08 AM,0,0.2717,16.849
6/28/2025,7:24:08 AM,0,0.2719,16.846
6/28/2025,7:39:08 AM,0,0.2693,16.842
6/28/2025,7:54:08 AM,0,0.2699,16.839
6/28/2025,8:09:08 AM,0,0.2668,16.838
6/28/2025,8:24:08 AM,0,0.2638,16.835
6/28/2025,8:39:08 AM,0,0.2618,16.835
6/28/2025,8:54:08 AM,0,0.2606,16.83
6/28/2025,9:09:08 AM,0,0.261,16.834
6/28/2025,9:24:08 AM,0,0.2619,16.833
6/28/2025,9:39:08 AM,0,0.2618,16.836
6/28/2025,9:54:08 AM,0,0.2627,16.835
6/28/2025,10:09:08 AM,0,0.2616,16.839
6/28/2025,10:24:08 AM,0,0.2594,16.84
6/28/2025,10:39:08 AM,0,0.2585,16.835
6/28/2025,10:54:08 AM,0,0.2574,16.839
6/28/2025,11:09:08 AM,0,0.257,16.842
6/28/2025,11:24:08 AM,0,0.2581,16.843
6/28/2025,11:39:08 AM,0,0.2582,16.846
6/28/2025,11:54:08 AM,0,0.2571,16.852
6/28/2025,12:09:08 PM,0,0.2573,16.855
6/28/2025,12:24:08 PM,0,0.2556,16.86
6/28/2025,12:39:08 PM,0,0.2567,16.866
6/28/2025,12:54:08 PM,0,0.2532,16.875
6/28/2025,1:09:08 PM,0,0.2534,16.877
6/28/2025,1:24:08 PM,0,0.2524,16.886
6/28/2025,1:39:08 PM,0,0.2503,16.89
6/28/2025,1:54:08 PM,0,0.2513,16.903
6/28/2025,2:09:08 PM,0,0.2506,16.915
6/28/2025,2:24:08 PM,0,0.2508,16.921
6/28/2025,2:39:08 PM,0,0.2492,16.93
6/28/2025,2:54:08 PM,0,0.2503,16.935
6/28/2025,3:09:08 PM,0,0.2506,16.944
6/28/2025,3:24:08 PM,0,0.25,16.948
6/28/2025,3:39:08 PM,0,0.2482,16.964
6/28/2025,3:54:08 PM,0,0.2461,16.972
6/28/2025,4:09:08 PM,0,0.245,16.99
6/28/2025,4:24:08 PM,0,0.2451,17.015
6/28/2025,4:39:08 PM,0,0.2466,17.032
6/28/2025,4:54:08 PM,0,0.2486,17.06
6/28/2025,5:09:08 PM,0,0.2507,17.092
6/28/2025,5:24:08 PM,0,0.2538,17.076
6/28/2025,5:39:08 PM,0,0.2528,17.084
6/28/2025,5:54:08 PM,0,0.2535,17.089
6/28/2025,6:09:08 PM,0,0.2532,17.093
6/28/2025,6:24:08 PM,0,0.2522,17.1
6/28/2025,6:39:08 PM,0,0.2528,17.107
6/28/2025,6:54:08 PM,0,0.252,17.111
6/28/2025,7:09:08 PM,0,0.2518,17.115
6/28/2025,7:24:08 PM,0,0.2527,17.119
6/28/2025,7:39:08 PM,0,0.2542,17.124
6/28/2025,7:54:08 PM,0,0.2537,17.133
6/28/2025,8:09:08 PM,0,0.2569,17.138
6/28/2025,8:24:08 PM,0,0.2577,17.149
6/28/2025,8:39:08 PM,0,0.2582,17.152
6/28/2025,8:54:08 PM,0,0.2595,17.158
6/28/2025,9:09:08 PM,0,0.2603,17.163
6/28/2025,9:24:08 PM,0,0.2612,17.171
6/28/2025,9:39:08 PM,0,0.2612,17.176
6/28/2025,9:54:08 PM,0,0.2602,17.182
6/28/2025,10:09:08 PM,0,0.2595,17.184
6/28/2025,10:24:08 PM,0,0.2582,17.184
6/28/2025,10:39:08 PM,0,0.2558,17.183
6/28/2025,10:54:08 PM,0,0.2545,17.191
6/28/2025,11:09:08 PM,0,0.2551,17.191
6/28/2025,11:24:08 PM,0,0.2554,17.193
6/28/2025,11:39:08 PM,0,0.2568,17.197
6/28/2025,11:54:08 PM,0,0.2583,17.203
6/29/2025,12:09:08 AM,0,0.2572,17.203
6/29/2025,12:24:08 AM,0,0.2558,17.196
6/29/2025,12:39:08 AM,0,0.2556,17.193
6/29/2025,12:54:08 AM,0,0.2536,17.189
6/29/2025,1:09:08 AM,0,0.2539,17.186
6/29/2025,1:24:08 AM,0,0.254,17.192
6/29/2025,1:39:08 AM,0,0.2556,17.183
6/29/2025,1:54:08 AM,0,0.2564,17.178
6/29/2025,2:09:08 AM,0,0.2581,17.17
6/29/2025,2:24:08 AM,0,0.2558,17.163
6/29/2025,2:39:08 AM,0,0.2555,17.158
6/29/2025,2:54:08 AM,0,0.2563,17.15
6/29/2025,3:09:08 AM,0,0.2572,17.14
6/29/2025,3:24:08 AM,0,0.2586,17.134
6/29/2025,3:39:08 AM,0,0.2598,17.125
6/29/2025,3:54:08 AM,0,0.2617,17.114
6/29/2025,4:09:08 AM,0,0.2627,17.111
6/29/2025,4:24:08 AM,0,0.263,17.105
6/29/2025,4:39:08 AM,0,0.2639,17.097
6/29/2025,4:54:08 AM,0,0.2612,17.084
6/29/2025,5:09:08 AM,0,0.2631,17.074
6/29/2025,5:24:08 AM,0,0.263,17.058
6/29/2025,5:39:08 AM,0,0.2651,17.052
6/29/2025,5:54:08 AM,0,0.2682,17.043
6/29/2025,6:09:08 AM,0,0.2694,17.036
6/29/2025,6:24:08 AM,0,0.2693,17.02
6/29/2025,6:39:08 AM,0,0.2707,17.011
6/29/2025,6:54:08 AM,0,0.2689,16.999
6/29/2025,7:09:08 AM,0,0.2666,16.985
6/29/2025,7:24:08 AM,0,0.266,16.974
6/29/2025,7:39:08 AM,0,0.2673,16.961
6/29/2025,7:54:08 AM,0,0.2645,16.954
6/29/2025,8:09:08 AM,0,0.2644,16.95
6/29/2025,8:24:08 AM,0,0.2629,16.938
6/29/2025,8:39:08 AM,0,0.2617,16.941
6/29/2025,8:54:08 AM,0,0.2631,16.93
6/29/2025,9:09:08 AM,0,0.263,16.934
6/29/2025,9:24:08 AM,0,0.2637,16.931
6/29/2025,9:39:08 AM,0,0.2646,16.928
6/29/2025,9:54:08 AM,0,0.2641,16.93
6/29/2025,10:09:08 AM,0,0.2612,16.928
6/29/2025,10:24:08 AM,0,0.2598,16.927
6/29/2025,10:39:08 AM,0,0.2595,16.929
6/29/2025,10:54:08 AM,0,0.2589,16.93
6/29/2025,11:09:08 AM,0,0.2577,16.933
6/29/2025,11:24:08 AM,0,0.2607,16.94
6/29/2025,11:39:08 AM,0,0.2578,16.943
6/29/2025,11:54:08 AM,0,0.2586,16.952
6/29/2025,12:09:08 PM,0,0.2557,16.956
6/29/2025,12:24:08 PM,0,0.254,16.963
6/29/2025,12:39:08 PM,0,0.2548,16.969
6/29/2025,12:54:08 PM,0,0.2521,16.993
6/29/2025,1:09:08 PM,0,0.2525,17.001
6/29/2025,1:24:08 PM,0,0.2515,17.001
6/29/2025,1:39:08 PM,0,0.2519,17.004
6/29/2025,1:54:08 PM,0,0.2485,17.01
6/29/2025,2:09:08 PM,0,0.2508,17.016
6/29/2025,2:24:08 PM,0,0.2497,17.024
6/29/2025,2:39:08 PM,0,0.2518,17.031
6/29/2025,2:54:08 PM,0,0.2523,17.036
6/29/2025,3:09:08 PM,0,0.2521,17.044
6/29/2025,3:24:08 PM,0,0.2496,17.054
6/29/2025,3:39:08 PM,0,0.2485,17.063
6/29/2025,3:54:08 PM,0,0.248,17.077
6/29/2025,4:09:08 PM,0,0.2493,17.095
6/29/2025,4:24:08 PM,0,0.2469,17.114
6/29/2025,4:39:08 PM,0,0.2466,17.11
6/29/2025,4:54:08 PM,0,0.2481,17.152
6/29/2025,5:09:08 PM,0,0.2507,17.165
6/29/2025,5:24:08 PM,0,0.2508,17.158
6/29/2025,5:39:08 PM,0,0.2529,17.163
6/29/2025,5:54:08 PM,0,0.254,17.165
6/29/2025,6:09:08 PM,0,0.2534,17.173
6/29/2025,6:24:08 PM,0,0.25,17.171
6/29/2025,6:39:08 PM,0,0.2501,17.181
6/29/2025,6:54:08 PM,0,0.2497,17.184
6/29/2025,7:09:08 PM,0,0.2513,17.19
6/29/2025,7:24:08 PM,0,0.2511,17.19
6/29/2025,7:39:08 PM,0,0.2519,17.194
6/29/2025,7:54:08 PM,0,0.2521,17.206
6/29/2025,8:09:08 PM,0,0.2526,17.218
6/29/2025,8:24:08 PM,0,0.2533,17.226
6/29/2025,8:39:08 PM,0,0.2552,17.222
6/29/2025,8:54:08 PM,0,0.2583,17.231
6/29/2025,9:09:08 PM,0,0.2593,17.231
6/29/2025,9:24:08 PM,0,0.2589,17.224
6/29/2025,9:39:08 PM,0,0.2562,17.218
6/29/2025,9:54:08 PM,0,0.2557,17.218
6/29/2025,10:09:08 PM,0,0.2506,17.209
6/29/2025,10:24:08 PM,0,0.2519,17.202
6/29/2025,10:39:08 PM,0,0.2514,17.191
6/29/2025,10:54:08 PM,0,0.2514,17.174
6/29/2025,11:09:08 PM,0,0.2503,17.16
6/29/2025,11:24:08 PM,0,0.249,17.145
6/29/2025,11:39:08 PM,0,0.249,17.123
6/29/2025,11:54:08 PM,0,0.2485,17.09
6/30/2025,12:09:08 AM,0,0.2492,17.066
6/30/2025,12:24:08 AM,0,0.2498,17.069
6/30/2025,12:39:08 AM,0,0.2498,17.061
6/30/2025,12:54:08 AM,0,0.2519,17.056
6/30/2025,1:09:08 AM,0,0.2508,17.048
6/30/2025,1:24:08 AM,0,0.2506,17.043
6/30/2025,1:39:08 AM,0,0.2517,17.042
6/30/2025,1:54:08 AM,0,0.2519,17.045
6/30/2025,2:09:08 AM,0,0.2553,17.043
6/30/2025,2:24:08 AM,0,0.2571,17.035
6/30/2025,2:39:08 AM,0,0.258,17.03
6/30/2025,2:54:08 AM,0,0.2577,17.025
6/30/2025,3:09:08 AM,0,0.2595,16.995
6/30/2025,3:24:08 AM,0,0.2575,16.984
6/30/2025,3:39:08 AM,0,0.2588,16.968
6/30/2025,3:54:08 AM,0,0.259,16.955
6/30/2025,4:09:08 AM,0,0.2596,16.923
6/30/2025,4:24:08 AM,0,0.2615,16.896
6/30/2025,4:39:08 AM,0,0.2608,16.889
6/30/2025,4:54:08 AM,0,0.261,16.886
6/30/2025,5:09:08 AM,0,0.2616,16.87
6/30/2025,5:24:08 AM,0,0.2581,16.859
6/30/2025,5:39:08 AM,0,0.2601,16.865
6/30/2025,5:54:08 AM,0,0.2609,16.855
6/30/2025,6:09:08 AM,0,0.2618,16.857
6/30/2025,6:24:08 AM,0,0.2625,16.847
6/30/2025,6:39:08 AM,0,0.2648,16.851
6/30/2025,6:54:08 AM,0,0.2645,16.838
6/30/2025,7:09:08 AM,0,0.2635,16.826
6/30/2025,7:24:08 AM,0,0.2643,16.814
6/30/2025,7:39:08 AM,0,0.2636,16.806
6/30/2025,7:54:08 AM,0,0.2623,16.804
6/30/2025,8:09:08 AM,0,0.261,16.793
6/30/2025,8:24:08 AM,0,0.2579,16.785
6/30/2025,8:39:08 AM,0,0.2589,16.784
6/30/2025,8:54:08 AM,0,0.2569,16.79
6/30/2025,9:09:08 AM,0,0.2577,16.749
6/30/2025,9:24:08 AM,0,0.2601,16.79
6/30/2025,9:39:08 AM,0,0.2605,16.77
6/30/2025,9:54:08 AM,0,0.2595,16.783
6/30/2025,10:09:08 AM,0,0.2582,16.781
6/30/2025,10:24:08 AM,0,0.257,16.784
6/30/2025,10:39:08 AM,0,0.2563,16.787
6/30/2025,10:54:08 AM,0,0.2573,16.777
6/30/2025,11:09:08 AM,0,0.2573,16.781
6/30/2025,11:24:08 AM,0,0.2571,16.778
6/30/2025,11:39:08 AM,0,0.2543,16.772
6/30/2025,11:54:08 AM,0,0.2591,16.773
6/30/2025,12:09:08 PM,0,0.2532,16.766
6/30/2025,12:24:08 PM,0,0.253,16.763
6/30/2025,12:39:08 PM,0,0.2544,16.755
6/30/2025,12:54:08 PM,0,0.2542,16.772
6/30/2025,1:09:08 PM,0,0.2554,16.769
6/30/2025,1:24:08 PM,0,0.2561,16.78
6/30/2025,1:39:08 PM,0,0.2553,16.78
6/30/2025,1:54:08 PM,0,0.2582,16.793
6/30/2025,2:09:08 PM,0,0.2594,16.792
6/30/2025,2:24:08 PM,0,0.2571,16.801
6/30/2025,2:39:08 PM,0,0.2566,16.805
6/30/2025,2:54:08 PM,0,0.2569,16.811
6/30/2025,3:09:08 PM,0,0.2543,16.817
6/30/2025,3:24:08 PM,0,0.256,16.824
6/30/2025,3:39:08 PM,0,0.2549,16.831
6/30/2025,3:54:08 PM,0,0.2561,16.846
6/30/2025,4:09:08 PM,0,0.2576,16.861
6/30/2025,4:24:08 PM,0,0.2578,16.887
6/30/2025,4:39:08 PM,0,0.2555,16.89
6/30/2025,4:54:08 PM,0,0.2539,16.915
6/30/2025,5:09:08 PM,0,0.2491,16.94
6/30/2025,5:24:08 PM,0,0.2506,16.923
6/30/2025,5:39:08 PM,0,0.2524,16.918
6/30/2025,5:54:08 PM,0,0.2515,16.916
6/30/2025,6:09:08 PM,0,0.2551,16.916
6/30/2025,6:24:08 PM,0,0.2563,16.914
6/30/2025,6:39:08 PM,0,0.2563,16.926
6/30/2025,6:54:08 PM,0,0.256,16.93
6/30/2025,7:09:08 PM,0,0.2579,16.932
6/30/2025,7:24:08 PM,0,0.2564,16.932
6/30/2025,7:39:08 PM,0,0.2575,16.934
6/30/2025,7:54:08 PM,0,0.2564,16.941
6/30/2025,8:09:08 PM,0,0.2583,16.952
6/30/2025,8:24:08 PM,0,0.2596,16.965
6/30/2025,8:39:08 PM,0,0.2612,16.968
6/30/2025,8:54:08 PM,0,0.2601,16.957
6/30/2025,9:09:08 PM,0,0.2636,16.959
6/30/2025,9:24:08 PM,0,0.2633,16.952
6/30/2025,9:39:08 PM,0,0.2615,16.948
6/30/2025,9:54:08 PM,0,0.2599,16.946
6/30/2025,10:09:08 PM,0,0.2616,16.945
6/30/2025,10:24:08 PM,0,0.2614,16.934
6/30/2025,10:39:08 PM,0,0.2603,16.933
6/30/2025,10:54:08 PM,0,0.2602,16.927
6/30/2025,11:09:08 PM,0,0.2593,16.924
6/30/2025,11:24:08 PM,0,0.2603,16.921
6/30/2025,11:39:08 PM,0,0.2592,16.925
6/30/2025,11:54:08 PM,0,0.2599,16.912
7/1/2025,12:09:08 AM,0,0.2585,16.901
7/1/2025,12:24:08 AM,0,0.2575,16.889
7/1/2025,12:39:08 AM,0,0.2575,16.88
7/1/2025,12:54:08 AM,0,0.2569,16.87
7/1/2025,1:09:08 AM,0,0.258,16.863
7/1/2025,1:24:08 AM,0,0.2591,16.853
7/1/2025,1:39:08 AM,0,0.2609,16.845
7/1/2025,1:54:08 AM,0,0.2605,16.834
7/1/2025,2:09:08 AM,0,0.2612,16.794
7/1/2025,2:24:08 AM,0,0.2635,16.81
7/1/2025,2:39:08 AM,0,0.2649,16.798
7/1/2025,2:54:08 AM,0,0.2699,16.78
7/1/2025,3:09:08 AM,0,0.2697,16.776
7/1/2025,3:24:08 AM,0,0.2726,16.781
7/1/2025,3:39:08 AM,0,0.2713,16.748
7/1/2025,3:54:08 AM,0,0.2699,16.72
7/1/2025,4:09:08 AM,0,0.272,16.696
7/1/2025,4:24:08 AM,0,0.2742,16.665
7/1/2025,4:39:08 AM,0,0.276,16.655
7/1/2025,4:54:08 AM,0,0.2771,16.656
7/1/2025,5:09:08 AM,0,0.2757,16.613
7/1/2025,5:24:08 AM,0,0.2756,16.601
7/1/2025,5:39:08 AM,0,0.2738,16.607
7/1/2025,5:54:08 AM,0,0.2756,16.592
7/1/2025,6:09:08 AM,0,0.2787,16.563
7/1/2025,6:24:08 AM,0,0.2812,16.566
7/1/2025,6:39:08 AM,0,0.2788,16.555
7/1/2025,6:54:08 AM,0,0.2769,16.562
7/1/2025,7:09:08 AM,0,0.2736,16.528
7/1/2025,7:24:08 AM,0,0.2715,16.502
7/1/2025,7:39:08 AM,0,0.2716,16.503
7/1/2025,7:54:08 AM,0,0.2709,16.483
7/1/2025,8:09:08 AM,0,0.2717,16.499
7/1/2025,8:24:08 AM,0,0.269,16.515
7/1/2025,8:39:08 AM,0,0.2697,16.486
7/1/2025,8:54:08 AM,0,0.2686,16.503
7/1/2025,9:09:08 AM,0,0.2649,16.523
7/1/2025,9:24:08 AM,0,0.2636,16.541
7/1/2025,9:39:08 AM,0,0.2684,16.562
7/1/2025,9:54:08 AM,0,0.2686,16.565
7/1/2025,10:09:08 AM,0,0.266,16.571
7/1/2025,10:24:08 AM,0,0.2682,16.587
7/1/2025,10:39:08 AM,0,0.2682,16.595
7/1/2025,10:54:08 AM,0,0.2651,16.6
7/1/2025,11:09:08 AM,0,0.2664,16.595
7/1/2025,11:24:08 AM,0,0.2688,16.6
7/1/2025,11:39:08 AM,0,0.2675,16.6
7/1/2025,11:54:08 AM,0,0.2704,16.614
7/1/2025,12:09:08 PM,0,0.2721,16.62
7/1/2025,12:24:08 PM,0,0.2711,16.637
7/1/2025,12:39:08 PM,0,0.2724,16.668
7/1/2025,12:54:08 PM,0,0.2727,16.688
7/1/2025,1:09:08 PM,0,0.2742,16.718
7/1/2025,1:24:08 PM,0,0.2726,16.742
7/1/2025,1:39:08 PM,0,0.2704,16.78
7/1/2025,1:54:08 PM,0,0.2691,16.76
7/1/2025,2:09:08 PM,0,0.2669,16.785
7/1/2025,2:24:08 PM,0,0.2653,16.828
7/1/2025,2:39:08 PM,0,0.2657,16.862
7/1/2025,2:54:08 PM,0,0.2651,16.892
7/1/2025,3:09:08 PM,0,0.2637,16.934
7/1/2025,3:24:08 PM,0,0.2622,16.953
7/1/2025,3:39:08 PM,0,0.2608,16.984
7/1/2025,3:54:08 PM,0,0.2596,16.985
7/1/2025,4:09:08 PM,0,0.2578,17.002
7/1/2025,4:24:08 PM,0,0.2551,17.043
7/1/2025,4:39:08 PM,0,0.2556,17.031
7/1/2025,4:54:08 PM,0,0.256,17.029
7/1/2025,5:09:08 PM,0,0.2576,17.099
7/1/2025,5:24:08 PM,0,0.26,17.082
7/1/2025,5:39:08 PM,0,0.2592,17.09
7/1/2025,5:54:08 PM,0,0.2606,17.09
7/1/2025,6:09:08 PM,0,0.26,17.13
7/1/2025,6:24:08 PM,0,0.2588,17.121
7/1/2025,6:39:08 PM,0,0.26,17.121
7/1/2025,6:54:08 PM,0,0.2612,17.125
7/1/2025,7:09:08 PM,0,0.2624,17.121
7/1/2025,7:24:08 PM,0,0.2613,17.114
7/1/2025,7:39:08 PM,0,0.2633,17.117
7/1/2025,7:54:08 PM,0,0.2625,17.123
7/1/2025,8:09:08 PM,0,0.2625,17.106
7/1/2025,8:24:08 PM,0,0.2631,17.112
7/1/2025,8:39:08 PM,0,0.2619,17.111
7/1/2025,8:54:08 PM,0,0.2603,17.147
7/1/2025,9:09:08 PM,0,0.2612,17.173
7/1/2025,9:24:08 PM,0,0.2614,17.156
7/1/2025,9:39:08 PM,0,0.2634,17.142
7/1/2025,9:54:08 PM,0,0.2639,17.153
7/1/2025,10:09:08 PM,0,0.2633,17.121
7/1/2025,10:24:08 PM,0,0.2633,17.1
7/1/2025,10:39:08 PM,0,0.2624,17.081
7/1/2025,10:54:08 PM,0,0.2616,17.07
7/1/2025,11:09:08 PM,0,0.2596,17.054
7/1/2025,11:24:08 PM,0,0.2597,17.034
7/1/2025,11:39:08 PM,0,0.2597,17.025
7/1/2025,11:54:08 PM,0,0.2595,17.012
7/2/2025,12:09:08 AM,0,0.2586,17.004
7/2/2025,12:24:08 AM,0,0.2576,16.991
7/2/2025,12:39:08 AM,0,0.2614,16.976
7/2/2025,12:54:08 AM,0,0.26,16.961
7/2/2025,1:09:08 AM,0,0.2597,16.956
7/2/2025,1:24:08 AM,0,0.2598,16.943
7/2/2025,1:39:08 AM,0,0.2604,16.93
7/2/2025,1:54:08 AM,0,0.2617,16.918
7/2/2025,2:09:08 AM,0,0.2597,16.907
7/2/2025,2:24:08 AM,0,0.2642,16.877
7/2/2025,2:39:08 AM,0,0.2649,16.864
7/2/2025,2:54:08 AM,0,0.2604,16.84
7/2/2025,3:09:08 AM,0,0.2625,16.804
7/2/2025,3:24:08 AM,0,0.2626,16.79
7/2/2025,3:39:08 AM,0,0.2622,16.781
7/2/2025,3:54:08 AM,0,0.2606,16.75
7/2/2025,4:09:08 AM,0,0.2631,16.73
7/2/2025,4:24:08 AM,0,0.2617,16.717
7/2/2025,4:39:08 AM,0,0.2591,16.707
7/2/2025,4:54:08 AM,0,0.2585,16.701
7/2/2025,5:09:08 AM,0,0.2613,16.706
7/2/2025,5:24:08 AM,0,0.2653,16.708
7/2/2025,5:39:08 AM,0,0.2661,16.702
7/2/2025,5:54:08 AM,0,0.263,16.674
7/2/2025,6:09:08 AM,0,0.2662,16.681
7/2/2025,6:24:08 AM,0,0.2634,16.669
7/2/2025,6:39:08 AM,0,0.2615,16.67
7/2/2025,6:54:08 AM,0,0.2636,16.665
7/2/2025,7:09:08 AM,0,0.2675,16.668
7/2/2025,7:24:08 AM,0,0.266,16.664
7/2/2025,7:39:08 AM,0,0.2657,16.676
7/2/2025,7:54:08 AM,0,0.2651,16.672
7/2/2025,8:09:08 AM,0,0.2642,16.665
7/2/2025,8:24:08 AM,0,0.2645,16.658
7/2/2025,8:39:08 AM,0,0.2622,16.632
7/2/2025,8:54:08 AM,0,0.2629,16.642
7/2/2025,9:09:08 AM,0,0.2637,16.646
7/2/2025,9:24:08 AM,0,0.266,16.621
7/2/2025,9:39:08 AM,0,0.2655,16.625
7/2/2025,9:54:08 AM,0,0.2666,16.648
7/2/2025,10:09:08 AM,0,0.2661,16.653
7/2/2025,10:24:08 AM,0,0.2654,16.669
7/2/2025,10:39:08 AM,0,0.2617,16.696
7/2/2025,10:54:08 AM,0,0.2607,16.731
7/2/2025,11:09:08 AM,0,0.2618,16.763
7/2/2025,11:24:08 AM,0,0.2611,16.765
7/2/2025,11:39:08 AM,0,0.2589,16.75
7/2/2025,11:54:08 AM,0,0.2598,16.742
7/2/2025,12:09:08 PM,0,0.2581,16.779
7/2/2025,12:24:08 PM,0,0.2552,16.819
7/2/2025,12:39:08 PM,0,0.2534,16.816
7/2/2025,12:54:08 PM,0,0.2512,16.837
7/2/2025,1:09:08 PM,0,0.2507,16.846
7/2/2025,1:24:08 PM,0,0.2512,16.873
7/2/2025,1:39:08 PM,0,0.2537,16.884
7/2/2025,1:54:08 PM,0,0.2566,16.92
7/2/2025,2:09:08 PM,0,0.2551,16.933
7/2/2025,2:24:08 PM,0,0.2553,16.949
7/2/2025,2:39:08 PM,0,0.2554,16.978
7/2/2025,2:54:08 PM,0,0.2522,16.976
7/2/2025,3:09:08 PM,0,0.249,16.987
7/2/2025,3:24:08 PM,0,0.2522,17.01
7/2/2025,3:39:08 PM,0,0.2524,17.042
7/2/2025,3:54:08 PM,0,0.2464,17.007
7/2/2025,4:09:08 PM,0,0.2468,17.001
7/2/2025,4:24:08 PM,0,0.249,17.015
7/2/2025,4:39:08 PM,0,0.2505,17.049
7/2/2025,4:54:08 PM,0,0.2466,17.088
7/2/2025,5:09:08 PM,0,0.2499,17.087
7/2/2025,5:24:08 PM,0,0.2536,17.098
7/2/2025,5:39:08 PM,0,0.2491,17.135
7/2/2025,5:54:08 PM,0,0.2488,17.122
7/2/2025,6:09:08 PM,0,0.2524,17.14
7/2/2025,6:24:08 PM,0,0.2555,17.158
7/2/2025,6:39:08 PM,0,0.2568,17.161
7/2/2025,6:54:08 PM,0,0.2598,17.138
7/2/2025,7:09:08 PM,0,0.2632,17.126
7/2/2025,7:24:08 PM,0,0.2615,17.142
7/2/2025,7:39:08 PM,0,0.2607,17.163
7/2/2025,7:54:08 PM,0,0.2584,17.188
7/2/2025,8:09:08 PM,0,0.2589,17.206
7/2/2025,8:24:08 PM,0,0.2585,17.188
7/2/2025,8:39:08 PM,0,0.26,17.218
7/2/2025,8:54:08 PM,0,0.2601,17.184
7/2/2025,9:09:08 PM,0,0.26,17.182
7/2/2025,9:24:08 PM,0,0.2618,17.169
7/2/2025,9:39:08 PM,0,0.2607,17.162
7/2/2025,9:54:08 PM,0,0.2589,17.144
7/2/2025,10:09:08 PM,0,0.2592,17.138
7/2/2025,10:24:08 PM,0,0.258,17.126
7/2/2025,10:39:08 PM,0,0.2612,17.117
7/2/2025,10:54:08 PM,0,0.2581,17.113
7/2/2025,11:09:08 PM,0,0.2606,17.093
7/2/2025,11:24:08 PM,0,0.2597,17.078
7/2/2025,11:39:08 PM,0,0.2598,17.077
7/2/2025,11:54:08 PM,0,0.2575,17.065
7/3/2025,12:09:08 AM,0,0.2578,17.064
7/3/2025,12:24:08 AM,0,0.2574,17.058
7/3/2025,12:39:08 AM,0,0.2579,17.039
7/3/2025,12:54:08 AM,0,0.2609,17.028
7/3/2025,1:09:08 AM,0,0.2606,17.018
7/3/2025,1:24:08 AM,0,0.2628,17.014
7/3/2025,1:39:08 AM,0,0.2595,17.003
7/3/2025,1:54:08 AM,0,0.2579,17
7/3/2025,2:09:08 AM,0,0.2565,17
7/3/2025,2:24:08 AM,0,0.2528,16.988
7/3/2025,2:39:08 AM,0,0.2533,16.969
7/3/2025,2:54:08 AM,0,0.2578,16.965
7/3/2025,3:09:08 AM,0,0.261,16.963
7/3/2025,3:24:08 AM,0,0.2621,16.958
7/3/2025,3:39:08 AM,0,0.2663,16.953
7/3/2025,3:54:08 AM,0,0.2672,16.969
7/3/2025,4:09:08 AM,0,0.2682,16.964
7/3/2025,4:24:08 AM,0,0.2655,16.961
7/3/2025,4:39:08 AM,0,0.2681,16.952
7/3/2025,4:54:08 AM,0,0.2687,16.946
7/3/2025,5:09:08 AM,0,0.2695,16.927
7/3/2025,5:24:08 AM,0,0.2724,16.924
7/3/2025,5:39:08 AM,0,0.2725,16.915
7/3/2025,5:54:08 AM,0,0.2733,16.914
7/3/2025,6:09:08 AM,0,0.2748,16.918
7/3/2025,6:24:08 AM,0,0.269,16.916
7/3/2025,6:39:08 AM,0,0.2674,16.92
7/3/2025,6:54:08 AM,0,0.2712,16.915
7/3/2025,7:09:08 AM,0,0.2684,16.923
7/3/2025,7:24:08 AM,0,0.273,16.927
7/3/2025,7:39:08 AM,0,0.2753,16.927
7/3/2025,7:54:08 AM,0,0.275,16.936
7/3/2025,8:09:08 AM,0,0.2733,16.936
7/3/2025,8:24:08 AM,0,0.2733,16.934
7/3/2025,8:39:08 AM,0,0.2716,16.937
7/3/2025,8:54:08 AM,0,0.275,16.941
7/3/2025,9:09:08 AM,0,0.274,16.942
7/3/2025,9:24:08 AM,0,0.2754,16.95
7/3/2025,9:39:08 AM,0,0.2748,16.953
7/3/2025,9:54:08 AM,0,0.2787,16.963
7/3/2025,10:09:08 AM,0,0.2749,16.971
7/3/2025,10:24:08 AM,0,0.2733,16.978
7/3/2025,10:39:08 AM,0,0.2749,16.983
7/3/2025,10:54:08 AM,0,0.2734,16.986
7/3/2025,11:09:08 AM,0,0.2694,16.993
7/3/2025,11:24:08 AM,0,0.269,17
7/3/2025,11:39:08 AM,0,0.2678,17.011
7/3/2025,11:54:08 AM,0,0.2666,17.039
7/3/2025,12:09:08 PM,0,0.2651,17.06
7/3/2025,12:24:08 PM,0,0.2655,17.087
7/3/2025,12:39:08 PM,0,0.2645,17.104
7/3/2025,12:54:08 PM,0,0.2637,17.134
7/3/2025,1:09:08 PM,0,0.2635,17.156
7/3/2025,1:24:08 PM,0,0.2612,17.167
7/3/2025,1:39:08 PM,0,0.2629,17.184
7/3/2025,1:54:08 PM,0,0.2619,17.193
7/3/2025,2:09:08 PM,0,0.2643,17.214
7/3/2025,2:24:08 PM,0,0.2611,17.25
7/3/2025,2:39:08 PM,0,0.2618,17.269
7/3/2025,2:54:08 PM,0,0.2601,17.3
7/3/2025,3:09:08 PM,0,0.2592,17.344
7/3/2025,3:24:08 PM,0,0.2616,17.31
7/3/2025,3:39:08 PM,0,0.2621,17.33
7/3/2025,3:54:08 PM,0,0.2632,17.354
7/3/2025,4:09:08 PM,0,0.2642,17.358
7/3/2025,4:24:08 PM,0,0.2617,17.406
7/3/2025,4:39:08 PM,0,0.261,17.426
7/3/2025,4:54:08 PM,0,0.2572,17.467
7/3/2025,5:09:08 PM,0,0.2592,17.451
7/3/2025,5:24:08 PM,0,0.2589,17.491
7/3/2025,5:39:08 PM,0,0.2608,17.494
7/3/2025,5:54:08 PM,0,0.264,17.552
7/3/2025,6:09:08 PM,0,0.2639,17.574
7/3/2025,6:24:08 PM,0,0.2614,17.547
7/3/2025,6:39:08 PM,0,0.26,17.554
7/3/2025,6:54:08 PM,0,0.2619,17.649
7/3/2025,7:09:08 PM,0,0.2588,17.588
7/3/2025,7:24:08 PM,0,0.2604,17.643
7/3/2025,7:39:08 PM,0,0.2646,17.64
7/3/2025,7:54:08 PM,0,0.2636,17.648
7/3/2025,8:09:08 PM,0,0.265,17.64
7/3/2025,8:24:08 PM,0,0.2682,17.674
7/3/2025,8:39:08 PM,0,0.2662,17.693
7/3/2025,8:54:08 PM,0,0.2674,17.683
7/3/2025,9:09:08 PM,0,0.2663,17.674
7/3/2025,9:24:08 PM,0,0.265,17.694
7/3/2025,9:39:08 PM,0,0.2652,17.659
7/3/2025,9:54:08 PM,0,0.2626,17.644
7/3/2025,10:09:08 PM,0,0.2626,17.614
7/3/2025,10:24:08 PM,0,0.2624,17.6
7/3/2025,10:39:08 PM,0,0.2628,17.608
7/3/2025,10:54:08 PM,0,0.2632,17.582
7/3/2025,11:09:08 PM,0,0.2617,17.577
7/3/2025,11:24:08 PM,0,0.2602,17.581
7/3/2025,11:39:08 PM,0,0.2626,17.581
7/3/2025,11:54:08 PM,0,0.2621,17.564
7/4/2025,12:09:08 AM,0,0.2614,17.602
7/4/2025,12:24:08 AM,0,0.2641,17.589
7/4/2025,12:39:08 AM,0,0.2654,17.575
7/4/2025,12:54:08 AM,0,0.2635,17.553
7/4/2025,1:09:08 AM,0,0.2606,17.537
7/4/2025,1:24:08 AM,0,0.2615,17.514
7/4/2025,1:39:08 AM,0,0.2603,17.492
7/4/2025,1:54:08 AM,0,0.2598,17.474
7/4/2025,2:09:08 AM,0,0.2593,17.452
7/4/2025,2:24:08 AM,0,0.2581,17.434
7/4/2025,2:39:08 AM,0,0.2589,17.417
7/4/2025,2:54:08 AM,0,0.2604,17.397
7/4/2025,3:09:08 AM,0,0.2616,17.376
7/4/2025,3:24:08 AM,0,0.2653,17.358
7/4/2025,3:39:08 AM,0,0.2654,17.345
7/4/2025,3:54:08 AM,0,0.2669,17.321
7/4/2025,4:09:08 AM,0,0.2664,17.305
7/4/2025,4:24:08 AM,0,0.2645,17.293
7/4/2025,4:39:08 AM,0,0.2639,17.286
7/4/2025,4:54:08 AM,0,0.2637,17.269
7/4/2025,5:09:08 AM,0,0.2634,17.253
7/4/2025,5:24:08 AM,0,0.2632,17.244
7/4/2025,5:39:08 AM,0,0.2636,17.232
7/4/2025,5:54:08 AM,0,0.2649,17.212
7/4/2025,6:09:08 AM,0,0.2662,17.209
7/4/2025,6:24:08 AM,0,0.2671,17.207
7/4/2025,6:39:08 AM,0,0.2669,17.198
7/4/2025,6:54:08 AM,0,0.2678,17.192
7/4/2025,7:09:08 AM,0,0.268,17.188
7/4/2025,7:24:08 AM,0,0.2689,17.188
7/4/2025,7:39:08 AM,0,0.2692,17.189
7/4/2025,7:54:08 AM,0,0.2712,17.176
7/4/2025,8:09:08 AM,0,0.271,17.175
7/4/2025,8:24:08 AM,0,0.2716,17.169
7/4/2025,8:39:08 AM,0,0.2703,17.167
7/4/2025,8:54:08 AM,0,0.2706,17.162
7/4/2025,9:09:08 AM,0,0.2714,17.159
7/4/2025,9:24:08 AM,0,0.2707,17.154
7/4/2025,9:39:08 AM,0,0.2723,17.145
7/4/2025,9:54:08 AM,0,0.273,17.149
7/4/2025,10:09:08 AM,0,0.2741,17.153
7/4/2025,10:24:08 AM,0,0.2736,17.161
7/4/2025,10:39:08 AM,0,0.2768,17.166
7/4/2025,10:54:08 AM,0,0.2755,17.175
7/4/2025,11:09:08 AM,0,0.2751,17.176
7/4/2025,11:24:08 AM,0,0.2757,17.178
7/4/2025,11:39:08 AM,0,0.274,17.187
7/4/2025,11:54:08 AM,0,0.2717,17.197
7/4/2025,12:09:08 PM,0,0.2716,17.202
7/4/2025,12:24:08 PM,0,0.2719,17.217
7/4/2025,12:39:08 PM,0,0.2696,17.224
7/4/2025,12:54:08 PM,0,0.2704,17.247
7/4/2025,1:09:08 PM,0,0.2682,17.281
7/4/2025,1:24:08 PM,0,0.27,17.32
7/4/2025,1:39:08 PM,0,0.2717,17.34
7/4/2025,1:54:08 PM,0,0.2692,17.359
7/4/2025,2:09:08 PM,0,0.2693,17.373
7/4/2025,2:24:08 PM,0,0.2673,17.418
7/4/2025,2:39:08 PM,0,0.2648,17.459
7/4/2025,2:54:08 PM,0,0.2635,17.47
7/4/2025,3:09:08 PM,0,0.265,17.49
7/4/2025,3:24:08 PM,0,0.2623,17.505
7/4/2025,3:39:08 PM,0,0.2628,17.536
7/4/2025,3:54:08 PM,0,0.2598,17.547
7/4/2025,4:09:08 PM,0,0.2579,17.578
7/4/2025,4:24:08 PM,0,0.256,17.613
7/4/2025,4:39:08 PM,0,0.2541,17.597
7/4/2025,4:54:08 PM,0,0.2538,17.621
7/4/2025,5:09:08 PM,0,0.2566,17.647
7/4/2025,5:24:08 PM,0,0.2591,17.663
7/4/2025,5:39:08 PM,0,0.2593,17.67
7/4/2025,5:54:08 PM,0,0.2619,17.685
7/4/2025,6:09:08 PM,0,0.2632,17.727
7/4/2025,6:24:08 PM,0,0.2624,17.692
7/4/2025,6:39:08 PM,0,0.2622,17.705
7/4/2025,6:54:08 PM,0,0.2612,17.743
7/4/2025,7:09:08 PM,0,0.2652,17.743
7/4/2025,7:24:08 PM,0,0.2676,17.758
7/4/2025,7:39:08 PM,0,0.2695,17.747
7/4/2025,7:54:08 PM,0,0.2673,17.861
7/4/2025,8:09:08 PM,0,0.2678,17.723
7/4/2025,8:24:08 PM,0,0.2675,17.704
7/4/2025,8:39:08 PM,0,0.2682,17.729
7/4/2025,8:54:08 PM,0,0.2671,17.705
7/4/2025,9:09:08 PM,0,0.2695,17.716
7/4/2025,9:24:08 PM,0,0.2691,17.691
7/4/2025,9:39:08 PM,0,0.27,17.648
7/4/2025,9:54:08 PM,0,0.2679,17.622
7/4/2025,10:09:08 PM,0,0.2646,17.59
7/4/2025,10:24:08 PM,0,0.2638,17.55
7/4/2025,10:39:08 PM,0,0.2631,17.525
7/4/2025,10:54:08 PM,0,0.2614,17.483
7/4/2025,11:09:08 PM,0,0.2639,17.458
7/4/2025,11:24:08 PM,0,0.2647,17.428
7/4/2025,11:39:08 PM,0,0.2631,17.393
7/4/2025,11:54:08 PM,0,0.2606,17.368
7/5/2025,12:09:08 AM,0,0.2585,17.324
7/5/2025,12:24:08 AM,0,0.2568,17.301
7/5/2025,12:39:08 AM,0,0.258,17.276
7/5/2025,12:54:08 AM,0,0.2607,17.253
7/5/2025,1:09:08 AM,0,0.261,17.233
7/5/2025,1:24:08 AM,0,0.2614,17.222
7/5/2025,1:39:08 AM,0,0.262,17.198
7/5/2025,1:54:08 AM,0,0.2621,17.17
7/5/2025,2:09:08 AM,0,0.2622,17.146
7/5/2025,2:24:08 AM,0,0.263,17.119
7/5/2025,2:39:08 AM,0,0.2639,17.099
7/5/2025,2:54:08 AM,0,0.2655,17.08
7/5/2025,3:09:08 AM,0,0.266,17.056
7/5/2025,3:24:08 AM,0,0.2644,17.039
7/5/2025,3:39:08 AM,0,0.2654,17.02
7/5/2025,3:54:08 AM,0,0.2658,17
7/5/2025,4:09:08 AM,0,0.2681,16.981
7/5/2025,4:24:08 AM,0,0.2673,16.961
7/5/2025,4:39:08 AM,0,0.269,16.953
7/5/2025,4:54:08 AM,0,0.2689,16.932
7/5/2025,5:09:08 AM,0,0.2681,16.92
7/5/2025,5:24:08 AM,0,0.2681,16.897
7/5/2025,5:39:08 AM,0,0.2693,16.891
7/5/2025,5:54:08 AM,0,0.2667,16.893
7/5/2025,6:09:08 AM,0,0.2655,16.901
7/5/2025,6:24:08 AM,0,0.2658,16.903
7/5/2025,6:39:08 AM,0,0.2668,16.902
7/5/2025,6:54:08 AM,0,0.2679,16.902
7/5/2025,7:09:08 AM,0,0.2675,16.904
7/5/2025,7:24:08 AM,0,0.2677,16.906
7/5/2025,7:39:08 AM,0,0.2668,16.904
7/5/2025,7:54:08 AM,0,0.2651,16.896
7/5/2025,8:09:08 AM,0,0.2608,16.885
7/5/2025,8:24:08 AM,0,0.2564,16.878
7/5/2025,8:39:08 AM,0,0.2554,16.864
7/5/2025,8:54:08 AM,0,0.2545,16.863
7/5/2025,9:09:08 AM,0,0.2551,16.855
7/5/2025,9:24:08 AM,0,0.2586,16.867
7/5/2025,9:39:08 AM,0,0.2597,16.872
7/5/2025,9:54:08 AM,0,0.2609,16.874
7/5/2025,10:09:08 AM,0,0.2607,16.887
7/5/2025,10:24:08 AM,0,0.2585,16.897
7/5/2025,10:39:08 AM,0,0.2571,16.915
7/5/2025,10:54:08 AM,0,0.2544,16.938
7/5/2025,11:09:08 AM,0,0.2527,16.954
7/5/2025,11:24:08 AM,0,0.2531,16.969
7/5/2025,11:39:08 AM,0,0.2543,16.975
7/5/2025,11:54:08 AM,0,0.2553,17.003
7/5/2025,12:09:08 PM,0,0.2554,17.022
7/5/2025,12:24:08 PM,0,0.2545,17.006
7/5/2025,12:39:08 PM,0,0.2528,17.016
7/5/2025,12:54:08 PM,0,0.2507,17.039
7/5/2025,1:09:08 PM,0,0.2494,17.061
7/5/2025,1:24:08 PM,0,0.2478,17.048
7/5/2025,1:39:08 PM,0,0.2466,17.08
7/5/2025,1:54:08 PM,0,0.2452,17.095
7/5/2025,2:09:08 PM,0,0.2463,17.1
7/5/2025,2:24:08 PM,0,0.2459,17.132
7/5/2025,2:39:08 PM,0,0.2481,17.097
7/5/2025,2:54:08 PM,0,0.2483,17.064
7/5/2025,3:09:08 PM,0,0.2471,17.065
7/5/2025,3:24:08 PM,0,0.2473,17.091
7/5/2025,3:39:08 PM,0,0.2477,17.107
7/5/2025,3:54:08 PM,0,0.2474,17.141
7/5/2025,4:09:08 PM,0,0.2465,17.178
7/5/2025,4:24:08 PM,0,0.2466,17.202
7/5/2025,4:39:08 PM,0,0.2446,17.209
7/5/2025,4:54:08 PM,0,0.2451,17.226
7/5/2025,5:09:08 PM,0,0.2473,17.252
7/5/2025,5:24:08 PM,0,0.2496,17.279
7/5/2025,5:39:08 PM,0,0.2506,17.285
7/5/2025,5:54:08 PM,0,0.2507,17.295
7/5/2025,6:09:08 PM,0,0.2505,17.296
7/5/2025,6:24:08 PM,0,0.2492,17.298
7/5/2025,6:39:08 PM,0,0.2504,17.303
7/5/2025,6:54:08 PM,0,0.2511,17.318
7/5/2025,7:09:08 PM,0,0.2521,17.335
7/5/2025,7:24:08 PM,0,0.2545,17.366
7/5/2025,7:39:08 PM,0,0.257,17.373
7/5/2025,7:54:08 PM,0,0.2563,17.32
7/5/2025,8:09:08 PM,0,0.2549,17.279
7/5/2025,8:24:08 PM,0,0.2555,17.273
7/5/2025,8:39:08 PM,0,0.2574,17.333
7/5/2025,8:54:08 PM,0,0.2558,17.342
7/5/2025,9:09:08 PM,0,0.258,17.409
7/5/2025,9:24:08 PM,0,0.2599,17.377
7/5/2025,9:39:08 PM,0,0.2576,17.436
7/5/2025,9:54:08 PM,0,0.2571,17.455
7/5/2025,10:09:08 PM,0,0.2554,17.437
7/5/2025,10:24:08 PM,0,0.2561,17.432
7/5/2025,10:39:08 PM,0,0.2533,17.446
7/5/2025,10:54:08 PM,0,0.2539,17.458
7/5/2025,11:09:08 PM,0,0.2509,17.455
7/5/2025,11:24:08 PM,0,0.252,17.441
7/5/2025,11:39:08 PM,0,0.251,17.423
7/5/2025,11:54:08 PM,0,0.2513,17.446
7/6/2025,12:09:08 AM,0,0.251,17.43
7/6/2025,12:24:08 AM,0,0.2515,17.379
7/6/2025,12:39:08 AM,0,0.2522,17.372
7/6/2025,12:54:08 AM,0,0.2525,17.382
7/6/2025,1:09:08 AM,0,0.2513,17.356
7/6/2025,1:24:08 AM,0,0.2521,17.354
7/6/2025,1:39:08 AM,0,0.2543,17.323
7/6/2025,1:54:08 AM,0,0.2547,17.294
7/6/2025,2:09:08 AM,0,0.2549,17.276
7/6/2025,2:24:08 AM,0,0.2575,17.267
7/6/2025,2:39:08 AM,0,0.2555,17.24
7/6/2025,2:54:08 AM,0,0.2551,17.215
7/6/2025,3:09:08 AM,0,0.2516,17.202
7/6/2025,3:24:08 AM,0,0.2527,17.159
7/6/2025,3:39:08 AM,0,0.2519,17.127
7/6/2025,3:54:08 AM,0,0.2552,17.103
7/6/2025,4:09:08 AM,0,0.2597,17.077
7/6/2025,4:24:08 AM,0,0.2601,17.044
7/6/2025,4:39:08 AM,0,0.2627,17.013
7/6/2025,4:54:08 AM,0,0.2635,16.979
7/6/2025,5:09:08 AM,0,0.2632,16.951
7/6/2025,5:24:08 AM,0,0.2596,16.91
7/6/2025,5:39:08 AM,0,0.2621,16.886
7/6/2025,5:54:08 AM,0,0.2636,16.881
7/6/2025,6:09:08 AM,0,0.1785,16.844
7/6/2025,6:24:08 AM,0,0.1821,16.854
7/6/2025,6:39:08 AM,0,0.1836,16.885
7/6/2025,6:54:08 AM,0,0.1835,16.894
7/6/2025,7:09:08 AM,0,0.184,16.904
7/6/2025,7:24:08 AM,0,0.1827,16.917
7/6/2025,7:39:08 AM,0,0.1825,16.924
7/6/2025,7:54:08 AM,0,0.1795,16.927
7/6/2025,8:09:08 AM,0,0.1831,16.924
7/6/2025,8:24:08 AM,0,0.1816,16.918
7/6/2025,8:39:08 AM,0,0.1794,16.924
7/6/2025,8:54:08 AM,0,0.1786,16.917
7/6/2025,9:09:08 AM,0,0.1745,16.929
7/6/2025,9:24:08 AM,0,0.1721,16.933
7/6/2025,9:39:08 AM,0,0.1723,16.94
7/6/2025,9:54:08 AM,0,0.1715,16.949
7/6/2025,10:09:08 AM,0,0.168,16.962
7/6/2025,10:24:08 AM,0,0.1698,16.977
7/6/2025,10:39:08 AM,0,0.1714,17
7/6/2025,10:54:08 AM,0,0.173,17.026
7/6/2025,11:09:08 AM,0,0.1731,17.052
7/6/2025,11:24:08 AM,0,0.1722,17.071
7/6/2025,11:39:08 AM,0,0.1686,17.112
7/6/2025,11:54:08 AM,0,0.1669,17.144
7/6/2025,12:09:08 PM,0,0.1664,17.18
7/6/2025,12:24:08 PM,0,0.1658,17.22
7/6/2025,12:39:08 PM,0,0.1672,17.224
7/6/2025,12:54:08 PM,0,0.1689,17.284
7/6/2025,1:09:08 PM,0,0.1722,17.305
7/6/2025,1:24:08 PM,0,0.1705,17.322
7/6/2025,1:39:08 PM,0,0.1707,17.365
7/6/2025,1:54:08 PM,0,0.1683,17.389
7/6/2025,2:09:08 PM,0,0.1658,17.422
7/6/2025,2:24:08 PM,0,0.1659,17.464
7/6/2025,2:39:08 PM,0,0.1634,17.504
7/6/2025,2:54:08 PM,0,0.165,17.528
7/6/2025,3:09:08 PM,0,0.1637,17.58
7/6/2025,3:24:08 PM,0,0.1656,17.58
7/6/2025,3:39:08 PM,0,0.1659,17.633
7/6/2025,3:54:08 PM,0,0.1652,17.651
7/6/2025,4:09:08 PM,0,0.164,17.664
7/6/2025,4:24:08 PM,0,0.1648,17.713
7/6/2025,4:39:08 PM,0,0.1635,17.706
7/6/2025,4:54:08 PM,0,0.161,17.743
7/6/2025,5:09:08 PM,0,0.1617,17.754
7/6/2025,5:24:08 PM,0,0.1626,17.786
7/6/2025,5:39:08 PM,0,0.1626,17.8
7/6/2025,5:54:08 PM,0,0.1619,17.81
7/6/2025,6:09:08 PM,0,0.1645,17.824
7/6/2025,6:24:08 PM,0,0.1676,17.851
7/6/2025,6:39:08 PM,0,0.1694,17.853
7/6/2025,6:54:08 PM,0,0.1703,17.864
7/6/2025,7:09:08 PM,0,0.1708,17.864
7/6/2025,7:24:08 PM,0,0.1702,17.872
7/6/2025,7:39:08 PM,0,0.1724,17.855
7/6/2025,7:54:08 PM,0,0.1737,17.857
7/6/2025,8:09:08 PM,0,0.1745,17.835
7/6/2025,8:24:08 PM,0,0.1747,17.822
7/6/2025,8:39:08 PM,0,0.1747,17.809
7/6/2025,8:54:08 PM,0,0.1749,17.777
7/6/2025,9:09:08 PM,0,0.1729,17.74
7/6/2025,9:24:08 PM,0,0.1708,17.719
7/6/2025,9:39:08 PM,0,0.1724,17.702
7/6/2025,9:54:08 PM,0,0.172,17.674
7/6/2025,10:09:08 PM,0,0.1694,17.653
7/6/2025,10:24:08 PM,0,0.1696,17.653
7/6/2025,10:39:08 PM,0,0.1696,17.653
7/6/2025,10:54:08 PM,0,0.1671,17.63
7/6/2025,11:09:08 PM,0,0.168,17.607
7/6/2025,11:24:08 PM,0,0.1687,17.578
7/6/2025,11:39:08 PM,0,0.1686,17.542
7/6/2025,11:54:08 PM,0,0.1715,17.518
7/7/2025,12:09:08 AM,0,0.1724,17.491
7/7/2025,12:24:08 AM,0,0.1694,17.451
7/7/2025,12:39:08 AM,0,0.1676,17.415
7/7/2025,12:54:08 AM,0,0.1697,17.381
7/7/2025,1:09:08 AM,0,0.1682,17.36
7/7/2025,1:24:08 AM,0,0.1699,17.342
7/7/2025,1:39:08 AM,0,0.1722,17.322
7/7/2025,1:54:08 AM,0,0.1729,17.304
7/7/2025,2:09:08 AM,0,0.175,17.289
7/7/2025,2:24:08 AM,0,0.1732,17.272
7/7/2025,2:39:08 AM,0,0.1729,17.256
7/7/2025,2:54:08 AM,0,0.1742,17.241
7/7/2025,3:09:08 AM,0,0.1753,17.213
7/7/2025,3:24:08 AM,0,0.1759,17.195
7/7/2025,3:39:08 AM,0,0.1757,17.19
7/7/2025,3:54:08 AM,0,0.1778,17.181
7/7/2025,4:09:08 AM,0,0.1813,17.161
7/7/2025,4:24:08 AM,0,0.1819,17.146
7/7/2025,4:39:08 AM,0,0.2278,17.111
7/7/2025,4:54:08 AM,0,0.2316,17.09
7/7/2025,5:09:08 AM,0,0.2295,17.084
7/7/2025,5:24:08 AM,0,0.2325,17.071
7/7/2025,5:39:08 AM,0,0.2331,17.046
7/7/2025,5:54:08 AM,0,0.2354,17.028
7/7/2025,6:09:08 AM,0,0.2352,17.01
7/7/2025,6:24:08 AM,0,0.2382,16.996
7/7/2025,6:39:08 AM,0,0.2392,16.978
7/7/2025,6:54:08 AM,0,0.2413,16.959
7/7/2025,7:09:08 AM,0,0.2419,16.961
7/7/2025,7:24:08 AM,0,0.2407,16.967
7/7/2025,7:39:08 AM,0,0.2422,16.967
7/7/2025,7:54:08 AM,0,0.2415,16.973
7/7/2025,8:09:08 AM,0,0.2413,16.976
7/7/2025,8:24:08 AM,0,0.2432,16.98
7/7/2025,8:39:08 AM,0,0.2413,16.983
7/7/2025,8:54:08 AM,0,0.2426,16.99
7/7/2025,9:09:08 AM,0,0.2412,16.999
7/7/2025,9:24:08 AM,0,0.2394,17.013
7/7/2025,9:39:08 AM,0,0.2391,17.026
7/7/2025,9:54:08 AM,0,0.238,17.034
7/7/2025,10:09:08 AM,0,0.2378,17.044
7/7/2025,10:24:08 AM,0,0.2409,17.052
7/7/2025,10:39:08 AM,0,0.2424,17.058
7/7/2025,10:54:08 AM,0,0.2464,17.064
7/7/2025,11:09:08 AM,0,0.2521,17.096
7/7/2025,11:24:08 AM,0,0.2502,17.155
7/7/2025,11:39:08 AM,0,0.2506,17.218
7/7/2025,11:54:08 AM,0,0.2501,17.297
7/7/2025,12:09:08 PM,0,0.2466,17.36
7/7/2025,12:24:08 PM,0,0.2428,17.392
7/7/2025,12:39:08 PM,0,0.2429,17.433
7/7/2025,12:54:08 PM,0,0.2369,17.47
7/7/2025,1:09:08 PM,0,0.2366,17.508
7/7/2025,1:24:08 PM,0,0.2365,17.538
7/7/2025,1:39:08 PM,0,0.235,17.56
7/7/2025,1:54:08 PM,0,0.2317,17.588
7/7/2025,2:09:08 PM,0,0.2304,17.595
7/7/2025,2:24:08 PM,0,0.2299,17.613
7/7/2025,2:39:08 PM,0,0.2308,17.632
7/7/2025,2:54:08 PM,0,0.232,17.655
7/7/2025,3:09:08 PM,0,0.2313,17.648
7/7/2025,3:24:08 PM,0,0.2366,17.702
7/7/2025,3:39:08 PM,0,0.2352,17.72
7/7/2025,3:54:08 PM,0,0.2339,17.761
7/7/2025,4:09:08 PM,0,0.2289,17.802
7/7/2025,4:24:08 PM,0,0.233,17.841
7/7/2025,4:39:08 PM,0,0.2288,17.853
7/7/2025,4:54:08 PM,0,0.2267,17.933
7/7/2025,5:09:08 PM,0,0.2281,17.925
7/7/2025,5:24:08 PM,0,0.2278,17.913
7/7/2025,5:39:08 PM,0,0.2276,17.933
7/7/2025,5:54:08 PM,0,0.2252,17.922
7/7/2025,6:09:08 PM,0,0.2284,17.965
7/7/2025,6:24:08 PM,0,0.2266,17.956
7/7/2025,6:39:08 PM,0,0.2238,17.967
7/7/2025,6:54:08 PM,0,0.225,17.981
7/7/2025,7:09:08 PM,0,0.2261,17.991
7/7/2025,7:24:08 PM,0,0.2271,17.995
7/7/2025,7:39:08 PM,0,0.2256,17.991
7/7/2025,7:54:08 PM,0,0.2257,18.015
7/7/2025,8:09:08 PM,0,0.225,18.023
7/7/2025,8:24:08 PM,0,0.2228,17.987
7/7/2025,8:39:08 PM,0,0.2278,18.027
7/7/2025,8:54:08 PM,0,0.2307,18.045
7/7/2025,9:09:08 PM,0,0.2316,18.043
7/7/2025,9:24:08 PM,0,0.2315,18.035
7/7/2025,9:39:08 PM,0,0.2316,18.046
7/7/2025,9:54:08 PM,0,0.2284,18.046
7/7/2025,10:09:08 PM,0,0.2262,18.066
7/7/2025,10:24:08 PM,0,0.226,18.071
7/7/2025,10:39:08 PM,0,0.2266,18.051
7/7/2025,10:54:08 PM,0,0.2239,18.057
7/7/2025,11:09:08 PM,0,0.2212,18.043
7/7/2025,11:24:08 PM,0,0.2225,18.041
7/7/2025,11:39:08 PM,0,0.2216,18.017
7/7/2025,11:54:08 PM,0,0.2233,18.009
7/8/2025,12:09:08 AM,0,0.2214,18.019
7/8/2025,12:24:08 AM,0,0.2201,18.014
7/8/2025,12:39:08 AM,0,0.2206,18
7/8/2025,12:54:08 AM,0,0.2168,18.009
7/8/2025,1:09:08 AM,0,0.2169,17.99
7/8/2025,1:24:08 AM,0,0.2168,17.963
7/8/2025,1:39:08 AM,0,0.2157,17.969
7/8/2025,1:54:08 AM,0,0.2173,17.957
7/8/2025,2:09:08 AM,0,0.2183,17.907
7/8/2025,2:24:08 AM,0,0.2185,17.909
7/8/2025,2:39:08 AM,0,0.2177,17.894
7/8/2025,2:54:08 AM,0,0.219,17.876
7/8/2025,3:09:08 AM,0,0.219,17.845
7/8/2025,3:24:08 AM,0,0.2216,17.812
7/8/2025,3:39:08 AM,0,0.2226,17.797
7/8/2025,3:54:08 AM,0,0.2244,17.767
7/8/2025,4:09:08 AM,0,0.2237,17.737
7/8/2025,4:24:08 AM,0,0.2247,17.761
7/8/2025,4:39:08 AM,0,0.2272,17.727
7/8/2025,4:54:08 AM,0,0.2298,17.7
7/8/2025,5:09:08 AM,0,0.2329,17.689
7/8/2025,5:24:08 AM,0,0.2366,17.669
7/8/2025,5:39:08 AM,0,0.2385,17.649
7/8/2025,5:54:08 AM,0,0.2428,17.638
7/8/2025,6:09:08 AM,0,0.2491,17.597
7/8/2025,6:24:08 AM,0,0.2542,17.585
7/8/2025,6:39:08 AM,0,0.2552,17.536
7/8/2025,6:54:08 AM,0,0.2534,17.435
7/8/2025,7:09:08 AM,0,0.2478,17.35
7/8/2025,7:24:08 AM,0,0.2447,17.28
7/8/2025,7:39:08 AM,0,0.2406,17.234
7/8/2025,7:54:08 AM,0,0.2403,17.22
7/8/2025,8:09:08 AM,0,0.2424,17.199
7/8/2025,8:24:08 AM,0,0.2444,17.178
7/8/2025,8:39:08 AM,0,0.2442,17.148
7/8/2025,8:54:08 AM,0,0.241,17.184
7/8/2025,9:09:08 AM,0,0.2398,17.181
7/8/2025,9:24:08 AM,0,0.238,17.183
7/8/2025,9:39:08 AM,0,0.24,17.189
7/8/2025,9:54:08 AM,0,0.2372,17.192
7/8/2025,10:09:08 AM,0,0.2363,17.208
7/8/2025,10:24:08 AM,0,0.2355,17.233
7/8/2025,10:39:08 AM,0,0.2363,17.255
7/8/2025,10:54:08 AM,0,0.2339,17.269
7/8/2025,11:09:08 AM,0,0.2329,17.285
7/8/2025,11:24:08 AM,0,0.2348,17.305
7/8/2025,11:39:08 AM,0,0.2345,17.308
7/8/2025,11:54:08 AM,0,0.2349,17.324
7/8/2025,12:09:08 PM,0,0.2352,17.333
7/8/2025,12:24:08 PM,0,0.2321,17.347
7/8/2025,12:39:08 PM,0,0.2293,17.356
7/8/2025,12:54:08 PM,0,0.2282,17.372
7/8/2025,1:09:08 PM,0,0.2238,17.384
7/8/2025,1:24:08 PM,0,0.2214,17.394
7/8/2025,1:39:08 PM,0,0.2221,17.413
7/8/2025,1:54:08 PM,0,0.2203,17.43
7/8/2025,2:09:08 PM,0,0.2179,17.445
7/8/2025,2:24:08 PM,0,0.2221,17.463
7/8/2025,2:39:08 PM,0,0.2184,17.482
7/8/2025,2:54:08 PM,0,0.2149,17.498
7/8/2025,3:09:08 PM,0,0.2115,17.511
7/8/2025,3:24:08 PM,0,0.2105,17.528
7/8/2025,3:39:08 PM,0,0.2085,17.533
7/8/2025,3:54:08 PM,0,0.2126,17.554
7/8/2025,4:09:08 PM,0,0.2117,17.571
7/8/2025,4:24:08 PM,0,0.2157,17.602
7/8/2025,4:39:08 PM,0,0.2166,17.623
7/8/2025,4:54:08 PM,0,0.2155,17.723
7/8/2025,5:09:08 PM,0,0.2157,17.692
7/8/2025,5:24:08 PM,0,0.2138,17.682
7/8/2025,5:39:08 PM,0,0.2145,17.682
7/8/2025,5:54:08 PM,0,0.2144,17.697
7/8/2025,6:09:08 PM,0,0.2153,17.71
7/8/2025,6:24:08 PM,0,0.2175,17.712
7/8/2025,6:39:08 PM,0,0.2166,17.725
7/8/2025,6:54:08 PM,0,0.2181,17.735
7/8/2025,7:09:08 PM,0,0.2192,17.74
7/8/2025,7:24:08 PM,0,0.2188,17.758
7/8/2025,7:39:08 PM,0,0.2183,17.776
7/8/2025,7:54:08 PM,0,0.2222,17.798
7/8/2025,8:09:08 PM,0,0.2208,17.826
7/8/2025,8:24:08 PM,0,0.2235,17.826
7/8/2025,8:39:08 PM,0,0.2243,17.847
7/8/2025,8:54:08 PM,0,0.2242,17.874
7/8/2025,9:09:08 PM,0,0.2248,17.877
7/8/2025,9:24:08 PM,0,0.2255,17.897
7/8/2025,9:39:08 PM,0,0.2232,17.906
7/8/2025,9:54:08 PM,0,0.2201,17.892
7/8/2025,10:09:08 PM,0,0.2222,17.895
7/8/2025,10:24:08 PM,0,0.219,17.895
7/8/2025,10:39:08 PM,0,0.218,17.888
7/8/2025,10:54:08 PM,0,0.2202,17.896
7/8/2025,11:09:08 PM,0,0.2218,17.923
7/8/2025,11:24:08 PM,0,0.2199,17.915
7/8/2025,11:39:08 PM,0,0.2202,17.91
7/8/2025,11:54:08 PM,0,0.2232,17.897
7/9/2025,12:09:08 AM,0,0.2213,17.904
7/9/2025,12:24:08 AM,0,0.2196,17.897
7/9/2025,12:39:08 AM,0,0.2193,17.898
7/9/2025,12:54:08 AM,0,0.218,17.885
7/9/2025,1:09:08 AM,0,0.2173,17.868
7/9/2025,1:24:08 AM,0,0.2166,17.859
7/9/2025,1:39:08 AM,0,0.221,17.844
7/9/2025,1:54:08 AM,0,0.2232,17.813
7/9/2025,2:09:08 AM,0,0.2256,17.824
7/9/2025,2:24:08 AM,0,0.225,17.815
7/9/2025,2:39:08 AM,0,0.2294,17.801
7/9/2025,2:54:08 AM,0,0.227,17.786
7/9/2025,3:09:08 AM,0,0.2277,17.77
7/9/2025,3:24:08 AM,0,0.2282,17.757
7/9/2025,3:39:08 AM,0,0.2277,17.743
7/9/2025,3:54:08 AM,0,0.2287,17.729
7/9/2025,4:09:08 AM,0,0.2299,17.704
7/9/2025,4:24:08 AM,0,0.2309,17.703
7/9/2025,4:39:08 AM,0,0.2307,17.669
7/9/2025,4:54:08 AM,0,0.2319,17.644
7/9/2025,5:09:08 AM,0,0.2286,17.616
7/9/2025,5:24:08 AM,0,0.2285,17.593
7/9/2025,5:39:08 AM,0,0.2283,17.567
7/9/2025,5:54:08 AM,0,0.2266,17.568
7/9/2025,6:09:08 AM,0,0.2253,17.542
7/9/2025,6:24:08 AM,0,0.2274,17.522
7/9/2025,6:39:08 AM,0,0.2281,17.487
7/9/2025,6:54:08 AM,0,0.2263,17.482
7/9/2025,7:09:08 AM,0,0.2281,17.485
7/9/2025,7:24:08 AM,0,0.2315,17.463
7/9/2025,7:39:08 AM,0,0.2327,17.449
7/9/2025,7:54:08 AM,0,0.2302,17.44
7/9/2025,8:09:08 AM,0,0.2275,17.438
7/9/2025,8:24:08 AM,0,0.2292,17.431
7/9/2025,8:39:08 AM,0,0.2299,17.423
7/9/2025,8:54:08 AM,0,0.2274,17.416
7/9/2025,9:09:08 AM,0,0.228,17.418
7/9/2025,9:24:08 AM,0,0.2311,17.405
7/9/2025,9:39:08 AM,0,0.2263,17.392
7/9/2025,9:54:08 AM,0,0.2245,17.389
7/9/2025,10:09:08 AM,0,0.2236,17.389
7/9/2025,10:24:08 AM,0,0.2235,17.385
7/9/2025,10:39:08 AM,0,0.2221,17.415
7/9/2025,10:54:08 AM,0,0.2206,17.403
7/9/2025,11:09:08 AM,0,0.2222,17.385
7/9/2025,11:24:08 AM,0,0.2214,17.365
7/9/2025,11:39:08 AM,0,0.2215,17.367
7/9/2025,11:54:08 AM,0,0.2225,17.367
7/9/2025,12:09:08 PM,0,0.2235,17.372
7/9/2025,12:24:08 PM,0,0.2207,17.376
7/9/2025,12:39:08 PM,0,0.2227,17.377
7/9/2025,12:54:08 PM,0,0.2173,17.388
7/9/2025,1:09:08 PM,0,0.2105,17.394
7/9/2025,1:24:08 PM,0,0.2105,17.41
7/9/2025,1:39:08 PM,0,0.211,17.418
7/9/2025,1:54:08 PM,0,0.2102,17.431
7/9/2025,2:09:08 PM,0,0.2101,17.441
7/9/2025,2:24:08 PM,0,0.2141,17.456
7/9/2025,2:39:08 PM,0,0.2128,17.462
7/9/2025,2:54:08 PM,0,0.2155,17.485
7/9/2025,3:09:08 PM,0,0.2146,17.505
7/9/2025,3:24:08 PM,0,0.2133,17.529
7/9/2025,3:39:08 PM,0,0.2099,17.537
7/9/2025,3:54:08 PM,0,0.2076,17.557
7/9/2025,4:09:08 PM,0,0.2044,17.588
7/9/2025,4:24:08 PM,0,0.2021,17.636
7/9/2025,4:39:08 PM,0,0.2019,17.649
7/9/2025,4:54:08 PM,0,0.2011,17.762
7/9/2025,5:09:08 PM,0,0.2093,17.724
7/9/2025,5:24:08 PM,0,0.215,17.732
7/9/2025,5:39:08 PM,0,0.2173,17.743
7/9/2025,5:54:08 PM,0,0.2165,17.742
7/9/2025,6:09:08 PM,0,0.2195,17.76
7/9/2025,6:24:08 PM,0,0.2184,17.768
7/9/2025,6:39:08 PM,0,0.2146,17.78
7/9/2025,6:54:08 PM,0,0.2139,17.797
7/9/2025,7:09:08 PM,0,0.2156,17.805
7/9/2025,7:24:08 PM,0,0.2151,17.819
7/9/2025,7:39:08 PM,0,0.2179,17.831
7/9/2025,7:54:08 PM,0,0.2162,17.837
7/9/2025,8:09:08 PM,0,0.2154,17.893
7/9/2025,8:24:08 PM,0,0.2153,17.885
7/9/2025,8:39:08 PM,0,0.2173,17.906
7/9/2025,8:54:08 PM,0,0.2164,17.915
7/9/2025,9:09:08 PM,0,0.2154,17.913
7/9/2025,9:24:08 PM,0,0.2172,17.917
7/9/2025,9:39:08 PM,0,0.2164,17.922
7/9/2025,9:54:08 PM,0,0.2156,17.948
7/9/2025,10:09:08 PM,0,0.2129,17.959
7/9/2025,10:24:08 PM,0,0.2124,17.971
7/9/2025,10:39:08 PM,0,0.2117,17.97
7/9/2025,10:54:08 PM,0,0.211,17.973
7/9/2025,11:09:08 PM,0,0.2095,17.972
7/9/2025,11:24:08 PM,0,0.2106,17.963
7/9/2025,11:39:08 PM,0,0.2082,17.964
7/9/2025,11:54:08 PM,0,0.2159,17.96
7/10/2025,12:09:08 AM,0,0.2135,17.981
7/10/2025,12:24:08 AM,0,0.2127,17.963
7/10/2025,12:39:08 AM,0,0.2111,17.948
7/10/2025,12:54:08 AM,0,0.2138,17.938
7/10/2025,1:09:08 AM,0,0.2135,17.923
7/10/2025,1:24:08 AM,0,0.2148,17.905
7/10/2025,1:39:08 AM,0,0.2154,17.89
7/10/2025,1:54:08 AM,0,0.2146,17.903
7/10/2025,2:09:08 AM,0,0.215,17.893
7/10/2025,2:24:08 AM,0,0.2154,17.898
7/10/2025,2:39:08 AM,0,0.2157,17.815
7/10/2025,2:54:08 AM,0,0.2162,17.821
7/10/2025,3:09:08 AM,0,0.2171,17.797
7/10/2025,3:24:08 AM,0,0.2211,17.769
7/10/2025,3:39:08 AM,0,0.2213,17.759
7/10/2025,3:54:08 AM,0,0.2244,17.754
7/10/2025,4:09:08 AM,0,0.2243,17.749
7/10/2025,4:24:08 AM,0,0.226,17.718
7/10/2025,4:39:08 AM,0,0.2258,17.721
7/10/2025,4:54:08 AM,0,0.2248,17.692
7/10/2025,5:09:08 AM,0,0.2265,17.658
7/10/2025,5:24:08 AM,0,0.2251,17.562
7/10/2025,5:39:08 AM,0,0.2212,17.552
7/10/2025,5:54:08 AM,0,0.224,17.537
7/10/2025,6:09:08 AM,0,0.2219,17.514
7/10/2025,6:24:08 AM,0,0.2244,17.494
7/10/2025,6:39:08 AM,0,0.225,17.487
7/10/2025,6:54:08 AM,0,0.2275,17.479
7/10/2025,7:09:08 AM,0,0.2301,17.459
7/10/2025,7:24:08 AM,0,0.2317,17.45
7/10/2025,7:39:08 AM,0,0.2271,17.429
7/10/2025,7:54:08 AM,0,0.2234,17.417
7/10/2025,8:09:08 AM,0,0.2246,17.401
7/10/2025,8:24:08 AM,0,0.219,17.384
7/10/2025,8:39:08 AM,0,0.2228,17.37
7/10/2025,8:54:08 AM,0,0.2216,17.351
7/10/2025,9:09:08 AM,0,0.223,17.348
7/10/2025,9:24:08 AM,0,0.2266,17.336
7/10/2025,9:39:08 AM,0,0.2271,17.327
7/10/2025,9:54:08 AM,0,0.2234,17.314
7/10/2025,10:09:08 AM,0,0.2227,17.315
7/10/2025,10:24:08 AM,0,0.2209,17.322
7/10/2025,10:39:08 AM,0,0.2167,17.332
7/10/2025,10:54:08 AM,0,0.2186,17.335
7/10/2025,11:09:08 AM,0,0.2162,17.34
7/10/2025,11:24:08 AM,0,0.2183,17.344
7/10/2025,11:39:08 AM,0,0.2172,17.345
7/10/2025,11:54:08 AM,0,0.2188,17.35
7/10/2025,12:09:08 PM,0,0.2206,17.361
7/10/2025,12:24:08 PM,0,0.2182,17.374
7/10/2025,12:39:08 PM,0,0.2193,17.382
7/10/2025,12:54:08 PM,0,0.217,17.392
7/10/2025,1:09:08 PM,0,0.2146,17.408
7/10/2025,1:24:08 PM,0,0.2115,17.418
7/10/2025,1:39:08 PM,0,0.2125,17.434
7/10/2025,1:54:08 PM,0,0.2104,17.451
7/10/2025,2:09:08 PM,0,0.2116,17.468
7/10/2025,2:24:08 PM,0,0.2113,17.483
7/10/2025,2:39:08 PM,0,0.2137,17.506
7/10/2025,2:54:08 PM,0,0.2134,17.533
7/10/2025,3:09:08 PM,0,0.2119,17.551
7/10/2025,3:24:08 PM,0,0.2108,17.562
7/10/2025,3:39:08 PM,0,0.2123,17.58
7/10/2025,3:54:08 PM,0,0.2084,17.619
7/10/2025,4:09:08 PM,0,0.2078,17.649
7/10/2025,4:24:08 PM,0,0.2115,17.687
7/10/2025,4:39:08 PM,0,0.2115,17.698
7/10/2025,4:54:08 PM,0,0.2104,17.794
7/10/2025,5:09:08 PM,0,0.2114,17.775
7/10/2025,5:24:08 PM,0,0.2134,17.783
7/10/2025,5:39:08 PM,0,0.2128,17.8
7/10/2025,5:54:08 PM,0,0.2127,17.81
7/10/2025,6:09:08 PM,0,0.2158,17.822
7/10/2025,6:24:08 PM,0,0.2148,17.835
7/10/2025,6:39:08 PM,0,0.2144,17.842
7/10/2025,6:54:08 PM,0,0.214,17.868
7/10/2025,7:09:08 PM,0,0.2108,17.899
7/10/2025,7:24:08 PM,0,0.2108,17.914
7/10/2025,7:39:08 PM,0,0.2101,17.92
7/10/2025,7:54:08 PM,0,0.2125,17.934
7/10/2025,8:09:08 PM,0,0.2165,17.949
7/10/2025,8:24:08 PM,0,0.2176,17.955
7/10/2025,8:39:08 PM,0,0.2214,17.982
7/10/2025,8:54:08 PM,0,0.2248,17.992
7/10/2025,9:09:08 PM,0,0.2214,17.99
7/10/2025,9:24:08 PM,0,0.2213,18.004
7/10/2025,9:39:08 PM,0,0.2182,18.015
7/10/2025,9:54:08 PM,0,0.2152,18.015
7/10/2025,10:09:08 PM,0,0.2142,18.029
7/10/2025,10:24:08 PM,0,0.2136,18.035
7/10/2025,10:39:08 PM,0,0.213,18.04
7/10/2025,10:54:08 PM,0,0.215,18.031
7/10/2025,11:09:08 PM,0,0.2164,18.032
7/10/2025,11:24:08 PM,0,0.2152,18.027
7/10/2025,11:39:08 PM,0,0.2173,18.041
7/10/2025,11:54:08 PM,0,0.2164,18.018
7/11/2025,12:09:08 AM,0,0.2134,18.014
7/11/2025,12:24:08 AM,0,0.2145,18.015
7/11/2025,12:39:08 AM,0,0.2158,18.005
7/11/2025,12:54:08 AM,0,0.2132,17.993
7/11/2025,1:09:08 AM,0,0.2143,17.97
7/11/2025,1:24:08 AM,0,0.2165,17.943
7/11/2025,1:39:08 AM,0,0.2187,17.939
7/11/2025,1:54:08 AM,0,0.2177,17.908
7/11/2025,2:09:08 AM,0,0.2189,17.891
7/11/2025,2:24:08 AM,0,0.2217,17.88
7/11/2025,2:39:08 AM,0,0.2199,17.857
7/11/2025,2:54:08 AM,0,0.2182,17.832
7/11/2025,3:09:08 AM,0,0.2199,17.83
7/11/2025,3:24:08 AM,0,0.2213,17.837
7/11/2025,3:39:08 AM,0,0.2213,17.844
7/11/2025,3:54:08 AM,0,0.221,17.819
7/11/2025,4:09:08 AM,0,0.2218,17.805
7/11/2025,4:24:08 AM,0,0.2231,17.776
7/11/2025,4:39:08 AM,0,0.225,17.732
7/11/2025,4:54:08 AM,0,0.2273,17.718
7/11/2025,5:09:08 AM,0,0.2259,17.699
7/11/2025,5:24:08 AM,0,0.2279,17.679
7/11/2025,5:39:08 AM,0,0.2273,17.652
7/11/2025,5:54:08 AM,0,0.2248,17.638
7/11/2025,6:09:08 AM,0,0.2245,17.621
7/11/2025,6:24:08 AM,0,0.2228,17.591
7/11/2025,6:39:08 AM,0,0.2246,17.587
7/11/2025,6:54:08 AM,0,0.2235,17.569
7/11/2025,7:09:08 AM,0,0.2211,17.553
7/11/2025,7:24:08 AM,0,0.2242,17.542
7/11/2025,7:39:08 AM,0,0.2246,17.535
7/11/2025,7:54:08 AM,0,0.2247,17.518
7/11/2025,8:09:08 AM,0,0.2249,17.507
7/11/2025,8:24:08 AM,0,0.2214,17.491
7/11/2025,8:39:08 AM,0,0.2208,17.475
7/11/2025,8:54:08 AM,0,0.2173,17.465
7/11/2025,9:09:08 AM,0,0.2186,17.475
7/11/2025,9:24:08 AM,0,0.2195,17.473
7/11/2025,9:39:08 AM,0,0.2207,17.461
7/11/2025,9:54:08 AM,0,0.2187,17.454
7/11/2025,10:09:08 AM,0,0.2202,17.45
7/11/2025,10:24:08 AM,0,0.2194,17.44
7/11/2025,10:39:08 AM,0,0.2174,17.443
7/11/2025,10:54:08 AM,0,0.218,17.436
7/11/2025,11:09:08 AM,0,0.2193,17.451
7/11/2025,11:24:08 AM,0,0.2204,17.461
7/11/2025,11:39:08 AM,0,0.2204,17.457
7/11/2025,11:54:08 AM,0,0.2197,17.471
7/11/2025,12:09:08 PM,0,0.2195,17.502
7/11/2025,12:24:08 PM,0,0.2171,17.499
7/11/2025,12:39:08 PM,0,0.2156,17.505
7/11/2025,12:54:08 PM,0,0.2138,17.501
7/11/2025,1:09:08 PM,0,0.2138,17.505
7/11/2025,1:24:08 PM,0,0.2143,17.511
7/11/2025,1:39:08 PM,0,0.2164,17.513
7/11/2025,1:54:08 PM,0,0.2163,17.522
7/11/2025,2:09:08 PM,0,0.2146,17.53
7/11/2025,2:24:08 PM,0,0.2124,17.537
7/11/2025,2:39:08 PM,0,0.2105,17.542
7/11/2025,2:54:08 PM,0,0.2086,17.567
7/11/2025,3:09:08 PM,0,0.2096,17.593
7/11/2025,3:24:08 PM,0,0.21,17.616
7/11/2025,3:39:08 PM,0,0.2147,17.631
7/11/2025,3:54:08 PM,0,0.214,17.664
7/11/2025,4:09:08 PM,0,0.216,17.67
7/11/2025,4:24:08 PM,0,0.2154,17.699
7/11/2025,4:39:08 PM,0,0.215,17.715
7/11/2025,4:54:08 PM,0,0.2162,17.731
7/11/2025,5:09:08 PM,0,0.2177,17.734
7/11/2025,5:24:08 PM,0,0.213,17.739
7/11/2025,5:39:08 PM,0,0.2136,17.744
7/11/2025,5:54:08 PM,0,0.2149,17.738
7/11/2025,6:09:08 PM,0,0.2134,17.742
7/11/2025,6:24:08 PM,0,0.2158,17.747
7/11/2025,6:39:08 PM,0,0.2175,17.772
7/11/2025,6:54:08 PM,0,0.2166,17.767
7/11/2025,7:09:08 PM,0,0.216,17.756
7/11/2025,7:24:08 PM,0,0.2169,17.76
7/11/2025,7:39:08 PM,0,0.2185,17.759
7/11/2025,7:54:08 PM,0,0.2178,17.755
7/11/2025,8:09:08 PM,0,0.2199,17.752
7/11/2025,8:24:08 PM,0,0.2225,17.748
7/11/2025,8:39:08 PM,0,0.2203,17.747
7/11/2025,8:54:08 PM,0,0.2206,17.744
7/11/2025,9:09:08 PM,0,0.2191,17.734
7/11/2025,9:24:08 PM,0,0.2174,17.737
7/11/2025,9:39:08 PM,0,0.2167,17.746
7/11/2025,9:54:08 PM,0,0.2168,17.764
7/11/2025,10:09:08 PM,0,0.2175,17.793
7/11/2025,10:24:08 PM,0,0.2181,17.782
7/11/2025,10:39:08 PM,0,0.221,17.773
7/11/2025,10:54:08 PM,0,0.2214,17.78
7/11/2025,11:09:08 PM,0,0.2214,17.755
7/11/2025,11:24:08 PM,0,0.2215,17.746
7/11/2025,11:39:08 PM,0,0.2186,17.728
7/11/2025,11:54:08 PM,0,0.2167,17.729
7/12/2025,12:09:08 AM,0,0.2173,17.723
7/12/2025,12:24:08 AM,0,0.217,17.704
7/12/2025,12:39:08 AM,0,0.2183,17.707
7/12/2025,12:54:08 AM,0,0.2186,17.686
7/12/2025,1:09:08 AM,0,0.2202,17.695
7/12/2025,1:24:08 AM,0,0.2198,17.68
7/12/2025,1:39:08 AM,0,0.2191,17.662
7/12/2025,1:54:08 AM,0,0.2193,17.636
7/12/2025,2:09:08 AM,0,0.2207,17.617
7/12/2025,2:24:08 AM,0,0.2163,17.616
7/12/2025,2:39:08 AM,0,0.2184,17.603
7/12/2025,2:54:08 AM,0,0.2181,17.583
7/12/2025,3:09:08 AM,0,0.2205,17.579
7/12/2025,3:24:08 AM,0,0.2235,17.565
7/12/2025,3:39:08 AM,0,0.2265,17.568
7/12/2025,3:54:08 AM,0,0.2297,17.568
7/12/2025,4:09:08 AM,0,0.2325,17.553
7/12/2025,4:24:08 AM,0,0.233,17.543
7/12/2025,4:39:08 AM,0,0.234,17.537
7/12/2025,4:54:08 AM,0,0.233,17.514
7/12/2025,5:09:08 AM,0,0.2285,17.508
7/12/2025,5:24:08 AM,0,0.2278,17.515
7/12/2025,5:39:08 AM,0,0.2282,17.517
7/12/2025,5:54:08 AM,0,0.2282,17.521
7/12/2025,6:09:08 AM,0,0.2305,17.488
7/12/2025,6:24:08 AM,0,0.2344,17.48
7/12/2025,6:39:08 AM,0,0.2355,17.467
7/12/2025,6:54:08 AM,0,0.2326,17.442
7/12/2025,7:09:08 AM,0,0.2317,17.468
7/12/2025,7:24:08 AM,0,0.2318,17.435
7/12/2025,7:39:08 AM,0,0.2318,17.429
7/12/2025,7:54:08 AM,0,0.2284,17.415
7/12/2025,8:09:08 AM,0,0.2279,17.432
7/12/2025,8:24:08 AM,0,0.2314,17.413
7/12/2025,8:39:08 AM,0,0.2284,17.399
7/12/2025,8:54:08 AM,0,0.2294,17.389
7/12/2025,9:09:08 AM,0,0.2288,17.341
7/12/2025,9:24:08 AM,0,0.2299,17.356
7/12/2025,9:39:08 AM,0,0.2277,17.361
7/12/2025,9:54:08 AM,0,0.2262,17.358
7/12/2025,10:09:08 AM,0,0.2248,17.357
7/12/2025,10:24:08 AM,0,0.2231,17.362
7/12/2025,10:39:08 AM,0,0.2234,17.379
7/12/2025,10:54:08 AM,0,0.2246,17.375
7/12/2025,11:09:08 AM,0,0.225,17.379
7/12/2025,11:24:08 AM,0,0.2216,17.378
7/12/2025,11:39:08 AM,0,0.2223,17.373
7/12/2025,11:54:08 AM,0,0.2205,17.383
7/12/2025,12:09:08 PM,0,0.2212,17.386
7/12/2025,12:24:08 PM,0,0.22,17.374
7/12/2025,12:39:08 PM,0,0.2202,17.381
7/12/2025,12:54:08 PM,0,0.2166,17.381
7/12/2025,1:09:08 PM,0,0.2148,17.386
7/12/2025,1:24:08 PM,0,0.2173,17.393
7/12/2025,1:39:08 PM,0,0.2165,17.418
7/12/2025,1:54:08 PM,0,0.2169,17.431
7/12/2025,2:09:08 PM,0,0.2187,17.451
7/12/2025,2:24:08 PM,0,0.2199,17.46
7/12/2025,2:39:08 PM,0,0.2187,17.475
7/12/2025,2:54:08 PM,0,0.2158,17.495
7/12/2025,3:09:08 PM,0,0.2153,17.497
7/12/2025,3:24:08 PM,0,0.216,17.527
7/12/2025,3:39:08 PM,0,0.2131,17.547
7/12/2025,3:54:08 PM,0,0.2136,17.583
7/12/2025,4:09:08 PM,0,0.2136,17.584
7/12/2025,4:24:08 PM,0,0.2163,17.581
7/12/2025,4:39:08 PM,0,0.2163,17.599
7/12/2025,4:54:08 PM,0,0.2176,17.612
7/12/2025,5:09:08 PM,0,0.2192,17.612
7/12/2025,5:24:08 PM,0,0.2195,17.609
7/12/2025,5:39:08 PM,0,0.2197,17.618
7/12/2025,5:54:08 PM,0,0.2202,17.647
7/12/2025,6:09:08 PM,0,0.2225,17.653
7/12/2025,6:24:08 PM,0,0.2212,17.655
7/12/2025,6:39:08 PM,0,0.2213,17.661
7/12/2025,6:54:08 PM,0,0.2219,17.666
7/12/2025,7:09:08 PM,0,0.2229,17.667
7/12/2025,7:24:08 PM,0,0.2225,17.664
7/12/2025,7:39:08 PM,0,0.2255,17.666
7/12/2025,7:54:08 PM,0,0.2248,17.677
7/12/2025,8:09:08 PM,0,0.2258,17.677
7/12/2025,8:24:08 PM,0,0.2271,17.68
7/12/2025,8:39:08 PM,0,0.2276,17.681
7/12/2025,8:54:08 PM,0,0.2266,17.701
7/12/2025,9:09:08 PM,0,0.2266,17.706
7/12/2025,9:24:08 PM,0,0.2263,17.707
7/12/2025,9:39:08 PM,0,0.2238,17.701
7/12/2025,9:54:08 PM,0,0.2229,17.697
7/12/2025,10:09:08 PM,0,0.2223,17.7
7/12/2025,10:24:08 PM,0,0.221,17.695
7/12/2025,10:39:08 PM,0,0.2223,17.706
7/12/2025,10:54:08 PM,0,0.2199,17.708
7/12/2025,11:09:08 PM,0,0.2203,17.704
7/12/2025,11:24:08 PM,0,0.2198,17.714
7/12/2025,11:39:08 PM,0,0.2182,17.722
7/12/2025,11:54:08 PM,0,0.2197,17.724
7/13/2025,12:09:08 AM,0,0.2194,17.716
7/13/2025,12:24:08 AM,0,0.2181,17.689
7/13/2025,12:39:08 AM,0,0.2194,17.686
7/13/2025,12:54:08 AM,0,0.219,17.671
7/13/2025,1:09:08 AM,0,0.2167,17.685
7/13/2025,1:24:08 AM,0,0.2189,17.678
7/13/2025,1:39:08 AM,0,0.22,17.695
7/13/2025,1:54:08 AM,0,0.2602,17.643
7/13/2025,2:09:08 AM,0,0.2623,17.623
7/13/2025,2:24:08 AM,0,0.2643,17.608
7/13/2025,2:39:08 AM,0,0.2646,17.601
7/13/2025,2:54:08 AM,0,0.2625,17.589
7/13/2025,3:09:08 AM,0,0.2628,17.579
7/13/2025,3:24:08 AM,0,0.2628,17.586
7/13/2025,3:39:08 AM,0,0.2638,17.574
7/13/2025,3:54:08 AM,0,0.2655,17.561
7/13/2025,4:09:08 AM,0,0.2696,17.56
7/13/2025,4:24:08 AM,0,0.2712,17.556
7/13/2025,4:39:08 AM,0,0.2723,17.554
7/13/2025,4:54:08 AM,0,0.2731,17.543
7/13/2025,5:09:08 AM,0,0.2717,17.531
7/13/2025,5:24:08 AM,0,0.2724,17.519
7/13/2025,5:39:08 AM,0,0.2718,17.501
7/13/2025,5:54:08 AM,0,0.2724,17.492
7/13/2025,6:09:08 AM,0,0.2719,17.479
7/13/2025,6:24:08 AM,0,0.2733,17.476
7/13/2025,6:39:08 AM,0,0.272,17.47
7/13/2025,6:54:08 AM,0,0.2729,17.458
7/13/2025,7:09:08 AM,0,0.2706,17.447
7/13/2025,7:24:08 AM,0,0.27,17.445
7/13/2025,7:39:08 AM,0,0.2688,17.451
7/13/2025,7:54:08 AM,0,0.2711,17.443
7/13/2025,8:09:08 AM,0,0.2685,17.445
7/13/2025,8:24:08 AM,0,0.2666,17.45
7/13/2025,8:39:08 AM,0,0.2703,17.438
7/13/2025,8:54:08 AM,0,0.2705,17.416
7/13/2025,9:09:08 AM,0,0.2691,17.4
7/13/2025,9:24:08 AM,0,0.2687,17.388
7/13/2025,9:39:08 AM,0,0.2706,17.382
7/13/2025,9:54:08 AM,0,0.2699,17.364
7/13/2025,10:09:08 AM,0,0.2669,17.386
7/13/2025,10:24:08 AM,0,0.2686,17.39
7/13/2025,10:39:08 AM,0,0.2686,17.379
7/13/2025,10:54:08 AM,0,0.2668,17.39
7/13/2025,11:09:08 AM,0,0.2647,17.388
7/13/2025,11:24:08 AM,0,0.2649,17.388
7/13/2025,11:39:08 AM,0,0.2639,17.382
7/13/2025,11:54:08 AM,0,0.2618,17.372
7/13/2025,12:09:08 PM,0,0.2609,17.37
7/13/2025,12:24:08 PM,0,0.2606,17.367
7/13/2025,12:39:08 PM,0,0.2587,17.364
7/13/2025,12:54:08 PM,0,0.2594,17.357
7/13/2025,1:09:08 PM,0,0.2596,17.359
7/13/2025,1:24:08 PM,0,0.2597,17.357
7/13/2025,1:39:08 PM,0,0.2578,17.367
7/13/2025,1:54:08 PM,0,0.258,17.367
7/13/2025,2:09:08 PM,0,0.2538,17.37
7/13/2025,2:24:08 PM,0,0.2528,17.37
7/13/2025,2:39:08 PM,0,0.2549,17.371
7/13/2025,2:54:08 PM,0,0.2549,17.377
7/13/2025,3:09:08 PM,0,0.2534,17.381
7/13/2025,3:24:08 PM,0,0.2539,17.391
7/13/2025,3:39:08 PM,0,0.2542,17.4
7/13/2025,3:54:08 PM,0,0.2511,17.425
7/13/2025,4:09:08 PM,0,0.2514,17.444
7/13/2025,4:24:08 PM,0,0.251,17.458
7/13/2025,4:39:08 PM,0,0.2525,17.478
7/13/2025,4:54:08 PM,0,0.255,17.475
7/13/2025,5:09:08 PM,0,0.2547,17.475
7/13/2025,5:24:08 PM,0,0.2584,17.477
7/13/2025,5:39:08 PM,0,0.2601,17.477
7/13/2025,5:54:08 PM,0,0.2575,17.517
7/13/2025,6:09:08 PM,0,0.2593,17.502
7/13/2025,6:24:08 PM,0,0.2606,17.49
7/13/2025,6:39:08 PM,0,0.2593,17.484
7/13/2025,6:54:08 PM,0,0.2595,17.486
7/13/2025,7:09:08 PM,0,0.26,17.491
7/13/2025,7:24:08 PM,0,0.2591,17.492
7/13/2025,7:39:08 PM,0,0.2626,17.485
7/13/2025,7:54:08 PM,0,0.2612,17.482
7/13/2025,8:09:08 PM,0,0.2658,17.493
7/13/2025,8:24:08 PM,0,0.2648,17.473
7/13/2025,8:39:08 PM,0,0.2576,17.484
7/13/2025,8:54:08 PM,0,0.256,17.471
7/13/2025,9:09:08 PM,0,0.257,17.455
7/13/2025,9:24:08 PM,0,0.2568,17.443
7/13/2025,9:39:08 PM,0,0.2589,17.439
7/13/2025,9:54:08 PM,0,0.2604,17.418
7/13/2025,10:09:08 PM,0,0.2613,17.413
7/13/2025,10:24:08 PM,0,0.2587,17.442
7/13/2025,10:39:08 PM,0,0.2574,17.451
7/13/2025,10:54:08 PM,0,0.2553,17.448
7/13/2025,11:09:08 PM,0,0.2534,17.418
7/13/2025,11:24:08 PM,0,0.2522,17.418
7/13/2025,11:39:08 PM,0,0.2525,17.395
7/13/2025,11:54:08 PM,0,0.251,17.372
7/14/2025,12:09:08 AM,0,0.2503,17.373
7/14/2025,12:24:08 AM,0,0.2532,17.354
7/14/2025,12:39:08 AM,0,0.2521,17.334
7/14/2025,12:54:08 AM,0,0.2556,17.304
7/14/2025,1:09:08 AM,0,0.2595,17.293
7/14/2025,1:24:08 AM,0,0.2566,17.27
7/14/2025,1:39:08 AM,0,0.2575,17.259
7/14/2025,1:54:08 AM,0,0.2556,17.251
7/14/2025,2:09:08 AM,0,0.2568,17.249
7/14/2025,2:24:08 AM,0,0.2556,17.252
7/14/2025,2:39:08 AM,0,0.257,17.259
7/14/2025,2:54:08 AM,0,0.2573,17.247
7/14/2025,3:09:08 AM,0,0.2589,17.216
7/14/2025,3:24:08 AM,0,0.2613,17.181
7/14/2025,3:39:08 AM,0,0.2627,17.174
7/14/2025,3:54:08 AM,0,0.2653,17.179
7/14/2025,4:09:08 AM,0,0.2618,17.189
7/14/2025,4:24:08 AM,0,0.2608,17.199
7/14/2025,4:39:08 AM,0,0.2612,17.19
7/14/2025,4:54:08 AM,0,0.2603,17.187
7/14/2025,5:09:08 AM,0,0.2602,17.185
7/14/2025,5:24:08 AM,0,0.2633,17.171
7/14/2025,5:39:08 AM,0,0.2656,17.151
7/14/2025,5:54:08 AM,0,0.2653,17.154
7/14/2025,6:09:08 AM,0,0.2661,17.102
7/14/2025,6:24:08 AM,0,0.2685,17.105
7/14/2025,6:39:08 AM,0,0.2665,17.08
7/14/2025,6:54:08 AM,0,0.2643,17.084
7/14/2025,7:09:08 AM,0,0.2657,17.089
7/14/2025,7:24:08 AM,0,0.2646,17.086
7/14/2025,7:39:08 AM,0,0.2634,17.072
7/14/2025,7:54:08 AM,0,0.2622,17.069
7/14/2025,8:09:08 AM,0,0.266,17.087
7/14/2025,8:24:08 AM,0,0.2632,17.077
7/14/2025,8:39:08 AM,0,0.2624,17.075
7/14/2025,8:54:08 AM,0,0.2603,17.077
7/14/2025,9:09:08 AM,0,0.259,17.093
7/14/2025,9:24:08 AM,0,0.2584,17.085
7/14/2025,9:39:08 AM,0,0.2567,17.077
7/14/2025,9:54:08 AM,0,0.2508,17.071
7/14/2025,10:09:08 AM,0,0.2534,17.077
7/14/2025,10:24:08 AM,0,0.2508,17.083
7/14/2025,10:39:08 AM,0,0.2516,17.089
7/14/2025,10:54:08 AM,0,0.2546,17.076
7/14/2025,11:09:08 AM,0,0.2575,17.086
7/14/2025,11:24:08 AM,0,0.2576,17.092
7/14/2025,11:39:08 AM,0,0.2609,17.095
7/14/2025,11:54:08 AM,0,0.2599,17.099
7/14/2025,12:09:08 PM,0,0.2561,17.108
7/14/2025,12:24:08 PM,0,0.2545,17.105
7/14/2025,12:39:08 PM,0,0.2527,17.11
7/14/2025,12:54:08 PM,0,0.2534,17.119
7/14/2025,1:09:08 PM,0,0.2518,17.122
7/14/2025,1:24:08 PM,0,0.251,17.125
7/14/2025,1:39:08 PM,0,0.2484,17.131
7/14/2025,1:54:08 PM,0,0.2458,17.156
7/14/2025,2:09:08 PM,0,0.2465,17.16
7/14/2025,2:24:08 PM,0,0.2497,17.166
7/14/2025,2:39:08 PM,0,0.2515,17.173
7/14/2025,2:54:08 PM,0,0.2522,17.181
7/14/2025,3:09:08 PM,0,0.2504,17.187
7/14/2025,3:24:08 PM,0,0.2513,17.201
7/14/2025,3:39:08 PM,0,0.2471,17.21
7/14/2025,3:54:08 PM,0,0.2457,17.226
7/14/2025,4:09:08 PM,0,0.2468,17.24
7/14/2025,4:24:08 PM,0,0.2478,17.252
7/14/2025,4:39:08 PM,0,0.2471,17.261
7/14/2025,4:54:08 PM,0,0.2481,17.276
7/14/2025,5:09:08 PM,0,0.2494,17.282
7/14/2025,5:24:08 PM,0,0.2495,17.283
7/14/2025,5:39:08 PM,0,0.2508,17.286
7/14/2025,5:54:08 PM,0,0.2544,17.293
7/14/2025,6:09:08 PM,0,0.2571,17.301
7/14/2025,6:24:08 PM,0,0.2579,17.302
7/14/2025,6:39:08 PM,0,0.257,17.309
7/14/2025,6:54:08 PM,0,0.2567,17.32
7/14/2025,7:09:08 PM,0,0.2577,17.321
7/14/2025,7:24:08 PM,0,0.2583,17.328
7/14/2025,7:39:08 PM,0,0.2591,17.337
7/14/2025,7:54:08 PM,0,0.2608,17.346
7/14/2025,8:09:08 PM,0,0.262,17.371
7/14/2025,8:24:08 PM,0,0.264,17.388
7/14/2025,8:39:08 PM,0,0.2661,17.412
7/14/2025,8:54:08 PM,0,0.2654,17.422
7/14/2025,9:09:08 PM,0,0.2637,17.412
7/14/2025,9:24:08 PM,0,0.264,17.417
7/14/2025,9:39:08 PM,0,0.2605,17.411
7/14/2025,9:54:08 PM,0,0.2603,17.404
7/14/2025,10:09:08 PM,0,0.2592,17.395
7/14/2025,10:24:08 PM,0,0.2601,17.38
7/14/2025,10:39:08 PM,0,0.258,17.346
7/14/2025,10:54:08 PM,0,0.258,17.336
7/14/2025,11:09:08 PM,0,0.2591,17.329
7/14/2025,11:24:08 PM,0,0.2578,17.32
7/14/2025,11:39:08 PM,0,0.2561,17.307
7/14/2025,11:54:08 PM,0,0.2575,17.28
7/15/2025,12:09:08 AM,0,0.2557,17.233
7/15/2025,12:24:08 AM,0,0.2546,17.223
7/15/2025,12:39:08 AM,0,0.2543,17.237
7/15/2025,12:54:08 AM,0,0.2544,17.288
7/15/2025,1:09:08 AM,0,0.254,17.287
7/15/2025,1:24:08 AM,0,0.2524,17.286
7/15/2025,1:39:08 AM,0,0.2533,17.256
7/15/2025,1:54:08 AM,0,0.2537,17.248
7/15/2025,2:09:08 AM,0,0.2566,17.253
7/15/2025,2:24:08 AM,0,0.2568,17.244
7/15/2025,2:39:08 AM,0,0.2609,17.213
7/15/2025,2:54:08 AM,0,0.2602,17.176
7/15/2025,3:09:08 AM,0,0.2611,17.167
7/15/2025,3:24:08 AM,0,0.2636,17.162
7/15/2025,3:39:08 AM,0,0.2633,17.128
7/15/2025,3:54:08 AM,0,0.2607,17.081
7/15/2025,4:09:08 AM,0,0.2606,17.074
7/15/2025,4:24:08 AM,0,0.2619,17.029
7/15/2025,4:39:08 AM,0,0.2623,17.012
7/15/2025,4:54:08 AM,0,0.2632,17.004
7/15/2025,5:09:08 AM,0,0.2648,17.002
7/15/2025,5:24:08 AM,0,0.2678,17
7/15/2025,5:39:08 AM,0,0.2674,16.981
7/15/2025,5:54:08 AM,0,0.2688,17.049
7/15/2025,6:09:08 AM,0,0.266,17.058
7/15/2025,6:24:08 AM,0,0.2644,17.045
7/15/2025,6:39:08 AM,0,0.2625,17.046
7/15/2025,6:54:08 AM,0,0.2652,17.05
7/15/2025,7:09:08 AM,0,0.264,17.041
7/15/2025,7:24:08 AM,0,0.2655,17.05
7/15/2025,7:39:08 AM,0,0.2659,17.052
7/15/2025,7:54:08 AM,0,0.2665,17.039
7/15/2025,8:09:08 AM,0,0.2646,17.042
7/15/2025,8:24:08 AM,0,0.263,17.04
7/15/2025,8:39:08 AM,0,0.2595,17.033
7/15/2025,8:54:08 AM,0,0.2588,17.035
7/15/2025,9:09:08 AM,0,0.2594,17.036
7/15/2025,9:24:08 AM,0,0.2583,17.031
7/15/2025,9:39:08 AM,0,0.2574,17.032
7/15/2025,9:54:08 AM,0,0.258,17.031
7/15/2025,10:09:08 AM,0,0.2585,17.036
7/15/2025,10:24:08 AM,0,0.2579,17.044
7/15/2025,10:39:08 AM,0,0.2579,17.051
7/15/2025,10:54:08 AM,0,0.258,17.056
7/15/2025,11:09:08 AM,0,0.2578,17.058
7/15/2025,11:24:08 AM,0,0.2583,17.061
7/15/2025,11:39:08 AM,0,0.2567,17.067
7/15/2025,11:54:08 AM,0,0.2555,17.065
7/15/2025,12:09:08 PM,0,0.253,17.068
7/15/2025,12:24:08 PM,0,0.2524,17.071
7/15/2025,12:39:08 PM,0,0.2509,17.082
7/15/2025,12:54:08 PM,0,0.2486,17.09
7/15/2025,1:09:08 PM,0,0.2486,17.095
7/15/2025,1:24:08 PM,0,0.2461,17.102
7/15/2025,1:39:08 PM,0,0.2479,17.113
7/15/2025,1:54:08 PM,0,0.2432,17.123
7/15/2025,2:09:08 PM,0,0.2432,17.136
7/15/2025,2:24:08 PM,0,0.2454,17.155
7/15/2025,2:39:08 PM,0,0.2433,17.157
7/15/2025,2:54:08 PM,0,0.2432,17.163
7/15/2025,3:09:08 PM,0,0.2447,17.18
7/15/2025,3:24:08 PM,0,0.2454,17.202
7/15/2025,3:39:08 PM,0,0.2426,17.205
7/15/2025,3:54:08 PM,0,0.2441,17.232
7/15/2025,4:09:08 PM,0,0.2445,17.256
7/15/2025,4:24:08 PM,0,0.2416,17.262
7/15/2025,4:39:08 PM,0,0.2427,17.268
7/15/2025,4:54:08 PM,0,0.2427,17.273
7/15/2025,5:09:08 PM,0,0.2461,17.291
7/15/2025,5:24:08 PM,0,0.2479,17.292
7/15/2025,5:39:08 PM,0,0.25,17.288
7/15/2025,5:54:08 PM,0,0.2529,17.305
7/15/2025,6:09:08 PM,0,0.2515,17.315
7/15/2025,6:24:08 PM,0,0.252,17.323
7/15/2025,6:39:08 PM,0,0.2514,17.343
7/15/2025,6:54:08 PM,0,0.2505,17.341
7/15/2025,7:09:08 PM,0,0.2512,17.342
7/15/2025,7:24:08 PM,0,0.2524,17.343
7/15/2025,7:39:08 PM,0,0.2537,17.358
7/15/2025,7:54:08 PM,0,0.2553,17.356
7/15/2025,8:09:08 PM,0,0.2558,17.366
7/15/2025,8:24:08 PM,0,0.2579,17.376
7/15/2025,8:39:08 PM,0,0.2588,17.382
7/15/2025,8:54:08 PM,0,0.2589,17.388
7/15/2025,9:09:08 PM,0,0.2504,17.5
7/15/2025,9:24:08 PM,0,0.2483,17.484
7/15/2025,9:39:08 PM,0,0.2478,17.483
7/15/2025,9:54:08 PM,0,0.2468,17.46
7/15/2025,10:09:08 PM,0,0.2452,17.459
7/15/2025,10:24:08 PM,0,0.2453,17.444
7/15/2025,10:39:08 PM,0,0.2429,17.438
7/15/2025,10:54:08 PM,0,0.2432,17.429
7/15/2025,11:09:08 PM,0,0.245,17.42
7/15/2025,11:24:08 PM,0,0.2461,17.403
7/15/2025,11:39:08 PM,0,0.2448,17.385
7/15/2025,11:54:08 PM,0,0.2471,17.369
7/16/2025,12:09:08 AM,0,0.2497,17.371
7/16/2025,12:24:08 AM,0,0.2467,17.356
7/16/2025,12:39:08 AM,0,0.2484,17.341
7/16/2025,12:54:08 AM,0,0.2519,17.324
7/16/2025,1:09:08 AM,0,0.2519,17.312
7/16/2025,1:24:08 AM,0,0.251,17.304
7/16/2025,1:39:08 AM,0,0.2529,17.291
7/16/2025,1:54:08 AM,0,0.2503,17.288
7/16/2025,2:09:08 AM,0,0.2496,17.274
7/16/2025,2:24:08 AM,0,0.249,17.257
7/16/2025,2:39:08 AM,0,0.2477,17.247
7/16/2025,2:54:08 AM,0,0.2458,17.254
7/16/2025,3:09:08 AM,0,0.2465,17.234
7/16/2025,3:24:08 AM,0,0.2456,17.246
7/16/2025,3:39:08 AM,0,0.2452,17.251
7/16/2025,3:54:08 AM,0,0.2474,17.253
7/16/2025,4:09:08 AM,0,0.2466,17.262
7/16/2025,4:24:08 AM,0,0.2496,17.272
7/16/2025,4:39:08 AM,0,0.2529,17.266
7/16/2025,4:54:08 AM,0,0.2536,17.265
7/16/2025,5:09:08 AM,0,0.2541,17.264
7/16/2025,5:24:08 AM,0,0.2545,17.26
7/16/2025,5:39:08 AM,0,0.2534,17.254
7/16/2025,5:54:08 AM,0,0.2537,17.248
7/16/2025,6:09:08 AM,0,0.2549,17.24
7/16/2025,6:24:08 AM,0,0.2606,17.201
7/16/2025,6:39:08 AM,0,0.2663,17.152
7/16/2025,6:54:08 AM,0,0.2688,17.115
7/16/2025,7:09:08 AM,0,0.2682,17.104
7/16/2025,7:24:08 AM,0,0.2685,17.11
7/16/2025,7:39:08 AM,0,0.2654,17.111
7/16/2025,7:54:08 AM,0,0.2622,17.111
7/16/2025,8:09:08 AM,0,0.263,17.115
7/16/2025,8:24:08 AM,0,0.2605,17.122
7/16/2025,8:39:08 AM,0,0.2572,17.132
7/16/2025,8:54:08 AM,0,0.2555,17.141
7/16/2025,9:09:08 AM,0,0.2558,17.151
7/16/2025,9:24:08 AM,0,0.2548,17.156
7/16/2025,9:39:08 AM,0,0.254,17.166
7/16/2025,9:54:08 AM,0,0.2557,17.171
7/16/2025,10:09:08 AM,0,0.2547,17.175
7/16/2025,10:24:08 AM,0,0.2518,17.181
7/16/2025,10:39:08 AM,0,0.2511,17.188
7/16/2025,10:54:08 AM,0,0.2531,17.194
7/16/2025,11:09:08 AM,0,0.2491,17.202
7/16/2025,11:24:08 AM,0,0.248,17.213
7/16/2025,11:39:08 AM,0,0.2466,17.214
7/16/2025,11:54:08 AM,0,0.2454,17.221
7/16/2025,12:09:08 PM,0,0.2434,17.237
7/16/2025,12:24:08 PM,0,0.2416,17.242
7/16/2025,12:39:08 PM,0,0.2387,17.255
7/16/2025,12:54:08 PM,0,0.2392,17.262
7/16/2025,1:09:08 PM,0,0.2383,17.274
7/16/2025,1:24:08 PM,0,0.236,17.277
7/16/2025,1:39:08 PM,0,0.2342,17.287
7/16/2025,1:54:08 PM,0,0.2373,17.298
7/16/2025,2:09:08 PM,0,0.2351,17.306
7/16/2025,2:24:08 PM,0,0.2326,17.316
7/16/2025,2:39:08 PM,0,0.2332,17.327
7/16/2025,2:54:08 PM,0,0.2354,17.336
7/16/2025,3:09:08 PM,0,0.2357,17.336
7/16/2025,3:24:08 PM,0,0.2374,17.354
7/16/2025,3:39:08 PM,0,0.2373,17.356
7/16/2025,3:54:08 PM,0,0.2385,17.383
7/16/2025,4:09:08 PM,0,0.2371,17.431
7/16/2025,4:24:08 PM,0,0.2359,17.427
7/16/2025,4:39:08 PM,0,0.2352,17.438
7/16/2025,4:54:08 PM,0,0.2379,17.449
7/16/2025,5:09:08 PM,0,0.2391,17.463
7/16/2025,5:24:08 PM,0,0.2414,17.47
7/16/2025,5:39:08 PM,0,0.2437,17.48
7/16/2025,5:54:08 PM,0,0.2452,17.468
7/16/2025,6:09:08 PM,0,0.2472,17.494
7/16/2025,6:24:08 PM,0,0.2466,17.499
7/16/2025,6:39:08 PM,0,0.2477,17.505
7/16/2025,6:54:08 PM,0,0.2447,17.505
7/16/2025,7:09:08 PM,0,0.2447,17.518
7/16/2025,7:24:08 PM,0,0.2429,17.523
7/16/2025,7:39:08 PM,0,0.2405,17.524
7/16/2025,7:54:08 PM,0,0.2405,17.534
7/16/2025,8:09:08 PM,0,0.2434,17.534
7/16/2025,8:24:08 PM,0,0.2467,17.538
7/16/2025,8:39:08 PM,0,0.25,17.541
7/16/2025,8:54:08 PM,0,0.251,17.547
7/16/2025,9:09:08 PM,0,0.2506,17.55
7/16/2025,9:24:08 PM,0,0.2501,17.554
7/16/2025,9:39:08 PM,0,0.2469,17.557
7/16/2025,9:54:08 PM,0,0.2451,17.562
7/16/2025,10:09:08 PM,0,0.243,17.569
7/16/2025,10:24:08 PM,0,0.2441,17.571
7/16/2025,10:39:08 PM,0,0.2444,17.568
7/16/2025,10:54:08 PM,0,0.2442,17.571
7/16/2025,11:09:08 PM,0,0.2448,17.564
7/16/2025,11:24:08 PM,0,0.2436,17.574
7/16/2025,11:39:08 PM,0,0.2431,17.556
7/16/2025,11:54:08 PM,0,0.2416,17.543
7/17/2025,12:09:08 AM,0,0.2429,17.526
7/17/2025,12:24:08 AM,0,0.2423,17.492
7/17/2025,12:39:08 AM,0,0.244,17.458
7/17/2025,12:54:08 AM,0,0.2444,17.44
7/17/2025,1:09:08 AM,0,0.246,17.44
7/17/2025,1:24:08 AM,0,0.2463,17.436
7/17/2025,1:39:08 AM,0,0.2471,17.432
7/17/2025,1:54:08 AM,0,0.2492,17.421
7/17/2025,2:09:08 AM,0,0.2502,17.408
7/17/2025,2:24:08 AM,0,0.2482,17.402
7/17/2025,2:39:08 AM,0,0.2486,17.392
7/17/2025,2:54:08 AM,0,0.2467,17.382
7/17/2025,3:09:08 AM,0,0.2441,17.373
7/17/2025,3:24:08 AM,0,0.2455,17.354
7/17/2025,3:39:08 AM,0,0.2456,17.348
7/17/2025,3:54:08 AM,0,0.2473,17.35
7/17/2025,4:09:08 AM,0,0.2507,17.294
7/17/2025,4:24:08 AM,0,0.2517,17.25
7/17/2025,4:39:08 AM,0,0.2547,17.245
7/17/2025,4:54:08 AM,0,0.255,17.228
7/17/2025,5:09:08 AM,0,0.2556,17.14
7/17/2025,5:24:08 AM,0,0.2582,17.11
7/17/2025,5:39:08 AM,0,0.2585,17.119
7/17/2025,5:54:08 AM,0,0.2602,17.12
7/17/2025,6:09:08 AM,0,0.2595,17.133
7/17/2025,6:24:08 AM,0,0.2588,17.137
7/17/2025,6:39:08 AM,0,0.2565,17.147
7/17/2025,6:54:08 AM,0,0.2591,17.14
7/17/2025,7:09:08 AM,0,0.2565,17.127
7/17/2025,7:24:08 AM,0,0.2577,17.138
7/17/2025,7:39:08 AM,0,0.2588,17.143
7/17/2025,7:54:08 AM,0,0.2582,17.138
7/17/2025,8:09:08 AM,0,0.2575,17.138
7/17/2025,8:24:08 AM,0,0.258,17.144
7/17/2025,8:39:08 AM,0,0.2571,17.14
7/17/2025,8:54:08 AM,0,0.2546,17.139
7/17/2025,9:09:08 AM,0,0.2512,17.153
7/17/2025,9:24:08 AM,0,0.2517,17.155
7/17/2025,9:39:08 AM,0,0.2487,17.153
7/17/2025,9:54:08 AM,0,0.248,17.153
7/17/2025,10:09:08 AM,0,0.2448,17.156
7/17/2025,10:24:08 AM,0,0.2435,17.152
7/17/2025,10:39:08 AM,0,0.2435,17.148
7/17/2025,10:54:08 AM,0,0.2445,17.148
7/17/2025,11:09:08 AM,0,0.2457,17.146
7/17/2025,11:24:08 AM,0,0.2499,17.146
7/17/2025,11:39:08 AM,0,0.2508,17.143
7/17/2025,11:54:08 AM,0,0.2502,17.15
7/17/2025,12:09:08 PM,0,0.2477,17.148
7/17/2025,12:24:08 PM,0,0.2456,17.15
7/17/2025,12:39:08 PM,0,0.2452,17.157
7/17/2025,12:54:08 PM,0,0.247,17.162
7/17/2025,1:09:08 PM,0,0.2483,17.17
7/17/2025,1:24:08 PM,0,0.2485,17.177
7/17/2025,1:39:08 PM,0,0.2498,17.183
7/17/2025,1:54:08 PM,0,0.2459,17.189
7/17/2025,2:09:08 PM,0,0.2424,17.196
7/17/2025,2:24:08 PM,0,0.2414,17.208
7/17/2025,2:39:08 PM,0,0.2418,17.214
7/17/2025,2:54:08 PM,0,0.239,17.222
7/17/2025,3:09:08 PM,0,0.2379,17.234
7/17/2025,3:24:08 PM,0,0.2394,17.242
7/17/2025,3:39:08 PM,0,0.2383,17.245
7/17/2025,3:54:08 PM,0,0.2351,17.283
7/17/2025,4:09:08 PM,0,0.233,17.365
7/17/2025,4:24:08 PM,0,0.2358,17.354
7/17/2025,4:39:08 PM,0,0.2371,17.36
7/17/2025,4:54:08 PM,0,0.2371,17.361
7/17/2025,5:09:08 PM,0,0.2386,17.372
7/17/2025,5:24:08 PM,0,0.2425,17.382
7/17/2025,5:39:08 PM,0,0.2409,17.386
7/17/2025,5:54:08 PM,0,0.2395,17.384
7/17/2025,6:09:08 PM,0,0.2408,17.386
7/17/2025,6:24:08 PM,0,0.2441,17.39
7/17/2025,6:39:08 PM,0,0.2488,17.395
7/17/2025,6:54:08 PM,0,0.2486,17.405
7/17/2025,7:09:08 PM,0,0.2514,17.41
7/17/2025,7:24:08 PM,0,0.2516,17.418
7/17/2025,7:39:08 PM,0,0.2526,17.417
7/17/2025,7:54:08 PM,0,0.2508,17.424
7/17/2025,8:09:08 PM,0,0.2512,17.428
7/17/2025,8:24:08 PM,0,0.2532,17.435
7/17/2025,8:39:08 PM,0,0.2538,17.439
7/17/2025,8:54:08 PM,0,0.2527,17.445
7/17/2025,9:09:08 PM,0,0.2496,17.467
7/17/2025,9:24:08 PM,0,0.2499,17.471
7/17/2025,9:39:08 PM,0,0.2474,17.473
7/17/2025,9:54:08 PM,0,0.2471,17.472
7/17/2025,10:09:08 PM,0,0.2464,17.477
7/17/2025,10:24:08 PM,0,0.2473,17.474
7/17/2025,10:39:08 PM,0,0.2484,17.484
7/17/2025,10:54:08 PM,0,0.2499,17.484
7/17/2025,11:09:08 PM,0,0.2488,17.484
7/17/2025,11:24:08 PM,0,0.2486,17.486
7/17/2025,11:39:08 PM,0,0.2484,17.48
7/17/2025,11:54:08 PM,0,0.2463,17.485
7/18/2025,12:09:08 AM,0,0.2478,17.489
7/18/2025,12:24:08 AM,0,0.2498,17.491
7/18/2025,12:39:08 AM,0,0.25,17.506
7/18/2025,12:54:08 AM,0,0.2527,17.506
7/18/2025,1:09:08 AM,0,0.2519,17.501
7/18/2025,1:24:08 AM,0,0.2517,17.494
7/18/2025,1:39:08 AM,0,0.2506,17.491
7/18/2025,1:54:08 AM,0,0.2523,17.486
7/18/2025,2:09:08 AM,0,0.2531,17.478
7/18/2025,2:24:08 AM,0,0.2543,17.467
7/18/2025,2:39:08 AM,0,0.2562,17.462
7/18/2025,2:54:08 AM,0,0.2565,17.455
7/18/2025,3:09:08 AM,0,0.2588,17.445
7/18/2025,3:24:08 AM,0,0.2565,17.432
7/18/2025,3:39:08 AM,0,0.2588,17.425
7/18/2025,3:54:08 AM,0,0.2578,17.41
7/18/2025,4:09:08 AM,0,0.2591,17.406
7/18/2025,4:24:08 AM,0,0.2611,17.4
7/18/2025,4:39:08 AM,0,0.2618,17.384
7/18/2025,4:54:08 AM,0,0.2632,17.375
7/18/2025,5:09:08 AM,0,0.2649,17.368
7/18/2025,5:24:08 AM,0,0.2645,17.352
7/18/2025,5:39:08 AM,0,0.2694,17.344
7/18/2025,5:54:08 AM,0,0.2702,17.337
7/18/2025,6:09:08 AM,0,0.268,17.331
7/18/2025,6:24:08 AM,0,0.2669,17.323
7/18/2025,6:39:08 AM,0,0.2672,17.315
7/18/2025,6:54:08 AM,0,0.2653,17.31
7/18/2025,7:09:08 AM,0,0.2634,17.31
7/18/2025,7:24:08 AM,0,0.2601,17.311
7/18/2025,7:39:08 AM,0,0.2593,17.303
7/18/2025,7:54:08 AM,0,0.2602,17.3
7/18/2025,8:09:08 AM,0,0.2567,17.296
7/18/2025,8:24:08 AM,0,0.2595,17.294
7/18/2025,8:39:08 AM,0,0.261,17.292
7/18/2025,8:54:08 AM,0,0.2583,17.291
7/18/2025,9:09:08 AM,0,0.2541,17.289
7/18/2025,9:24:08 AM,0,0.2547,17.289
7/18/2025,9:39:08 AM,0,0.2526,17.291
7/18/2025,9:54:08 AM,0,0.2543,17.293
7/18/2025,10:09:08 AM,0,0.2549,17.289
7/18/2025,10:24:08 AM,0,0.2537,17.292
7/18/2025,10:39:08 AM,0,0.2535,17.293
7/18/2025,10:54:08 AM,0,0.2476,17.29
7/18/2025,11:09:08 AM,0,0.2462,17.291
7/18/2025,11:24:08 AM,0,0.2482,17.295
7/18/2025,11:39:08 AM,0,0.2482,17.297
7/18/2025,11:54:08 AM,0,0.2492,17.298
7/18/2025,12:09:08 PM,0,0.2525,17.305
7/18/2025,12:24:08 PM,0,0.253,17.309
7/18/2025,12:39:08 PM,0,0.2512,17.317
7/18/2025,12:54:08 PM,0,0.2509,17.329
7/18/2025,1:09:08 PM,0,0.25,17.336
7/18/2025,1:24:08 PM,0,0.2504,17.343
7/18/2025,1:39:08 PM,0,0.2521,17.347
7/18/2025,1:54:08 PM,0,0.2481,17.351
7/18/2025,2:09:08 PM,0,0.246,17.357
7/18/2025,2:24:08 PM,0,0.2478,17.367
7/18/2025,2:39:08 PM,0,0.2447,17.371
7/18/2025,2:54:08 PM,0,0.2439,17.373
7/18/2025,3:09:08 PM,0,0.2441,17.387
7/18/2025,3:24:08 PM,0,0.2433,17.391
7/18/2025,3:39:08 PM,0,0.2415,17.399
7/18/2025,3:54:08 PM,0,0.241,17.42
7/18/2025,4:09:08 PM,0,0.2387,17.543
7/18/2025,4:24:08 PM,0,0.2366,17.51
7/18/2025,4:39:08 PM,0,0.2389,17.513
7/18/2025,4:54:08 PM,0,0.2394,17.515
7/18/2025,5:09:08 PM,0,0.2387,17.53
7/18/2025,5:24:08 PM,0,0.2419,17.525
7/18/2025,5:39:08 PM,0,0.2429,17.524
7/18/2025,5:54:08 PM,0,0.2404,17.527
7/18/2025,6:09:08 PM,0,0.2406,17.526
7/18/2025,6:24:08 PM,0,0.2414,17.529
7/18/2025,6:39:08 PM,0,0.2429,17.532
7/18/2025,6:54:08 PM,0,0.2461,17.538
7/18/2025,7:09:08 PM,0,0.2467,17.544
7/18/2025,7:24:08 PM,0,0.2467,17.548
7/18/2025,7:39:08 PM,0,0.2476,17.557
7/18/2025,7:54:08 PM,0,0.2503,17.561
7/18/2025,8:09:08 PM,0,0.2481,17.568
7/18/2025,8:24:08 PM,0,0.2467,17.577
7/18/2025,8:39:08 PM,0,0.2477,17.592
7/18/2025,8:54:08 PM,0,0.248,17.595
7/18/2025,9:09:08 PM,0,0.2448,17.601
7/18/2025,9:24:08 PM,0,0.2436,17.615
7/18/2025,9:39:08 PM,0,0.2429,17.637
7/18/2025,9:54:08 PM,0,0.2429,17.636
7/18/2025,10:09:08 PM,0,0.2455,17.639
7/18/2025,10:24:08 PM,0,0.2494,17.642
7/18/2025,10:39:08 PM,0,0.2542,17.65
7/18/2025,10:54:08 PM,0,0.2557,17.66
7/18/2025,11:09:08 PM,0,0.2576,17.668
7/18/2025,11:24:08 PM,0,0.2558,17.675
7/18/2025,11:39:08 PM,0,0.2561,17.677
7/18/2025,11:54:08 PM,0,0.2535,17.674
7/19/2025,12:09:08 AM,0,0.2524,17.671
7/19/2025,12:24:08 AM,0,0.2508,17.675
7/19/2025,12:39:08 AM,0,0.2505,17.689
7/19/2025,12:54:08 AM,0,0.2508,17.715
7/19/2025,1:09:08 AM,0,0.2499,17.713
7/19/2025,1:24:08 AM,0,0.2523,17.71
7/19/2025,1:39:08 AM,0,0.2532,17.711
7/19/2025,1:54:08 AM,0,0.252,17.702
7/19/2025,2:09:08 AM,0,0.252,17.687
7/19/2025,2:24:08 AM,0,0.2508,17.683
7/19/2025,2:39:08 AM,0,0.2491,17.68
7/19/2025,2:54:08 AM,0,0.2505,17.674
7/19/2025,3:09:08 AM,0,0.2515,17.667
7/19/2025,3:24:08 AM,0,0.252,17.662
7/19/2025,3:39:08 AM,0,0.2517,17.658
7/19/2025,3:54:08 AM,0,0.2512,17.654
7/19/2025,4:09:08 AM,0,0.2495,17.647
7/19/2025,4:24:08 AM,0,0.2497,17.638
7/19/2025,4:39:08 AM,0,0.2678,17.593
7/19/2025,4:54:08 AM,0,0.2675,17.596
7/19/2025,5:09:08 AM,0,0.2704,17.592
7/19/2025,5:24:08 AM,0,0.2679,17.588
7/19/2025,5:39:08 AM,0,0.271,17.584
7/19/2025,5:54:08 AM,0,0.2728,17.581
7/19/2025,6:09:08 AM,0,0.2714,17.579
7/19/2025,6:24:08 AM,0,0.2738,17.573
7/19/2025,6:39:08 AM,0,0.2766,17.589
7/19/2025,6:54:08 AM,0,0.2765,17.583
7/19/2025,7:09:08 AM,0,0.275,17.576
7/19/2025,7:24:08 AM,0,0.275,17.571
7/19/2025,7:39:08 AM,0,0.2736,17.565
7/19/2025,7:54:08 AM,0,0.2734,17.564
7/19/2025,8:09:08 AM,0,0.269,17.562
7/19/2025,8:24:08 AM,0,0.2686,17.57
7/19/2025,8:39:08 AM,0,0.2689,17.57
7/19/2025,8:54:08 AM,0,0.2678,17.575
7/19/2025,9:09:08 AM,0,0.2691,17.575
7/19/2025,9:24:08 AM,0,0.2687,17.574
7/19/2025,9:39:08 AM,0,0.2663,17.574
7/19/2025,9:54:08 AM,0,0.2644,17.572
7/19/2025,10:09:08 AM,0,0.2617,17.57
7/19/2025,10:24:08 AM,0,0.2601,17.565
7/19/2025,10:39:08 AM,0,0.2593,17.561
7/19/2025,10:54:08 AM,0,0.2571,17.563
7/19/2025,11:09:08 AM,0,0.2571,17.56
7/19/2025,11:24:08 AM,0,0.2604,17.56
7/19/2025,11:39:08 AM,0,0.2642,17.56
7/19/2025,11:54:08 AM,0,0.2642,17.564
7/19/2025,12:09:08 PM,0,0.2641,17.563
7/19/2025,12:24:08 PM,0,0.2656,17.564
7/19/2025,12:39:08 PM,0,0.262,17.562
7/19/2025,12:54:08 PM,0,0.2594,17.564
7/19/2025,1:09:08 PM,0,0.2569,17.567
7/19/2025,1:24:08 PM,0,0.2588,17.566
7/19/2025,1:39:08 PM,0,0.2586,17.566
7/19/2025,1:54:08 PM,0,0.2584,17.575
7/19/2025,2:09:08 PM,0,0.2567,17.58
7/19/2025,2:24:08 PM,0,0.255,17.581
7/19/2025,2:39:08 PM,0,0.2519,17.584
7/19/2025,2:54:08 PM,0,0.2508,17.587
7/19/2025,3:09:08 PM,0,0.2515,17.592
7/19/2025,3:24:08 PM,0,0.2498,17.611
7/19/2025,3:39:08 PM,0,0.2504,17.615
7/19/2025,3:54:08 PM,0,0.2512,17.637
7/19/2025,4:09:08 PM,0,0.2516,17.727
7/19/2025,4:24:08 PM,0,0.2518,17.709
7/19/2025,4:39:08 PM,0,0.2528,17.699
7/19/2025,4:54:08 PM,0,0.2529,17.697
7/19/2025,5:09:08 PM,0,0.2545,17.697
7/19/2025,5:24:08 PM,0,0.2575,17.696
7/19/2025,5:39:08 PM,0,0.2587,17.691
7/19/2025,5:54:08 PM,0,0.2612,17.693
7/19/2025,6:09:08 PM,0,0.2625,17.691
7/19/2025,6:24:08 PM,0,0.2614,17.695
7/19/2025,6:39:08 PM,0,0.2607,17.694
7/19/2025,6:54:08 PM,0,0.2608,17.696
7/19/2025,7:09:08 PM,0,0.2595,17.696
7/19/2025,7:24:08 PM,0,0.2643,17.699
7/19/2025,7:39:08 PM,0,0.2646,17.702
7/19/2025,7:54:08 PM,0,0.2673,17.721
7/19/2025,8:09:08 PM,0,0.2687,17.727
7/19/2025,8:24:08 PM,0,0.2669,17.728
7/19/2025,8:39:08 PM,0,0.2668,17.729
7/19/2025,8:54:08 PM,0,0.2657,17.747
7/19/2025,9:09:08 PM,0,0.2644,17.75
7/19/2025,9:24:08 PM,0,0.264,17.75
7/19/2025,9:39:08 PM,0,0.2668,17.753
7/19/2025,9:54:08 PM,0,0.2655,17.753
7/19/2025,10:09:08 PM,0,0.2683,17.756
7/19/2025,10:24:08 PM,0,0.2666,17.757
7/19/2025,10:39:08 PM,0,0.267,17.774
7/19/2025,10:54:08 PM,0,0.2647,17.771
7/19/2025,11:09:08 PM,0,0.2626,17.769
7/19/2025,11:24:08 PM,0,0.2608,17.767
7/19/2025,11:39:08 PM,0,0.2617,17.763
7/19/2025,11:54:08 PM,0,0.2597,17.767
7/20/2025,12:09:08 AM,0,0.2587,17.764
7/20/2025,12:24:08 AM,0,0.2585,17.771
7/20/2025,12:39:08 AM,0,0.2587,17.773
7/20/2025,12:54:08 AM,0,0.26,17.78
7/20/2025,1:09:08 AM,0,0.256,17.774
7/20/2025,1:24:08 AM,0,0.2543,17.77
7/20/2025,1:39:08 AM,0,0.2536,17.762
7/20/2025,1:54:08 AM,0,0.2529,17.759
7/20/2025,2:09:08 AM,0,0.2534,17.754
7/20/2025,2:24:08 AM,0,0.2553,17.751
7/20/2025,2:39:08 AM,0,0.2581,17.767
7/20/2025,2:54:08 AM,0,0.2597,17.761
7/20/2025,3:09:08 AM,0,0.2597,17.754
7/20/2025,3:24:08 AM,0,0.2612,17.751
7/20/2025,3:39:08 AM,0,0.2615,17.746
7/20/2025,3:54:08 AM,0,0.2632,17.74
7/20/2025,4:09:08 AM,0,0.2647,17.733
7/20/2025,4:24:08 AM,0,0.2672,17.727
7/20/2025,4:39:08 AM,0,0.3236,17.679
7/20/2025,4:54:08 AM,0,0.3248,17.658
7/20/2025,5:09:08 AM,0,0.325,17.653
7/20/2025,5:24:08 AM,0,0.3238,17.652
7/20/2025,5:39:08 AM,0,0.3229,17.647
7/20/2025,5:54:08 AM,0,0.3218,17.645
7/20/2025,6:09:08 AM,0,0.3206,17.642
7/20/2025,6:24:08 AM,0,0.3201,17.641
7/20/2025,6:39:08 AM,0,0.3214,17.638
7/20/2025,6:54:08 AM,0,0.3228,17.633
7/20/2025,7:09:08 AM,0,0.325,17.628
7/20/2025,7:24:08 AM,0,0.3251,17.626
7/20/2025,7:39:08 AM,0,0.3284,17.622
7/20/2025,7:54:08 AM,0,0.3259,17.621
7/20/2025,8:09:08 AM,0,0.3257,17.615
7/20/2025,8:24:08 AM,0,0.3221,17.614
7/20/2025,8:39:08 AM,0,0.3228,17.611
7/20/2025,8:54:08 AM,0,0.3206,17.609
7/20/2025,9:09:08 AM,0,0.3222,17.61
7/20/2025,9:24:08 AM,0,0.3215,17.611
7/20/2025,9:39:08 AM,0,0.321,17.611
7/20/2025,9:54:08 AM,0,0.3214,17.612
7/20/2025,10:09:08 AM,0,0.3215,17.616
7/20/2025,10:24:08 AM,0,0.3155,17.617
7/20/2025,10:39:08 AM,0,0.3138,17.619
7/20/2025,10:54:08 AM,0,0.3122,17.622
7/20/2025,11:09:08 AM,0,0.3127,17.622
7/20/2025,11:24:08 AM,0,0.3124,17.622
7/20/2025,11:39:08 AM,0,0.3105,17.629
7/20/2025,11:54:08 AM,0,0.3127,17.629
7/20/2025,12:09:08 PM,0,0.3115,17.629
7/20/2025,12:24:08 PM,0,0.3099,17.627
7/20/2025,12:39:08 PM,0,0.3097,17.623
7/20/2025,12:54:08 PM,0,0.3107,17.645
7/20/2025,1:09:08 PM,0,0.3115,17.641
7/20/2025,1:24:08 PM,0,0.31,17.642
7/20/2025,1:39:08 PM,0,0.3128,17.634
7/20/2025,1:54:08 PM,0,0.312,17.637
7/20/2025,2:09:08 PM,0,0.3103,17.64
7/20/2025,2:24:08 PM,0,0.3114,17.64
7/20/2025,2:39:08 PM,0,0.3111,17.637
7/20/2025,2:54:08 PM,0,0.3089,17.638
7/20/2025,3:09:08 PM,0,0.3075,17.635
7/20/2025,3:24:08 PM,0,0.3072,17.633
7/20/2025,3:39:08 PM,0,0.3063,17.632
7/20/2025,3:54:08 PM,0,0.3068,17.702
7/20/2025,4:09:08 PM,0,0.3083,17.706
7/20/2025,4:24:08 PM,0,0.3081,17.696
7/20/2025,4:39:08 PM,0,0.3071,17.717
7/20/2025,4:54:08 PM,0,0.3073,17.713
7/20/2025,5:09:08 PM,0,0.308,17.749
7/20/2025,5:24:08 PM,0,0.3093,17.717
7/20/2025,5:39:08 PM,0,0.3086,17.713
7/20/2025,5:54:08 PM,0,0.3083,17.707
7/20/2025,6:09:08 PM,0,0.3107,17.708
7/20/2025,6:24:08 PM,0,0.3104,17.703
7/20/2025,6:39:08 PM,0,0.3119,17.703
7/20/2025,6:54:08 PM,0,0.3144,17.705
7/20/2025,7:09:08 PM,0,0.3128,17.698
7/20/2025,7:24:08 PM,0,0.3121,17.694
7/20/2025,7:39:08 PM,0,0.3126,17.692
7/20/2025,7:54:08 PM,0,0.3131,17.696
7/20/2025,8:09:08 PM,0,0.3114,17.696
7/20/2025,8:24:08 PM,0,0.3153,17.743
7/20/2025,8:39:08 PM,0,0.3164,17.734
7/20/2025,8:54:08 PM,0,0.3166,17.724
7/20/2025,9:09:08 PM,0,0.316,17.719
7/20/2025,9:24:08 PM,0,0.3177,17.731
7/20/2025,9:39:08 PM,0,0.3191,17.725
7/20/2025,9:54:08 PM,0,0.3184,17.721
7/20/2025,10:09:08 PM,0,0.3192,17.713
7/20/2025,10:24:08 PM,0,0.3165,17.711
7/20/2025,10:39:08 PM,0,0.3168,17.752
7/20/2025,10:54:08 PM,0,0.3135,17.727
7/20/2025,11:09:08 PM,0,0.315,17.714
7/20/2025,11:24:08 PM,0,0.3133,17.705
7/20/2025,11:39:08 PM,0,0.3161,17.696
7/20/2025,11:54:08 PM,0,0.3138,17.689
7/21/2025,12:09:08 AM,0,0.313,17.683
7/21/2025,12:24:08 AM,0,0.312,17.679
7/21/2025,12:39:08 AM,0,0.3122,17.671
7/21/2025,12:54:08 AM,0,0.3121,17.669
7/21/2025,1:09:08 AM,0,0.3114,17.663
7/21/2025,1:24:08 AM,0,0.311,17.656
7/21/2025,1:39:08 AM,0,0.3126,17.674
7/21/2025,1:54:08 AM,0,0.3108,17.672
7/21/2025,2:09:08 AM,0,0.3131,17.67
7/21/2025,2:24:08 AM,0,0.3132,17.658
7/21/2025,2:39:08 AM,0,0.3136,17.655
7/21/2025,2:54:08 AM,0,0.3133,17.643
7/21/2025,3:09:08 AM,0,0.3121,17.639
7/21/2025,3:24:08 AM,0,0.3121,17.631
7/21/2025,3:39:08 AM,0,0.3148,17.625
7/21/2025,3:54:08 AM,0,0.3162,17.619
7/21/2025,4:09:08 AM,0,0.3178,17.614
7/21/2025,4:24:08 AM,0,0.3183,17.617
7/21/2025,4:39:08 AM,0,0.321,17.613
7/21/2025,4:54:08 AM,0,0.32,17.605
7/21/2025,5:09:08 AM,0,0.3206,17.599
7/21/2025,5:24:08 AM,0,0.3212,17.587
7/21/2025,5:39:08 AM,0,0.3187,17.588
7/21/2025,5:54:08 AM,0,0.3195,17.588
7/21/2025,6:09:08 AM,0,0.3203,17.581
7/21/2025,6:24:08 AM,0,0.3209,17.576
7/21/2025,6:39:08 AM,0,0.3225,17.57
7/21/2025,6:54:08 AM,0,0.3218,17.563
7/21/2025,7:09:08 AM,0,0.3207,17.561
7/21/2025,7:24:08 AM,0,0.3196,17.556
7/21/2025,7:39:08 AM,0,0.32,17.551
7/21/2025,7:54:08 AM,0,0.3192,17.546
7/21/2025,8:09:08 AM,0,0.3181,17.543
7/21/2025,8:24:08 AM,0,0.3188,17.537
7/21/2025,8:39:08 AM,0,0.3182,17.535
7/21/2025,8:54:08 AM,0,0.3163,17.539
7/21/2025,9:09:08 AM,0,0.3172,17.534
7/21/2025,9:24:08 AM,0,0.3165,17.538
7/21/2025,9:39:08 AM,0,0.3177,17.536
7/21/2025,9:54:08 AM,0,0.3182,17.528
7/21/2025,10:09:08 AM,0,0.3175,17.549
7/21/2025,10:24:08 AM,0,0.3163,17.545
7/21/2025,10:39:08 AM,0,0.3157,17.548
7/21/2025,10:54:08 AM,0,0.3129,17.543
7/21/2025,11:09:08 AM,0,0.3164,17.542
7/21/2025,11:24:08 AM,0,0.3149,17.541
7/21/2025,11:39:08 AM,0,0.3162,17.537
7/21/2025,11:54:08 AM,0,0.3146,17.535
7/21/2025,12:09:08 PM,0,0.3129,17.536
7/21/2025,12:24:08 PM,0,0.3096,17.535
7/21/2025,12:39:08 PM,0,0.3083,17.532
7/21/2025,12:54:08 PM,0,0.3086,17.532
7/21/2025,1:09:08 PM,0,0.3063,17.532
7/21/2025,1:24:08 PM,0,0.3071,17.532
7/21/2025,1:39:08 PM,0,0.3077,17.537
7/21/2025,1:54:08 PM,0,0.3081,17.54
7/21/2025,2:09:08 PM,0,0.3091,17.544
7/21/2025,2:24:08 PM,0,0.307,17.546
7/21/2025,2:39:08 PM,0,0.3063,17.543
7/21/2025,2:54:08 PM,0,0.3058,17.538
7/21/2025,3:09:08 PM,0,0.3039,17.537
7/21/2025,3:24:08 PM,0,0.3043,17.539
7/21/2025,3:39:08 PM,0,0.304,17.543
7/21/2025,3:54:08 PM,0,0.3054,17.616
7/21/2025,4:09:08 PM,0,0.306,17.603
7/21/2025,4:24:08 PM,0,0.3066,17.605
7/21/2025,4:39:08 PM,0,0.3082,17.624
7/21/2025,4:54:08 PM,0,0.3069,17.64
7/21/2025,5:09:08 PM,0,0.306,17.65
7/21/2025,5:24:08 PM,0,0.308,17.633
7/21/2025,5:39:08 PM,0,0.309,17.624
7/21/2025,5:54:08 PM,0,0.3116,17.616
7/21/2025,6:09:08 PM,0,0.3115,17.611
7/21/2025,6:24:08 PM,0,0.3145,17.608
7/21/2025,6:39:08 PM,0,0.3122,17.601
7/21/2025,6:54:08 PM,0,0.31,17.599
7/21/2025,7:09:08 PM,0,0.3097,17.597
7/21/2025,7:24:08 PM,0,0.311,17.597
7/21/2025,7:39:08 PM,0,0.3116,17.602
7/21/2025,7:54:08 PM,0,0.3132,17.602
7/21/2025,8:09:08 PM,0,0.3151,17.605
7/21/2025,8:24:08 PM,0,0.316,17.603
7/21/2025,8:39:08 PM,0,0.3182,17.608
7/21/2025,8:54:08 PM,0,0.3185,17.612
7/21/2025,9:09:08 PM,0,0.3177,17.614
7/21/2025,9:24:08 PM,0,0.3161,17.618
7/21/2025,9:39:08 PM,0,0.3157,17.634
7/21/2025,9:54:08 PM,0,0.3141,17.63
7/21/2025,10:09:08 PM,0,0.314,17.623
7/21/2025,10:24:08 PM,0,0.3142,17.621
7/21/2025,10:39:08 PM,0,0.3148,17.636
7/21/2025,10:54:08 PM,0,0.3143,17.629
7/21/2025,11:09:08 PM,0,0.3131,17.629
7/21/2025,11:24:08 PM,0,0.3132,17.621
7/21/2025,11:39:08 PM,0,0.3125,17.617
7/21/2025,11:54:08 PM,0,0.3098,17.615
7/22/2025,12:09:08 AM,0,0.3094,17.612
7/22/2025,12:24:08 AM,0,0.3091,17.607
7/22/2025,12:39:08 AM,0,0.31,17.602
7/22/2025,12:54:08 AM,0,0.3094,17.598
7/22/2025,1:09:08 AM,0,0.3113,17.594
7/22/2025,1:24:08 AM,0,0.3116,17.588
7/22/2025,1:39:08 AM,0,0.3148,17.579
7/22/2025,1:54:08 AM,0,0.3131,17.571
7/22/2025,2:09:08 AM,0,0.3114,17.562
7/22/2025,2:24:08 AM,0,0.3118,17.553
7/22/2025,2:39:08 AM,0,0.3122,17.536
7/22/2025,2:54:08 AM,0,0.3118,17.523
7/22/2025,3:09:08 AM,0,0.3133,17.507
7/22/2025,3:24:08 AM,0,0.3149,17.508
7/22/2025,3:39:08 AM,0,0.317,17.505
7/22/2025,3:54:08 AM,0,0.3181,17.495
7/22/2025,4:09:08 AM,0,0.3197,17.48
7/22/2025,4:24:08 AM,0,0.3207,17.473
7/22/2025,4:39:08 AM,0,0.3231,17.449
7/22/2025,4:54:08 AM,0,0.3237,17.433
7/22/2025,5:09:08 AM,0,0.3238,17.418
7/22/2025,5:24:08 AM,0,0.3213,17.401
7/22/2025,5:39:08 AM,0,0.3227,17.376
7/22/2025,5:54:08 AM,0,0.3213,17.35
7/22/2025,6:09:08 AM,0,0.3239,17.335
7/22/2025,6:24:08 AM,0,0.3252,17.316
7/22/2025,6:39:08 AM,0,0.327,17.303
7/22/2025,6:54:08 AM,0,0.3271,17.287
7/22/2025,7:09:08 AM,0,0.3278,17.273
7/22/2025,7:24:08 AM,0,0.3265,17.262
7/22/2025,7:39:08 AM,0,0.3279,17.252
7/22/2025,7:54:08 AM,0,0.3272,17.241
7/22/2025,8:09:08 AM,0,0.3262,17.222
7/22/2025,8:24:08 AM,0,0.3254,17.209
7/22/2025,8:39:08 AM,0,0.325,17.203
7/22/2025,8:54:08 AM,0,0.3256,17.197
7/22/2025,9:09:08 AM,0,0.3234,17.186
7/22/2025,9:24:08 AM,0,0.3225,17.184
7/22/2025,9:39:08 AM,0,0.3241,17.18
7/22/2025,9:54:08 AM,0,0.3233,17.173
7/22/2025,10:09:08 AM,0,0.3228,17.174
7/22/2025,10:24:08 AM,0,0.3218,17.167
7/22/2025,10:39:08 AM,0,0.3204,17.161
7/22/2025,10:54:08 AM,0,0.3197,17.156
7/22/2025,11:09:08 AM,0,0.3172,17.156
7/22/2025,11:24:08 AM,0,0.3173,17.151
7/22/2025,11:39:08 AM,0,0.3158,17.148
7/22/2025,11:54:08 AM,0,0.3146,17.152
7/22/2025,12:09:08 PM,0,0.311,17.149
7/22/2025,12:24:08 PM,0,0.3113,17.153
7/22/2025,12:39:08 PM,0,0.3107,17.155
7/22/2025,12:54:08 PM,0,0.3089,17.159
7/22/2025,1:09:08 PM,0,0.3091,17.158
7/22/2025,1:24:08 PM,0,0.3118,17.163
7/22/2025,1:39:08 PM,0,0.3092,17.166
7/22/2025,1:54:08 PM,0,0.3104,17.172
7/22/2025,2:09:08 PM,0,0.3084,17.171
7/22/2025,2:24:08 PM,0,0.3078,17.181
7/22/2025,2:39:08 PM,0,0.3083,17.185
7/22/2025,2:54:08 PM,0,0.3079,17.192
7/22/2025,3:09:08 PM,0,0.3103,17.198
7/22/2025,3:24:08 PM,0,0.3086,17.204
7/22/2025,3:39:08 PM,0,0.3081,17.211
7/22/2025,3:54:08 PM,0,0.3109,17.289
7/22/2025,4:09:08 PM,0,0.3085,17.295
7/22/2025,4:24:08 PM,0,0.3087,17.294
7/22/2025,4:39:08 PM,0,0.3094,17.316
7/22/2025,4:54:08 PM,0,0.309,17.325
7/22/2025,5:09:08 PM,0,0.31,17.331
7/22/2025,5:24:08 PM,0,0.3108,17.327
7/22/2025,5:39:08 PM,0,0.3115,17.316
7/22/2025,5:54:08 PM,0,0.312,17.321
7/22/2025,6:09:08 PM,0,0.3122,17.318
7/22/2025,6:24:08 PM,0,0.3121,17.322
7/22/2025,6:39:08 PM,0,0.3116,17.324
7/22/2025,6:54:08 PM,0,0.3112,17.328
7/22/2025,7:09:08 PM,0,0.3122,17.328
7/22/2025,7:24:08 PM,0,0.313,17.33
7/22/2025,7:39:08 PM,0,0.3141,17.331
7/22/2025,7:54:08 PM,0,0.3138,17.336
7/22/2025,8:09:08 PM,0,0.3162,17.34
7/22/2025,8:24:08 PM,0,0.3166,17.342
7/22/2025,8:39:08 PM,0,0.3172,17.348
7/22/2025,8:54:08 PM,0,0.317,17.359
7/22/2025,9:09:08 PM,0,0.3185,17.377
7/22/2025,9:24:08 PM,0,0.3173,17.377
7/22/2025,9:39:08 PM,0,0.3161,17.377
7/22/2025,9:54:08 PM,0,0.3152,17.383
7/22/2025,10:09:08 PM,0,0.315,17.383
7/22/2025,10:24:08 PM,0,0.3163,17.388
7/22/2025,10:39:08 PM,0,0.3166,17.391
7/22/2025,10:54:08 PM,0,0.3178,17.397
7/22/2025,11:09:08 PM,0,0.3179,17.401
7/22/2025,11:24:08 PM,0,0.3171,17.402
7/22/2025,11:39:08 PM,0,0.3169,17.406
7/22/2025,11:54:08 PM,0,0.315,17.411
7/23/2025,12:09:08 AM,0,0.3137,17.425
7/23/2025,12:24:08 AM,0,0.3126,17.425
7/23/2025,12:39:08 AM,0,0.3118,17.424
7/23/2025,12:54:08 AM,0,0.3137,17.422
7/23/2025,1:09:08 AM,0,0.3139,17.419
7/23/2025,1:24:08 AM,0,0.3165,17.42
7/23/2025,1:39:08 AM,0,0.3147,17.421
7/23/2025,1:54:08 AM,0,0.3151,17.418
7/23/2025,2:09:08 AM,0,0.3141,17.418
7/23/2025,2:24:08 AM,0,0.3145,17.417
7/23/2025,2:39:08 AM,0,0.3123,17.416
7/23/2025,2:54:08 AM,0,0.3159,17.418
7/23/2025,3:09:08 AM,0,0.3142,17.414
7/23/2025,3:24:08 AM,0,0.3147,17.414
7/23/2025,3:39:08 AM,0,0.3134,17.412
7/23/2025,3:54:08 AM,0,0.3155,17.415
7/23/2025,4:09:08 AM,0,0.3176,17.409
7/23/2025,4:24:08 AM,0,0.3182,17.407
7/23/2025,4:39:08 AM,0,0.3203,17.407
7/23/2025,4:54:08 AM,0,0.3198,17.403
7/23/2025,5:09:08 AM,0,0.3228,17.402
7/23/2025,5:24:08 AM,0,0.3211,17.398
7/23/2025,5:39:08 AM,0,0.3211,17.39
7/23/2025,5:54:08 AM,0,0.323,17.391
7/23/2025,6:09:08 AM,0,0.3235,17.385
7/23/2025,6:24:08 AM,0,0.3222,17.378
7/23/2025,6:39:08 AM,0,0.3239,17.375
7/23/2025,6:54:08 AM,0,0.3245,17.361
7/23/2025,7:09:08 AM,0,0.3228,17.358
7/23/2025,7:24:08 AM,0,0.3231,17.356
7/23/2025,7:39:08 AM,0,0.3226,17.352
7/23/2025,7:54:08 AM,0,0.3222,17.334
7/23/2025,8:09:08 AM,0,0.322,17.333
7/23/2025,8:24:08 AM,0,0.3207,17.336
7/23/2025,8:39:08 AM,0,0.3199,17.333
7/23/2025,8:54:08 AM,0,0.3203,17.321
7/23/2025,9:09:08 AM,0,0.3198,17.316
7/23/2025,9:24:08 AM,0,0.3205,17.311
7/23/2025,9:39:08 AM,0,0.3219,17.294
7/23/2025,9:54:08 AM,0,0.3216,17.282
7/23/2025,10:09:08 AM,0,0.3202,17.275
7/23/2025,10:24:08 AM,0,0.3199,17.275
7/23/2025,10:39:08 AM,0,0.3172,17.275
7/23/2025,10:54:08 AM,0,0.3159,17.288
7/23/2025,11:09:08 AM,0,0.3158,17.291
7/23/2025,11:24:08 AM,0,0.3157,17.3
7/23/2025,11:39:08 AM,0,0.3143,17.299
7/23/2025,11:54:08 AM,0,0.3173,17.302
7/23/2025,12:09:08 PM,0,0.314,17.305
7/23/2025,12:24:08 PM,0,0.3145,17.311
7/23/2025,12:39:08 PM,0,0.3149,17.33
7/23/2025,12:54:08 PM,0,0.3131,17.347
7/23/2025,1:09:08 PM,0,0.3096,17.362
7/23/2025,1:24:08 PM,0,0.311,17.375
7/23/2025,1:39:08 PM,0,0.3105,17.385
7/23/2025,1:54:08 PM,0,0.3111,17.372
7/23/2025,2:09:08 PM,0,0.3083,17.379
7/23/2025,2:24:08 PM,0,0.3111,17.38
7/23/2025,2:39:08 PM,0,0.3118,17.379
7/23/2025,2:54:08 PM,0,0.3099,17.391
7/23/2025,3:09:08 PM,0,0.3109,17.396
7/23/2025,3:24:08 PM,0,0.3117,17.399
7/23/2025,3:39:08 PM,0,0.3111,17.409
7/23/2025,3:54:08 PM,0,0.3101,17.449
7/23/2025,4:09:08 PM,0,0.3087,17.522
7/23/2025,4:24:08 PM,0,0.3098,17.481
7/23/2025,4:39:08 PM,0,0.3049,17.497
7/23/2025,4:54:08 PM,0,0.3076,17.513
7/23/2025,5:09:08 PM,0,0.3094,17.511
7/23/2025,5:24:08 PM,0,0.3089,17.507
7/23/2025,5:39:08 PM,0,0.3094,17.497
7/23/2025,5:54:08 PM,0,0.3085,17.494
7/23/2025,6:09:08 PM,0,0.308,17.494
7/23/2025,6:24:08 PM,0,0.3087,17.491
7/23/2025,6:39:08 PM,0,0.31,17.486
7/23/2025,6:54:08 PM,0,0.3104,17.489
7/23/2025,7:09:08 PM,0,0.311,17.486
7/23/2025,7:24:08 PM,0,0.3124,17.485
7/23/2025,7:39:08 PM,0,0.3122,17.484
7/23/2025,7:54:08 PM,0,0.3141,17.483
7/23/2025,8:09:08 PM,0,0.3143,17.49
7/23/2025,8:24:08 PM,0,0.3153,17.498
7/23/2025,8:39:08 PM,0,0.3138,17.505
7/23/2025,8:54:08 PM,0,0.3152,17.51
7/23/2025,9:09:08 PM,0,0.3164,17.505
7/23/2025,9:24:08 PM,0,0.3165,17.504
7/23/2025,9:39:08 PM,0,0.3146,17.508
7/23/2025,9:54:08 PM,0,0.3181,17.511
7/23/2025,10:09:08 PM,0,0.3154,17.516
7/23/2025,10:24:08 PM,0,0.3161,17.512
7/23/2025,10:39:08 PM,0,0.3144,17.516
7/23/2025,10:54:08 PM,0,0.3132,17.515
7/23/2025,11:09:08 PM,0,0.3128,17.513
7/23/2025,11:24:08 PM,0,0.3135,17.51
7/23/2025,11:39:08 PM,0,0.3139,17.505
7/23/2025,11:54:08 PM,0,0.3142,17.502
7/24/2025,12:09:08 AM,0,0.3134,17.489
7/24/2025,12:24:08 AM,0,0.3123,17.478
7/24/2025,12:39:08 AM,0,0.3095,17.476
7/24/2025,12:54:08 AM,0,0.3093,17.468
7/24/2025,1:09:08 AM,0,0.3102,17.466
7/24/2025,1:24:08 AM,0,0.3112,17.459
7/24/2025,1:39:08 AM,0,0.3134,17.428
7/24/2025,1:54:08 AM,0,0.314,17.391
7/24/2025,2:09:08 AM,0,0.3157,17.357
7/24/2025,2:24:08 AM,0,0.3151,17.328
7/24/2025,2:39:08 AM,0,0.3155,17.285
7/24/2025,2:54:08 AM,0,0.3181,17.26
7/24/2025,3:09:08 AM,0,0.3199,17.232
7/24/2025,3:24:08 AM,0,0.3196,17.199
7/24/2025,3:39:08 AM,0,0.3178,17.148
7/24/2025,3:54:08 AM,0,0.3181,17.145
7/24/2025,4:09:08 AM,0,0.3221,17.096
7/24/2025,4:24:08 AM,0,0.3209,17.039
7/24/2025,4:39:08 AM,0,0.3245,16.994
7/24/2025,4:54:08 AM,0,0.3253,16.941
7/24/2025,5:09:08 AM,0,0.3249,16.932
7/24/2025,5:24:08 AM,0,0.3242,16.933
7/24/2025,5:39:08 AM,0,0.3237,16.95
7/24/2025,5:54:08 AM,0,0.3231,16.986
7/24/2025,6:09:08 AM,0,0.3246,16.996
7/24/2025,6:24:08 AM,0,0.3245,16.874
7/24/2025,6:39:08 AM,0,0.3277,16.776
7/24/2025,6:54:08 AM,0,0.329,16.705
7/24/2025,7:09:08 AM,0,0.3286,16.665
7/24/2025,7:24:08 AM,0,0.3295,16.612
7/24/2025,7:39:08 AM,0,0.3275,16.588
7/24/2025,7:54:08 AM,0,0.3276,16.58
7/24/2025,8:09:08 AM,0,0.3265,16.596
7/24/2025,8:24:08 AM,0,0.3266,16.587
7/24/2025,8:39:08 AM,0,0.3249,16.598
7/24/2025,8:54:08 AM,0,0.3245,16.59
7/24/2025,9:09:08 AM,0,0.3218,16.6
7/24/2025,9:24:08 AM,0,0.3209,16.616
7/24/2025,9:39:08 AM,0,0.3184,16.621
7/24/2025,9:54:08 AM,0,0.3214,16.628
7/24/2025,10:09:08 AM,0,0.3218,16.652
7/24/2025,10:24:08 AM,0,0.3224,16.676
7/24/2025,10:39:08 AM,0,0.3237,16.692
7/24/2025,10:54:08 AM,0,0.3231,16.697
7/24/2025,11:09:08 AM,0,0.3216,16.711
7/24/2025,11:24:08 AM,0,0.3199,16.724
7/24/2025,11:39:08 AM,0,0.3185,16.741
7/24/2025,11:54:08 AM,0,0.3165,16.757
7/24/2025,12:09:08 PM,0,0.3169,16.759
7/24/2025,12:24:08 PM,0,0.3164,16.778
7/24/2025,12:39:08 PM,0,0.3141,16.788
7/24/2025,12:54:08 PM,0,0.3135,16.792
7/24/2025,1:09:08 PM,0,0.3116,16.811
7/24/2025,1:24:08 PM,0,0.3106,16.83
7/24/2025,1:39:08 PM,0,0.311,16.84
7/24/2025,1:54:08 PM,0,0.3087,16.858
7/24/2025,2:09:08 PM,0,0.309,16.872
7/24/2025,2:24:08 PM,0,0.3086,16.883
7/24/2025,2:39:08 PM,0,0.3069,16.893
7/24/2025,2:54:08 PM,0,0.3036,16.9
7/24/2025,3:09:08 PM,0,0.3056,16.911
7/24/2025,3:24:08 PM,0,0.3035,16.914
7/24/2025,3:39:08 PM,0,0.304,16.921
7/24/2025,3:54:08 PM,0,0.307,16.965
7/24/2025,4:09:08 PM,0,0.3079,17.085
7/24/2025,4:24:08 PM,0,0.3089,17.017
7/24/2025,4:39:08 PM,0,0.3069,17.018
7/24/2025,4:54:08 PM,0,0.3058,17.017
7/24/2025,5:09:08 PM,0,0.3043,17.036
7/24/2025,5:24:08 PM,0,0.3044,17.025
7/24/2025,5:39:08 PM,0,0.3045,17.023
7/24/2025,5:54:08 PM,0,0.3075,17.026
7/24/2025,6:09:08 PM,0,0.3082,17.03
7/24/2025,6:24:08 PM,0,0.3088,17.035
7/24/2025,6:39:08 PM,0,0.3094,17.036
7/24/2025,6:54:08 PM,0,0.3085,17.039
7/24/2025,7:09:08 PM,0,0.3067,17.048
7/24/2025,7:24:08 PM,0,0.3074,17.046
7/24/2025,7:39:08 PM,0,0.3094,17.052
7/24/2025,7:54:08 PM,0,0.3112,17.063
7/24/2025,8:09:08 PM,0,0.3135,17.09
7/24/2025,8:24:08 PM,0,0.3175,17.079
7/24/2025,8:39:08 PM,0,0.3168,17.083
7/24/2025,8:54:08 PM,0,0.3178,17.093
7/24/2025,9:09:08 PM,0,0.3176,17.098
7/24/2025,9:24:08 PM,0,0.3153,17.105
7/24/2025,9:39:08 PM,0,0.3142,17.11
7/24/2025,9:54:08 PM,0,0.3131,17.121
7/24/2025,10:09:08 PM,0,0.3129,17.131
7/24/2025,10:24:08 PM,0,0.3129,17.129
7/24/2025,10:39:08 PM,0,0.3128,17.135
7/24/2025,10:54:08 PM,0,0.3125,17.142
7/24/2025,11:09:08 PM,0,0.313,17.15
7/24/2025,11:24:08 PM,0,0.308,17.157
7/24/2025,11:39:08 PM,0,0.3089,17.164
7/24/2025,11:54:08 PM,0,0.3101,17.171
7/25/2025,12:09:08 AM,0,0.3104,17.175
7/25/2025,12:24:08 AM,0,0.3108,17.173
7/25/2025,12:39:08 AM,0,0.3123,17.179
7/25/2025,12:54:08 AM,0,0.3125,17.177
7/25/2025,1:09:08 AM,0,0.3108,17.177
7/25/2025,1:24:08 AM,0,0.3095,17.178
7/25/2025,1:39:08 AM,0,0.3101,17.171
7/25/2025,1:54:08 AM,0,0.3089,17.17
7/25/2025,2:09:08 AM,0,0.3093,17.164
7/25/2025,2:24:08 AM,0,0.3068,17.156
7/25/2025,2:39:08 AM,0,0.3075,17.147
7/25/2025,2:54:08 AM,0,0.3096,17.135
7/25/2025,3:09:08 AM,0,0.3097,17.124
7/25/2025,3:24:08 AM,0,0.3113,17.093
7/25/2025,3:39:08 AM,0,0.3143,17.065
7/25/2025,3:54:08 AM,0,0.3151,17.044
7/25/2025,4:09:08 AM,0,0.3173,16.984
7/25/2025,4:24:08 AM,0,0.3175,16.959
7/25/2025,4:39:08 AM,0,0.318,16.91
7/25/2025,4:54:08 AM,0,0.319,16.814
7/25/2025,5:09:08 AM,0,0.3178,16.781
7/25/2025,5:24:08 AM,0,0.3192,16.759
7/25/2025,5:39:08 AM,0,0.3206,16.765
7/25/2025,5:54:08 AM,0,0.3212,16.755
7/25/2025,6:09:08 AM,0,0.3198,16.712
7/25/2025,6:24:08 AM,0,0.3191,16.69
7/25/2025,6:39:08 AM,0,0.322,16.542
7/25/2025,6:54:08 AM,0,0.3213,16.505
7/25/2025,7:09:08 AM,0,0.3212,16.433
7/25/2025,7:24:08 AM,0,0.3217,16.418
7/25/2025,7:39:08 AM,0,0.3195,16.411
7/25/2025,7:54:08 AM,0,0.3174,16.419
7/25/2025,8:09:08 AM,0,0.3164,16.423
7/25/2025,8:24:08 AM,0,0.3164,16.415
7/25/2025,8:39:08 AM,0,0.315,16.398
7/25/2025,8:54:08 AM,0,0.3166,16.403
7/25/2025,9:09:08 AM,0,0.3177,16.413
7/25/2025,9:24:08 AM,0,0.3169,16.42
7/25/2025,9:39:08 AM,0,0.3183,16.43
7/25/2025,9:54:08 AM,0,0.3174,16.443
7/25/2025,10:09:08 AM,0,0.3184,16.446
7/25/2025,10:24:08 AM,0,0.3148,16.474
7/25/2025,10:39:08 AM,0,0.3144,16.495
7/25/2025,10:54:08 AM,0,0.3145,16.517
7/25/2025,11:09:08 AM,0,0.313,16.526
7/25/2025,11:24:08 AM,0,0.3133,16.554
7/25/2025,11:39:08 AM,0,0.3149,16.561
7/25/2025,11:54:08 AM,0,0.3158,16.581
7/25/2025,12:09:08 PM,0,0.3156,16.589
7/25/2025,12:24:08 PM,0,0.3136,16.608
7/25/2025,12:39:08 PM,0,0.3121,16.633
7/25/2025,12:54:08 PM,0,0.3115,16.641
7/25/2025,1:09:08 PM,0,0.3098,16.659
7/25/2025,1:24:08 PM,0,0.3123,16.666
7/25/2025,1:39:08 PM,0,0.3124,16.693
7/25/2025,1:54:08 PM,0,0.3116,16.701
7/25/2025,2:09:08 PM,0,0.3119,16.703
7/25/2025,2:24:08 PM,0,0.3088,16.725
7/25/2025,2:39:08 PM,0,0.3071,16.731
7/25/2025,2:54:08 PM,0,0.3033,16.734
7/25/2025,3:09:08 PM,0,0.3024,16.746
7/25/2025,3:24:08 PM,0,0.2999,16.751
7/25/2025,3:39:08 PM,0,0.2984,16.762
7/25/2025,3:54:08 PM,0,0.2986,16.805
7/25/2025,4:09:08 PM,0,0.2972,16.849
7/25/2025,4:24:08 PM,0,0.2988,16.846
7/25/2025,4:39:08 PM,0,0.3008,16.846
7/25/2025,4:54:08 PM,0,0.3016,16.857
7/25/2025,5:09:08 PM,0,0.3017,16.878
7/25/2025,5:24:08 PM,0,0.3045,16.867
7/25/2025,5:39:08 PM,0,0.3062,16.869
7/25/2025,5:54:08 PM,0,0.3054,16.872
7/25/2025,6:09:08 PM,0,0.3072,16.875
7/25/2025,6:24:08 PM,0,0.3056,16.876
7/25/2025,6:39:08 PM,0,0.3079,16.881
7/25/2025,6:54:08 PM,0,0.3073,16.889
7/25/2025,7:09:08 PM,0,0.3096,16.893
7/25/2025,7:24:08 PM,0,0.3109,16.898
7/25/2025,7:39:08 PM,0,0.3137,16.9
7/25/2025,7:54:08 PM,0,0.3144,16.907
7/25/2025,8:09:08 PM,0,0.3157,16.94
7/25/2025,8:24:08 PM,0,0.3199,16.934
7/25/2025,8:39:08 PM,0,0.3214,16.93
7/25/2025,8:54:08 PM,0,0.3217,16.94
7/25/2025,9:09:08 PM,0,0.3218,16.946
7/25/2025,9:24:08 PM,0,0.3215,16.953
7/25/2025,9:39:08 PM,0,0.3175,16.968
7/25/2025,9:54:08 PM,0,0.3158,16.974
7/25/2025,10:09:08 PM,0,0.3156,16.984
7/25/2025,10:24:08 PM,0,0.3149,16.992
7/25/2025,10:39:08 PM,0,0.3137,17
7/25/2025,10:54:08 PM,0,0.3154,17.007
7/25/2025,11:09:08 PM,0,0.3153,17.013
7/25/2025,11:24:08 PM,0,0.3111,17.047
7/25/2025,11:39:08 PM,0,0.3087,17.03
7/25/2025,11:54:08 PM,0,0.3064,17.038
7/26/2025,12:09:08 AM,0,0.304,17.039
7/26/2025,12:24:08 AM,0,0.3054,17.047
7/26/2025,12:39:08 AM,0,0.3068,17.056
7/26/2025,12:54:08 AM,0,0.3076,17.06
7/26/2025,1:09:08 AM,0,0.313,17.064
7/26/2025,1:24:08 AM,0,0.3127,17.067
7/26/2025,1:39:08 AM,0,0.3127,17.07
7/26/2025,1:54:08 AM,0,0.3103,17.077
7/26/2025,2:09:08 AM,0,0.3062,17.075
7/26/2025,2:24:08 AM,0,0.3082,17.077
7/26/2025,2:39:08 AM,0,0.3076,17.078
7/26/2025,2:54:08 AM,0,0.3106,17.081
7/26/2025,3:09:08 AM,0,0.311,17.082
7/26/2025,3:24:08 AM,0,0.315,17.084
7/26/2025,3:39:08 AM,0,0.3147,17.081
7/26/2025,3:54:08 AM,0,0.3132,17.072
7/26/2025,4:09:08 AM,0,0.3146,17.066
7/26/2025,4:24:08 AM,0,0.3128,17.062
7/26/2025,4:39:08 AM,0,0.3122,17.037
7/26/2025,4:54:08 AM,0,0.3127,17.022
7/26/2025,5:09:08 AM,0,0.2886,16.911
7/26/2025,5:24:08 AM,0,0.2897,16.918
7/26/2025,5:39:08 AM,0,0.2954,16.893
7/26/2025,5:54:08 AM,0,0.2959,16.9
7/26/2025,6:09:08 AM,0,0.2972,16.908
7/26/2025,6:24:08 AM,0,0.2968,16.904
7/26/2025,6:39:08 AM,0,0.2981,16.883
7/26/2025,6:54:08 AM,0,0.2972,16.815
7/26/2025,7:09:08 AM,0,0.3013,16.774
7/26/2025,7:24:08 AM,0,0.2992,16.766
7/26/2025,7:39:08 AM,0,0.3012,16.746
7/26/2025,7:54:08 AM,0,0.2957,16.702
7/26/2025,8:09:08 AM,0,0.2956,16.684
7/26/2025,8:24:08 AM,0,0.2955,16.69
7/26/2025,8:39:08 AM,0,0.2951,16.671
7/26/2025,8:54:08 AM,0,0.2964,16.682
7/26/2025,9:09:08 AM,0,0.2969,16.685
7/26/2025,9:24:08 AM,0,0.2987,16.697
7/26/2025,9:39:08 AM,0,0.2975,16.718
7/26/2025,9:54:08 AM,0,0.2979,16.738
7/26/2025,10:09:08 AM,0,0.2957,16.754
7/26/2025,10:24:08 AM,0,0.2971,16.768
7/26/2025,10:39:08 AM,0,0.2943,16.777
7/26/2025,10:54:08 AM,0,0.2928,16.79
7/26/2025,11:09:08 AM,0,0.2927,16.805
7/26/2025,11:24:08 AM,0,0.2947,16.814
7/26/2025,11:39:08 AM,0,0.2911,16.829
7/26/2025,11:54:08 AM,0,0.29,16.837
7/26/2025,12:09:08 PM,0,0.2877,16.85
7/26/2025,12:24:08 PM,0,0.2863,16.865
7/26/2025,12:39:08 PM,0,0.2824,16.885
7/26/2025,12:54:08 PM,0,0.2821,16.9
7/26/2025,1:09:08 PM,0,0.2828,16.923
7/26/2025,1:24:08 PM,0,0.2848,16.932
7/26/2025,1:39:08 PM,0,0.2852,16.956
7/26/2025,1:54:08 PM,0,0.2861,16.984
7/26/2025,2:09:08 PM,0,0.2868,16.998
7/26/2025,2:24:08 PM,0,0.2821,17.005
7/26/2025,2:39:08 PM,0,0.2805,17.033
7/26/2025,2:54:08 PM,0,0.2788,17.056
7/26/2025,3:09:08 PM,0,0.2781,17.069
7/26/2025,3:24:08 PM,0,0.2779,17.071
7/26/2025,3:39:08 PM,0,0.2804,17.076
7/26/2025,3:54:08 PM,0,0.2832,17.191
7/26/2025,4:09:08 PM,0,0.2849,17.233
7/26/2025,4:24:08 PM,0,0.287,17.176
7/26/2025,4:39:08 PM,0,0.2885,17.16
7/26/2025,4:54:08 PM,0,0.2869,17.164
7/26/2025,5:09:08 PM,0,0.288,17.177
7/26/2025,5:24:08 PM,0,0.2808,17.168
7/26/2025,5:39:08 PM,0,0.2835,17.167
7/26/2025,5:54:08 PM,0,0.2804,17.169
7/26/2025,6:09:08 PM,0,0.2801,17.17
7/26/2025,6:24:08 PM,0,0.2818,17.177
7/26/2025,6:39:08 PM,0,0.2826,17.183
7/26/2025,6:54:08 PM,0,0.281,17.182
7/26/2025,7:09:08 PM,0,0.2836,17.184
7/26/2025,7:24:08 PM,0,0.2859,17.184
7/26/2025,7:39:08 PM,0,0.2866,17.193
7/26/2025,7:54:08 PM,0,0.2885,17.225
7/26/2025,8:09:08 PM,0,0.2908,17.244
7/26/2025,8:24:08 PM,0,0.2905,17.219
7/26/2025,8:39:08 PM,0,0.2922,17.213
7/26/2025,8:54:08 PM,0,0.2926,17.217
7/26/2025,9:09:08 PM,0,0.2912,17.222
7/26/2025,9:24:08 PM,0,0.2914,17.225
7/26/2025,9:39:08 PM,0,0.2898,17.232
7/26/2025,9:54:08 PM,0,0.2887,17.234
7/26/2025,10:09:08 PM,0,0.29,17.238
7/26/2025,10:24:08 PM,0,0.291,17.241
7/26/2025,10:39:08 PM,0,0.2909,17.242
7/26/2025,10:54:08 PM,0,0.2912,17.241
7/26/2025,11:09:08 PM,0,0.2907,17.242
7/26/2025,11:24:08 PM,0,0.2877,17.239
7/26/2025,11:39:08 PM,0,0.2852,17.235
7/26/2025,11:54:08 PM,0,0.2867,17.23
7/27/2025,12:09:08 AM,0,0.2849,17.229
7/27/2025,12:24:08 AM,0,0.2854,17.222
7/27/2025,12:39:08 AM,0,0.2874,17.212
7/27/2025,12:54:08 AM,0,0.2874,17.204
7/27/2025,1:09:08 AM,0,0.2871,17.196
7/27/2025,1:24:08 AM,0,0.2859,17.189
7/27/2025,1:39:08 AM,0,0.2858,17.169
7/27/2025,1:54:08 AM,0,0.2854,17.162
7/27/2025,2:09:08 AM,0,0.2855,17.149
7/27/2025,2:24:08 AM,0,0.2868,17.115
7/27/2025,2:39:08 AM,0,0.2871,17.088
7/27/2025,2:54:08 AM,0,0.2892,17.067
7/27/2025,3:09:08 AM,0,0.2892,17.064
7/27/2025,3:24:08 AM,0,0.2895,17.021
7/27/2025,3:39:08 AM,0,0.289,16.999
7/27/2025,3:54:08 AM,0,0.2909,16.97
7/27/2025,4:09:08 AM,0,0.292,16.949
7/27/2025,4:24:08 AM,0,0.296,16.922
7/27/2025,4:39:08 AM,0,0.2954,16.897
7/27/2025,4:54:08 AM,0,0.2968,16.886
7/27/2025,5:09:08 AM,0,0.2966,16.849
7/27/2025,5:24:08 AM,0,0.2965,16.839
7/27/2025,5:39:08 AM,0,0.2951,16.827
7/27/2025,5:54:08 AM,0,0.2938,16.816
7/27/2025,6:09:08 AM,0,0.2939,16.823
7/27/2025,6:24:08 AM,0,0.2949,16.654
7/27/2025,6:39:08 AM,0,0.2954,16.568
7/27/2025,6:54:08 AM,0,0.2975,16.493
7/27/2025,7:09:08 AM,0,0.2988,16.501
7/27/2025,7:24:08 AM,0,0.2979,16.478
7/27/2025,7:39:08 AM,0,0.2969,16.464
7/27/2025,7:54:08 AM,0,0.2968,16.47
7/27/2025,8:09:08 AM,0,0.2953,16.471
7/27/2025,8:24:08 AM,0,0.294,16.471
7/27/2025,8:39:08 AM,0,0.2942,16.477
7/27/2025,8:54:08 AM,0,0.2919,16.487
7/27/2025,9:09:08 AM,0,0.2913,16.494
7/27/2025,9:24:08 AM,0,0.2925,16.507
7/27/2025,9:39:08 AM,0,0.2934,16.524
7/27/2025,9:54:08 AM,0,0.2962,16.543
7/27/2025,10:09:08 AM,0,0.2979,16.555
7/27/2025,10:24:08 AM,0,0.2992,16.576
7/27/2025,10:39:08 AM,0,0.3004,16.597
7/27/2025,10:54:08 AM,0,0.2937,16.612
7/27/2025,11:09:08 AM,0,0.292,16.632
7/27/2025,11:24:08 AM,0,0.2886,16.642
7/27/2025,11:39:08 AM,0,0.2867,16.665
7/27/2025,11:54:08 AM,0,0.2876,16.685
7/27/2025,12:09:08 PM,0,0.2889,16.699
7/27/2025,12:24:08 PM,0,0.2903,16.718
7/27/2025,12:39:08 PM,0,0.2884,16.742
7/27/2025,12:54:08 PM,0,0.2887,16.747
7/27/2025,1:09:08 PM,0,0.2865,16.762
7/27/2025,1:24:08 PM,0,0.2862,16.776
7/27/2025,1:39:08 PM,0,0.2854,16.8
7/27/2025,1:54:08 PM,0,0.2849,16.814
7/27/2025,2:09:08 PM,0,0.285,16.827
7/27/2025,2:24:08 PM,0,0.2845,16.825
7/27/2025,2:39:08 PM,0,0.2856,16.839
7/27/2025,2:54:08 PM,0,0.2846,16.843
7/27/2025,3:09:08 PM,0,0.2844,16.854
7/27/2025,3:24:08 PM,0,0.2844,16.856
7/27/2025,3:39:08 PM,0,0.2813,16.865
7/27/2025,3:54:08 PM,0,0.2821,16.911
7/27/2025,4:09:08 PM,0,0.2832,16.923
7/27/2025,4:24:08 PM,0,0.2828,16.923
7/27/2025,4:39:08 PM,0,0.2813,16.933
7/27/2025,4:54:08 PM,0,0.2818,16.953
7/27/2025,5:09:08 PM,0,0.281,16.974
7/27/2025,5:24:08 PM,0,0.2819,16.961
7/27/2025,5:39:08 PM,0,0.2822,16.974
7/27/2025,5:54:08 PM,0,0.2845,16.98
7/27/2025,6:09:08 PM,0,0.2845,16.991
7/27/2025,6:24:08 PM,0,0.2859,16.998
7/27/2025,6:39:08 PM,0,0.286,17.007
7/27/2025,6:54:08 PM,0,0.2875,17.012
7/27/2025,7:09:08 PM,0,0.2884,17.014
7/27/2025,7:24:08 PM,0,0.2911,17.019
7/27/2025,7:39:08 PM,0,0.2974,17.03
7/27/2025,7:54:08 PM,0,0.2972,17.044
7/27/2025,8:09:08 PM,0,0.2965,17.059
7/27/2025,8:24:08 PM,0,0.2968,17.067
7/27/2025,8:39:08 PM,0,0.2967,17.056
7/27/2025,8:54:08 PM,0,0.2946,17.06
7/27/2025,9:09:08 PM,0,0.2936,17.068
7/27/2025,9:24:08 PM,0,0.2963,17.076
7/27/2025,9:39:08 PM,0,0.2953,17.084
7/27/2025,9:54:08 PM,0,0.2948,17.101
7/27/2025,10:09:08 PM,0,0.2904,17.11
7/27/2025,10:24:08 PM,0,0.2878,17.123
7/27/2025,10:39:08 PM,0,0.2872,17.133
7/27/2025,10:54:08 PM,0,0.2855,17.144
7/27/2025,11:09:08 PM,0,0.2852,17.156
7/27/2025,11:24:08 PM,0,0.2878,17.163
7/27/2025,11:39:08 PM,0,0.2896,17.178
7/27/2025,11:54:08 PM,0,0.2891,17.183
7/28/2025,12:09:08 AM,0,0.2925,17.183
7/28/2025,12:24:08 AM,0,0.2914,17.199
7/28/2025,12:39:08 AM,0,0.29,17.194
7/28/2025,12:54:08 AM,0,0.287,17.202
7/28/2025,1:09:08 AM,0,0.287,17.197
7/28/2025,1:24:08 AM,0,0.2865,17.189
7/28/2025,1:39:08 AM,0,0.2867,17.195
7/28/2025,1:54:08 AM,0,0.2892,17.195
7/28/2025,2:09:08 AM,0,0.2871,17.187
7/28/2025,2:24:08 AM,0,0.2882,17.179
7/28/2025,2:39:08 AM,0,0.2894,17.174
7/28/2025,2:54:08 AM,0,0.2868,17.179
7/28/2025,3:09:08 AM,0,0.2865,17.172
7/28/2025,3:24:08 AM,0,0.2871,17.164
7/28/2025,3:39:08 AM,0,0.2868,17.152
7/28/2025,3:54:08 AM,0,0.2893,17.142
7/28/2025,4:09:08 AM,0,0.2887,17.129
7/28/2025,4:24:08 AM,0,0.2919,17.098
7/28/2025,4:39:08 AM,0,0.2944,17.043
7/28/2025,4:54:08 AM,0,0.297,17.001
7/28/2025,5:09:08 AM,0,0.3134,17.008
7/28/2025,5:24:08 AM,0,0.3114,17.02
7/28/2025,5:39:08 AM,0,0.3214,17.022
7/28/2025,5:54:08 AM,0,0.322,17.023
7/28/2025,6:09:08 AM,0,0.3217,16.996
7/28/2025,6:24:08 AM,0,0.3226,16.963
7/28/2025,6:39:08 AM,0,0.323,16.928
7/28/2025,6:54:08 AM,0,0.3233,16.909
7/28/2025,7:09:08 AM,0,0.3207,16.893
7/28/2025,7:24:08 AM,0,0.318,16.883
7/28/2025,7:39:08 AM,0,0.3168,16.864
7/28/2025,7:54:08 AM,0,0.3141,16.856
7/28/2025,8:09:08 AM,0,0.311,16.853
7/28/2025,8:24:08 AM,0,0.3104,16.848
7/28/2025,8:39:08 AM,0,0.3118,16.855
7/28/2025,8:54:08 AM,0,0.3117,16.857
7/28/2025,9:09:08 AM,0,0.3099,16.867
7/28/2025,9:24:08 AM,0,0.3128,16.876
7/28/2025,9:39:08 AM,0,0.3121,16.882
7/28/2025,9:54:08 AM,0,0.311,16.881
7/28/2025,10:09:08 AM,0,0.3112,16.887
7/28/2025,10:24:08 AM,0,0.3126,16.899
7/28/2025,10:39:08 AM,0,0.3143,16.918
7/28/2025,10:54:08 AM,0,0.315,16.93
7/28/2025,11:09:08 AM,0,0.3141,16.947
7/28/2025,11:24:08 AM,0,0.3135,16.951
7/28/2025,11:39:08 AM,0,0.3121,16.962
7/28/2025,11:54:08 AM,0,0.3099,16.968
7/28/2025,12:09:08 PM,0,0.3085,16.977
7/28/2025,12:24:08 PM,0,0.3068,16.987
7/28/2025,12:39:08 PM,0,0.3073,16.988
7/28/2025,12:54:08 PM,0,0.3066,16.992
7/28/2025,1:09:08 PM,0,0.308,16.996
7/28/2025,1:24:08 PM,0,0.3098,17.004
7/28/2025,1:39:08 PM,0,0.3123,17.009
7/28/2025,1:54:08 PM,0,0.3096,17.012
7/28/2025,2:09:08 PM,0,0.3071,17.017
7/28/2025,2:24:08 PM,0,0.3056,17.024
7/28/2025,2:39:08 PM,0,0.3003,17.03
7/28/2025,2:54:08 PM,0,0.301,17.033
7/28/2025,3:09:08 PM,0,0.2999,17.039
7/28/2025,3:24:08 PM,0,0.301,17.045
7/28/2025,3:39:08 PM,0,0.3031,17.051
7/28/2025,3:54:08 PM,0,0.3047,17.092
7/28/2025,4:09:08 PM,0,0.3027,17.095
7/28/2025,4:24:08 PM,0,0.3033,17.103
7/28/2025,4:39:08 PM,0,0.3029,17.104
7/28/2025,4:54:08 PM,0,0.2995,17.145
7/28/2025,5:09:08 PM,0,0.2977,17.197
7/28/2025,5:24:08 PM,0,0.2979,17.15
7/28/2025,5:39:08 PM,0,0.3005,17.145
7/28/2025,5:54:08 PM,0,0.3017,17.14
7/28/2025,6:09:08 PM,0,0.2999,17.139
7/28/2025,6:24:08 PM,0,0.3016,17.138
7/28/2025,6:39:08 PM,0,0.3032,17.138
7/28/2025,6:54:08 PM,0,0.3033,17.136
7/28/2025,7:09:08 PM,0,0.3034,17.136
7/28/2025,7:24:08 PM,0,0.3066,17.14
7/28/2025,7:39:08 PM,0,0.3085,17.145
7/28/2025,7:54:08 PM,0,0.3062,17.153
7/28/2025,8:09:08 PM,0,0.3076,17.151
7/28/2025,8:24:08 PM,0,0.311,17.159
7/28/2025,8:39:08 PM,0,0.3113,17.16
7/28/2025,8:54:08 PM,0,0.3098,17.166
7/28/2025,9:09:08 PM,0,0.314,17.171
7/28/2025,9:24:08 PM,0,0.3138,17.176
7/28/2025,9:39:08 PM,0,0.3125,17.182
7/28/2025,9:54:08 PM,0,0.3109,17.183
7/28/2025,10:09:08 PM,0,0.3113,17.188
7/28/2025,10:24:08 PM,0,0.3082,17.192
7/28/2025,10:39:08 PM,0,0.3057,17.216
7/28/2025,10:54:08 PM,0,0.3062,17.229
7/28/2025,11:09:08 PM,0,0.3047,17.233
7/28/2025,11:24:08 PM,0,0.3076,17.232
7/28/2025,11:39:08 PM,0,0.307,17.231
7/28/2025,11:54:08 PM,0,0.3086,17.239
7/29/2025,12:09:08 AM,0,0.3085,17.238
7/29/2025,12:24:08 AM,0,0.3076,17.239
7/29/2025,12:39:08 AM,0,0.3088,17.239
7/29/2025,12:54:08 AM,0,0.3066,17.236
7/29/2025,1:09:08 AM,0,0.3073,17.234
7/29/2025,1:24:08 AM,0,0.3085,17.228
7/29/2025,1:39:08 AM,0,0.3092,17.228
7/29/2025,1:54:08 AM,0,0.3093,17.231
7/29/2025,2:09:08 AM,0,0.3108,17.228
7/29/2025,2:24:08 AM,0,0.3128,17.226
7/29/2025,2:39:08 AM,0,0.3128,17.217
7/29/2025,2:54:08 AM,0,0.3016,17.228
7/29/2025,3:09:08 AM,0,0.3007,17.238
7/29/2025,3:24:08 AM,0,0.3006,17.224
7/29/2025,3:39:08 AM,0,0.3007,17.212
7/29/2025,3:54:08 AM,0,0.3008,17.21
7/29/2025,4:09:08 AM,0,0.3023,17.203
7/29/2025,4:24:08 AM,0,0.3038,17.142
7/29/2025,4:39:08 AM,0,0.3064,17.088
7/29/2025,4:54:08 AM,0,0.3096,17.051
7/29/2025,5:09:08 AM,0,0.3135,17.039
7/29/2025,5:24:08 AM,0,0.3145,16.968
7/29/2025,5:39:08 AM,0,0.3141,16.918
7/29/2025,5:54:08 AM,0,0.313,16.86
7/29/2025,6:09:08 AM,0,0.3127,16.845
7/29/2025,6:24:08 AM,0,0.3132,16.72
7/29/2025,6:39:08 AM,0,0.3166,16.671
7/29/2025,6:54:08 AM,0,0.3152,16.662
7/29/2025,7:09:08 AM,0,0.3143,16.66
7/29/2025,7:24:08 AM,0,0.3151,16.652
7/29/2025,7:39:08 AM,0,0.3112,16.667
7/29/2025,7:54:08 AM,0,0.3091,16.683
7/29/2025,8:09:08 AM,0,0.3096,16.695
7/29/2025,8:24:08 AM,0,0.3075,16.711
7/29/2025,8:39:08 AM,0,0.3037,16.731
7/29/2025,8:54:08 AM,0,0.3047,16.743
7/29/2025,9:09:08 AM,0,0.3052,16.76
7/29/2025,9:24:08 AM,0,0.306,16.766
7/29/2025,9:39:08 AM,0,0.3054,16.776
7/29/2025,9:54:08 AM,0,0.3067,16.785
7/29/2025,10:09:08 AM,0,0.3041,16.796
7/29/2025,10:24:08 AM,0,0.301,16.809
7/29/2025,10:39:08 AM,0,0.3032,16.827
7/29/2025,10:54:08 AM,0,0.3034,16.842
7/29/2025,11:09:08 AM,0,0.3058,16.849
7/29/2025,11:24:08 AM,0,0.3085,16.868
7/29/2025,11:39:08 AM,0,0.3069,16.867
7/29/2025,11:54:08 AM,0,0.3076,16.88
7/29/2025,12:09:08 PM,0,0.3043,16.9
7/29/2025,12:24:08 PM,0,0.3005,16.912
7/29/2025,12:39:08 PM,0,0.2983,16.916
7/29/2025,12:54:08 PM,0,0.2963,16.918
7/29/2025,1:09:08 PM,0,0.299,16.929
7/29/2025,1:24:08 PM,0,0.3009,16.941
7/29/2025,1:39:08 PM,0,0.3006,16.945
7/29/2025,1:54:08 PM,0,0.3012,16.948
7/29/2025,2:09:08 PM,0,0.2991,16.964
7/29/2025,2:24:08 PM,0,0.2941,16.972
7/29/2025,2:39:08 PM,0,0.2923,16.985
7/29/2025,2:54:08 PM,0,0.2917,16.995
7/29/2025,3:09:08 PM,0,0.2904,17.001
7/29/2025,3:24:08 PM,0,0.2925,17.003
7/29/2025,3:39:08 PM,0,0.2909,17.008
7/29/2025,3:54:08 PM,0,0.29,17.037
7/29/2025,4:09:08 PM,0,0.2917,17.057
7/29/2025,4:24:08 PM,0,0.292,17.047
7/29/2025,4:39:08 PM,0,0.2928,17.058
7/29/2025,4:54:08 PM,0,0.2911,17.096
7/29/2025,5:09:08 PM,0,0.2912,17.134
7/29/2025,5:24:08 PM,0,0.2899,17.087
7/29/2025,5:39:08 PM,0,0.2906,17.088
7/29/2025,5:54:08 PM,0,0.2924,17.094
7/29/2025,6:09:08 PM,0,0.2941,17.096
7/29/2025,6:24:08 PM,0,0.2952,17.102
7/29/2025,6:39:08 PM,0,0.2965,17.107
7/29/2025,6:54:08 PM,0,0.2974,17.109
7/29/2025,7:09:08 PM,0,0.2984,17.112
7/29/2025,7:24:08 PM,0,0.2992,17.115
7/29/2025,7:39:08 PM,0,0.2965,17.121
7/29/2025,7:54:08 PM,0,0.2997,17.136
7/29/2025,8:09:08 PM,0,0.299,17.133
7/29/2025,8:24:08 PM,0,0.3008,17.13
7/29/2025,8:39:08 PM,0,0.3002,17.136
7/29/2025,8:54:08 PM,0,0.3008,17.142
7/29/2025,9:09:08 PM,0,0.3018,17.151
7/29/2025,9:24:08 PM,0,0.3016,17.176
7/29/2025,9:39:08 PM,0,0.3016,17.171
7/29/2025,9:54:08 PM,0,0.2997,17.171
7/29/2025,10:09:08 PM,0,0.297,17.177
7/29/2025,10:24:08 PM,0,0.296,17.189
7/29/2025,10:39:08 PM,0,0.2955,17.193
7/29/2025,10:54:08 PM,0,0.2953,17.205
7/29/2025,11:09:08 PM,0,0.2959,17.211
7/29/2025,11:24:08 PM,0,0.2942,17.215
7/29/2025,11:39:08 PM,0,0.2949,17.251
7/29/2025,11:54:08 PM,0,0.2946,17.251
7/30/2025,12:09:08 AM,0,0.2953,17.254
7/30/2025,12:24:08 AM,0,0.2965,17.254
7/30/2025,12:39:08 AM,0,0.2971,17.25
7/30/2025,12:54:08 AM,0,0.3001,17.251
7/30/2025,1:09:08 AM,0,0.3006,17.252
7/30/2025,1:24:08 AM,0,0.3022,17.25
7/30/2025,1:39:08 AM,0,0.303,17.241
7/30/2025,1:54:08 AM,0,0.3045,17.234
7/30/2025,2:09:08 AM,0,0.3028,17.227
7/30/2025,2:24:08 AM,0,0.3024,17.219
7/30/2025,2:39:08 AM,0,0.3006,17.21
7/30/2025,2:54:08 AM,0,0.3027,17.202
7/30/2025,3:09:08 AM,0,0.3026,17.194
7/30/2025,3:24:08 AM,0,0.3033,17.192
7/30/2025,3:39:08 AM,0,0.3047,17.187
7/30/2025,3:54:08 AM,0,0.308,17.187
7/30/2025,4:09:08 AM,0,0.306,17.183
7/30/2025,4:24:08 AM,0,0.3064,17.174
7/30/2025,4:39:08 AM,0,0.3055,17.147
7/30/2025,4:54:08 AM,0,0.3087,17.075
7/30/2025,5:09:08 AM,0,0.3091,17.015
7/30/2025,5:24:08 AM,0,0.3097,16.979
7/30/2025,5:39:08 AM,0,0.3097,16.954
7/30/2025,5:54:08 AM,0,0.3092,16.932
7/30/2025,6:09:08 AM,0,0.3074,16.925
7/30/2025,6:24:08 AM,0,0.3077,16.911
7/30/2025,6:39:08 AM,0,0.3065,16.825
7/30/2025,6:54:08 AM,0,0.3065,16.788
7/30/2025,7:09:08 AM,0,0.3075,16.745
7/30/2025,7:24:08 AM,0,0.3042,16.741
7/30/2025,7:39:08 AM,0,0.3053,16.736
7/30/2025,7:54:08 AM,0,0.3042,16.731
7/30/2025,8:09:08 AM,0,0.3041,16.733
7/30/2025,8:24:08 AM,0,0.3059,16.731
7/30/2025,8:39:08 AM,0,0.3039,16.74
7/30/2025,8:54:08 AM,0,0.3051,16.746
7/30/2025,9:09:08 AM,0,0.3051,16.758
7/30/2025,9:24:08 AM,0,0.3028,16.769
7/30/2025,9:39:08 AM,0,0.3028,16.776
7/30/2025,9:54:08 AM,0,0.2999,16.792
7/30/2025,10:09:08 AM,0,0.3021,16.805
7/30/2025,10:24:08 AM,0,0.3016,16.815
7/30/2025,10:39:08 AM,0,0.3023,16.829
7/30/2025,10:54:08 AM,0,0.3015,16.843
7/30/2025,11:09:08 AM,0,0.2984,16.854
7/30/2025,11:24:08 AM,0,0.2961,16.863
7/30/2025,11:39:08 AM,0,0.2937,16.882
7/30/2025,11:54:08 AM,0,0.2883,16.895
7/30/2025,12:09:08 PM,0,0.2877,16.911
7/30/2025,12:24:08 PM,0,0.2908,16.918
7/30/2025,12:39:08 PM,0,0.2887,16.933
7/30/2025,12:54:08 PM,0,0.289,16.944
7/30/2025,1:09:08 PM,0,0.2889,16.963
7/30/2025,1:24:08 PM,0,0.2894,16.961
7/30/2025,1:39:08 PM,0,0.2882,16.975
7/30/2025,1:54:08 PM,0,0.2885,16.992
7/30/2025,2:09:08 PM,0,0.2881,17.001
7/30/2025,2:24:08 PM,0,0.2851,17.004
7/30/2025,2:39:08 PM,0,0.2823,17.009
7/30/2025,2:54:08 PM,0,0.2807,17.026
7/30/2025,3:09:08 PM,0,0.2823,17.032
7/30/2025,3:24:08 PM,0,0.2857,17.039
7/30/2025,3:39:08 PM,0,0.2893,17.051
7/30/2025,3:54:08 PM,0,0.2918,17.083
7/30/2025,4:09:08 PM,0,0.2902,17.104
7/30/2025,4:24:08 PM,0,0.2881,17.1
7/30/2025,4:39:08 PM,0,0.2867,17.109
7/30/2025,4:54:08 PM,0,0.2868,17.156
7/30/2025,5:09:08 PM,0,0.285,17.185
7/30/2025,5:24:08 PM,0,0.2883,17.146
7/30/2025,5:39:08 PM,0,0.2862,17.148
7/30/2025,5:54:08 PM,0,0.2876,17.151
7/30/2025,6:09:08 PM,0,0.2886,17.155
7/30/2025,6:24:08 PM,0,0.2915,17.16
7/30/2025,6:39:08 PM,0,0.2935,17.164
7/30/2025,6:54:08 PM,0,0.2965,17.177
7/30/2025,7:09:08 PM,0,0.2983,17.178
7/30/2025,7:24:08 PM,0,0.2995,17.184
7/30/2025,7:39:08 PM,0,0.2991,17.193
7/30/2025,7:54:08 PM,0,0.2988,17.201
7/30/2025,8:09:08 PM,0,0.2987,17.24
7/30/2025,8:24:08 PM,0,0.2999,17.219
7/30/2025,8:39:08 PM,0,0.2996,17.226
7/30/2025,8:54:08 PM,0,0.3017,17.24
7/30/2025,9:09:08 PM,0,0.3001,17.257
7/30/2025,9:24:08 PM,0,0.3017,17.29
7/30/2025,9:39:08 PM,0,0.3007,17.286
7/30/2025,9:54:08 PM,0,0.302,17.294
7/30/2025,10:09:08 PM,0,0.3006,17.306
7/30/2025,10:24:08 PM,0,0.2974,17.313
7/30/2025,10:39:08 PM,0,0.2984,17.316
7/30/2025,10:54:08 PM,0,0.299,17.319
7/30/2025,11:09:08 PM,0,0.2992,17.323
7/30/2025,11:24:08 PM,0,0.3012,17.334
7/30/2025,11:39:08 PM,0,0.3004,17.348
7/30/2025,11:54:08 PM,0,0.2983,17.381
7/31/2025,12:09:08 AM,0,0.299,17.346
7/31/2025,12:24:08 AM,0,0.2982,17.346
7/31/2025,12:39:08 AM,0,0.2943,17.339
7/31/2025,12:54:08 AM,0,0.2944,17.342
7/31/2025,1:09:08 AM,0,0.2963,17.332
7/31/2025,1:24:08 AM,0,0.2931,17.322
7/31/2025,1:39:08 AM,0,0.2938,17.312
7/31/2025,1:54:08 AM,0,0.2961,17.303
7/31/2025,2:09:08 AM,0,0.2982,17.287
7/31/2025,2:24:08 AM,0,0.3003,17.282
7/31/2025,2:39:08 AM,0,0.302,17.264
7/31/2025,2:54:08 AM,0,0.3021,17.239
7/31/2025,3:09:08 AM,0,0.2993,17.209
7/31/2025,3:24:08 AM,0,0.3006,17.206
7/31/2025,3:39:08 AM,0,0.3006,17.175
7/31/2025,3:54:08 AM,0,0.3012,17.163
7/31/2025,4:09:08 AM,0,0.3019,17.113
7/31/2025,4:24:08 AM,0,0.3041,17.045
7/31/2025,4:39:08 AM,0,0.3047,17.007
7/31/2025,4:54:08 AM,0,0.3037,16.987
7/31/2025,5:09:08 AM,0,0.3079,16.924
7/31/2025,5:24:08 AM,0,0.3099,16.897
7/31/2025,5:39:08 AM,0,0.3091,16.912
7/31/2025,5:54:08 AM,0,0.3095,16.933
7/31/2025,6:09:08 AM,0,0.3099,16.825
7/31/2025,6:24:08 AM,0,0.3082,16.654
7/31/2025,6:39:08 AM,0,0.3081,16.608
7/31/2025,6:54:08 AM,0,0.3107,16.57
7/31/2025,7:09:08 AM,0,0.3141,16.562
7/31/2025,7:24:08 AM,0,0.312,16.555
7/31/2025,7:39:08 AM,0,0.312,16.548
7/31/2025,7:54:08 AM,0,0.3114,16.547
7/31/2025,8:09:08 AM,0,0.3086,16.545
7/31/2025,8:24:08 AM,0,0.3082,16.55
7/31/2025,8:39:08 AM,0,0.3086,16.556
7/31/2025,8:54:08 AM,0,0.3072,16.564
7/31/2025,9:09:08 AM,0,0.3093,16.575
7/31/2025,9:24:08 AM,0,0.3106,16.579
7/31/2025,9:39:08 AM,0,0.3099,16.591
7/31/2025,9:54:08 AM,0,0.3114,16.603
7/31/2025,10:09:08 AM,0,0.3116,16.618
7/31/2025,10:24:08 AM,0,0.3109,16.634
7/31/2025,10:39:08 AM,0,0.3089,16.652
7/31/2025,10:54:08 AM,0,0.3083,16.665
7/31/2025,11:09:08 AM,0,0.309,16.679
7/31/2025,11:24:08 AM,0,0.3082,16.701
7/31/2025,11:39:08 AM,0,0.3059,16.716
7/31/2025,11:54:08 AM,0,0.3039,16.735
7/31/2025,12:09:08 PM,0,0.302,16.746
7/31/2025,12:24:08 PM,0,0.3015,16.762
7/31/2025,12:39:08 PM,0,0.3018,16.776
7/31/2025,12:54:08 PM,0,0.3001,16.786
7/31/2025,1:09:08 PM,0,0.3006,16.786
7/31/2025,1:24:08 PM,0,0.2989,16.797
7/31/2025,1:39:08 PM,0,0.2956,16.818
7/31/2025,1:54:08 PM,0,0.2947,16.824
7/31/2025,2:09:08 PM,0,0.2959,16.829
7/31/2025,2:24:08 PM,0,0.296,16.836
7/31/2025,2:39:08 PM,0,0.2962,16.865
7/31/2025,2:54:08 PM,0,0.2978,16.874
7/31/2025,3:09:08 PM,0,0.2961,16.877
7/31/2025,3:24:08 PM,0,0.293,16.884
7/31/2025,3:39:08 PM,0,0.2922,16.893
7/31/2025,3:54:08 PM,0,0.291,16.918
7/31/2025,4:09:08 PM,0,0.2908,16.94
7/31/2025,4:24:08 PM,0,0.2908,16.924
7/31/2025,4:39:08 PM,0,0.2936,16.927
7/31/2025,4:54:08 PM,0,0.2939,16.981
7/31/2025,5:09:08 PM,0,0.2966,16.984
7/31/2025,5:24:08 PM,0,0.2967,16.966
7/31/2025,5:39:08 PM,0,0.2977,16.97
7/31/2025,5:54:08 PM,0,0.2971,16.976
7/31/2025,6:09:08 PM,0,0.298,16.978
7/31/2025,6:24:08 PM,0,0.2988,16.98
7/31/2025,6:39:08 PM,0,0.3003,16.985
7/31/2025,6:54:08 PM,0,0.3032,16.991
7/31/2025,7:09:08 PM,0,0.3023,16.997
7/31/2025,7:24:08 PM,0,0.3046,17.001
7/31/2025,7:39:08 PM,0,0.3041,17.014
7/31/2025,7:54:08 PM,0,0.3008,17.023
7/31/2025,8:09:08 PM,0,0.3001,17.031
7/31/2025,8:24:08 PM,0,0.2993,17.031
7/31/2025,8:39:08 PM,0,0.3011,17.029
7/31/2025,8:54:08 PM,0,0.3034,17.06
7/31/2025,9:09:08 PM,0,0.3034,17.066
7/31/2025,9:24:08 PM,0,0.3033,17.098
7/31/2025,9:39:08 PM,0,0.304,17.083
7/31/2025,9:54:08 PM,0,0.3049,17.099
7/31/2025,10:09:08 PM,0,0.3045,17.109
7/31/2025,10:24:08 PM,0,0.302,17.119
7/31/2025,10:39:08 PM,0,0.3028,17.124
7/31/2025,10:54:08 PM,0,0.3045,17.145
7/31/2025,11:09:08 PM,0,0.3008,17.155
7/31/2025,11:24:08 PM,0,0.3007,17.164
7/31/2025,11:39:08 PM,0,0.3024,17.169
7/31/2025,11:54:08 PM,0,0.2993,17.178
8/1/2025,12:09:08 AM,0,0.2961,17.184
8/1/2025,12:24:08 AM,0,0.2967,17.195
8/1/2025,12:39:08 AM,0,0.2988,17.206
8/1/2025,12:54:08 AM,0,0.3015,17.212
8/1/2025,1:09:08 AM,0,0.3011,17.21
8/1/2025,1:24:08 AM,0,0.3027,17.212
8/1/2025,1:39:08 AM,0,0.3042,17.214
8/1/2025,1:54:08 AM,0,0.3045,17.208
8/1/2025,2:09:08 AM,0,0.3037,17.192
8/1/2025,2:24:08 AM,0,0.3039,17.191
8/1/2025,2:39:08 AM,0,0.306,17.181
8/1/2025,2:54:08 AM,0,0.3044,17.172
8/1/2025,3:09:08 AM,0,0.3039,17.168
8/1/2025,3:24:08 AM,0,0.3049,17.167
8/1/2025,3:39:08 AM,0,0.3052,17.161
8/1/2025,3:54:08 AM,0,0.3076,17.133
8/1/2025,4:09:08 AM,0,0.3099,17.093
8/1/2025,4:24:08 AM,0,0.3097,17.08
8/1/2025,4:39:08 AM,0,0.3094,17.041
8/1/2025,4:54:08 AM,0,0.3097,17.008
8/1/2025,5:09:08 AM,0,0.3081,16.998
8/1/2025,5:24:08 AM,0,0.3085,16.98
8/1/2025,5:39:08 AM,0,0.3096,16.951
8/1/2025,5:54:08 AM,0,0.3099,16.948
8/1/2025,6:09:08 AM,0,0.3106,16.944
8/1/2025,6:24:08 AM,0,0.3122,16.945
8/1/2025,6:39:08 AM,0,0.3101,16.944
8/1/2025,6:54:08 AM,0,0.3126,16.95
8/1/2025,7:09:08 AM,0,0.3158,16.951
8/1/2025,7:24:08 AM,0,0.3161,16.954
8/1/2025,7:39:08 AM,0,0.313,16.952
8/1/2025,7:54:08 AM,0,0.3155,16.954
8/1/2025,8:09:08 AM,0,0.3125,16.958
8/1/2025,8:24:08 AM,0,0.3122,16.956
8/1/2025,8:39:08 AM,0,0.3106,16.963
8/1/2025,8:54:08 AM,0,0.3148,16.962
8/1/2025,9:09:08 AM,0,0.3122,16.962
8/1/2025,9:24:08 AM,0,0.3152,16.956
8/1/2025,9:39:08 AM,0,0.3147,16.956
8/1/2025,9:54:08 AM,0,0.3117,16.958
8/1/2025,10:09:08 AM,0,0.3123,16.965
8/1/2025,10:24:08 AM,0,0.3137,16.971
8/1/2025,10:39:08 AM,0,0.3122,16.984
8/1/2025,10:54:08 AM,0,0.3116,16.986
8/1/2025,11:09:08 AM,0,0.3139,16.999
8/1/2025,11:24:08 AM,0,0.312,17.003
8/1/2025,11:39:08 AM,0,0.3128,17.015
8/1/2025,11:54:08 AM,0,0.3154,17.029
8/1/2025,12:09:08 PM,0,0.3144,17.036
8/1/2025,12:24:08 PM,0,0.3111,17.044
8/1/2025,12:39:08 PM,0,0.3153,17.052
8/1/2025,12:54:08 PM,0,0.3138,17.059
8/1/2025,1:09:08 PM,0,0.3126,17.064
8/1/2025,1:24:08 PM,0,0.3106,17.071
8/1/2025,1:39:08 PM,0,0.3116,17.072
8/1/2025,1:54:08 PM,0,0.3059,17.08
8/1/2025,2:09:08 PM,0,0.3056,17.085
8/1/2025,2:24:08 PM,0,0.3031,17.095
8/1/2025,2:39:08 PM,0,0.3055,17.102
8/1/2025,2:54:08 PM,0,0.305,17.111
8/1/2025,3:09:08 PM,0,0.3042,17.119
8/1/2025,3:24:08 PM,0,0.3059,17.123
8/1/2025,3:39:08 PM,0,0.3066,17.132
8/1/2025,3:54:08 PM,0,0.3068,17.146
8/1/2025,4:09:08 PM,0,0.3045,17.179
8/1/2025,4:24:08 PM,0,0.3051,17.169
8/1/2025,4:39:08 PM,0,0.3044,17.179
8/1/2025,4:54:08 PM,0,0.3019,17.208
8/1/2025,5:09:08 PM,0,0.2996,17.207
8/1/2025,5:24:08 PM,0,0.3025,17.202
8/1/2025,5:39:08 PM,0,0.3053,17.204
8/1/2025,5:54:08 PM,0,0.3063,17.211
8/1/2025,6:09:08 PM,0,0.3079,17.215
8/1/2025,6:24:08 PM,0,0.3077,17.215
8/1/2025,6:39:08 PM,0,0.3066,17.224
8/1/2025,6:54:08 PM,0,0.3094,17.229
8/1/2025,7:09:08 PM,0,0.3104,17.235
8/1/2025,7:24:08 PM,0,0.3102,17.243
8/1/2025,7:39:08 PM,0,0.313,17.247
8/1/2025,7:54:08 PM,0,0.3121,17.256
8/1/2025,8:09:08 PM,0,0.3133,17.259
8/1/2025,8:24:08 PM,0,0.3115,17.261
8/1/2025,8:39:08 PM,0,0.3121,17.271
8/1/2025,8:54:08 PM,0,0.3119,17.281
8/1/2025,9:09:08 PM,0,0.3108,17.286
8/1/2025,9:24:08 PM,0,0.3106,17.293
8/1/2025,9:39:08 PM,0,0.3104,17.3
8/1/2025,9:54:08 PM,0,0.3092,17.316
8/1/2025,10:09:08 PM,0,0.3092,17.322
8/1/2025,10:24:08 PM,0,0.3104,17.338
8/1/2025,10:39:08 PM,0,0.3121,17.341
8/1/2025,10:54:08 PM,0,0.3104,17.349
8/1/2025,11:09:08 PM,0,0.312,17.345
8/1/2025,11:24:08 PM,0,0.3133,17.367
8/1/2025,11:39:08 PM,0,0.31,17.38
8/1/2025,11:54:08 PM,0,0.3044,17.355
8/2/2025,12:09:08 AM,0,0.3038,17.344
8/2/2025,12:24:08 AM,0,0.3035,17.354
8/2/2025,12:39:08 AM,0,0.3012,17.364
8/2/2025,12:54:08 AM,0,0.3038,17.363
8/2/2025,1:09:08 AM,0,0.3058,17.354
8/2/2025,1:24:08 AM,0,0.3074,17.345
8/2/2025,1:39:08 AM,0,0.3083,17.335
8/2/2025,1:54:08 AM,0,0.3095,17.308
8/2/2025,2:09:08 AM,0,0.3071,17.274
8/2/2025,2:24:08 AM,0,0.3111,17.253
8/2/2025,2:39:08 AM,0,0.3128,17.236
8/2/2025,2:54:08 AM,0,0.3126,17.21
8/2/2025,3:09:08 AM,0,0.3102,17.186
8/2/2025,3:24:08 AM,0,0.3113,17.161
8/2/2025,3:39:08 AM,0,0.3126,17.134
8/2/2025,3:54:08 AM,0,0.309,17.089
8/2/2025,4:09:08 AM,0,0.3082,17.069
8/2/2025,4:24:08 AM,0,0.3178,17.083
8/2/2025,4:39:08 AM,0,0.3186,17.074
8/2/2025,4:54:08 AM,0,0.3195,17.077
8/2/2025,5:09:08 AM,0,0.3214,17.064
8/2/2025,5:24:08 AM,0,0.3228,17.068
8/2/2025,5:39:08 AM,0,0.3195,17.059
8/2/2025,5:54:08 AM,0,0.3187,17.053
8/2/2025,6:09:08 AM,0,0.3179,17.049
8/2/2025,6:24:08 AM,0,0.3174,17.049
8/2/2025,6:39:08 AM,0,0.3167,17.043
8/2/2025,6:54:08 AM,0,0.3178,17.03
8/2/2025,7:09:08 AM,0,0.3182,17.022
8/2/2025,7:24:08 AM,0,0.3189,17.025
8/2/2025,7:39:08 AM,0,0.3195,17.025
8/2/2025,7:54:08 AM,0,0.3169,17.028
8/2/2025,8:09:08 AM,0,0.3187,17.03
8/2/2025,8:24:08 AM,0,0.3181,17.021
8/2/2025,8:39:08 AM,0,0.3172,17.006
8/2/2025,8:54:08 AM,0,0.3186,16.999
8/2/2025,9:09:08 AM,0,0.3175,16.996
8/2/2025,9:24:08 AM,0,0.3185,16.999
8/2/2025,9:39:08 AM,0,0.3164,16.995
8/2/2025,9:54:08 AM,0,0.3165,16.996
8/2/2025,10:09:08 AM,0,0.3159,16.999
8/2/2025,10:24:08 AM,0,0.3137,17.002
8/2/2025,10:39:08 AM,0,0.3148,16.999
8/2/2025,10:54:08 AM,0,0.3158,16.992
8/2/2025,11:09:08 AM,0,0.3156,17.001
8/2/2025,11:24:08 AM,0,0.3157,17.016
8/2/2025,11:39:08 AM,0,0.3172,17.018
8/2/2025,11:54:08 AM,0,0.3185,17.021
8/2/2025,12:09:08 PM,0,0.3161,17.024
8/2/2025,12:24:08 PM,0,0.3152,17.03
8/2/2025,12:39:08 PM,0,0.3145,17.036
8/2/2025,12:54:08 PM,0,0.3096,17.037
8/2/2025,1:09:08 PM,0,0.3089,17.04
8/2/2025,1:24:08 PM,0,0.3092,17.046
8/2/2025,1:39:08 PM,0,0.307,17.041
8/2/2025,1:54:08 PM,0,0.3061,17.041
8/2/2025,2:09:08 PM,0,0.3061,17.044
8/2/2025,2:24:08 PM,0,0.3081,17.049
8/2/2025,2:39:08 PM,0,0.3081,17.049
8/2/2025,2:54:08 PM,0,0.3116,17.055
8/2/2025,3:09:08 PM,0,0.3093,17.063
8/2/2025,3:24:08 PM,0,0.3087,17.066
8/2/2025,3:39:08 PM,0,0.3055,17.073
8/2/2025,3:54:08 PM,0,0.3049,17.082
8/2/2025,4:09:08 PM,0,0.3018,17.102
8/2/2025,4:24:08 PM,0,0.3035,17.104
8/2/2025,4:39:08 PM,0,0.3024,17.114
8/2/2025,4:54:08 PM,0,0.3018,17.126
8/2/2025,5:09:08 PM,0,0.3043,17.134
8/2/2025,5:24:08 PM,0,0.3058,17.131
8/2/2025,5:39:08 PM,0,0.3056,17.135
8/2/2025,5:54:08 PM,0,0.3079,17.137
8/2/2025,6:09:08 PM,0,0.307,17.143
8/2/2025,6:24:08 PM,0,0.309,17.153
8/2/2025,6:39:08 PM,0,0.3094,17.162
8/2/2025,6:54:08 PM,0,0.311,17.163
8/2/2025,7:09:08 PM,0,0.3126,17.164
8/2/2025,7:24:08 PM,0,0.314,17.166
8/2/2025,7:39:08 PM,0,0.3143,17.168
8/2/2025,7:54:08 PM,0,0.3145,17.173
8/2/2025,8:09:08 PM,0,0.3169,17.175
8/2/2025,8:24:08 PM,0,0.3198,17.187
8/2/2025,8:39:08 PM,0,0.3166,17.193
8/2/2025,8:54:08 PM,0,0.3165,17.199
8/2/2025,9:09:08 PM,0,0.3172,17.201
8/2/2025,9:24:08 PM,0,0.3143,17.205
8/2/2025,9:39:08 PM,0,0.3134,17.216
8/2/2025,9:54:08 PM,0,0.3158,17.253
8/2/2025,10:09:08 PM,0,0.3143,17.274
8/2/2025,10:24:08 PM,0,0.3153,17.282
8/2/2025,10:39:08 PM,0,0.3125,17.269
8/2/2025,10:54:08 PM,0,0.3149,17.25
8/2/2025,11:09:08 PM,0,0.3133,17.244
8/2/2025,11:24:08 PM,0,0.315,17.225
8/2/2025,11:39:08 PM,0,0.3147,17.216
8/2/2025,11:54:08 PM,0,0.3114,17.206
8/3/2025,12:09:08 AM,0,0.3134,17.207
8/3/2025,12:24:08 AM,0,0.3117,17.208
8/3/2025,12:39:08 AM,0,0.309,17.216
8/3/2025,12:54:08 AM,0,0.3116,17.209
8/3/2025,1:09:08 AM,0,0.3134,17.2
8/3/2025,1:24:08 AM,0,0.3134,17.19
8/3/2025,1:39:08 AM,0,0.3144,17.184
8/3/2025,1:54:08 AM,0,0.314,17.182
8/3/2025,2:09:08 AM,0,0.3128,17.174
8/3/2025,2:24:08 AM,0,0.3139,17.146
8/3/2025,2:39:08 AM,0,0.3136,17.114
8/3/2025,2:54:08 AM,0,0.3156,17.108
8/3/2025,3:09:08 AM,0,0.3171,17.083
8/3/2025,3:24:08 AM,0,0.3158,17.089
8/3/2025,3:39:08 AM,0,0.3176,17.085
8/3/2025,3:54:08 AM,0,0.3205,17.059
8/3/2025,4:09:08 AM,0,0.319,17.001
8/3/2025,4:24:08 AM,0,0.3224,16.991
8/3/2025,4:39:08 AM,0,0.3217,16.961
8/3/2025,4:54:08 AM,0,0.3247,16.938
8/3/2025,5:09:08 AM,0,0.3263,16.912
8/3/2025,5:24:08 AM,0,0.3249,16.872
8/3/2025,5:39:08 AM,0,0.3223,16.87
8/3/2025,5:54:08 AM,0,0.32,16.854
8/3/2025,6:09:08 AM,0,0.3213,16.822
8/3/2025,6:24:08 AM,0,0.3178,16.804
8/3/2025,6:39:08 AM,0,0.3176,16.779
8/3/2025,6:54:08 AM,0,0.3183,16.764
8/3/2025,7:09:08 AM,0,0.3211,16.765
8/3/2025,7:24:08 AM,0,0.3184,16.771
8/3/2025,7:39:08 AM,0,0.3182,16.761
8/3/2025,7:54:08 AM,0,0.321,16.755
8/3/2025,8:09:08 AM,0,0.3222,16.74
8/3/2025,8:24:08 AM,0,0.3234,16.735
8/3/2025,8:39:08 AM,0,0.324,16.746
8/3/2025,8:54:08 AM,0,0.3249,16.752
8/3/2025,9:09:08 AM,0,0.3189,16.755
8/3/2025,9:24:08 AM,0,0.3181,16.744
8/3/2025,9:39:08 AM,0,0.3185,16.745
8/3/2025,9:54:08 AM,0,0.3168,16.745
8/3/2025,10:09:08 AM,0,0.3163,16.736
8/3/2025,10:24:08 AM,0,0.3179,16.709
8/3/2025,10:39:08 AM,0,0.3192,16.718
8/3/2025,10:54:08 AM,0,0.3191,16.721
8/3/2025,11:09:08 AM,0,0.3215,16.729
8/3/2025,11:24:08 AM,0,0.3249,16.733
8/3/2025,11:39:08 AM,0,0.3223,16.74
8/3/2025,11:54:08 AM,0,0.3156,16.747
8/3/2025,12:09:08 PM,0,0.3134,16.755
8/3/2025,12:24:08 PM,0,0.3142,16.762
8/3/2025,12:39:08 PM,0,0.314,16.767
8/3/2025,12:54:08 PM,0,0.3135,16.772
8/3/2025,1:09:08 PM,0,0.3158,16.776
8/3/2025,1:24:08 PM,0,0.3143,16.776
8/3/2025,1:39:08 PM,0,0.3102,16.777
8/3/2025,1:54:08 PM,0,0.3079,16.777
8/3/2025,2:09:08 PM,0,0.3109,16.779
8/3/2025,2:24:08 PM,0,0.308,16.776
8/3/2025,2:39:08 PM,0,0.3081,16.778
8/3/2025,2:54:08 PM,0,0.3098,16.779
8/3/2025,3:09:08 PM,0,0.304,16.781
8/3/2025,3:24:08 PM,0,0.3057,16.782
8/3/2025,3:39:08 PM,0,0.3063,16.785
8/3/2025,3:54:08 PM,0,0.3062,16.791
8/3/2025,4:09:08 PM,0,0.3078,16.8
8/3/2025,4:24:08 PM,0,0.306,16.801
8/3/2025,4:39:08 PM,0,0.3041,16.807
8/3/2025,4:54:08 PM,0,0.3035,16.812
8/3/2025,5:09:08 PM,0,0.3008,16.817
8/3/2025,5:24:08 PM,0,0.3018,16.827
8/3/2025,5:39:08 PM,0,0.3064,16.826
8/3/2025,5:54:08 PM,0,0.3072,16.827
8/3/2025,6:09:08 PM,0,0.3126,16.834
8/3/2025,6:24:08 PM,0,0.3126,16.837
8/3/2025,6:39:08 PM,0,0.316,16.84
8/3/2025,6:54:08 PM,0,0.3129,16.845
8/3/2025,7:09:08 PM,0,0.3131,16.852
8/3/2025,7:24:08 PM,0,0.3136,16.856
8/3/2025,7:39:08 PM,0,0.3152,16.862
8/3/2025,7:54:08 PM,0,0.3153,16.883
8/3/2025,8:09:08 PM,0,0.319,16.868
8/3/2025,8:24:08 PM,0,0.3232,16.879
8/3/2025,8:39:08 PM,0,0.3215,16.883
8/3/2025,8:54:08 PM,0,0.3218,16.891
8/3/2025,9:09:08 PM,0,0.3182,16.9
8/3/2025,9:24:08 PM,0,0.3166,16.907
8/3/2025,9:39:08 PM,0,0.3153,16.906
8/3/2025,9:54:08 PM,0,0.3134,16.907
8/3/2025,10:09:08 PM,0,0.3155,16.91
8/3/2025,10:24:08 PM,0,0.317,16.91
8/3/2025,10:39:08 PM,0,0.317,16.924
8/3/2025,10:54:08 PM,0,0.316,16.918
8/3/2025,11:09:08 PM,0,0.316,16.915
8/3/2025,11:24:08 PM,0,0.3164,16.914
8/3/2025,11:39:08 PM,0,0.3137,16.903
8/3/2025,11:54:08 PM,0,0.3152,16.898
8/4/2025,12:09:08 AM,0,0.3152,16.894
8/4/2025,12:24:08 AM,0,0.3157,16.886
8/4/2025,12:39:08 AM,0,0.3164,16.887
8/4/2025,12:54:08 AM,0,0.3174,16.878
8/4/2025,1:09:08 AM,0,0.3169,16.875
8/4/2025,1:24:08 AM,0,0.3172,16.86
8/4/2025,1:39:08 AM,0,0.3206,16.858
8/4/2025,1:54:08 AM,0,0.3193,16.859
8/4/2025,2:09:08 AM,0,0.3181,16.848
8/4/2025,2:24:08 AM,0,0.318,16.839
8/4/2025,2:39:08 AM,0,0.3193,16.835
8/4/2025,2:54:08 AM,0,0.3191,16.775
8/4/2025,3:09:08 AM,0,0.316,16.794
8/4/2025,3:24:08 AM,0,0.3178,16.763
8/4/2025,3:39:08 AM,0,0.3188,16.751
8/4/2025,3:54:08 AM,0,0.3185,16.713
8/4/2025,4:09:08 AM,0,0.319,16.698
8/4/2025,4:24:08 AM,0,0.3224,16.654
8/4/2025,4:39:08 AM,0,0.3258,16.636
8/4/2025,4:54:08 AM,0,0.3232,16.612
8/4/2025,5:09:08 AM,0,0.3225,16.575
8/4/2025,5:24:08 AM,0,0.2986,16.589
8/4/2025,5:39:08 AM,0,0.3096,16.527
8/4/2025,5:54:08 AM,0,0.3071,16.547
8/4/2025,6:09:08 AM,0,0.3089,16.54
8/4/2025,6:24:08 AM,0,0.3079,16.533
8/4/2025,6:39:08 AM,0,0.3103,16.567
8/4/2025,6:54:08 AM,0,0.3113,16.556
8/4/2025,7:09:08 AM,0,0.3128,16.493
8/4/2025,7:24:08 AM,0,0.3099,16.45
8/4/2025,7:39:08 AM,0,0.3118,16.477
8/4/2025,7:54:08 AM,0,0.3099,16.498
8/4/2025,8:09:08 AM,0,0.306,16.507
8/4/2025,8:24:08 AM,0,0.3046,16.483
8/4/2025,8:39:08 AM,0,0.3056,16.48
8/4/2025,8:54:08 AM,0,0.3064,16.472
8/4/2025,9:09:08 AM,0,0.3087,16.471
8/4/2025,9:24:08 AM,0,0.3105,16.47
8/4/2025,9:39:08 AM,0,0.3151,16.505
8/4/2025,9:54:08 AM,0,0.3122,16.531
8/4/2025,10:09:08 AM,0,0.3093,16.538
8/4/2025,10:24:08 AM,0,0.309,16.538
8/4/2025,10:39:08 AM,0,0.3053,16.541
8/4/2025,10:54:08 AM,0,0.3023,16.54
8/4/2025,11:09:08 AM,0,0.3017,16.535
8/4/2025,11:24:08 AM,0,0.3053,16.53
8/4/2025,11:39:08 AM,0,0.303,16.525
8/4/2025,11:54:08 AM,0,0.3035,16.529
8/4/2025,12:09:08 PM,0,0.3026,16.525
8/4/2025,12:24:08 PM,0,0.3013,16.507
8/4/2025,12:39:08 PM,0,0.2969,16.484
8/4/2025,12:54:08 PM,0,0.297,16.473
8/4/2025,1:09:08 PM,0,0.2995,16.472
8/4/2025,1:24:08 PM,0,0.3029,16.473
8/4/2025,1:39:08 PM,0,0.3058,16.48
8/4/2025,1:54:08 PM,0,0.3036,16.472
8/4/2025,2:09:08 PM,0,0.3,16.473
8/4/2025,2:24:08 PM,0,0.2935,16.48
8/4/2025,2:39:08 PM,0,0.2918,16.486
8/4/2025,2:54:08 PM,0,0.293,16.492
8/4/2025,3:09:08 PM,0,0.2908,16.502
8/4/2025,3:24:08 PM,0,0.2946,16.513
8/4/2025,3:39:08 PM,0,0.301,16.524
8/4/2025,3:54:08 PM,0,0.298,16.541
8/4/2025,4:09:08 PM,0,0.2984,16.546
8/4/2025,4:24:08 PM,0,0.2998,16.548
8/4/2025,4:39:08 PM,0,0.2984,16.548
8/4/2025,4:54:08 PM,0,0.298,16.551
8/4/2025,5:09:08 PM,0,0.2938,16.552
8/4/2025,5:24:08 PM,0,0.2923,16.555
8/4/2025,5:39:08 PM,0,0.2971,16.558
8/4/2025,5:54:08 PM,0,0.2993,16.565
8/4/2025,6:09:08 PM,0,0.2998,16.571
8/4/2025,6:24:08 PM,0,0.304,16.574
8/4/2025,6:39:08 PM,0,0.3029,16.579
8/4/2025,6:54:08 PM,0,0.3043,16.58
8/4/2025,7:09:08 PM,0,0.306,16.588
8/4/2025,7:24:08 PM,0,0.3059,16.601
8/4/2025,7:39:08 PM,0,0.3056,16.607
8/4/2025,7:54:08 PM,0,0.3088,16.612
8/4/2025,8:09:08 PM,0,0.3068,16.619
8/4/2025,8:24:08 PM,0,0.3018,16.62
8/4/2025,8:39:08 PM,0,0.304,16.623
8/4/2025,8:54:08 PM,0,0.3022,16.63
8/4/2025,9:09:08 PM,0,0.3048,16.632
8/4/2025,9:24:08 PM,0,0.3038,16.639
8/4/2025,9:39:08 PM,0,0.3044,16.643
8/4/2025,9:54:08 PM,0,0.304,16.654
8/4/2025,10:09:08 PM,0,0.3048,16.66
8/4/2025,10:24:08 PM,0,0.3035,16.672
8/4/2025,10:39:08 PM,0,0.3029,16.679
8/4/2025,10:54:08 PM,0,0.3022,16.691
8/4/2025,11:09:08 PM,0,0.3045,16.697
8/4/2025,11:24:08 PM,0,0.3052,16.699
8/4/2025,11:39:08 PM,0,0.3041,16.707
8/4/2025,11:54:08 PM,0,0.3015,16.711
8/5/2025,12:09:08 AM,0,0.3003,16.711
8/5/2025,12:24:08 AM,0,0.2977,16.715
8/5/2025,12:39:08 AM,0,0.2991,16.719
8/5/2025,12:54:08 AM,0,0.3025,16.724
8/5/2025,1:09:08 AM,0,0.3064,16.73
8/5/2025,1:24:08 AM,0,0.3089,16.725
8/5/2025,1:39:08 AM,0,0.3081,16.732
8/5/2025,1:54:08 AM,0,0.3066,16.744
8/5/2025,2:09:08 AM,0,0.3049,16.744
8/5/2025,2:24:08 AM,0,0.3029,16.743
8/5/2025,2:39:08 AM,0,0.3063,16.744
8/5/2025,2:54:08 AM,0,0.3073,16.743
8/5/2025,3:09:08 AM,0,0.3091,16.78
8/5/2025,3:24:08 AM,0,0.3068,16.739
8/5/2025,3:39:08 AM,0,0.3101,16.749
8/5/2025,3:54:08 AM,0,0.309,16.751
8/5/2025,4:09:08 AM,0,0.312,16.76
8/5/2025,4:24:08 AM,0,0.3117,16.76
8/5/2025,4:39:08 AM,0,0.311,16.765
8/5/2025,4:54:08 AM,0,0.3105,16.787
8/5/2025,5:09:08 AM,0,0.3129,16.782
8/5/2025,5:24:08 AM,0,0.3139,16.776
8/5/2025,5:39:08 AM,0,0.3145,16.767
8/5/2025,5:54:08 AM,0,0.3186,16.765
8/5/2025,6:09:08 AM,0,0.3181,16.769
8/5/2025,6:24:08 AM,0,0.3172,16.775
8/5/2025,6:39:08 AM,0,0.3192,16.777
8/5/2025,6:54:08 AM,0,0.3199,16.774
8/5/2025,7:09:08 AM,0,0.3205,16.77
8/5/2025,7:24:08 AM,0,0.3185,16.771
8/5/2025,7:39:08 AM,0,0.3183,16.767
8/5/2025,7:54:08 AM,0,0.3168,16.755
8/5/2025,8:09:08 AM,0,0.3152,16.746
8/5/2025,8:24:08 AM,0,0.313,16.733
8/5/2025,8:39:08 AM,0,0.3144,16.724
8/5/2025,8:54:08 AM,0,0.3151,16.716
8/5/2025,9:09:08 AM,0,0.3134,16.705
8/5/2025,9:24:08 AM,0,0.3124,16.695
8/5/2025,9:39:08 AM,0,0.3125,16.689
8/5/2025,9:54:08 AM,0,0.3113,16.684
8/5/2025,10:09:08 AM,0,0.3094,16.679
8/5/2025,10:24:08 AM,0,0.3087,16.679
8/5/2025,10:39:08 AM,0,0.3067,16.68
8/5/2025,10:54:08 AM,0,0.3041,16.682
8/5/2025,11:09:08 AM,0,0.3038,16.68
8/5/2025,11:24:08 AM,0,0.3019,16.679
8/5/2025,11:39:08 AM,0,0.3009,16.681
8/5/2025,11:54:08 AM,0,0.3024,16.695
8/5/2025,12:09:08 PM,0,0.3004,16.693
8/5/2025,12:24:08 PM,0,0.3014,16.696
8/5/2025,12:39:08 PM,0,0.3015,16.701
8/5/2025,12:54:08 PM,0,0.301,16.698
8/5/2025,1:09:08 PM,0,0.3011,16.683
8/5/2025,1:24:08 PM,0,0.2989,16.686
8/5/2025,1:39:08 PM,0,0.2973,16.695
8/5/2025,1:54:08 PM,0,0.2965,16.695
8/5/2025,2:09:08 PM,0,0.2944,16.695
8/5/2025,2:24:08 PM,0,0.2918,16.699
8/5/2025,2:39:08 PM,0,0.2962,16.698
8/5/2025,2:54:08 PM,0,0.2965,16.701
8/5/2025,3:09:08 PM,0,0.2967,16.699
8/5/2025,3:24:08 PM,0,0.2975,16.703
8/5/2025,3:39:08 PM,0,0.2966,16.704
8/5/2025,3:54:08 PM,0,0.2972,16.716
8/5/2025,4:09:08 PM,0,0.2961,16.72
8/5/2025,4:24:08 PM,0,0.2972,16.712
8/5/2025,4:39:08 PM,0,0.2956,16.713
8/5/2025,4:54:08 PM,0,0.2933,16.715
8/5/2025,5:09:08 PM,0,0.2909,16.703
8/5/2025,5:24:08 PM,0,0.2908,16.701
8/5/2025,5:39:08 PM,0,0.2926,16.702
8/5/2025,5:54:08 PM,0,0.2956,16.701
8/5/2025,6:09:08 PM,0,0.299,16.703
8/5/2025,6:24:08 PM,0,0.3002,16.705
8/5/2025,6:39:08 PM,0,0.3007,16.705
8/5/2025,6:54:08 PM,0,0.3035,16.703
8/5/2025,7:09:08 PM,0,0.3004,16.708
8/5/2025,7:24:08 PM,0,0.3015,16.711
8/5/2025,7:39:08 PM,0,0.3033,16.716
8/5/2025,7:54:08 PM,0,0.3019,16.724
8/5/2025,8:09:08 PM,0,0.3019,16.721
8/5/2025,8:24:08 PM,0,0.3028,16.732
8/5/2025,8:39:08 PM,0,0.3067,16.738
8/5/2025,8:54:08 PM,0,0.3058,16.741
8/5/2025,9:09:08 PM,0,0.3085,16.74
8/5/2025,9:24:08 PM,0,0.3075,16.743
8/5/2025,9:39:08 PM,0,0.3061,16.749
8/5/2025,9:54:08 PM,0,0.304,16.751
8/5/2025,10:09:08 PM,0,0.3041,16.762
8/5/2025,10:24:08 PM,0,0.3041,16.767
8/5/2025,10:39:08 PM,0,0.3049,16.779
8/5/2025,10:54:08 PM,0,0.3049,16.78
8/5/2025,11:09:08 PM,0,0.3042,16.781
8/5/2025,11:24:08 PM,0,0.3036,16.791
8/5/2025,11:39:08 PM,0,0.3031,16.795
8/5/2025,11:54:08 PM,0,0.3016,16.799
8/6/2025,12:09:08 AM,0,0.3019,16.798
8/6/2025,12:24:08 AM,0,0.3012,16.82
8/6/2025,12:39:08 AM,0,0.3018,16.829
8/6/2025,12:54:08 AM,0,0.3,16.834
8/6/2025,1:09:08 AM,0,0.2995,16.832
8/6/2025,1:24:08 AM,0,0.3011,16.834
8/6/2025,1:39:08 AM,0,0.3024,16.835
8/6/2025,1:54:08 AM,0,0.3047,16.832
8/6/2025,2:09:08 AM,0,0.3058,16.837
8/6/2025,2:24:08 AM,0,0.3079,16.824
8/6/2025,2:39:08 AM,0,0.3107,16.826
8/6/2025,2:54:08 AM,0,0.307,16.871
8/6/2025,3:09:08 AM,0,0.3059,16.887
8/6/2025,3:24:08 AM,0,0.3051,16.892
8/6/2025,3:39:08 AM,0,0.3041,16.91
8/6/2025,3:54:08 AM,0,0.3061,16.907
8/6/2025,4:09:08 AM,0,0.3095,16.914
8/6/2025,4:24:08 AM,0,0.3097,16.904
8/6/2025,4:39:08 AM,0,0.309,16.893
8/6/2025,4:54:08 AM,0,0.3121,16.884
8/6/2025,5:09:08 AM,0,0.3119,16.872
8/6/2025,5:24:08 AM,0,0.3112,16.867
8/6/2025,5:39:08 AM,0,0.3122,16.884
8/6/2025,5:54:08 AM,0,0.3126,16.889
8/6/2025,6:09:08 AM,0,0.3145,16.882
8/6/2025,6:24:08 AM,0,0.3145,16.878
8/6/2025,6:39:08 AM,0,0.3126,16.873
8/6/2025,6:54:08 AM,0,0.3119,16.873
8/6/2025,7:09:08 AM,0,0.3117,16.875
8/6/2025,7:24:08 AM,0,0.3096,16.873
8/6/2025,7:39:08 AM,0,0.3097,16.864
8/6/2025,7:54:08 AM,0,0.3069,16.859
8/6/2025,8:09:08 AM,0,0.3077,16.856
8/6/2025,8:24:08 AM,0,0.3058,16.853
8/6/2025,8:39:08 AM,0,0.3049,16.851
8/6/2025,8:54:08 AM,0,0.3052,16.85
8/6/2025,9:09:08 AM,0,0.3056,16.845
8/6/2025,9:24:08 AM,0,0.3062,16.847
8/6/2025,9:39:08 AM,0,0.3061,16.855
8/6/2025,9:54:08 AM,0,0.3064,16.852
8/6/2025,10:09:08 AM,0,0.3074,16.85
8/6/2025,10:24:08 AM,0,0.3076,16.862
8/6/2025,10:39:08 AM,0,0.3074,16.865
8/6/2025,10:54:08 AM,0,0.3059,16.874
8/6/2025,11:09:08 AM,0,0.3035,16.882
8/6/2025,11:24:08 AM,0,0.3025,16.889
8/6/2025,11:39:08 AM,0,0.3024,16.901
8/6/2025,11:54:08 AM,0,0.304,16.905
8/6/2025,12:09:08 PM,0,0.3066,16.907
8/6/2025,12:24:08 PM,0,0.3051,16.922
8/6/2025,12:39:08 PM,0,0.3065,16.925
8/6/2025,12:54:08 PM,0,0.3029,16.93
8/6/2025,1:09:08 PM,0,0.2979,16.941
8/6/2025,1:24:08 PM,0,0.2972,16.949
8/6/2025,1:39:08 PM,0,0.2955,16.963
8/6/2025,1:54:08 PM,0,0.2925,16.967
8/6/2025,2:09:08 PM,0,0.2947,16.972
8/6/2025,2:24:08 PM,0,0.2957,16.979
8/6/2025,2:39:08 PM,0,0.291,16.982
8/6/2025,2:54:08 PM,0,0.292,16.986
8/6/2025,3:09:08 PM,0,0.2894,16.99
8/6/2025,3:24:08 PM,0,0.2928,16.997
8/6/2025,3:39:08 PM,0,0.2969,17
8/6/2025,3:54:08 PM,0,0.2982,17.026
8/6/2025,4:09:08 PM,0,0.2969,17.045
8/6/2025,4:24:08 PM,0,0.3012,17.04
8/6/2025,4:39:08 PM,0,0.2932,17.053
8/6/2025,4:54:08 PM,0,0.2935,17.043
8/6/2025,5:09:08 PM,0,0.2934,17.057
8/6/2025,5:24:08 PM,0,0.2904,17.057
8/6/2025,5:39:08 PM,0,0.2954,17.059
8/6/2025,5:54:08 PM,0,0.2976,17.068
8/6/2025,6:09:08 PM,0,0.2977,17.065
8/6/2025,6:24:08 PM,0,0.3002,17.072
8/6/2025,6:39:08 PM,0,0.3024,17.074
8/6/2025,6:54:08 PM,0,0.2964,17.077
8/6/2025,7:09:08 PM,0,0.2961,17.083
8/6/2025,7:24:08 PM,0,0.2962,17.086
8/6/2025,7:39:08 PM,0,0.2987,17.089
8/6/2025,7:54:08 PM,0,0.3017,17.096
8/6/2025,8:09:08 PM,0,0.3053,17.098
8/6/2025,8:24:08 PM,0,0.3066,17.104
8/6/2025,8:39:08 PM,0,0.3084,17.107
8/6/2025,8:54:08 PM,0,0.3071,17.109
8/6/2025,9:09:08 PM,0,0.3027,17.145
8/6/2025,9:24:08 PM,0,0.3003,17.115
8/6/2025,9:39:08 PM,0,0.2998,17.123
8/6/2025,9:54:08 PM,0,0.2988,17.126
8/6/2025,10:09:08 PM,0,0.3029,17.13
8/6/2025,10:24:08 PM,0,0.2999,17.132
8/6/2025,10:39:08 PM,0,0.3024,17.14
8/6/2025,10:54:08 PM,0,0.3017,17.139
8/6/2025,11:09:08 PM,0,0.2997,17.15
8/6/2025,11:24:08 PM,0,0.2968,17.152
8/6/2025,11:39:08 PM,0,0.2964,17.16
8/6/2025,11:54:08 PM,0,0.2954,17.16
8/7/2025,12:09:08 AM,0,0.2972,17.165
8/7/2025,12:24:08 AM,0,0.3013,17.165
8/7/2025,12:39:08 AM,0,0.3012,17.164
8/7/2025,12:54:08 AM,0,0.3012,17.165
8/7/2025,1:09:08 AM,0,0.2993,17.165
8/7/2025,1:24:08 AM,0,0.2992,17.161
8/7/2025,1:39:08 AM,0,0.2981,17.162
8/7/2025,1:54:08 AM,0,0.2969,17.159
8/7/2025,2:09:08 AM,0,0.299,17.157
8/7/2025,2:24:08 AM,0,0.2995,17.156
8/7/2025,2:39:08 AM,0,0.2996,17.149
8/7/2025,2:54:08 AM,0,0.3021,17.148
8/7/2025,3:09:08 AM,0,0.3018,17.141
8/7/2025,3:24:08 AM,0,0.3032,17.14
8/7/2025,3:39:08 AM,0,0.304,17.135
8/7/2025,3:54:08 AM,0,0.3074,17.13
8/7/2025,4:09:08 AM,0,0.3053,17.117
8/7/2025,4:24:08 AM,0,0.304,17.116
8/7/2025,4:39:08 AM,0,0.3081,17.109
8/7/2025,4:54:08 AM,0,0.3106,17.113
8/7/2025,5:09:08 AM,0,0.312,17.114
8/7/2025,5:24:08 AM,0,0.3168,17.114
8/7/2025,5:39:08 AM,0,0.3159,17.105
8/7/2025,5:54:08 AM,0,0.3139,17.101
8/7/2025,6:09:08 AM,0,0.3153,17.1
8/7/2025,6:24:08 AM,0,0.3145,17.091
8/7/2025,6:39:08 AM,0,0.3125,17.081
8/7/2025,6:54:08 AM,0,0.3113,17.071
8/7/2025,7:09:08 AM,0,0.3119,17.065
8/7/2025,7:24:08 AM,0,0.3123,17.052
8/7/2025,7:39:08 AM,0,0.3112,17.05
8/7/2025,7:54:08 AM,0,0.311,17.042
8/7/2025,8:09:08 AM,0,0.3115,17.036
8/7/2025,8:24:08 AM,0,0.3094,17.029
8/7/2025,8:39:08 AM,0,0.3102,17.02
8/7/2025,8:54:08 AM,0,0.3134,17.015
8/7/2025,9:09:08 AM,0,0.3136,17.01
8/7/2025,9:24:08 AM,0,0.3153,17.012
8/7/2025,9:39:08 AM,0,0.3158,17.017
8/7/2025,9:54:08 AM,0,0.3124,17.01
8/7/2025,10:09:08 AM,0,0.3106,17.021
8/7/2025,10:24:08 AM,0,0.3105,17.036
8/7/2025,10:39:08 AM,0,0.3102,17.041
8/7/2025,10:54:08 AM,0,0.3084,17.055
8/7/2025,11:09:08 AM,0,0.307,17.067
8/7/2025,11:24:08 AM,0,0.3047,17.073
8/7/2025,11:39:08 AM,0,0.3024,17.093
8/7/2025,11:54:08 AM,0,0.3036,17.097
8/7/2025,12:09:08 PM,0,0.2996,17.102
8/7/2025,12:24:08 PM,0,0.3018,17.112
8/7/2025,12:39:08 PM,0,0.301,17.118
8/7/2025,12:54:08 PM,0,0.2988,17.129
8/7/2025,1:09:08 PM,0,0.298,17.136
8/7/2025,1:24:08 PM,0,0.2987,17.139
8/7/2025,1:39:08 PM,0,0.2976,17.147
8/7/2025,1:54:08 PM,0,0.2981,17.149
8/7/2025,2:09:08 PM,0,0.2967,17.15
8/7/2025,2:24:08 PM,0,0.2948,17.154
8/7/2025,2:39:08 PM,0,0.2964,17.164
8/7/2025,2:54:08 PM,0,0.2976,17.168
8/7/2025,3:09:08 PM,0,0.2982,17.168
8/7/2025,3:24:08 PM,0,0.2968,17.173
8/7/2025,3:39:08 PM,0,0.294,17.174
8/7/2025,3:54:08 PM,0,0.2902,17.203
8/7/2025,4:09:08 PM,0,0.2893,17.22
8/7/2025,4:24:08 PM,0,0.2935,17.214
8/7/2025,4:39:08 PM,0,0.2929,17.222
8/7/2025,4:54:08 PM,0,0.2965,17.219
8/7/2025,5:09:08 PM,0,0.2988,17.224
8/7/2025,5:24:08 PM,0,0.2994,17.227
8/7/2025,5:39:08 PM,0,0.2977,17.228
8/7/2025,5:54:08 PM,0,0.2987,17.235
8/7/2025,6:09:08 PM,0,0.2977,17.236
8/7/2025,6:24:08 PM,0,0.2984,17.237
8/7/2025,6:39:08 PM,0,0.2964,17.239
8/7/2025,6:54:08 PM,0,0.2998,17.243
8/7/2025,7:09:08 PM,0,0.2984,17.245
8/7/2025,7:24:08 PM,0,0.2989,17.245
8/7/2025,7:39:08 PM,0,0.3021,17.253
8/7/2025,7:54:08 PM,0,0.3045,17.268
8/7/2025,8:09:08 PM,0,0.3054,17.266
8/7/2025,8:24:08 PM,0,0.3096,17.269
8/7/2025,8:39:08 PM,0,0.3068,17.276
8/7/2025,8:54:08 PM,0,0.3083,17.282
8/7/2025,9:09:08 PM,0,0.3077,17.293
8/7/2025,9:24:08 PM,0,0.3051,17.295
8/7/2025,9:39:08 PM,0,0.3029,17.304
8/7/2025,9:54:08 PM,0,0.302,17.315
8/7/2025,10:09:08 PM,0,0.3008,17.322
8/7/2025,10:24:08 PM,0,0.3006,17.322
8/7/2025,10:39:08 PM,0,0.2996,17.331
8/7/2025,10:54:08 PM,0,0.2998,17.333
8/7/2025,11:09:08 PM,0,0.3019,17.349
8/7/2025,11:24:08 PM,0,0.302,17.338
8/7/2025,11:39:08 PM,0,0.2999,17.334
8/7/2025,11:54:08 PM,0,0.2981,17.342
8/8/2025,12:09:08 AM,0,0.3005,17.341
8/8/2025,12:24:08 AM,0,0.2964,17.348
8/8/2025,12:39:08 AM,0,0.2983,17.352
8/8/2025,12:54:08 AM,0,0.2981,17.357
8/8/2025,1:09:08 AM,0,0.3004,17.35
8/8/2025,1:24:08 AM,0,0.2989,17.372
8/8/2025,1:39:08 AM,0,0.3002,17.366
8/8/2025,1:54:08 AM,0,0.3007,17.363
8/8/2025,2:09:08 AM,0,0.3023,17.368
8/8/2025,2:24:08 AM,0,0.3037,17.369
8/8/2025,2:39:08 AM,0,0.3038,17.362
8/8/2025,2:54:08 AM,0,0.3043,17.359
8/8/2025,3:09:08 AM,0,0.3027,17.358
8/8/2025,3:24:08 AM,0,0.3045,17.345
8/8/2025,3:39:08 AM,0,0.3026,17.345
8/8/2025,3:54:08 AM,0,0.3035,17.339
8/8/2025,4:09:08 AM,0,0.3048,17.328
8/8/2025,4:24:08 AM,0,0.3052,17.315
8/8/2025,4:39:08 AM,0,0.3071,17.287
8/8/2025,4:54:08 AM,0,0.3093,17.261
8/8/2025,5:09:08 AM,0,0.3109,17.251
8/8/2025,5:24:08 AM,0,0.3109,17.237
8/8/2025,5:39:08 AM,0,0.3124,17.218
8/8/2025,5:54:08 AM,0,0.3102,17.197
8/8/2025,6:09:08 AM,0,0.3091,17.179
8/8/2025,6:24:08 AM,0,0.3031,17.161
8/8/2025,6:39:08 AM,0,0.3058,17.148
8/8/2025,6:54:08 AM,0,0.3072,17.139
8/8/2025,7:09:08 AM,0,0.3111,17.128
8/8/2025,7:24:08 AM,0,0.3108,17.128
8/8/2025,7:39:08 AM,0,0.3116,17.129
8/8/2025,7:54:08 AM,0,0.309,17.123
8/8/2025,8:09:08 AM,0,0.307,17.121
8/8/2025,8:24:08 AM,0,0.3062,17.121
8/8/2025,8:39:08 AM,0,0.3061,17.116
8/8/2025,8:54:08 AM,0,0.3057,17.115
8/8/2025,9:09:08 AM,0,0.3093,17.119
8/8/2025,9:24:08 AM,0,0.3086,17.125
8/8/2025,9:39:08 AM,0,0.3069,17.127
8/8/2025,9:54:08 AM,0,0.3127,17.132
8/8/2025,10:09:08 AM,0,0.3135,17.137
8/8/2025,10:24:08 AM,0,0.3101,17.144
8/8/2025,10:39:08 AM,0,0.3122,17.155
8/8/2025,10:54:08 AM,0,0.3104,17.159
8/8/2025,11:09:08 AM,0,0.3023,17.167
8/8/2025,11:24:08 AM,0,0.3002,17.173
8/8/2025,11:39:08 AM,0,0.302,17.18
8/8/2025,11:54:08 AM,0,0.2982,17.186
8/8/2025,12:09:08 PM,0,0.2974,17.188
8/8/2025,12:24:08 PM,0,0.3009,17.197
8/8/2025,12:39:08 PM,0,0.3028,17.198
8/8/2025,12:54:08 PM,0,0.3049,17.199
8/8/2025,1:09:08 PM,0,0.3018,17.203
8/8/2025,1:24:08 PM,0,0.3049,17.209
8/8/2025,1:39:08 PM,0,0.3013,17.209
8/8/2025,1:54:08 PM,0,0.3037,17.215
8/8/2025,2:09:08 PM,0,0.2983,17.214
8/8/2025,2:24:08 PM,0,0.2957,17.214
8/8/2025,2:39:08 PM,0,0.2943,17.217
8/8/2025,2:54:08 PM,0,0.292,17.219
8/8/2025,3:09:08 PM,0,0.291,17.22
8/8/2025,3:24:08 PM,0,0.2925,17.221
8/8/2025,3:39:08 PM,0,0.293,17.215
8/8/2025,3:54:08 PM,0,0.2933,17.252
8/8/2025,4:09:08 PM,0,0.2934,17.268
8/8/2025,4:24:08 PM,0,0.295,17.248
8/8/2025,4:39:08 PM,0,0.2968,17.255
8/8/2025,4:54:08 PM,0,0.2983,17.252
8/8/2025,5:09:08 PM,0,0.2981,17.255
8/8/2025,5:24:08 PM,0,0.2993,17.258
8/8/2025,5:39:08 PM,0,0.2988,17.257
8/8/2025,5:54:08 PM,0,0.2986,17.261
8/8/2025,6:09:08 PM,0,0.3006,17.266
8/8/2025,6:24:08 PM,0,0.3012,17.267
8/8/2025,6:39:08 PM,0,0.3019,17.269
8/8/2025,6:54:08 PM,0,0.3034,17.265
8/8/2025,7:09:08 PM,0,0.3018,17.269
8/8/2025,7:24:08 PM,0,0.3026,17.273
8/8/2025,7:39:08 PM,0,0.3036,17.272
8/8/2025,7:54:08 PM,0,0.3039,17.27
8/8/2025,8:09:08 PM,0,0.3071,17.276
8/8/2025,8:24:08 PM,0,0.308,17.285
8/8/2025,8:39:08 PM,0,0.3074,17.292
8/8/2025,8:54:08 PM,0,0.3059,17.293
8/8/2025,9:09:08 PM,0,0.3069,17.298
8/8/2025,9:24:08 PM,0,0.3045,17.303
8/8/2025,9:39:08 PM,0,0.3054,17.307
8/8/2025,9:54:08 PM,0,0.3047,17.312
8/8/2025,10:09:08 PM,0,0.3037,17.317
8/8/2025,10:24:08 PM,0,0.3046,17.32
8/8/2025,10:39:08 PM,0,0.305,17.323
8/8/2025,10:54:08 PM,0,0.3028,17.392
8/8/2025,11:09:08 PM,0,0.3009,17.325
8/8/2025,11:24:08 PM,0,0.3038,17.335
8/8/2025,11:39:08 PM,0,0.3022,17.333
8/8/2025,11:54:08 PM,0,0.303,17.331
8/9/2025,12:09:08 AM,0,0.2514,17.713
8/9/2025,12:24:08 AM,0,0.2538,17.534
8/9/2025,12:39:08 AM,0,0.2524,17.525
8/9/2025,12:54:08 AM,0,0.253,17.524
8/9/2025,1:09:08 AM,0,0.2514,17.517
8/9/2025,1:24:08 AM,0,0.2502,17.515
8/9/2025,1:39:08 AM,0,0.2508,17.511
8/9/2025,1:54:08 AM,0,0.2529,17.511
8/9/2025,2:09:08 AM,0,0.2518,17.505
8/9/2025,2:24:08 AM,0,0.2558,17.503
8/9/2025,2:39:08 AM,0,0.258,17.492
8/9/2025,2:54:08 AM,0,0.2539,17.498
8/9/2025,3:09:08 AM,0,0.2526,17.476
8/9/2025,3:24:08 AM,0,0.254,17.465
8/9/2025,3:39:08 AM,0,0.2526,17.453
8/9/2025,3:54:08 AM,0,0.2528,17.439
8/9/2025,4:09:08 AM,0,0.2535,17.431
8/9/2025,4:24:08 AM,0,0.2562,17.414
8/9/2025,4:39:08 AM,0,0.2574,17.403
8/9/2025,4:54:08 AM,0,0.2561,17.385
8/9/2025,5:09:08 AM,0,0.2577,17.372
8/9/2025,5:24:08 AM,0,0.2561,17.359
8/9/2025,5:39:08 AM,0,0.2567,17.35
8/9/2025,5:54:08 AM,0,0.2584,17.335
8/9/2025,6:09:08 AM,0,0.2632,17.322
8/9/2025,6:24:08 AM,0,0.2621,17.312
8/9/2025,6:39:08 AM,0,0.2652,17.301
8/9/2025,6:54:08 AM,0,0.2652,17.293
8/9/2025,7:09:08 AM,0,0.2638,17.288
8/9/2025,7:24:08 AM,0,0.2604,17.28
8/9/2025,7:39:08 AM,0,0.2586,17.273
8/9/2025,7:54:08 AM,0,0.2562,17.269
8/9/2025,8:09:08 AM,0,0.2565,17.266
8/9/2025,8:24:08 AM,0,0.2559,17.265
8/9/2025,8:39:08 AM,0,0.2578,17.267
8/9/2025,8:54:08 AM,0,0.2592,17.269
8/9/2025,9:09:08 AM,0,0.2595,17.27
8/9/2025,9:24:08 AM,0,0.2602,17.273
8/9/2025,9:39:08 AM,0,0.2584,17.275
8/9/2025,9:54:08 AM,0,0.2561,17.275
8/9/2025,10:09:08 AM,0,0.2559,17.281
8/9/2025,10:24:08 AM,0,0.2575,17.281
8/9/2025,10:39:08 AM,0,0.2607,17.284
8/9/2025,10:54:08 AM,0,0.2621,17.29
8/9/2025,11:09:08 AM,0,0.2631,17.288
8/9/2025,11:24:08 AM,0,0.2608,17.295
8/9/2025,11:39:08 AM,0,0.2605,17.298
8/9/2025,11:54:08 AM,0,0.2541,17.308
8/9/2025,12:09:08 PM,0,0.2515,17.31
8/9/2025,12:24:08 PM,0,0.2484,17.318
8/9/2025,12:39:08 PM,0,0.2482,17.324
8/9/2025,12:54:08 PM,0,0.2472,17.323
8/9/2025,1:09:08 PM,0,0.2475,17.325
8/9/2025,1:24:08 PM,0,0.2485,17.337
8/9/2025,1:39:08 PM,0,0.2467,17.339
8/9/2025,1:54:08 PM,0,0.247,17.346
8/9/2025,2:09:08 PM,0,0.2463,17.346
8/9/2025,2:24:08 PM,0,0.247,17.354
8/9/2025,2:39:08 PM,0,0.2445,17.368
8/9/2025,2:54:08 PM,0,0.2459,17.359
8/9/2025,3:09:08 PM,0,0.2464,17.364
8/9/2025,3:24:08 PM,0,0.2475,17.383
8/9/2025,3:39:08 PM,0,0.246,17.394
8/9/2025,3:54:08 PM,0,0.245,17.519
8/9/2025,4:09:08 PM,0,0.2443,17.425
8/9/2025,4:24:08 PM,0,0.2424,17.432
8/9/2025,4:39:08 PM,0,0.2416,17.441
8/9/2025,4:54:08 PM,0,0.2443,17.434
8/9/2025,5:09:08 PM,0,0.2435,17.432
8/9/2025,5:24:08 PM,0,0.2453,17.434
8/9/2025,5:39:08 PM,0,0.2465,17.429
8/9/2025,5:54:08 PM,0,0.248,17.438
8/9/2025,6:09:08 PM,0,0.2498,17.438
8/9/2025,6:24:08 PM,0,0.2509,17.443
8/9/2025,6:39:08 PM,0,0.2515,17.438
8/9/2025,6:54:08 PM,0,0.2523,17.438
8/9/2025,7:09:08 PM,0,0.2546,17.445
8/9/2025,7:24:08 PM,0,0.2536,17.435
8/9/2025,7:39:08 PM,0,0.2534,17.45
8/9/2025,7:54:08 PM,0,0.2548,17.46
8/9/2025,8:09:08 PM,0,0.2538,17.448
8/9/2025,8:24:08 PM,0,0.2565,17.446
8/9/2025,8:39:08 PM,0,0.2588,17.443
8/9/2025,8:54:08 PM,0,0.2571,17.436
8/9/2025,9:09:08 PM,0,0.2547,17.433
8/9/2025,9:24:08 PM,0,0.254,17.429
8/9/2025,9:39:08 PM,0,0.2496,17.423
8/9/2025,9:54:08 PM,0,0.2505,17.416
8/9/2025,10:09:08 PM,0,0.253,17.416
8/9/2025,10:24:08 PM,0,0.2517,17.41
8/9/2025,10:39:08 PM,0,0.2535,17.4
8/9/2025,10:54:08 PM,0,0.2559,17.394
8/9/2025,11:09:08 PM,0,0.2531,17.387
8/9/2025,11:24:08 PM,0,0.2543,17.383
8/9/2025,11:39:08 PM,0,0.2571,17.378
8/9/2025,11:54:08 PM,0,0.2539,17.37
8/10/2025,12:09:08 AM,0,0.257,17.357
8/10/2025,12:24:08 AM,0,0.2587,17.36
8/10/2025,12:39:08 AM,0,0.2619,17.358
8/10/2025,12:54:08 AM,0,0.26,17.352
8/10/2025,1:09:08 AM,0,0.2588,17.349
8/10/2025,1:24:08 AM,0,0.2596,17.342
8/10/2025,1:39:08 AM,0,0.2582,17.334
8/10/2025,1:54:08 AM,0,0.2571,17.315
8/10/2025,2:09:08 AM,0,0.2588,17.299
8/10/2025,2:24:08 AM,0,0.261,17.277
8/10/2025,2:39:08 AM,0,0.2614,17.264
8/10/2025,2:54:08 AM,0,0.2577,17.243
8/10/2025,3:09:08 AM,0,0.2581,17.259
8/10/2025,3:24:08 AM,0,0.2572,17.261
8/10/2025,3:39:08 AM,0,0.2559,17.252
8/10/2025,3:54:08 AM,0,0.2541,17.241
8/10/2025,4:09:08 AM,0,0.2581,17.233
8/10/2025,4:24:08 AM,0,0.2589,17.216
8/10/2025,4:39:08 AM,0,0.2601,17.206
8/10/2025,4:54:08 AM,0,0.2643,17.179
8/10/2025,5:09:08 AM,0,0.2667,17.162
8/10/2025,5:24:08 AM,0,0.2661,17.15
8/10/2025,5:39:08 AM,0,0.2659,17.142
8/10/2025,5:54:08 AM,0,0.2662,17.149
8/10/2025,6:09:08 AM,0,0.2608,17.138
8/10/2025,6:24:08 AM,0,0.2591,17.116
8/10/2025,6:39:08 AM,0,0.2655,17.095
8/10/2025,6:54:08 AM,0,0.2643,17.078
8/10/2025,7:09:08 AM,0,0.2657,17.084
8/10/2025,7:24:08 AM,0,0.2682,17.069
8/10/2025,7:39:08 AM,0,0.272,17.084
8/10/2025,7:54:08 AM,0,0.2689,17.079
8/10/2025,8:09:08 AM,0,0.2674,17.06
8/10/2025,8:24:08 AM,0,0.2664,17.038
8/10/2025,8:39:08 AM,0,0.2655,17.037
8/10/2025,8:54:08 AM,0,0.2647,17.036
8/10/2025,9:09:08 AM,0,0.2607,17.039
8/10/2025,9:24:08 AM,0,0.262,17.04
8/10/2025,9:39:08 AM,0,0.2634,17.051
8/10/2025,9:54:08 AM,0,0.2623,17.059
8/10/2025,10:09:08 AM,0,0.2619,17.063
8/10/2025,10:24:08 AM,0,0.2594,17.07
8/10/2025,10:39:08 AM,0,0.2593,17.079
8/10/2025,10:54:08 AM,0,0.264,17.089
8/10/2025,11:09:08 AM,0,0.2636,17.104
8/10/2025,11:24:08 AM,0,0.2612,17.121
8/10/2025,11:39:08 AM,0,0.263,17.137
8/10/2025,11:54:08 AM,0,0.2591,17.15
8/10/2025,12:09:08 PM,0,0.2545,17.157
8/10/2025,12:24:08 PM,0,0.2478,17.167
8/10/2025,12:39:08 PM,0,0.2464,17.177
8/10/2025,12:54:08 PM,0,0.244,17.184
8/10/2025,1:09:08 PM,0,0.2439,17.196
8/10/2025,1:24:08 PM,0,0.247,17.191
8/10/2025,1:39:08 PM,0,0.248,17.206
8/10/2025,1:54:08 PM,0,0.2478,17.222
8/10/2025,2:09:08 PM,0,0.2496,17.219
8/10/2025,2:24:08 PM,0,0.2514,17.221
8/10/2025,2:39:08 PM,0,0.2495,17.229
8/10/2025,2:54:08 PM,0,0.2476,17.248
8/10/2025,3:09:08 PM,0,0.2493,17.245
8/10/2025,3:24:08 PM,0,0.2481,17.274
8/10/2025,3:39:08 PM,0,0.2478,17.272
8/10/2025,3:54:08 PM,0,0.2464,17.352
8/10/2025,4:09:08 PM,0,0.2476,17.289
8/10/2025,4:24:08 PM,0,0.2501,17.297
8/10/2025,4:39:08 PM,0,0.2462,17.319
8/10/2025,4:54:08 PM,0,0.2452,17.323
8/10/2025,5:09:08 PM,0,0.2496,17.327
8/10/2025,5:24:08 PM,0,0.2501,17.326
8/10/2025,5:39:08 PM,0,0.2476,17.36
8/10/2025,5:54:08 PM,0,0.2518,17.355
8/10/2025,6:09:08 PM,0,0.2511,17.352
8/10/2025,6:24:08 PM,0,0.2508,17.358
8/10/2025,6:39:08 PM,0,0.2521,17.359
8/10/2025,6:54:08 PM,0,0.2512,17.365
8/10/2025,7:09:08 PM,0,0.2512,17.365
8/10/2025,7:24:08 PM,0,0.2539,17.375
8/10/2025,7:39:08 PM,0,0.2543,17.377
8/10/2025,7:54:08 PM,0,0.2554,17.391
8/10/2025,8:09:08 PM,0,0.2567,17.384
8/10/2025,8:24:08 PM,0,0.2576,17.398
8/10/2025,8:39:08 PM,0,0.259,17.407
8/10/2025,8:54:08 PM,0,0.2625,17.407
8/10/2025,9:09:08 PM,0,0.262,17.398
8/10/2025,9:24:08 PM,0,0.2617,17.409
8/10/2025,9:39:08 PM,0,0.2735,17.393
8/10/2025,9:54:08 PM,0,0.3176,17.625
8/10/2025,10:09:08 PM,0,0.3337,17.713
8/10/2025,10:24:08 PM,0,0.3373,17.875
8/10/2025,10:39:08 PM,0,0.3428,17.807
8/10/2025,10:54:08 PM,0,0.3444,18.093
8/10/2025,11:09:08 PM,0,0.3449,18.216
8/10/2025,11:24:08 PM,0,0.3451,18.216
8/10/2025,11:39:08 PM,0,0.3437,18.129
8/10/2025,11:54:08 PM,0,0.343,18.004
8/11/2025,12:09:08 AM,0,0.344,17.854
8/11/2025,12:24:08 AM,0,0.3432,17.71
8/11/2025,12:39:08 AM,0,0.3413,17.585
8/11/2025,12:54:08 AM,0,0.3401,17.474
8/11/2025,1:09:08 AM,0,0.3409,17.369
8/11/2025,1:24:08 AM,0,0.3407,17.285
8/11/2025,1:39:08 AM,0,0.3434,17.222
8/11/2025,1:54:08 AM,0,0.3428,17.245
8/11/2025,2:09:08 AM,0,0.3443,17.297
8/11/2025,2:24:08 AM,0,0.3474,17.352
8/11/2025,2:39:08 AM,0,0.348,17.42
8/11/2025,2:54:08 AM,0,0.3476,17.477
8/11/2025,3:09:08 AM,0,0.3479,17.531
8/11/2025,3:24:08 AM,0,0.3461,17.588
8/11/2025,3:39:08 AM,0,0.3446,17.651
8/11/2025,3:54:08 AM,0,0.3458,17.706
8/11/2025,4:09:08 AM,0,0.3451,17.777
8/11/2025,4:24:08 AM,0,0.3445,17.83
8/11/2025,4:39:08 AM,0,0.3457,17.88
8/11/2025,4:54:08 AM,0,0.3465,17.942
8/11/2025,5:09:08 AM,0,0.3467,18.001
8/11/2025,5:24:08 AM,0,0.3481,18.041
8/11/2025,5:39:08 AM,0,0.3502,18.113
8/11/2025,5:54:08 AM,0,0.3506,18.204
8/11/2025,6:09:08 AM,0,0.3508,18.277
8/11/2025,6:24:08 AM,0,0.3534,18.315
8/11/2025,6:39:08 AM,0,0.3533,18.329
8/11/2025,6:54:08 AM,0,0.3518,18.363
8/11/2025,7:09:08 AM,0,0.3482,18.396
8/11/2025,7:24:08 AM,0,0.3407,18.447
8/11/2025,7:39:08 AM,0,0.3296,18.508
8/11/2025,7:54:08 AM,0,0.3214,18.546
8/11/2025,8:09:08 AM,0,0.3142,18.601
8/11/2025,8:24:08 AM,0,0.31,18.664
8/11/2025,8:39:08 AM,0,0.306,18.701
8/11/2025,8:54:08 AM,0,0.3029,18.759
8/11/2025,9:09:08 AM,0,0.3005,18.791
8/11/2025,9:24:08 AM,0,0.2991,18.823
8/11/2025,9:39:08 AM,0,0.294,18.855
8/11/2025,9:54:08 AM,0,0.291,18.866
8/11/2025,10:09:08 AM,0,0.2908,18.893
8/11/2025,10:24:08 AM,0,0.2866,18.919
8/11/2025,10:39:08 AM,0,0.2831,18.945
8/11/2025,10:54:08 AM,0,0.2828,18.957
8/11/2025,11:09:08 AM,0,0.2811,19.009
8/11/2025,11:24:08 AM,0,0.2775,18.989
8/11/2025,11:39:08 AM,0,0.2747,18.991
8/11/2025,11:54:08 AM,0,0.2735,19.01
8/11/2025,12:09:08 PM,0,0.2725,19.035
8/11/2025,12:24:08 PM,0,0.2717,19.039
8/11/2025,12:39:08 PM,0,0.2707,19.058
8/11/2025,12:54:08 PM,0,0.2701,19.083
8/11/2025,1:09:08 PM,0,0.2696,19.099
8/11/2025,1:24:08 PM,0,0.2667,19.106
8/11/2025,1:39:08 PM,0,0.2683,19.12
8/11/2025,1:54:08 PM,0,0.2666,19.133
8/11/2025,2:09:08 PM,0,0.2647,19.143
8/11/2025,2:24:08 PM,0,0.2632,19.148
8/11/2025,2:39:08 PM,0,0.2606,19.15
8/11/2025,2:54:08 PM,0,0.2588,19.164
8/11/2025,3:09:08 PM,0,0.2587,19.161
8/11/2025,3:24:08 PM,0,0.2582,19.17
8/11/2025,3:39:08 PM,0,0.2567,19.17
8/11/2025,3:54:08 PM,0,0.2572,19.179
8/11/2025,4:09:08 PM,0,0.2585,19.159
8/11/2025,4:24:08 PM,0,0.2569,19.167
8/11/2025,4:39:08 PM,0,0.2586,19.183
8/11/2025,4:54:08 PM,0,0.2601,19.189
8/11/2025,5:09:08 PM,0,0.2591,19.118
8/11/2025,5:24:08 PM,0,0.2573,19.151
8/11/2025,5:39:08 PM,0,0.2574,19.167
8/11/2025,5:54:08 PM,0,0.2592,19.17
8/11/2025,6:09:08 PM,0,0.2595,19.168
8/11/2025,6:24:08 PM,0,0.2607,19.155
8/11/2025,6:39:08 PM,0,0.2623,19.162
8/11/2025,6:54:08 PM,0,0.2639,19.161
8/11/2025,7:09:08 PM,0,0.2639,19.161
8/11/2025,7:24:08 PM,0,0.2671,19.17
8/11/2025,7:39:08 PM,0,0.2684,19.171
8/11/2025,7:54:08 PM,0,0.2707,19.195
8/11/2025,8:09:08 PM,0,0.2703,19.168
8/11/2025,8:24:08 PM,0,0.2708,19.176
8/11/2025,8:39:08 PM,0,0.2696,19.149
8/11/2025,8:54:08 PM,0,0.2661,19.154
8/11/2025,9:09:08 PM,0,0.2646,19.161
8/11/2025,9:24:08 PM,0,0.2609,19.168
8/11/2025,9:39:08 PM,0,0.2608,19.138
8/11/2025,9:54:08 PM,0,0.2628,19.143
8/11/2025,10:09:08 PM,0,0.289,19.026
8/11/2025,10:24:08 PM,0,0.2886,19.025
8/11/2025,10:39:08 PM,0,0.2918,19.022
8/11/2025,10:54:08 PM,0,0.2912,19.026
8/11/2025,11:09:08 PM,0,0.292,18.997
8/11/2025,11:24:08 PM,0,0.2954,18.982
8/11/2025,11:39:08 PM,0,0.2959,18.97
8/11/2025,11:54:08 PM,0,0.2942,18.952
8/12/2025,12:09:08 AM,0,0.2939,18.923
8/12/2025,12:24:08 AM,0,0.2909,18.9
8/12/2025,12:39:08 AM,0,0.2879,18.873
8/12/2025,12:54:08 AM,0,0.2853,18.862
8/12/2025,1:09:08 AM,0,0.2851,18.827
8/12/2025,1:24:08 AM,0,0.283,18.8
8/12/2025,1:39:08 AM,0,0.2819,18.76
8/12/2025,1:54:08 AM,0,0.2829,18.722
8/12/2025,2:09:08 AM,0,0.285,18.653
8/12/2025,2:24:08 AM,0,0.2866,18.641
8/12/2025,2:39:08 AM,0,0.2865,18.616
8/12/2025,2:54:08 AM,0,0.2902,18.545
8/12/2025,3:09:08 AM,0,0.2923,18.538
8/12/2025,3:24:08 AM,0,0.2923,18.508
8/12/2025,3:39:08 AM,0,0.2937,18.462
8/12/2025,3:54:08 AM,0,0.2931,18.414
8/12/2025,4:09:08 AM,0,0.2939,18.384
8/12/2025,4:24:08 AM,0,0.2923,18.351
8/12/2025,4:39:08 AM,0,0.2924,18.318
8/12/2025,4:54:08 AM,0,0.2971,18.28
8/12/2025,5:09:08 AM,0,0.296,18.23
8/12/2025,5:24:08 AM,0,0.2978,18.173
8/12/2025,5:39:08 AM,0,0.2979,18.134
8/12/2025,5:54:08 AM,0,0.2976,18.094
8/12/2025,6:09:08 AM,0,0.2931,18.078
8/12/2025,6:24:08 AM,0,0.2969,18.041
8/12/2025,6:39:08 AM,0,0.3008,18.046
8/12/2025,6:54:08 AM,0,0.3007,18.033
8/12/2025,7:09:08 AM,0,0.3021,18.031
8/12/2025,7:24:08 AM,0,0.3044,18.012
8/12/2025,7:39:08 AM,0,0.3002,18.009
8/12/2025,7:54:08 AM,0,0.2975,18.005
8/12/2025,8:09:08 AM,0,0.2954,17.983
8/12/2025,8:24:08 AM,0,0.2959,17.973
8/12/2025,8:39:08 AM,0,0.2955,17.928
8/12/2025,8:54:08 AM,0,0.2964,17.94
8/12/2025,9:09:08 AM,0,0.2979,17.936
8/12/2025,9:24:08 AM,0,0.2983,17.936
8/12/2025,9:39:08 AM,0,0.2985,17.918
8/12/2025,9:54:08 AM,0,0.2996,17.913
8/12/2025,10:09:08 AM,0,0.2984,17.95
8/12/2025,10:24:08 AM,0,0.2989,17.961
8/12/2025,10:39:08 AM,0,0.2957,17.948
8/12/2025,10:54:08 AM,0,0.2936,17.971
8/12/2025,11:09:08 AM,0,0.2887,17.976
8/12/2025,11:24:08 AM,0,0.2853,17.986
8/12/2025,11:39:08 AM,0,0.2861,18.006
8/12/2025,11:54:08 AM,0,0.2871,18.021
8/12/2025,12:09:08 PM,0,0.2862,18.026
8/12/2025,12:24:08 PM,0,0.2863,18.032
8/12/2025,12:39:08 PM,0,0.2861,18.052
8/12/2025,12:54:08 PM,0,0.2813,18.056
8/12/2025,1:09:08 PM,0,0.2806,18.107
8/12/2025,1:24:08 PM,0,0.2799,18.066
8/12/2025,1:39:08 PM,0,0.2804,18.083
8/12/2025,1:54:08 PM,0,0.2796,18.086
8/12/2025,2:09:08 PM,0,0.2817,18.122
8/12/2025,2:24:08 PM,0,0.2809,18.089
8/12/2025,2:39:08 PM,0,0.2846,18.105
8/12/2025,2:54:08 PM,0,0.2852,18.106
8/12/2025,3:09:08 PM,0,0.2847,18.119
8/12/2025,3:24:08 PM,0,0.2842,18.129
8/12/2025,3:39:08 PM,0,0.2826,18.136
8/12/2025,3:54:08 PM,0,0.2804,18.171
8/12/2025,4:09:08 PM,0,0.2796,18.17
8/12/2025,4:24:08 PM,0,0.2797,18.147
8/12/2025,4:39:08 PM,0,0.2805,18.227
8/12/2025,4:54:08 PM,0,0.2797,18.212
8/12/2025,5:09:08 PM,0,0.2762,18.175
8/12/2025,5:24:08 PM,0,0.2776,18.246
8/12/2025,5:39:08 PM,0,0.2811,18.2
8/12/2025,5:54:08 PM,0,0.2798,18.17
8/12/2025,6:09:08 PM,0,0.2808,18.166
8/12/2025,6:24:08 PM,0,0.2841,18.191
8/12/2025,6:39:08 PM,0,0.2856,18.218
8/12/2025,6:54:08 PM,0,0.2875,18.233
8/12/2025,7:09:08 PM,0,0.2878,18.214
8/12/2025,7:24:08 PM,0,0.2894,18.215
8/12/2025,7:39:08 PM,0,0.2877,18.273
8/12/2025,7:54:08 PM,0,0.2877,18.216
8/12/2025,8:09:08 PM,0,0.2884,18.222
8/12/2025,8:24:08 PM,0,0.2878,18.22
8/12/2025,8:39:08 PM,0,0.2896,18.223
8/12/2025,8:54:08 PM,0,0.2901,18.23
8/12/2025,9:09:08 PM,0,0.2893,18.231
8/12/2025,9:24:08 PM,0,0.292,18.217
8/12/2025,9:39:08 PM,0,0.2886,18.2
8/12/2025,9:54:08 PM,0,0.2897,18.19
8/12/2025,10:09:08 PM,0,0.2886,18.218
8/12/2025,10:24:08 PM,0,0.2873,18.196
8/12/2025,10:39:08 PM,0,0.2874,18.193
8/12/2025,10:54:08 PM,0,0.3116,18.229
8/12/2025,11:09:08 PM,0,0.3115,18.167
8/12/2025,11:24:08 PM,0,0.3133,18.149
8/12/2025,11:39:08 PM,0,0.3145,18.148
8/12/2025,11:54:08 PM,0,0.3136,18.112
8/13/2025,12:09:08 AM,0,0.3126,18.109
8/13/2025,12:24:08 AM,0,0.3135,18.097
8/13/2025,12:39:08 AM,0,0.3117,18.08
8/13/2025,12:54:08 AM,0,0.3091,18.064
8/13/2025,1:09:08 AM,0,0.3093,18.044
8/13/2025,1:24:08 AM,0,0.3102,18.015
8/13/2025,1:39:08 AM,0,0.3111,17.991
8/13/2025,1:54:08 AM,0,0.31,17.965
8/13/2025,2:09:08 AM,0,0.3127,17.951
8/13/2025,2:24:08 AM,0,0.316,17.92
8/13/2025,2:39:08 AM,0,0.3153,17.908
8/13/2025,2:54:08 AM,0,0.3157,17.88
8/13/2025,3:09:08 AM,0,0.3098,17.859
8/13/2025,3:24:08 AM,0,0.3089,17.811
8/13/2025,3:39:08 AM,0,0.3071,17.783
8/13/2025,3:54:08 AM,0,0.3089,17.751
8/13/2025,4:09:08 AM,0,0.3101,17.722
8/13/2025,4:24:08 AM,0,0.3088,17.695
8/13/2025,4:39:08 AM,0,0.3093,17.67
8/13/2025,4:54:08 AM,0,0.3084,17.632
8/13/2025,5:09:08 AM,0,0.3114,17.626
8/13/2025,5:24:08 AM,0,0.311,17.608
8/13/2025,5:39:08 AM,0,0.3135,17.603
8/13/2025,5:54:08 AM,0,0.3153,17.544
8/13/2025,6:09:08 AM,0,0.3163,17.533
8/13/2025,6:24:08 AM,0,0.315,17.528
8/13/2025,6:39:08 AM,0,0.316,17.494
8/13/2025,6:54:08 AM,0,0.3138,17.488
8/13/2025,7:09:08 AM,0,0.3162,17.477
8/13/2025,7:24:08 AM,0,0.3166,17.472
8/13/2025,7:39:08 AM,0,0.3186,17.475
8/13/2025,7:54:08 AM,0,0.3165,17.478
8/13/2025,8:09:08 AM,0,0.315,17.484
8/13/2025,8:24:08 AM,0,0.3118,17.474
8/13/2025,8:39:08 AM,0,0.311,17.467
8/13/2025,8:54:08 AM,0,0.3123,17.486
8/13/2025,9:09:08 AM,0,0.309,17.493
8/13/2025,9:24:08 AM,0,0.3106,17.495
8/13/2025,9:39:08 AM,0,0.31,17.492
8/13/2025,9:54:08 AM,0,0.3104,17.443
8/13/2025,10:09:08 AM,0,0.3136,17.448
8/13/2025,10:24:08 AM,0,0.3133,17.452
8/13/2025,10:39:08 AM,0,0.3167,17.487
8/13/2025,10:54:08 AM,0,0.3148,17.503
8/13/2025,11:09:08 AM,0,0.3118,17.513
8/13/2025,11:24:08 AM,0,0.3096,17.521
8/13/2025,11:39:08 AM,0,0.3121,17.531
8/13/2025,11:54:08 AM,0,0.3075,17.541
8/13/2025,12:09:08 PM,0,0.3032,17.532
8/13/2025,12:24:08 PM,0,0.3067,17.529
8/13/2025,12:39:08 PM,0,0.3076,17.548
8/13/2025,12:54:08 PM,0,0.3045,17.575
8/13/2025,1:09:08 PM,0,0.3065,17.591
8/13/2025,1:24:08 PM,0,0.305,17.562
8/13/2025,1:39:08 PM,0,0.3018,17.565
8/13/2025,1:54:08 PM,0,0.3003,17.575
8/13/2025,2:09:08 PM,0,0.2973,17.584
8/13/2025,2:24:08 PM,0,0.2991,17.591
8/13/2025,2:39:08 PM,0,0.302,17.601
8/13/2025,2:54:08 PM,0,0.3012,17.607
8/13/2025,3:09:08 PM,0,0.2989,17.613
8/13/2025,3:24:08 PM,0,0.3014,17.614
8/13/2025,3:39:08 PM,0,0.3025,17.622
8/13/2025,3:54:08 PM,0,0.3002,17.652
8/13/2025,4:09:08 PM,0,0.3005,17.652
8/13/2025,4:24:08 PM,0,0.2992,17.652
8/13/2025,4:39:08 PM,0,0.3007,17.678
8/13/2025,4:54:08 PM,0,0.3023,17.671
8/13/2025,5:09:08 PM,0,0.3015,17.671
8/13/2025,5:24:08 PM,0,0.2999,17.668
8/13/2025,5:39:08 PM,0,0.3011,17.668
8/13/2025,5:54:08 PM,0,0.3046,17.673
8/13/2025,6:09:08 PM,0,0.3052,17.675
8/13/2025,6:24:08 PM,0,0.3053,17.678
8/13/2025,6:39:08 PM,0,0.3089,17.681
8/13/2025,6:54:08 PM,0,0.3067,17.686
8/13/2025,7:09:08 PM,0,0.3067,17.688
8/13/2025,7:24:08 PM,0,0.3074,17.683
8/13/2025,7:39:08 PM,0,0.3099,17.684
8/13/2025,7:54:08 PM,0,0.3104,17.695
8/13/2025,8:09:08 PM,0,0.3145,17.724
8/13/2025,8:24:08 PM,0,0.3131,17.725
8/13/2025,8:39:08 PM,0,0.3109,17.715
8/13/2025,8:54:08 PM,0,0.3097,17.719
8/13/2025,9:09:08 PM,0,0.3079,17.721
8/13/2025,9:24:08 PM,0,0.3098,17.795
8/13/2025,9:39:08 PM,0,0.3124,17.754
8/13/2025,9:54:08 PM,0,0.3119,17.731
8/13/2025,10:09:08 PM,0,0.3115,17.736
8/13/2025,10:24:08 PM,0,0.3108,17.777
8/13/2025,10:39:08 PM,0,0.3088,17.771
8/13/2025,10:54:08 PM,0,0.3093,17.789
8/13/2025,11:09:08 PM,0,0.3083,17.747
8/13/2025,11:24:08 PM,0,0.3091,17.731
8/13/2025,11:39:08 PM,0,0.3101,17.72
8/13/2025,11:54:08 PM,0,0.307,17.716
8/14/2025,12:09:08 AM,0,0.3053,17.714
8/14/2025,12:24:08 AM,0,0.3041,17.705
8/14/2025,12:39:08 AM,0,0.3031,17.693
8/14/2025,12:54:08 AM,0,0.304,17.673
8/14/2025,1:09:08 AM,0,0.3051,17.651
8/14/2025,1:24:08 AM,0,0.3054,17.619
8/14/2025,1:39:08 AM,0,0.307,17.578
8/14/2025,1:54:08 AM,0,0.3073,17.563
8/14/2025,2:09:08 AM,0,0.3103,17.549
8/14/2025,2:24:08 AM,0,0.3108,17.535
8/14/2025,2:39:08 AM,0,0.3119,17.517
8/14/2025,2:54:08 AM,0,0.3111,17.487
8/14/2025,3:09:08 AM,0,0.3133,17.487
8/14/2025,3:24:08 AM,0,0.3108,17.498
8/14/2025,3:39:08 AM,0,0.3116,17.473
8/14/2025,3:54:08 AM,0,0.3162,17.459
8/14/2025,4:09:08 AM,0,0.3154,17.457
8/14/2025,4:24:08 AM,0,0.3156,17.403
8/14/2025,4:39:08 AM,0,0.3155,17.393
8/14/2025,4:54:08 AM,0,0.3188,17.381
8/14/2025,5:09:08 AM,0,0.3189,17.387
8/14/2025,5:24:08 AM,0,0.3201,17.389
8/14/2025,5:39:08 AM,0,0.3201,17.354
8/14/2025,5:54:08 AM,0,0.3228,17.328
8/14/2025,6:09:08 AM,0,0.3205,17.304
8/14/2025,6:24:08 AM,0,0.3199,17.289
8/14/2025,6:39:08 AM,0,0.3186,17.274
8/14/2025,6:54:08 AM,0,0.3213,17.266
8/14/2025,7:09:08 AM,0,0.3213,17.271
8/14/2025,7:24:08 AM,0,0.3216,17.286
8/14/2025,7:39:08 AM,0,0.3216,17.297
8/14/2025,7:54:08 AM,0,0.3209,17.298
8/14/2025,8:09:08 AM,0,0.3209,17.285
8/14/2025,8:24:08 AM,0,0.3165,17.271
8/14/2025,8:39:08 AM,0,0.3147,17.262
8/14/2025,8:54:08 AM,0,0.316,17.258
8/14/2025,9:09:08 AM,0,0.3172,17.249
8/14/2025,9:24:08 AM,0,0.3143,17.246
8/14/2025,9:39:08 AM,0,0.3127,17.252
8/14/2025,9:54:08 AM,0,0.3116,17.256
8/14/2025,10:09:08 AM,0,0.3099,17.262
8/14/2025,10:24:08 AM,0,0.3071,17.27
8/14/2025,10:39:08 AM,0,0.3094,17.28
8/14/2025,10:54:08 AM,0,0.3057,17.286
8/14/2025,11:09:08 AM,0,0.3089,17.292
8/14/2025,11:24:08 AM,0,0.3111,17.3
8/14/2025,11:39:08 AM,0,0.3098,17.309
8/14/2025,11:54:08 AM,0,0.31,17.316
8/14/2025,12:09:08 PM,0,0.3089,17.33
8/14/2025,12:24:08 PM,0,0.3069,17.34
8/14/2025,12:39:08 PM,0,0.3063,17.349
8/14/2025,12:54:08 PM,0,0.3029,17.354
8/14/2025,1:09:08 PM,0,0.3042,17.362
8/14/2025,1:24:08 PM,0,0.3032,17.372
8/14/2025,1:39:08 PM,0,0.302,17.378
8/14/2025,1:54:08 PM,0,0.3006,17.382
8/14/2025,2:09:08 PM,0,0.2995,17.387
8/14/2025,2:24:08 PM,0,0.2996,17.399
8/14/2025,2:39:08 PM,0,0.2974,17.4
8/14/2025,2:54:08 PM,0,0.2973,17.406
8/14/2025,3:09:08 PM,0,0.2988,17.413
8/14/2025,3:24:08 PM,0,0.299,17.417
8/14/2025,3:39:08 PM,0,0.3,17.426
8/14/2025,3:54:08 PM,0,0.3004,17.469
8/14/2025,4:09:08 PM,0,0.3032,17.469
8/14/2025,4:24:08 PM,0,0.3024,17.486
8/14/2025,4:39:08 PM,0,0.3035,17.522
8/14/2025,4:54:08 PM,0,0.3054,17.505
8/14/2025,5:09:08 PM,0,0.3046,17.493
8/14/2025,5:24:08 PM,0,0.3051,17.498
8/14/2025,5:39:08 PM,0,0.305,17.504
8/14/2025,5:54:08 PM,0,0.3041,17.495
8/14/2025,6:09:08 PM,0,0.3047,17.501
8/14/2025,6:24:08 PM,0,0.3067,17.506
8/14/2025,6:39:08 PM,0,0.3079,17.512
8/14/2025,6:54:08 PM,0,0.3097,17.519
8/14/2025,7:09:08 PM,0,0.3114,17.526
8/14/2025,7:24:08 PM,0,0.3124,17.538
8/14/2025,7:39:08 PM,0,0.314,17.536
8/14/2025,7:54:08 PM,0,0.3133,17.536
8/14/2025,8:09:08 PM,0,0.3134,17.541
8/14/2025,8:24:08 PM,0,0.3138,17.548
8/14/2025,8:39:08 PM,0,0.3139,17.551
8/14/2025,8:54:08 PM,0,0.3147,17.552
8/14/2025,9:09:08 PM,0,0.3138,17.554
8/14/2025,9:24:08 PM,0,0.3144,17.564
8/14/2025,9:39:08 PM,0,0.3118,17.57
8/14/2025,9:54:08 PM,0,0.3117,17.572
8/14/2025,10:09:08 PM,0,0.3116,17.579
8/14/2025,10:24:08 PM,0,0.31,17.582
8/14/2025,10:39:08 PM,0,0.3103,17.582
8/14/2025,10:54:08 PM,0,0.3126,17.579
8/14/2025,11:09:08 PM,0,0.3136,17.596
8/14/2025,11:24:08 PM,0,0.3134,17.604
8/14/2025,11:39:08 PM,0,0.3132,17.589
8/14/2025,11:54:08 PM,0,0.312,17.6
8/15/2025,12:09:08 AM,0,0.3073,17.589
8/15/2025,12:24:08 AM,0,0.3059,17.581
8/15/2025,12:39:08 AM,0,0.3052,17.607
8/15/2025,12:54:08 AM,0,0.3048,17.581
8/15/2025,1:09:08 AM,0,0.3056,17.575
8/15/2025,1:24:08 AM,0,0.3068,17.555
8/15/2025,1:39:08 AM,0,0.3066,17.537
8/15/2025,1:54:08 AM,0,0.3098,17.513
8/15/2025,2:09:08 AM,0,0.3079,17.498
8/15/2025,2:24:08 AM,0,0.3094,17.484
8/15/2025,2:39:08 AM,0,0.3098,17.474
8/15/2025,2:54:08 AM,0,0.313,17.474
8/15/2025,3:09:08 AM,0,0.3133,17.43
8/15/2025,3:24:08 AM,0,0.3145,17.422
8/15/2025,3:39:08 AM,0,0.3154,17.402
8/15/2025,3:54:08 AM,0,0.3136,17.383
8/15/2025,4:09:08 AM,0,0.3129,17.368
8/15/2025,4:24:08 AM,0,0.3159,17.358
8/15/2025,4:39:08 AM,0,0.3133,17.357
8/15/2025,4:54:08 AM,0,0.3129,17.348
8/15/2025,5:09:08 AM,0,0.3162,17.345
8/15/2025,5:24:08 AM,0,0.3186,17.339
8/15/2025,5:39:08 AM,0,0.3169,17.339
8/15/2025,5:54:08 AM,0,0.32,17.332
8/15/2025,6:09:08 AM,0,0.3184,17.323
8/15/2025,6:24:08 AM,0,0.3174,17.319
8/15/2025,6:39:08 AM,0,0.3171,17.307
8/15/2025,6:54:08 AM,0,0.3188,17.311
8/15/2025,7:09:08 AM,0,0.3224,17.309
8/15/2025,7:24:08 AM,0,0.3207,17.307
8/15/2025,7:39:08 AM,0,0.3249,17.303
8/15/2025,7:54:08 AM,0,0.3266,17.296
8/15/2025,8:09:08 AM,0,0.3254,17.298
8/15/2025,8:24:08 AM,0,0.3226,17.298
8/15/2025,8:39:08 AM,0,0.322,17.3
8/15/2025,8:54:08 AM,0,0.322,17.305
8/15/2025,9:09:08 AM,0,0.3236,17.314
8/15/2025,9:24:08 AM,0,0.3233,17.317
8/15/2025,9:39:08 AM,0,0.3218,17.327
8/15/2025,9:54:08 AM,0,0.3224,17.338
8/15/2025,10:09:08 AM,0,0.3207,17.339
8/15/2025,10:24:08 AM,0,0.3195,17.339
8/15/2025,10:39:08 AM,0,0.3175,17.324
8/15/2025,10:54:08 AM,0,0.3174,17.325
8/15/2025,11:09:08 AM,0,0.3147,17.33
8/15/2025,11:24:08 AM,0,0.3157,17.336
8/15/2025,11:39:08 AM,0,0.3151,17.337
8/15/2025,11:54:08 AM,0,0.3143,17.344
8/15/2025,12:09:08 PM,0,0.3119,17.338
8/15/2025,12:24:08 PM,0,0.3117,17.343
8/15/2025,12:39:08 PM,0,0.3113,17.359
8/15/2025,12:54:08 PM,0,0.3084,17.368
8/15/2025,1:09:08 PM,0,0.3086,17.371
8/15/2025,1:24:08 PM,0,0.3105,17.372
8/15/2025,1:39:08 PM,0,0.3098,17.376
8/15/2025,1:54:08 PM,0,0.307,17.38
8/15/2025,2:09:08 PM,0,0.308,17.384
8/15/2025,2:24:08 PM,0,0.3092,17.402
8/15/2025,2:39:08 PM,0,0.3079,17.39
8/15/2025,2:54:08 PM,0,0.3085,17.394
8/15/2025,3:09:08 PM,0,0.3105,17.404
8/15/2025,3:24:08 PM,0,0.3082,17.407
8/15/2025,3:39:08 PM,0,0.3064,17.417
8/15/2025,3:54:08 PM,0,0.3086,17.419
8/15/2025,4:09:08 PM,0,0.3083,17.423
8/15/2025,4:24:08 PM,0,0.3059,17.43
8/15/2025,4:39:08 PM,0,0.3069,17.455
8/15/2025,4:54:08 PM,0,0.3079,17.461
8/15/2025,5:09:08 PM,0,0.3068,17.445
8/15/2025,5:24:08 PM,0,0.3042,17.452
8/15/2025,5:39:08 PM,0,0.3085,17.44
8/15/2025,5:54:08 PM,0,0.3089,17.436
8/15/2025,6:09:08 PM,0,0.3114,17.451
8/15/2025,6:24:08 PM,0,0.3123,17.452
8/15/2025,6:39:08 PM,0,0.3136,17.456
8/15/2025,6:54:08 PM,0,0.3116,17.456
8/15/2025,7:09:08 PM,0,0.3142,17.465
8/15/2025,7:24:08 PM,0,0.3125,17.466
8/15/2025,7:39:08 PM,0,0.3149,17.465
8/15/2025,7:54:08 PM,0,0.3151,17.465
8/15/2025,8:09:08 PM,0,0.3152,17.467
8/15/2025,8:24:08 PM,0,0.318,17.472
8/15/2025,8:39:08 PM,0,0.319,17.474
8/15/2025,8:54:08 PM,0,0.3169,17.477
8/15/2025,9:09:08 PM,0,0.3158,17.48
8/15/2025,9:24:08 PM,0,0.314,17.484
8/15/2025,9:39:08 PM,0,0.3149,17.486
8/15/2025,9:54:08 PM,0,0.315,17.485
8/15/2025,10:09:08 PM,0,0.3111,17.496
8/15/2025,10:24:08 PM,0,0.313,17.491
8/15/2025,10:39:08 PM,0,0.3126,17.494
8/15/2025,10:54:08 PM,0,0.3121,17.496
8/15/2025,11:09:08 PM,0,0.3124,17.493
8/15/2025,11:24:08 PM,0,0.3124,17.486
8/15/2025,11:39:08 PM,0,0.3124,17.478
8/15/2025,11:54:08 PM,0,0.3142,17.469
8/16/2025,12:09:08 AM,0,0.3125,17.461
8/16/2025,12:24:08 AM,0,0.3125,17.457
8/16/2025,12:39:08 AM,0,0.3109,17.451
8/16/2025,12:54:08 AM,0,0.3113,17.437
8/16/2025,1:09:08 AM,0,0.3113,17.424
8/16/2025,1:24:08 AM,0,0.3125,17.397
8/16/2025,1:39:08 AM,0,0.3128,17.341
8/16/2025,1:54:08 AM,0,0.3136,17.31
8/16/2025,2:09:08 AM,0,0.3145,17.278
8/16/2025,2:24:08 AM,0,0.314,17.25
8/16/2025,2:39:08 AM,0,0.3139,17.23
8/16/2025,2:54:08 AM,0,0.3139,17.235
8/16/2025,3:09:08 AM,0,0.3139,17.255
8/16/2025,3:24:08 AM,0,0.3141,17.179
8/16/2025,3:39:08 AM,0,0.3161,17.174
8/16/2025,3:54:08 AM,0,0.3183,17.163
8/16/2025,4:09:08 AM,0,0.319,17.118
8/16/2025,4:24:08 AM,0,0.3201,17.101
8/16/2025,4:39:08 AM,0,0.3203,17.089
8/16/2025,4:54:08 AM,0,0.3197,17.077
8/16/2025,5:09:08 AM,0,0.3198,17.077
8/16/2025,5:24:08 AM,0,0.32,17.072
8/16/2025,5:39:08 AM,0,0.3217,17.069
8/16/2025,5:54:08 AM,0,0.3231,17.064
8/16/2025,6:09:08 AM,0,0.3255,17.059
8/16/2025,6:24:08 AM,0,0.3213,17.054
8/16/2025,6:39:08 AM,0,0.3204,17.055
8/16/2025,6:54:08 AM,0,0.3192,17.054
8/16/2025,7:09:08 AM,0,0.3181,17.054
8/16/2025,7:24:08 AM,0,0.3184,17.055
8/16/2025,7:39:08 AM,0,0.3192,17.057
8/16/2025,7:54:08 AM,0,0.3179,17.06
8/16/2025,8:09:08 AM,0,0.3161,17.063
8/16/2025,8:24:08 AM,0,0.3158,17.069
8/16/2025,8:39:08 AM,0,0.3169,17.076
8/16/2025,8:54:08 AM,0,0.3165,17.085
8/16/2025,9:09:08 AM,0,0.3164,17.09
8/16/2025,9:24:08 AM,0,0.3186,17.099
8/16/2025,9:39:08 AM,0,0.3188,17.109
8/16/2025,9:54:08 AM,0,0.3167,17.116
8/16/2025,10:09:08 AM,0,0.3148,17.122
8/16/2025,10:24:08 AM,0,0.3135,17.135
8/16/2025,10:39:08 AM,0,0.3129,17.143
8/16/2025,10:54:08 AM,0,0.3107,17.149
8/16/2025,11:09:08 AM,0,0.3092,17.158
8/16/2025,11:24:08 AM,0,0.3103,17.152
8/16/2025,11:39:08 AM,0,0.3088,17.159
8/16/2025,11:54:08 AM,0,0.3082,17.164
8/16/2025,12:09:08 PM,0,0.3069,17.156
8/16/2025,12:24:08 PM,0,0.308,17.163
8/16/2025,12:39:08 PM,0,0.3086,17.171
8/16/2025,12:54:08 PM,0,0.3096,17.18
8/16/2025,1:09:08 PM,0,0.3085,17.188
8/16/2025,1:24:08 PM,0,0.3079,17.192
8/16/2025,1:39:08 PM,0,0.3047,17.203
8/16/2025,1:54:08 PM,0,0.3018,17.208
8/16/2025,2:09:08 PM,0,0.3021,17.211
8/16/2025,2:24:08 PM,0,0.3022,17.216
8/16/2025,2:39:08 PM,0,0.3035,17.216
8/16/2025,2:54:08 PM,0,0.3024,17.233
8/16/2025,3:09:08 PM,0,0.3013,17.231
8/16/2025,3:24:08 PM,0,0.3029,17.242
8/16/2025,3:39:08 PM,0,0.3019,17.239
8/16/2025,3:54:08 PM,0,0.3014,17.321
8/16/2025,4:09:08 PM,0,0.3019,17.298
8/16/2025,4:24:08 PM,0,0.3013,17.303
8/16/2025,4:39:08 PM,0,0.2984,17.317
8/16/2025,4:54:08 PM,0,0.299,17.314
8/16/2025,5:09:08 PM,0,0.2999,17.307
8/16/2025,5:24:08 PM,0,0.2993,17.311
8/16/2025,5:39:08 PM,0,0.2991,17.309
8/16/2025,5:54:08 PM,0,0.3031,17.31
8/16/2025,6:09:08 PM,0,0.3059,17.313
8/16/2025,6:24:08 PM,0,0.3039,17.315
8/16/2025,6:39:08 PM,0,0.3032,17.317
8/16/2025,6:54:08 PM,0,0.3046,17.32
8/16/2025,7:09:08 PM,0,0.3013,17.32
8/16/2025,7:24:08 PM,0,0.3043,17.335
8/16/2025,7:39:08 PM,0,0.307,17.327
8/16/2025,7:54:08 PM,0,0.3127,17.329
8/16/2025,8:09:08 PM,0,0.3173,17.351
8/16/2025,8:24:08 PM,0,0.3189,17.355
8/16/2025,8:39:08 PM,0,0.319,17.354
8/16/2025,8:54:08 PM,0,0.3184,17.361
8/16/2025,9:09:08 PM,0,0.313,17.369
8/16/2025,9:24:08 PM,0,0.3121,17.385
8/16/2025,9:39:08 PM,0,0.3113,17.396
8/16/2025,9:54:08 PM,0,0.3091,17.401
8/16/2025,10:09:08 PM,0,0.31,17.425
8/16/2025,10:24:08 PM,0,0.3098,17.432
8/16/2025,10:39:08 PM,0,0.311,17.442
8/16/2025,10:54:08 PM,0,0.3116,17.449
8/16/2025,11:09:08 PM,0,0.3113,17.46
8/16/2025,11:24:08 PM,0,0.3092,17.464
8/16/2025,11:39:08 PM,0,0.3084,17.468
8/16/2025,11:54:08 PM,0,0.3069,17.462
8/17/2025,12:09:08 AM,0,0.3078,17.451
8/17/2025,12:24:08 AM,0,0.3074,17.461
8/17/2025,12:39:08 AM,0,0.3094,17.476
8/17/2025,12:54:08 AM,0,0.3072,17.486
8/17/2025,1:09:08 AM,0,0.3072,17.484
8/17/2025,1:24:08 AM,0,0.3092,17.491
8/17/2025,1:39:08 AM,0,0.3088,17.487
8/17/2025,1:54:08 AM,0,0.3106,17.491
8/17/2025,2:09:08 AM,0,0.3115,17.489
8/17/2025,2:24:08 AM,0,0.3096,17.489
8/17/2025,2:39:08 AM,0,0.3096,17.482
8/17/2025,2:54:08 AM,0,0.309,17.499
8/17/2025,3:09:08 AM,0,0.3066,17.447
8/17/2025,3:24:08 AM,0,0.3086,17.446
8/17/2025,3:39:08 AM,0,0.3086,17.437
8/17/2025,3:54:08 AM,0,0.3084,17.431
8/17/2025,4:09:08 AM,0,0.3105,17.427
8/17/2025,4:24:08 AM,0,0.3121,17.425
8/17/2025,4:39:08 AM,0,0.3144,17.428
8/17/2025,4:54:08 AM,0,0.3182,17.442
8/17/2025,5:09:08 AM,0,0.3204,17.433
8/17/2025,5:24:08 AM,0,0.3214,17.422
8/17/2025,5:39:08 AM,0,0.321,17.42
8/17/2025,5:54:08 AM,0,0.3221,17.42
8/17/2025,6:09:08 AM,0,0.3202,17.42
8/17/2025,6:24:08 AM,0,0.3198,17.421
8/17/2025,6:39:08 AM,0,0.3201,17.424
8/17/2025,6:54:08 AM,0,0.3203,17.426
8/17/2025,7:09:08 AM,0,0.3195,17.429
8/17/2025,7:24:08 AM,0,0.3177,17.426
8/17/2025,7:39:08 AM,0,0.3166,17.428
8/17/2025,7:54:08 AM,0,0.3152,17.427
8/17/2025,8:09:08 AM,0,0.3148,17.433
8/17/2025,8:24:08 AM,0,0.3139,17.436
8/17/2025,8:39:08 AM,0,0.3151,17.439
8/17/2025,8:54:08 AM,0,0.3177,17.44
8/17/2025,9:09:08 AM,0,0.3185,17.443
8/17/2025,9:24:08 AM,0,0.3178,17.446
8/17/2025,9:39:08 AM,0,0.3148,17.446
8/17/2025,9:54:08 AM,0,0.3163,17.457
8/17/2025,10:09:08 AM,0,0.3129,17.46
8/17/2025,10:24:08 AM,0,0.3099,17.466
8/17/2025,10:39:08 AM,0,0.3108,17.47
8/17/2025,10:54:08 AM,0,0.3088,17.472
8/17/2025,11:09:08 AM,0,0.3052,17.47
8/17/2025,11:24:08 AM,0,0.3067,17.48
8/17/2025,11:39:08 AM,0,0.3061,17.484
8/17/2025,11:54:08 AM,0,0.3061,17.492
8/17/2025,12:09:08 PM,0,0.3079,17.498
8/17/2025,12:24:08 PM,0,0.3111,17.506
8/17/2025,12:39:08 PM,0,0.313,17.507
8/17/2025,12:54:08 PM,0,0.311,17.513
8/17/2025,1:09:08 PM,0,0.3099,17.52
8/17/2025,1:24:08 PM,0,0.3093,17.517
8/17/2025,1:39:08 PM,0,0.3046,17.522
8/17/2025,1:54:08 PM,0,0.3033,17.529
8/17/2025,2:09:08 PM,0,0.2992,17.536
8/17/2025,2:24:08 PM,0,0.2997,17.54
8/17/2025,2:39:08 PM,0,0.2972,17.545
8/17/2025,2:54:08 PM,0,0.2965,17.548
8/17/2025,3:09:08 PM,0,0.2962,17.554
8/17/2025,3:24:08 PM,0,0.2987,17.554
8/17/2025,3:39:08 PM,0,0.3024,17.559
8/17/2025,3:54:08 PM,0,0.3019,17.6
8/17/2025,4:09:08 PM,0,0.3037,17.579
8/17/2025,4:24:08 PM,0,0.3042,17.577
8/17/2025,4:39:08 PM,0,0.3022,17.593
8/17/2025,4:54:08 PM,0,0.302,17.583
8/17/2025,5:09:08 PM,0,0.3016,17.581
8/17/2025,5:24:08 PM,0,0.3019,17.586
8/17/2025,5:39:08 PM,0,0.3006,17.59
8/17/2025,5:54:08 PM,0,0.3026,17.597
8/17/2025,6:09:08 PM,0,0.3016,17.595
8/17/2025,6:24:08 PM,0,0.303,17.597
8/17/2025,6:39:08 PM,0,0.3037,17.595
8/17/2025,6:54:08 PM,0,0.3062,17.595
8/17/2025,7:09:08 PM,0,0.3074,17.597
8/17/2025,7:24:08 PM,0,0.3066,17.601
8/17/2025,7:39:08 PM,0,0.306,17.603
8/17/2025,7:54:08 PM,0,0.3082,17.651
8/17/2025,8:09:08 PM,0,0.3105,17.63
8/17/2025,8:24:08 PM,0,0.3107,17.642
8/17/2025,8:39:08 PM,0,0.3116,17.637
8/17/2025,8:54:08 PM,0,0.3117,17.64
8/17/2025,9:09:08 PM,0,0.3086,17.659
8/17/2025,9:24:08 PM,0,0.3071,17.658
8/17/2025,9:39:08 PM,0,0.3074,17.663
8/17/2025,9:54:08 PM,0,0.3079,17.67
8/17/2025,10:09:08 PM,0,0.309,17.668
8/17/2025,10:24:08 PM,0,0.3089,17.668
8/17/2025,10:39:08 PM,0,0.308,17.672
8/17/2025,10:54:08 PM,0,0.3083,17.682
8/17/2025,11:09:08 PM,0,0.31,17.683
8/17/2025,11:24:08 PM,0,0.3112,17.685
8/17/2025,11:39:08 PM,0,0.3103,17.695
8/17/2025,11:54:08 PM,0,0.312,17.709
8/18/2025,12:09:08 AM,0,0.312,17.702
8/18/2025,12:24:08 AM,0,0.3106,17.703
8/18/2025,12:39:08 AM,0,0.3106,17.706
8/18/2025,12:54:08 AM,0,0.3113,17.725
8/18/2025,1:09:08 AM,0,0.3124,17.737
8/18/2025,1:24:08 AM,0,0.3104,17.733
8/18/2025,1:39:08 AM,0,0.3104,17.736
8/18/2025,1:54:08 AM,0,0.313,17.734
8/18/2025,2:09:08 AM,0,0.3134,17.731
8/18/2025,2:24:08 AM,0,0.3271,17.72
8/18/2025,2:39:08 AM,0,0.3529,17.777
8/18/2025,2:54:08 AM,0,0.3696,17.891
8/18/2025,3:09:08 AM,0,0.3715,17.989
8/18/2025,3:24:08 AM,0,0.377,18.068
8/18/2025,3:39:08 AM,0,0.378,18.128
8/18/2025,3:54:08 AM,0,0.3811,18.228
8/18/2025,4:09:08 AM,0,0.3803,18.384
8/18/2025,4:24:08 AM,0,0.3823,18.418
8/18/2025,4:39:08 AM,0,0.3838,18.411
8/18/2025,4:54:08 AM,0,0.3846,18.395
8/18/2025,5:09:08 AM,0,0.3857,18.371
8/18/2025,5:24:08 AM,0,0.3863,18.331
8/18/2025,5:39:08 AM,0,0.3882,18.286
8/18/2025,5:54:08 AM,0,0.385,18.224
8/18/2025,6:09:08 AM,0,0.3839,18.151
8/18/2025,6:24:08 AM,0,0.3827,18.101
8/18/2025,6:39:08 AM,0,0.3825,18.059
8/18/2025,6:54:08 AM,0,0.3821,18.007
8/18/2025,7:09:08 AM,0,0.3817,17.969
8/18/2025,7:24:08 AM,0,0.3789,17.94
8/18/2025,7:39:08 AM,0,0.376,17.912
8/18/2025,7:54:08 AM,0,0.3685,17.897
8/18/2025,8:09:08 AM,0,0.3639,17.892
8/18/2025,8:24:08 AM,0,0.3571,17.897
8/18/2025,8:39:08 AM,0,0.3519,17.906
8/18/2025,8:54:08 AM,0,0.3476,17.915
8/18/2025,9:09:08 AM,0,0.3434,17.923
8/18/2025,9:24:08 AM,0,0.3413,17.938
8/18/2025,9:39:08 AM,0,0.339,17.971
8/18/2025,9:54:08 AM,0,0.3362,18.043
8/18/2025,10:09:08 AM,0,0.3321,18.079
8/18/2025,10:24:08 AM,0,0.3315,18.129
8/18/2025,10:39:08 AM,0,0.3306,18.18
8/18/2025,10:54:08 AM,0,0.3283,18.2
8/18/2025,11:09:08 AM,0,0.3264,18.197
8/18/2025,11:24:08 AM,0,0.3252,18.205
8/18/2025,11:39:08 AM,0,0.3256,18.208
8/18/2025,11:54:08 AM,0,0.3239,18.224
8/18/2025,12:09:08 PM,0,0.3206,18.23
8/18/2025,12:24:08 PM,0,0.3177,18.235
8/18/2025,12:39:08 PM,0,0.3176,18.242
8/18/2025,12:54:08 PM,0,0.317,18.275
8/18/2025,1:09:08 PM,0,0.3168,18.288
8/18/2025,1:24:08 PM,0,0.3165,18.312
8/18/2025,1:39:08 PM,0,0.3145,18.329
8/18/2025,1:54:08 PM,0,0.3144,18.324
8/18/2025,2:09:08 PM,0,0.3131,18.322
8/18/2025,2:24:08 PM,0,0.313,18.321
8/18/2025,2:39:08 PM,0,0.315,18.323
8/18/2025,2:54:08 PM,0,0.3155,18.339
8/18/2025,3:09:08 PM,0,0.3142,18.347
8/18/2025,3:24:08 PM,0,0.3144,18.341
8/18/2025,3:39:08 PM,0,0.3121,18.36
8/18/2025,3:54:08 PM,0,0.3101,18.4
8/18/2025,4:09:08 PM,0,0.3092,18.401
8/18/2025,4:24:08 PM,0,0.3095,18.403
8/18/2025,4:39:08 PM,0,0.3113,18.412
8/18/2025,4:54:08 PM,0,0.3129,18.404
8/18/2025,5:09:08 PM,0,0.3117,18.398
8/18/2025,5:24:08 PM,0,0.3104,18.395
8/18/2025,5:39:08 PM,0,0.3096,18.396
8/18/2025,5:54:08 PM,0,0.3095,18.401
8/18/2025,6:09:08 PM,0,0.3094,18.405
8/18/2025,6:24:08 PM,0,0.309,18.407
8/18/2025,6:39:08 PM,0,0.3111,18.407
8/18/2025,6:54:08 PM,0,0.3141,18.406
8/18/2025,7:09:08 PM,0,0.3146,18.407
8/18/2025,7:24:08 PM,0,0.3143,18.404
8/18/2025,7:39:08 PM,0,0.3139,18.409
8/18/2025,7:54:08 PM,0,0.3149,18.41
8/18/2025,8:09:08 PM,0,0.3172,18.466
8/18/2025,8:24:08 PM,0,0.3163,18.466
8/18/2025,8:39:08 PM,0,0.3186,18.474
8/18/2025,8:54:08 PM,0,0.3162,18.506
8/18/2025,9:09:08 PM,0,0.3169,18.498
8/18/2025,9:24:08 PM,0,0.3155,18.504
8/18/2025,9:39:08 PM,0,0.3175,18.507
8/18/2025,9:54:08 PM,0,0.3179,18.519
8/18/2025,10:09:08 PM,0,0.3182,18.505
8/18/2025,10:24:08 PM,0,0.3192,18.517
8/18/2025,10:39:08 PM,0,0.3181,18.519
8/18/2025,10:54:08 PM,0,0.3181,18.519
8/18/2025,11:09:08 PM,0,0.3192,18.522
8/18/2025,11:24:08 PM,0,0.3184,18.524
8/18/2025,11:39:08 PM,0,0.3194,18.533
8/18/2025,11:54:08 PM,0,0.3187,18.549
8/19/2025,12:09:08 AM,0,0.3182,18.562
8/19/2025,12:24:08 AM,0,0.3148,18.574
8/19/2025,12:39:08 AM,0,0.3136,18.578
8/19/2025,12:54:08 AM,0,0.3168,18.575
8/19/2025,1:09:08 AM,0,0.3166,18.617
8/19/2025,1:24:08 AM,0,0.3174,18.62
8/19/2025,1:39:08 AM,0,0.3196,18.618
8/19/2025,1:54:08 AM,0,0.3187,18.619
8/19/2025,2:09:08 AM,0,0.3228,18.622
8/19/2025,2:24:08 AM,0,0.3246,18.615
8/19/2025,2:39:08 AM,0,0.3208,18.609
8/19/2025,2:54:08 AM,0,0.3214,18.62
8/19/2025,3:09:08 AM,0,0.3209,18.615
8/19/2025,3:24:08 AM,0,0.3201,18.615
8/19/2025,3:39:08 AM,0,0.3193,18.621
8/19/2025,3:54:08 AM,0,0.323,18.622
8/19/2025,4:09:08 AM,0,0.3246,18.627
8/19/2025,4:24:08 AM,0,0.3266,18.63
8/19/2025,4:39:08 AM,0,0.3293,18.621
8/19/2025,4:54:08 AM,0,0.3303,18.643
8/19/2025,5:09:08 AM,0,0.3318,18.641
8/19/2025,5:24:08 AM,0,0.3311,18.643
8/19/2025,5:39:08 AM,0,0.3329,18.648
8/19/2025,5:54:08 AM,0,0.331,18.641
8/19/2025,6:09:08 AM,0,0.33,18.648
8/19/2025,6:24:08 AM,0,0.329,18.65
8/19/2025,6:39:08 AM,0,0.3295,18.646
8/19/2025,6:54:08 AM,0,0.3279,18.645
8/19/2025,7:09:08 AM,0,0.3277,18.638
8/19/2025,7:24:08 AM,0,0.3277,18.636
8/19/2025,7:39:08 AM,0,0.3263,18.629
8/19/2025,7:54:08 AM,0,0.3256,18.636
8/19/2025,8:09:08 AM,0,0.3253,18.642
8/19/2025,8:24:08 AM,0,0.3228,18.63
8/19/2025,8:39:08 AM,0,0.3229,18.636
8/19/2025,8:54:08 AM,0,0.3236,18.612
8/19/2025,9:09:08 AM,0,0.3246,18.599
8/19/2025,9:24:08 AM,0,0.3241,18.591
8/19/2025,9:39:08 AM,0,0.3241,18.591
8/19/2025,9:54:08 AM,0,0.3213,18.579
8/19/2025,10:09:08 AM,0,0.3229,18.598
8/19/2025,10:24:08 AM,0,0.3213,18.589
8/19/2025,10:39:08 AM,0,0.3212,18.577
8/19/2025,10:54:08 AM,0,0.3206,18.583
8/19/2025,11:09:08 AM,0,0.3184,18.579
8/19/2025,11:24:08 AM,0,0.3165,18.576
8/19/2025,11:39:08 AM,0,0.3147,18.562
8/19/2025,11:54:08 AM,0,0.3154,18.554
8/19/2025,12:09:08 PM,0,0.3161,18.56
8/19/2025,12:24:08 PM,0,0.3169,18.549
8/19/2025,12:39:08 PM,0,0.3172,18.549
8/19/2025,12:54:08 PM,0,0.318,18.557
8/19/2025,1:09:08 PM,0,0.3159,18.543
8/19/2025,1:24:08 PM,0,0.3142,18.54
8/19/2025,1:39:08 PM,0,0.3087,18.536
8/19/2025,1:54:08 PM,0,0.31,18.531
8/19/2025,2:09:08 PM,0,0.3066,18.531
8/19/2025,2:24:08 PM,0,0.3074,18.528
8/19/2025,2:39:08 PM,0,0.3078,18.524
8/19/2025,2:54:08 PM,0,0.3071,18.523
8/19/2025,3:09:08 PM,0,0.3086,18.521
8/19/2025,3:24:08 PM,0,0.3077,18.526
8/19/2025,3:39:08 PM,0,0.3103,18.531
8/19/2025,3:54:08 PM,0,0.3104,18.575
8/19/2025,4:09:08 PM,0,0.3114,18.562
8/19/2025,4:24:08 PM,0,0.3099,18.552
8/19/2025,4:39:08 PM,0,0.3076,18.592
8/19/2025,4:54:08 PM,0,0.3087,18.572
8/19/2025,5:09:08 PM,0,0.3094,18.561
8/19/2025,5:24:08 PM,0,0.307,18.552
8/19/2025,5:39:08 PM,0,0.308,18.548
8/19/2025,5:54:08 PM,0,0.31,18.543
8/19/2025,6:09:08 PM,0,0.3099,18.544
8/19/2025,6:24:08 PM,0,0.3131,18.548
8/19/2025,6:39:08 PM,0,0.3133,18.548
8/19/2025,6:54:08 PM,0,0.3136,18.553
8/19/2025,7:09:08 PM,0,0.3109,18.577
8/19/2025,7:24:08 PM,0,0.3101,18.582
8/19/2025,7:39:08 PM,0,0.3113,18.578
8/19/2025,7:54:08 PM,0,0.3114,18.574
8/19/2025,8:09:08 PM,0,0.3159,18.583
8/19/2025,8:24:08 PM,0,0.3163,18.579
8/19/2025,8:39:08 PM,0,0.3166,18.613
8/19/2025,8:54:08 PM,0,0.3152,18.589
8/19/2025,9:09:08 PM,0,0.3143,18.585
8/19/2025,9:24:08 PM,0,0.3124,18.607
8/19/2025,9:39:08 PM,0,0.3128,18.597
8/19/2025,9:54:08 PM,0,0.315,18.592
8/19/2025,10:09:08 PM,0,0.3147,18.592
8/19/2025,10:24:08 PM,0,0.3125,18.588
8/19/2025,10:39:08 PM,0,0.314,18.585
8/19/2025,10:54:08 PM,0,0.3147,18.586
8/19/2025,11:09:08 PM,0,0.3116,18.589
8/19/2025,11:24:08 PM,0,0.3105,18.598
8/19/2025,11:39:08 PM,0,0.3131,18.605
8/19/2025,11:54:08 PM,0,0.3113,18.609
8/20/2025,12:09:08 AM,0,0.3117,18.605
8/20/2025,12:24:08 AM,0,0.3117,18.63
8/20/2025,12:39:08 AM,0,0.3132,18.621
8/20/2025,12:54:08 AM,0,0.3124,18.625
8/20/2025,1:09:08 AM,0,0.3116,18.623
8/20/2025,1:24:08 AM,0,0.3127,18.63
8/20/2025,1:39:08 AM,0,0.3127,18.628
8/20/2025,1:54:08 AM,0,0.3126,18.627
8/20/2025,2:09:08 AM,0,0.3148,18.634
8/20/2025,2:24:08 AM,0,0.2777,18.882
8/20/2025,2:39:08 AM,0,0.2758,18.802
8/20/2025,2:54:08 AM,0,0.2816,18.672
8/20/2025,3:09:08 AM,0,0.2791,18.724
8/20/2025,3:24:08 AM,0,0.2802,18.725
8/20/2025,3:39:08 AM,0,0.2795,18.746
8/20/2025,3:54:08 AM,0,0.2804,18.743
8/20/2025,4:09:08 AM,0,0.2811,18.737
8/20/2025,4:24:08 AM,0,0.2816,18.739
8/20/2025,4:39:08 AM,0,0.2788,18.734
8/20/2025,4:54:08 AM,0,0.2814,18.732
8/20/2025,5:09:08 AM,0,0.2853,18.726
8/20/2025,5:24:08 AM,0,0.2879,18.732
8/20/2025,5:39:08 AM,0,0.2875,18.725
8/20/2025,5:54:08 AM,0,0.2894,18.723
8/20/2025,6:09:08 AM,0,0.2908,18.727
8/20/2025,6:24:08 AM,0,0.2893,18.725
8/20/2025,6:39:08 AM,0,0.2929,18.728
8/20/2025,6:54:08 AM,0,0.289,18.723
8/20/2025,7:09:08 AM,0,0.2922,18.721
8/20/2025,7:24:08 AM,0,0.2953,18.723
8/20/2025,7:39:08 AM,0,0.2938,18.715
8/20/2025,7:54:08 AM,0,0.2932,18.706
8/20/2025,8:09:08 AM,0,0.2923,18.701
8/20/2025,8:24:08 AM,0,0.2925,18.709
8/20/2025,8:39:08 AM,0,0.2902,18.709
8/20/2025,8:54:08 AM,0,0.2919,18.699
8/20/2025,9:09:08 AM,0,0.2915,18.702
8/20/2025,9:24:08 AM,0,0.2889,18.71
8/20/2025,9:39:08 AM,0,0.2877,18.731
8/20/2025,9:54:08 AM,0,0.2864,18.728
8/20/2025,10:09:08 AM,0,0.2842,18.727
8/20/2025,10:24:08 AM,0,0.2833,18.719
8/20/2025,10:39:08 AM,0,0.2829,18.715
8/20/2025,10:54:08 AM,0,0.2807,18.712
8/20/2025,11:09:08 AM,0,0.2789,18.723
8/20/2025,11:24:08 AM,0,0.2778,18.737
8/20/2025,11:39:08 AM,0,0.2776,18.721
8/20/2025,11:54:08 AM,0,0.275,18.713
8/20/2025,12:09:08 PM,0,0.2765,18.708
8/20/2025,12:24:08 PM,0,0.2783,18.707
8/20/2025,12:39:08 PM,0,0.2764,18.695
8/20/2025,12:54:08 PM,0,0.2759,18.689
8/20/2025,1:09:08 PM,0,0.2785,18.68
8/20/2025,1:24:08 PM,0,0.2752,18.675
8/20/2025,1:39:08 PM,0,0.273,18.669
8/20/2025,1:54:08 PM,0,0.2697,18.665
8/20/2025,2:09:08 PM,0,0.2695,18.662
8/20/2025,2:24:08 PM,0,0.2685,18.656
8/20/2025,2:39:08 PM,0,0.266,18.651
8/20/2025,2:54:08 PM,0,0.2665,18.677
8/20/2025,3:09:08 PM,0,0.2692,18.674
8/20/2025,3:24:08 PM,0,0.2691,18.663
8/20/2025,3:39:08 PM,0,0.2699,18.664
8/20/2025,3:54:08 PM,0,0.2725,18.708
8/20/2025,4:09:08 PM,0,0.2755,18.704
8/20/2025,4:24:08 PM,0,0.2749,18.696
8/20/2025,4:39:08 PM,0,0.2771,18.742
8/20/2025,4:54:08 PM,0,0.278,18.718
8/20/2025,5:09:08 PM,0,0.276,18.702
8/20/2025,5:24:08 PM,0,0.2794,18.698
8/20/2025,5:39:08 PM,0,0.2768,18.695
8/20/2025,5:54:08 PM,0,0.2766,18.688
8/20/2025,6:09:08 PM,0,0.2785,18.689
8/20/2025,6:24:08 PM,0,0.2822,18.682
8/20/2025,6:39:08 PM,0,0.282,18.681
8/20/2025,6:54:08 PM,0,0.2842,18.682
8/20/2025,7:09:08 PM,0,0.2845,18.679
8/20/2025,7:24:08 PM,0,0.2863,18.684
8/20/2025,7:39:08 PM,0,0.2856,18.683
8/20/2025,7:54:08 PM,0,0.2857,18.686
8/20/2025,8:09:08 PM,0,0.2839,18.825
8/20/2025,8:24:08 PM,0,0.2848,18.83
8/20/2025,8:39:08 PM,0,0.2847,18.838
8/20/2025,8:54:08 PM,0,0.2832,18.834
8/20/2025,9:09:08 PM,0,0.2845,18.822
8/20/2025,9:24:08 PM,0,0.2841,18.815
8/20/2025,9:39:08 PM,0,0.2824,18.858
8/20/2025,9:54:08 PM,0,0.2828,18.858
8/20/2025,10:09:08 PM,0,0.2808,18.863
8/20/2025,10:24:08 PM,0,0.2785,18.868
8/20/2025,10:39:08 PM,0,0.2794,18.86
8/20/2025,10:54:08 PM,0,0.2827,18.863
8/20/2025,11:09:08 PM,0,0.2818,18.862
8/20/2025,11:24:08 PM,0,0.2822,18.858
8/20/2025,11:39:08 PM,0,0.2833,18.856
8/20/2025,11:54:08 PM,0,0.2795,18.858
8/21/2025,12:09:08 AM,0,0.2776,18.856
8/21/2025,12:24:08 AM,0,0.2791,18.858
8/21/2025,12:39:08 AM,0,0.2797,18.864
8/21/2025,12:54:08 AM,0,0.2806,18.887
8/21/2025,1:09:08 AM,0,0.2804,18.883
8/21/2025,1:24:08 AM,0,0.2852,18.88
8/21/2025,1:39:08 AM,0,0.287,18.88
8/21/2025,1:54:08 AM,0,0.2873,18.877
8/21/2025,2:09:08 AM,0,0.2855,18.882
8/21/2025,2:24:08 AM,0,0.2846,18.887
8/21/2025,2:39:08 AM,0,0.2847,18.881
8/21/2025,2:54:08 AM,0,0.2855,18.883
8/21/2025,3:09:08 AM,0,0.2844,18.875
8/21/2025,3:24:08 AM,0,0.2864,18.878
8/21/2025,3:39:08 AM,0,0.2891,18.873
8/21/2025,3:54:08 AM,0,0.2906,18.854
8/21/2025,4:09:08 AM,0,0.2886,18.847
8/21/2025,4:24:08 AM,0,0.2875,18.846
8/21/2025,4:39:08 AM,0,0.2868,18.854
8/21/2025,4:54:08 AM,0,0.2876,18.857
8/21/2025,5:09:08 AM,0,0.2906,18.878
8/21/2025,5:24:08 AM,0,0.2901,18.873
8/21/2025,5:39:08 AM,0,0.2909,18.86
8/21/2025,5:54:08 AM,0,0.2914,18.864
8/21/2025,6:09:08 AM,0,0.2924,18.85
8/21/2025,6:24:08 AM,0,0.291,18.837
8/21/2025,6:39:08 AM,0,0.291,18.828
8/21/2025,6:54:08 AM,0,0.2895,18.813
8/21/2025,7:09:08 AM,0,0.2918,18.811
8/21/2025,7:24:08 AM,0,0.2942,18.803
8/21/2025,7:39:08 AM,0,0.2926,18.796
8/21/2025,7:54:08 AM,0,0.2891,18.79
8/21/2025,8:09:08 AM,0,0.2889,18.786
8/21/2025,8:24:08 AM,0,0.2879,18.803
8/21/2025,8:39:08 AM,0,0.2854,18.792
8/21/2025,8:54:08 AM,0,0.2878,18.782
8/21/2025,9:09:08 AM,0,0.2901,18.774
8/21/2025,9:24:08 AM,0,0.2895,18.767
8/21/2025,9:39:08 AM,0,0.2886,18.757
8/21/2025,9:54:08 AM,0,0.2853,18.747
8/21/2025,10:09:08 AM,0,0.2866,18.736
8/21/2025,10:24:08 AM,0,0.2856,18.732
8/21/2025,10:39:08 AM,0,0.2866,18.725
8/21/2025,10:54:08 AM,0,0.2876,18.719
8/21/2025,11:09:08 AM,0,0.2854,18.714
8/21/2025,11:24:08 AM,0,0.2841,18.71
8/21/2025,11:39:08 AM,0,0.2807,18.704
8/21/2025,11:54:08 AM,0,0.2816,18.703
8/21/2025,12:09:08 PM,0,0.2797,18.7
8/21/2025,12:24:08 PM,0,0.2769,18.697
8/21/2025,12:39:08 PM,0,0.2789,18.692
8/21/2025,12:54:08 PM,0,0.2769,18.69
8/21/2025,1:09:08 PM,0,0.2736,18.686
8/21/2025,1:24:08 PM,0,0.276,18.684
8/21/2025,1:39:08 PM,0,0.2756,18.68
8/21/2025,1:54:08 PM,0,0.2718,18.681
8/21/2025,2:09:08 PM,0,0.2739,18.678
8/21/2025,2:24:08 PM,0,0.2773,18.68
8/21/2025,2:39:08 PM,0,0.2746,18.68
8/21/2025,2:54:08 PM,0,0.2772,18.684
8/21/2025,3:09:08 PM,0,0.2748,18.681
8/21/2025,3:24:08 PM,0,0.2738,18.685
8/21/2025,3:39:08 PM,0,0.2697,18.688
8/21/2025,3:54:08 PM,0,0.27,18.73
8/21/2025,4:09:08 PM,0,0.2665,18.737
8/21/2025,4:24:08 PM,0,0.2705,18.731
8/21/2025,4:39:08 PM,0,0.2724,18.771
8/21/2025,4:54:08 PM,0,0.2739,18.755
8/21/2025,5:09:08 PM,0,0.2768,18.757
8/21/2025,5:24:08 PM,0,0.2759,18.75
8/21/2025,5:39:08 PM,0,0.2769,18.759
8/21/2025,5:54:08 PM,0,0.2757,18.768
8/21/2025,6:09:08 PM,0,0.276,18.764
8/21/2025,6:24:08 PM,0,0.2724,18.767
8/21/2025,6:39:08 PM,0,0.2776,18.777
8/21/2025,6:54:08 PM,0,0.2803,18.786
8/21/2025,7:09:08 PM,0,0.2817,18.785
8/21/2025,7:24:08 PM,0,0.3054,18.77
8/21/2025,7:39:08 PM,0,0.3069,18.765
8/21/2025,7:54:08 PM,0,0.3054,18.761
8/21/2025,8:09:08 PM,0,0.3051,18.781
8/21/2025,8:24:08 PM,0,0.3021,18.78
8/21/2025,8:39:08 PM,0,0.3038,18.779
8/21/2025,8:54:08 PM,0,0.3049,18.786
8/21/2025,9:09:08 PM,0,0.307,18.778
8/21/2025,9:24:08 PM,0,0.3043,18.786
8/21/2025,9:39:08 PM,0,0.3052,18.782
8/21/2025,9:54:08 PM,0,0.3098,18.788
8/21/2025,10:09:08 PM,0,0.3131,18.791
8/21/2025,10:24:08 PM,0,0.3133,18.794
8/21/2025,10:39:08 PM,0,0.3152,18.796
8/21/2025,10:54:08 PM,0,0.3155,18.799
8/21/2025,11:09:08 PM,0,0.3162,18.798
8/21/2025,11:24:08 PM,0,0.3134,18.798
8/21/2025,11:39:08 PM,0,0.3124,18.806
8/21/2025,11:54:08 PM,0,0.31,18.83
8/22/2025,12:09:08 AM,0,0.3079,18.834
8/22/2025,12:24:08 AM,0,0.3067,18.835
8/22/2025,12:39:08 AM,0,0.3069,18.838
8/22/2025,12:54:08 AM,0,0.3054,18.841
8/22/2025,1:09:08 AM,0,0.3065,18.848
8/22/2025,1:24:08 AM,0,0.3072,18.849
8/22/2025,1:39:08 AM,0,0.3049,18.862
8/22/2025,1:54:08 AM,0,0.3051,18.862
8/22/2025,2:09:08 AM,0,0.3041,18.867
8/22/2025,2:24:08 AM,0,0.3047,18.871
8/22/2025,2:39:08 AM,0,0.3016,18.871
8/22/2025,2:54:08 AM,0,0.3021,18.876
8/22/2025,3:09:08 AM,0,0.3053,18.876
8/22/2025,3:24:08 AM,0,0.3049,18.925
8/22/2025,3:39:08 AM,0,0.3076,18.884
8/22/2025,3:54:08 AM,0,0.3102,18.879
8/22/2025,4:09:08 AM,0,0.3105,18.884
8/22/2025,4:24:08 AM,0,0.3107,18.889
8/22/2025,4:39:08 AM,0,0.312,18.897
8/22/2025,4:54:08 AM,0,0.3126,18.905
8/22/2025,5:09:08 AM,0,0.3108,18.902
8/22/2025,5:24:08 AM,0,0.3115,18.903
8/22/2025,5:39:08 AM,0,0.3146,18.909
8/22/2025,5:54:08 AM,0,0.3123,18.907
8/22/2025,6:09:08 AM,0,0.3143,18.908
8/22/2025,6:24:08 AM,0,0.3185,18.91
8/22/2025,6:39:08 AM,0,0.3198,18.912
8/22/2025,6:54:08 AM,0,0.3184,18.912
8/22/2025,7:09:08 AM,0,0.3206,18.913
8/22/2025,7:24:08 AM,0,0.3172,18.904
8/22/2025,7:39:08 AM,0,0.3183,18.925
8/22/2025,7:54:08 AM,0,0.317,18.938
8/22/2025,8:09:08 AM,0,0.3172,18.938
8/22/2025,8:24:08 AM,0,0.3136,18.952
8/22/2025,8:39:08 AM,0,0.3137,18.955
8/22/2025,8:54:08 AM,0,0.3172,18.95
8/22/2025,9:09:08 AM,0,0.3191,18.95
8/22/2025,9:24:08 AM,0,0.3197,18.951
8/22/2025,9:39:08 AM,0,0.3164,18.967
8/22/2025,9:54:08 AM,0,0.3179,18.963
8/22/2025,10:09:08 AM,0,0.3145,18.966
8/22/2025,10:24:08 AM,0,0.3098,18.968
8/22/2025,10:39:08 AM,0,0.3064,18.962
8/22/2025,10:54:08 AM,0,0.3083,18.965
8/22/2025,11:09:08 AM,0,0.3107,18.969
8/22/2025,11:24:08 AM,0,0.3055,18.963
8/22/2025,11:39:08 AM,0,0.3024,18.964
8/22/2025,11:54:08 AM,0,0.3018,18.964
8/22/2025,12:09:08 PM,0,0.3009,18.958
8/22/2025,12:24:08 PM,0,0.3011,18.966
8/22/2025,12:39:08 PM,0,0.3021,18.965
8/22/2025,12:54:08 PM,0,0.3038,18.971
8/22/2025,1:09:08 PM,0,0.3057,18.963
8/22/2025,1:24:08 PM,0,0.3016,18.965
8/22/2025,1:39:08 PM,0,0.3015,18.969
8/22/2025,1:54:08 PM,0,0.3016,18.963
8/22/2025,2:09:08 PM,0,0.2983,18.966
8/22/2025,2:24:08 PM,0,0.2991,18.966
8/22/2025,2:39:08 PM,0,0.301,18.965
8/22/2025,2:54:08 PM,0,0.3014,18.968
8/22/2025,3:09:08 PM,0,0.2981,18.969
8/22/2025,3:24:08 PM,0,0.2974,18.968
8/22/2025,3:39:08 PM,0,0.2995,18.972
8/22/2025,3:54:08 PM,0,0.3021,18.999
8/22/2025,4:09:08 PM,0,0.3007,19.001
8/22/2025,4:24:08 PM,0,0.3065,19
8/22/2025,4:39:08 PM,0,0.3055,19.023
8/22/2025,4:54:08 PM,0,0.3061,19.003
8/22/2025,5:09:08 PM,0,0.3055,19.005
8/22/2025,5:24:08 PM,0,0.3055,19.005
8/22/2025,5:39:08 PM,0,0.3049,19.007
8/22/2025,5:54:08 PM,0,0.305,19
8/22/2025,6:09:08 PM,0,0.3085,18.999
8/22/2025,6:24:08 PM,0,0.3106,19.002
8/22/2025,6:39:08 PM,0,0.3119,19
8/22/2025,6:54:08 PM,0,0.3145,19.002
8/22/2025,7:09:08 PM,0,0.3126,19.004
8/22/2025,7:24:08 PM,0,0.3139,19.006
8/22/2025,7:39:08 PM,0,0.3102,19.013
8/22/2025,7:54:08 PM,0,0.3095,19.016
8/22/2025,8:09:08 PM,0,0.3113,19.025
8/22/2025,8:24:08 PM,0,0.3098,19.042
8/22/2025,8:39:08 PM,0,0.3091,19.053
8/22/2025,8:54:08 PM,0,0.3089,19.059
8/22/2025,9:09:08 PM,0,0.3101,19.098
8/22/2025,9:24:08 PM,0,0.3085,19.113
8/22/2025,9:39:08 PM,0,0.3102,19.12
8/22/2025,9:54:08 PM,0,0.3115,19.131
8/22/2025,10:09:08 PM,0,0.312,19.164
8/22/2025,10:24:08 PM,0,0.3111,19.153
8/22/2025,10:39:08 PM,0,0.3119,19.154
8/22/2025,10:54:08 PM,0,0.3121,19.149
8/22/2025,11:09:08 PM,0,0.3114,19.149
8/22/2025,11:24:08 PM,0,0.3128,19.147
8/22/2025,11:39:08 PM,0,0.3099,19.148
8/22/2025,11:54:08 PM,0,0.3093,19.142
8/23/2025,12:09:08 AM,0,0.3063,19.151
8/23/2025,12:24:08 AM,0,0.3066,19.149
8/23/2025,12:39:08 AM,0,0.302,19.151
8/23/2025,12:54:08 AM,0,0.3044,19.156
8/23/2025,1:09:08 AM,0,0.3046,19.156
8/23/2025,1:24:08 AM,0,0.305,19.154
8/23/2025,1:39:08 AM,0,0.3048,19.158
8/23/2025,1:54:08 AM,0,0.3052,19.156
8/23/2025,2:09:08 AM,0,0.3059,19.164
8/23/2025,2:24:08 AM,0,0.307,19.167
8/23/2025,2:39:08 AM,0,0.309,19.213
8/23/2025,2:54:08 AM,0,0.3075,19.213
8/23/2025,3:09:08 AM,0,0.308,19.227
8/23/2025,3:24:08 AM,0,0.3072,19.22
8/23/2025,3:39:08 AM,0,0.307,19.218
8/23/2025,3:54:08 AM,0,0.3045,19.205
8/23/2025,4:09:08 AM,0,0.3062,19.214
8/23/2025,4:24:08 AM,0,0.3096,19.206
8/23/2025,4:39:08 AM,0,0.3081,19.216
8/23/2025,4:54:08 AM,0,0.3139,19.228
8/23/2025,5:09:08 AM,0,0.3176,19.218
8/23/2025,5:24:08 AM,0,0.3184,19.209
8/23/2025,5:39:08 AM,0,0.322,19.204
8/23/2025,5:54:08 AM,0,0.3198,19.201
8/23/2025,6:09:08 AM,0,0.3163,19.188
8/23/2025,6:24:08 AM,0,0.3189,19.183
8/23/2025,6:39:08 AM,0,0.3192,19.184
8/23/2025,6:54:08 AM,0,0.3193,19.185
8/23/2025,7:09:08 AM,0,0.3236,19.181
8/23/2025,7:24:08 AM,0,0.3196,19.171
8/23/2025,7:39:08 AM,0,0.3187,19.16
8/23/2025,7:54:08 AM,0,0.3182,19.152
8/23/2025,8:09:08 AM,0,0.311,19.141
8/23/2025,8:24:08 AM,0,0.3116,19.145
8/23/2025,8:39:08 AM,0,0.3129,19.135
8/23/2025,8:54:08 AM,0,0.3088,19.13
8/23/2025,9:09:08 AM,0,0.3059,19.118
8/23/2025,9:24:08 AM,0,0.3036,19.115
8/23/2025,9:39:08 AM,0,0.3027,19.108
8/23/2025,9:54:08 AM,0,0.2998,19.114
8/23/2025,10:09:08 AM,0,0.2995,19.107
8/23/2025,10:24:08 AM,0,0.3006,19.104
8/23/2025,10:39:08 AM,0,0.3005,19.099
8/23/2025,10:54:08 AM,0,0.2987,19.093
8/23/2025,11:09:08 AM,0,0.3022,19.087
8/23/2025,11:24:08 AM,0,0.3085,19.083
8/23/2025,11:39:08 AM,0,0.3125,19.081
8/23/2025,11:54:08 AM,0,0.3142,19.078
8/23/2025,12:09:08 PM,0,0.316,19.071
8/23/2025,12:24:08 PM,0,0.3088,19.07
8/23/2025,12:39:08 PM,0,0.3096,19.064
8/23/2025,12:54:08 PM,0,0.3055,19.062
8/23/2025,1:09:08 PM,0,0.3064,19.06
8/23/2025,1:24:08 PM,0,0.3087,19.061
8/23/2025,1:39:08 PM,0,0.3033,19.057
8/23/2025,1:54:08 PM,0,0.3064,19.061
8/23/2025,2:09:08 PM,0,0.2969,19.062
8/23/2025,2:24:08 PM,0,0.2898,19.057
8/23/2025,2:39:08 PM,0,0.2878,19.049
8/23/2025,2:54:08 PM,0,0.2878,19.045
8/23/2025,3:09:08 PM,0,0.2936,19.042
8/23/2025,3:24:08 PM,0,0.2982,19.038
8/23/2025,3:39:08 PM,0,0.3025,19.032
8/23/2025,3:54:08 PM,0,0.303,19.04
8/23/2025,4:09:08 PM,0,0.3049,19.042
8/23/2025,4:24:08 PM,0,0.3033,19.046
8/23/2025,4:39:08 PM,0,0.3034,19.051
8/23/2025,4:54:08 PM,0,0.2994,19.048
8/23/2025,5:09:08 PM,0,0.2963,19.043
8/23/2025,5:24:08 PM,0,0.2986,19.04
8/23/2025,5:39:08 PM,0,0.2981,19.037
8/23/2025,5:54:08 PM,0,0.2984,19.035
8/23/2025,6:09:08 PM,0,0.3,19.032
8/23/2025,6:24:08 PM,0,0.2996,19.029
8/23/2025,6:39:08 PM,0,0.3004,19.029
8/23/2025,6:54:08 PM,0,0.3023,19.027
8/23/2025,7:09:08 PM,0,0.3049,19.024
8/23/2025,7:24:08 PM,0,0.3065,19.022
8/23/2025,7:39:08 PM,0,0.3075,19.023
8/23/2025,7:54:08 PM,0,0.309,19.046
8/23/2025,8:09:08 PM,0,0.2997,19.424
8/23/2025,8:24:08 PM,0,0.3024,19.143
8/23/2025,8:39:08 PM,0,0.3029,19.142
8/23/2025,8:54:08 PM,0,0.3014,19.19
8/23/2025,9:09:08 PM,0,0.3023,19.153
8/23/2025,9:24:08 PM,0,0.3025,19.145
8/23/2025,9:39:08 PM,0,0.3022,19.139
8/23/2025,9:54:08 PM,0,0.3055,19.137
8/23/2025,10:09:08 PM,0,0.3056,19.147
8/23/2025,10:24:08 PM,0,0.3039,19.146
8/23/2025,10:39:08 PM,0,0.3041,19.143
8/23/2025,10:54:08 PM,0,0.302,19.15
8/23/2025,11:09:08 PM,0,0.3001,19.153
8/23/2025,11:24:08 PM,0,0.2995,19.15
8/23/2025,11:39:08 PM,0,0.3025,19.15
8/23/2025,11:54:08 PM,0,0.3026,19.148
8/24/2025,12:09:08 AM,0,0.3038,19.143
8/24/2025,12:24:08 AM,0,0.3043,19.161
8/24/2025,12:39:08 AM,0,0.3053,19.164
8/24/2025,12:54:08 AM,0,0.3043,19.165
8/24/2025,1:09:08 AM,0,0.3061,19.161
8/24/2025,1:24:08 AM,0,0.3068,19.154
8/24/2025,1:39:08 AM,0,0.3057,19.181
8/24/2025,1:54:08 AM,0,0.3057,19.173
8/24/2025,2:09:08 AM,0,0.305,19.168
8/24/2025,2:24:08 AM,0,0.3036,19.16
8/24/2025,2:39:08 AM,0,0.3027,19.154
8/24/2025,2:54:08 AM,0,0.3016,19.146
8/24/2025,3:09:08 AM,0,0.3006,19.141
8/24/2025,3:24:08 AM,0,0.2983,19.133
8/24/2025,3:39:08 AM,0,0.3003,19.13
8/24/2025,3:54:08 AM,0,0.302,19.126
8/24/2025,4:09:08 AM,0,0.3055,19.123
8/24/2025,4:24:08 AM,0,0.189,19.098
8/24/2025,4:39:08 AM,0,0.1916,19.072
8/24/2025,4:54:08 AM,0,0.1945,19.034
8/24/2025,5:09:08 AM,0,0.1935,19.021
8/24/2025,5:24:08 AM,0,0.1936,19.013
8/24/2025,5:39:08 AM,0,0.1949,18.987
8/24/2025,5:54:08 AM,0,0.194,18.967
8/24/2025,6:09:08 AM,0,0.1938,18.969
8/24/2025,6:24:08 AM,0,0.1982,18.959
8/24/2025,6:39:08 AM,0,0.1991,18.95
8/24/2025,6:54:08 AM,0,0.1982,18.934
8/24/2025,7:09:08 AM,0,0.1979,18.913
8/24/2025,7:24:08 AM,0,0.1966,18.889
8/24/2025,7:39:08 AM,0,0.1933,18.86
8/24/2025,7:54:08 AM,0,0.1906,18.846
8/24/2025,8:09:08 AM,0,0.1934,18.834
8/24/2025,8:24:08 AM,0,0.1944,18.848
8/24/2025,8:39:08 AM,0,0.1949,18.861
8/24/2025,8:54:08 AM,0,0.1945,18.87
8/24/2025,9:09:08 AM,0,0.1948,18.884
8/24/2025,9:24:08 AM,0,0.1932,18.892
8/24/2025,9:39:08 AM,0,0.1934,18.913
8/24/2025,9:54:08 AM,0,0.1922,18.919
8/24/2025,10:09:08 AM,0,0.1919,18.926
8/24/2025,10:24:08 AM,0,0.1902,18.942
8/24/2025,10:39:08 AM,0,0.1885,18.959
8/24/2025,10:54:08 AM,0,0.1876,18.982
8/24/2025,11:09:08 AM,0,0.1893,19
8/24/2025,11:24:08 AM,0,0.1886,19.018
8/24/2025,11:39:08 AM,0,0.1898,19.044
8/24/2025,11:54:08 AM,0,0.1886,19.056
8/24/2025,12:09:08 PM,0,0.1864,19.09
8/24/2025,12:24:08 PM,0,0.183,19.104
8/24/2025,12:39:08 PM,0,0.1845,19.12
8/24/2025,12:54:08 PM,0,0.1835,19.149
8/24/2025,1:09:08 PM,0,0.1833,19.172
8/24/2025,1:24:08 PM,0,0.1827,19.184
8/24/2025,1:39:08 PM,0,0.1797,19.207
8/24/2025,1:54:08 PM,0,0.1747,19.233
8/24/2025,2:09:08 PM,0,0.1739,19.252
8/24/2025,2:24:08 PM,0,0.1717,19.283
8/24/2025,2:39:08 PM,0,0.1729,19.291
8/24/2025,2:54:08 PM,0,0.1784,19.311
8/24/2025,3:09:08 PM,0,0.1802,19.324
8/24/2025,3:24:08 PM,0,0.1807,19.346
8/24/2025,3:39:08 PM,0,0.1813,19.371
8/24/2025,3:54:08 PM,0,0.1812,19.423
8/24/2025,4:09:08 PM,0,0.1806,19.427
8/24/2025,4:24:08 PM,0,0.1808,19.445
8/24/2025,4:39:08 PM,0,0.1832,19.508
8/24/2025,4:54:08 PM,0,0.1847,19.5
8/24/2025,5:09:08 PM,0,0.1837,19.508
8/24/2025,5:24:08 PM,0,0.1837,19.519
8/24/2025,5:39:08 PM,0,0.1824,19.522
8/24/2025,5:54:08 PM,0,0.1816,19.536
8/24/2025,6:09:08 PM,0,0.1828,19.551
8/24/2025,6:24:08 PM,0,0.1827,19.556
8/24/2025,6:39:08 PM,0,0.1843,19.565
8/24/2025,6:54:08 PM,0,0.1877,19.571
8/24/2025,7:09:08 PM,0,0.188,19.568
8/24/2025,7:24:08 PM,0,0.1881,19.591
8/24/2025,7:39:08 PM,0,0.189,19.603
8/24/2025,7:54:08 PM,0,0.1889,19.64
8/24/2025,8:09:08 PM,0,0.1864,19.65
8/24/2025,8:24:08 PM,0,0.1865,19.648
8/24/2025,8:39:08 PM,0,0.1838,19.646
8/24/2025,8:54:08 PM,0,0.182,19.644
8/24/2025,9:09:08 PM,0,0.184,19.643
8/24/2025,9:24:08 PM,0,0.1847,19.646
8/24/2025,9:39:08 PM,0,0.1844,19.646
8/24/2025,9:54:08 PM,0,0.1894,19.641
8/24/2025,10:09:08 PM,0,0.1891,19.642
8/24/2025,10:24:08 PM,0,0.1874,19.638
8/24/2025,10:39:08 PM,0,0.1892,19.631
8/24/2025,10:54:08 PM,0,0.1889,19.654
8/24/2025,11:09:08 PM,0,0.1873,19.639
8/24/2025,11:24:08 PM,0,0.1894,19.659
8/24/2025,11:39:08 PM,0,0.1879,19.649
8/24/2025,11:54:08 PM,0,0.1866,19.642
8/25/2025,12:09:08 AM,0,0.1824,19.634
8/25/2025,12:24:08 AM,0,0.1785,19.631
8/25/2025,12:39:08 AM,0,0.1794,19.616
8/25/2025,12:54:08 AM,0,0.178,19.622
8/25/2025,1:09:08 AM,0,0.1784,19.606
8/25/2025,1:24:08 AM,0,0.1814,19.591
8/25/2025,1:39:08 AM,0,0.1828,19.579
8/25/2025,1:54:08 AM,0,0.1805,19.566
8/25/2025,2:09:08 AM,0,0.1814,19.54
8/25/2025,2:24:08 AM,0,0.1811,19.529
8/25/2025,2:39:08 AM,0,0.1779,19.516
8/25/2025,2:54:08 AM,0,0.1783,19.497
8/25/2025,3:09:08 AM,0,0.1786,19.48
8/25/2025,3:24:08 AM,0,0.1808,19.461
8/25/2025,3:39:08 AM,0,0.182,19.451
8/25/2025,3:54:08 AM,0,0.1807,19.433
8/25/2025,4:09:08 AM,0,0.1815,19.416
8/25/2025,4:24:08 AM,0,0.1858,19.389
8/25/2025,4:39:08 AM,0,0.1806,19.369
8/25/2025,4:54:08 AM,0,0.1817,19.352
8/25/2025,5:09:08 AM,0,0.1851,19.332
8/25/2025,5:24:08 AM,0,0.1861,19.314
8/25/2025,5:39:08 AM,0,0.1884,19.292
8/25/2025,5:54:08 AM,0,0.1882,19.27
8/25/2025,6:09:08 AM,0,0.1875,19.251
8/25/2025,6:24:08 AM,0,0.1904,19.247
8/25/2025,6:39:08 AM,0,0.1907,19.21
8/25/2025,6:54:08 AM,0,0.1901,19.12
8/25/2025,7:09:08 AM,0,0.186,19.022
8/25/2025,7:24:08 AM,0,0.1867,18.961
8/25/2025,7:39:08 AM,0,0.1859,18.931
8/25/2025,7:54:08 AM,0,0.1839,18.906
8/25/2025,8:09:08 AM,0,0.1827,18.9
8/25/2025,8:24:08 AM,0,0.1856,18.893
8/25/2025,8:39:08 AM,0,0.1852,18.882
8/25/2025,8:54:08 AM,0,0.1867,18.886
8/25/2025,9:09:08 AM,0,0.1873,18.889
8/25/2025,9:24:08 AM,0,0.1882,18.886
8/25/2025,9:39:08 AM,0,0.186,18.893
8/25/2025,9:54:08 AM,0,0.1861,18.897
8/25/2025,10:09:08 AM,0,0.1846,18.908
8/25/2025,10:24:08 AM,0,0.1832,18.923
8/25/2025,10:39:08 AM,0,0.1799,18.936
8/25/2025,10:54:08 AM,0,0.1792,18.957
8/25/2025,11:09:08 AM,0,0.1776,18.973
8/25/2025,11:24:08 AM,0,0.1786,18.988
8/25/2025,11:39:08 AM,0,0.18,18.994
8/25/2025,11:54:08 AM,0,0.181,19.016
8/25/2025,12:09:08 PM,0,0.183,19.037
8/25/2025,12:24:08 PM,0,0.1823,19.06
8/25/2025,12:39:08 PM,0,0.1817,19.074
8/25/2025,12:54:08 PM,0,0.1819,19.094
8/25/2025,1:09:08 PM,0,0.1794,19.125
8/25/2025,1:24:08 PM,0,0.1757,19.124
8/25/2025,1:39:08 PM,0,0.1737,19.141
8/25/2025,1:54:08 PM,0,0.1696,19.17
8/25/2025,2:09:08 PM,0,0.1695,19.193
8/25/2025,2:24:08 PM,0,0.1676,19.207
8/25/2025,2:39:08 PM,0,0.1699,19.226
8/25/2025,2:54:08 PM,0,0.1691,19.242
8/25/2025,3:09:08 PM,0,0.1707,19.257
8/25/2025,3:24:08 PM,0,0.1708,19.292
8/25/2025,3:39:08 PM,0,0.1725,19.307
8/25/2025,3:54:08 PM,0,0.1766,19.397
8/25/2025,4:09:08 PM,0,0.1778,19.38
8/25/2025,4:24:08 PM,0,0.1802,19.398
8/25/2025,4:39:08 PM,0,0.1808,19.439
8/25/2025,4:54:08 PM,0,0.1822,19.44
8/25/2025,5:09:08 PM,0,0.183,19.452
8/25/2025,5:24:08 PM,0,0.1825,19.457
8/25/2025,5:39:08 PM,0,0.182,19.462
8/25/2025,5:54:08 PM,0,0.1855,19.463
8/25/2025,6:09:08 PM,0,0.1853,19.49
8/25/2025,6:24:08 PM,0,0.1895,19.504
8/25/2025,6:39:08 PM,0,0.1902,19.519
8/25/2025,6:54:08 PM,0,0.1914,19.527
8/25/2025,7:09:08 PM,0,0.1952,19.53
8/25/2025,7:24:08 PM,0,0.1936,19.542
8/25/2025,7:39:08 PM,0,0.2128,19.476
8/25/2025,7:54:08 PM,0,0.2159,19.451
8/25/2025,8:09:08 PM,0,0.2153,19.451
8/25/2025,8:24:08 PM,0,0.2134,19.441
8/25/2025,8:39:08 PM,0,0.2125,19.43
8/25/2025,8:54:08 PM,0,0.2127,19.429
8/25/2025,9:09:08 PM,0,0.2106,19.422
8/25/2025,9:24:08 PM,0,0.2116,19.411
8/25/2025,9:39:08 PM,0,0.2091,19.406
8/25/2025,9:54:08 PM,0,0.2056,19.407
8/25/2025,10:09:08 PM,0,0.2055,19.402
8/25/2025,10:24:08 PM,0,0.2011,19.396
8/25/2025,10:39:08 PM,0,0.1984,19.387
8/25/2025,10:54:08 PM,0,0.1956,19.383
8/25/2025,11:09:08 PM,0,0.197,19.39
8/25/2025,11:24:08 PM,0,0.1973,19.379
8/25/2025,11:39:08 PM,0,0.2019,19.373
8/25/2025,11:54:08 PM,0,0.1995,19.372
8/26/2025,12:09:08 AM,0,0.1997,19.365
8/26/2025,12:24:08 AM,0,0.2015,19.348
8/26/2025,12:39:08 AM,0,0.2035,19.331
8/26/2025,12:54:08 AM,0,0.2053,19.316
8/26/2025,1:09:08 AM,0,0.2065,19.296
8/26/2025,1:24:08 AM,0,0.2057,19.276
8/26/2025,1:39:08 AM,0,0.2047,19.256
8/26/2025,1:54:08 AM,0,0.204,19.251
8/26/2025,2:09:08 AM,0,0.2022,19.229
8/26/2025,2:24:08 AM,0,0.2043,19.234
8/26/2025,2:39:08 AM,0,0.2031,19.205
8/26/2025,2:54:08 AM,0,0.2017,19.171
8/26/2025,3:09:08 AM,0,0.2031,19.165
8/26/2025,3:24:08 AM,0,0.2038,19.162
8/26/2025,3:39:08 AM,0,0.2044,19.142
8/26/2025,3:54:08 AM,0,0.2058,19.075
8/26/2025,4:09:08 AM,0,0.2106,19.033
8/26/2025,4:24:08 AM,0,0.2131,18.951
8/26/2025,4:39:08 AM,0,0.2122,18.902
8/26/2025,4:54:08 AM,0,0.2144,18.837
8/26/2025,5:09:08 AM,0,0.2163,18.775
8/26/2025,5:24:08 AM,0,0.2169,18.681
8/26/2025,5:39:08 AM,0,0.2168,18.604
8/26/2025,5:54:08 AM,0,0.2176,18.513
8/26/2025,6:09:08 AM,0,0.2194,18.39
8/26/2025,6:24:08 AM,0,0.2202,18.305
8/26/2025,6:39:08 AM,0,0.219,18.207
8/26/2025,6:54:08 AM,0,0.2186,18.149
8/26/2025,7:09:08 AM,0,0.2184,18.12
8/26/2025,7:24:08 AM,0,0.2207,18.108
8/26/2025,7:39:08 AM,0,0.2182,18.061
8/26/2025,7:54:08 AM,0,0.2195,18.045
8/26/2025,8:09:08 AM,0,0.2196,18.044
8/26/2025,8:24:08 AM,0,0.218,18.061
8/26/2025,8:39:08 AM,0,0.2172,18.121
8/26/2025,8:54:08 AM,0,0.2167,18.152
8/26/2025,9:09:08 AM,0,0.2151,18.185
8/26/2025,9:24:08 AM,0,0.2117,18.201
8/26/2025,9:39:08 AM,0,0.2115,18.22
8/26/2025,9:54:08 AM,0,0.2082,18.199
8/26/2025,10:09:08 AM,0,0.2065,18.204
8/26/2025,10:24:08 AM,0,0.2062,18.198
8/26/2025,10:39:08 AM,0,0.2073,18.201
8/26/2025,10:54:08 AM,0,0.2069,18.204
8/26/2025,11:09:08 AM,0,0.206,18.217
8/26/2025,11:24:08 AM,0,0.2083,18.225
8/26/2025,11:39:08 AM,0,0.2078,18.247
8/26/2025,11:54:08 AM,0,0.2076,18.268
8/26/2025,12:09:08 PM,0,0.2057,18.281
8/26/2025,12:24:08 PM,0,0.2049,18.31
8/26/2025,12:39:08 PM,0,0.203,18.328
8/26/2025,12:54:08 PM,0,0.1998,18.342
8/26/2025,1:09:08 PM,0,0.1964,18.353
8/26/2025,1:24:08 PM,0,0.1963,18.373
8/26/2025,1:39:08 PM,0,0.1926,18.388
8/26/2025,1:54:08 PM,0,0.1938,18.405
8/26/2025,2:09:08 PM,0,0.1941,18.423
8/26/2025,2:24:08 PM,0,0.1936,18.444
8/26/2025,2:39:08 PM,0,0.1956,18.462
8/26/2025,2:54:08 PM,0,0.1939,18.49
8/26/2025,3:09:08 PM,0,0.1935,18.503
8/26/2025,3:24:08 PM,0,0.1936,18.518
8/26/2025,3:39:08 PM,0,0.1958,18.55
8/26/2025,3:54:08 PM,0,0.1966,18.588
8/26/2025,4:09:08 PM,0,0.1973,18.603
8/26/2025,4:24:08 PM,0,0.1991,18.636
8/26/2025,4:39:08 PM,0,0.1987,18.648
8/26/2025,4:54:08 PM,0,0.1997,18.655
8/26/2025,5:09:08 PM,0,0.2,18.657
8/26/2025,5:24:08 PM,0,0.2016,18.674
8/26/2025,5:39:08 PM,0,0.1995,18.683
8/26/2025,5:54:08 PM,0,0.203,18.691
8/26/2025,6:09:08 PM,0,0.205,18.71
8/26/2025,6:24:08 PM,0,0.2039,18.71
8/26/2025,6:39:08 PM,0,0.207,18.741
8/26/2025,6:54:08 PM,0,0.2083,18.742
8/26/2025,7:09:08 PM,0,0.2101,18.749
8/26/2025,7:24:08 PM,0,0.2123,18.756
8/26/2025,7:39:08 PM,0,0.216,18.776
8/26/2025,7:54:08 PM,0,0.216,18.785
8/26/2025,8:09:08 PM,0,0.215,18.785
8/26/2025,8:24:08 PM,0,0.2114,18.794
8/26/2025,8:39:08 PM,0,0.2097,18.806
8/26/2025,8:54:08 PM,0,0.2104,18.793
8/26/2025,9:09:08 PM,0,0.2097,18.786
8/26/2025,9:24:08 PM,0,0.2116,18.777
8/26/2025,9:39:08 PM,0,0.2131,18.768
8/26/2025,9:54:08 PM,0,0.2153,18.748
8/26/2025,10:09:08 PM,0,0.2133,18.731
8/26/2025,10:24:08 PM,0,0.2119,18.708
8/26/2025,10:39:08 PM,0,0.2132,18.692
8/26/2025,10:54:08 PM,0,0.2148,18.661
8/26/2025,11:09:08 PM,0,0.21,18.645
8/26/2025,11:24:08 PM,0,0.2096,18.607
8/26/2025,11:39:08 PM,0,0.2079,18.568
8/26/2025,11:54:08 PM,0,0.2024,18.532
8/27/2025,12:09:08 AM,0,0.2011,18.511
8/27/2025,12:24:08 AM,0,0.1979,18.481
8/27/2025,12:39:08 AM,0,0.197,18.448
8/27/2025,12:54:08 AM,0,0.1979,18.39
8/27/2025,1:09:08 AM,0,0.1964,18.342
8/27/2025,1:24:08 AM,0,0.1989,18.296
8/27/2025,1:39:08 AM,0,0.2009,18.285
8/27/2025,1:54:08 AM,0,0.2021,18.252
8/27/2025,2:09:08 AM,0,0.2043,18.202
8/27/2025,2:24:08 AM,0,0.2044,18.196
8/27/2025,2:39:08 AM,0,0.2048,18.2
8/27/2025,2:54:08 AM,0,0.2063,18.13
8/27/2025,3:09:08 AM,0,0.2071,18.107
8/27/2025,3:24:08 AM,0,0.2879,18.315
8/27/2025,3:39:08 AM,0,0.3055,18.405
8/27/2025,3:54:08 AM,0,0.3038,18.424
8/27/2025,4:09:08 AM,0,0.3054,18.419
8/27/2025,4:24:08 AM,0,0.3032,18.404
8/27/2025,4:39:08 AM,0,0.3046,18.388
8/27/2025,4:54:08 AM,0,0.3096,18.385
8/27/2025,5:09:08 AM,0,0.3113,18.378
8/27/2025,5:24:08 AM,0,0.3096,18.363
8/27/2025,5:39:08 AM,0,0.3133,18.349
8/27/2025,5:54:08 AM,0,0.3135,18.323
8/27/2025,6:09:08 AM,0,0.3133,18.31
8/27/2025,6:24:08 AM,0,0.3126,18.298
8/27/2025,6:39:08 AM,0,0.3151,18.286
8/27/2025,6:54:08 AM,0,0.3154,18.214
8/27/2025,7:09:08 AM,0,0.3147,18.044
8/27/2025,7:24:08 AM,0,0.3134,17.952
8/27/2025,7:39:08 AM,0,0.3132,17.909
8/27/2025,7:54:08 AM,0,0.3122,17.851
8/27/2025,8:09:08 AM,0,0.3104,17.817
8/27/2025,8:24:08 AM,0,0.3125,17.847
8/27/2025,8:39:08 AM,0,0.3106,17.838
8/27/2025,8:54:08 AM,0,0.3123,17.82
8/27/2025,9:09:08 AM,0,0.3109,17.804
8/27/2025,9:24:08 AM,0,0.3087,17.773
8/27/2025,9:39:08 AM,0,0.3077,17.744
8/27/2025,9:54:08 AM,0,0.3084,17.746
8/27/2025,10:09:08 AM,0,0.3075,17.744
8/27/2025,10:24:08 AM,0,0.3037,17.739
8/27/2025,10:39:08 AM,0,0.3052,17.724
8/27/2025,10:54:08 AM,0,0.3038,17.734
8/27/2025,11:09:08 AM,0,0.3032,17.729
8/27/2025,11:24:08 AM,0,0.2985,17.712
8/27/2025,11:39:08 AM,0,0.2961,17.719
8/27/2025,11:54:08 AM,0,0.296,17.731
8/27/2025,12:09:08 PM,0,0.2964,17.754
8/27/2025,12:24:08 PM,0,0.2978,17.76
8/27/2025,12:39:08 PM,0,0.3041,17.77
8/27/2025,12:54:08 PM,0,0.3057,17.776
8/27/2025,1:09:08 PM,0,0.3045,17.779
8/27/2025,1:24:08 PM,0,0.307,17.781
8/27/2025,1:39:08 PM,0,0.3067,17.794
8/27/2025,1:54:08 PM,0,0.3034,17.793
8/27/2025,2:09:08 PM,0,0.3026,17.803
8/27/2025,2:24:08 PM,0,0.3032,17.806
8/27/2025,2:39:08 PM,0,0.3019,17.82
8/27/2025,2:54:08 PM,0,0.2962,17.821
8/27/2025,3:09:08 PM,0,0.2966,17.826
8/27/2025,3:24:08 PM,0,0.2967,17.834
8/27/2025,3:39:08 PM,0,0.2915,17.843
8/27/2025,3:54:08 PM,0,0.2927,17.931
8/27/2025,4:09:08 PM,0,0.298,17.916
8/27/2025,4:24:08 PM,0,0.299,17.908
8/27/2025,4:39:08 PM,0,0.3008,17.909
8/27/2025,4:54:08 PM,0,0.3028,17.904
8/27/2025,5:09:08 PM,0,0.2993,17.912
8/27/2025,5:24:08 PM,0,0.2984,17.909
8/27/2025,5:39:08 PM,0,0.297,17.909
8/27/2025,5:54:08 PM,0,0.2948,17.913
8/27/2025,6:09:08 PM,0,0.2979,17.916
8/27/2025,6:24:08 PM,0,0.2994,17.919
8/27/2025,6:39:08 PM,0,0.2995,17.921
8/27/2025,6:54:08 PM,0,0.3001,17.926
8/27/2025,7:09:08 PM,0,0.2991,17.929
8/27/2025,7:24:08 PM,0,0.301,17.928
8/27/2025,7:39:08 PM,0,0.3045,17.945
8/27/2025,7:54:08 PM,0,0.3085,17.946
8/27/2025,8:09:08 PM,0,0.3089,17.947
8/27/2025,8:24:08 PM,0,0.31,17.95
8/27/2025,8:39:08 PM,0,0.3103,17.958
8/27/2025,8:54:08 PM,0,0.31,17.954
8/27/2025,9:09:08 PM,0,0.3097,17.954
8/27/2025,9:24:08 PM,0,0.311,17.957
8/27/2025,9:39:08 PM,0,0.3229,18.021
8/27/2025,9:54:08 PM,0,0.3194,18.033
8/27/2025,10:09:08 PM,0,0.322,18.045
8/27/2025,10:24:08 PM,0,0.3214,18.058
8/27/2025,10:39:08 PM,0,0.3204,18.061
8/27/2025,10:54:08 PM,0,0.2984,18.17
8/27/2025,11:09:08 PM,0,0.2987,18.163
8/27/2025,11:24:08 PM,0,0.2922,18.164
8/27/2025,11:39:08 PM,0,0.2868,18.165
8/27/2025,11:54:08 PM,0,0.2881,18.169
8/28/2025,12:09:08 AM,0,0.2894,18.169
8/28/2025,12:24:08 AM,0,0.2818,18.176
8/28/2025,12:39:08 AM,0,0.2845,18.177
8/28/2025,12:54:08 AM,0,0.2811,18.18
8/28/2025,1:09:08 AM,0,0.28,18.184
8/28/2025,1:24:08 AM,0,0.2807,18.185
8/28/2025,1:39:08 AM,0,0.2854,18.189
8/28/2025,1:54:08 AM,0,0.2864,18.192
8/28/2025,2:09:08 AM,0,0.2884,18.19
8/28/2025,2:24:08 AM,0,0.2881,18.194
8/28/2025,2:39:08 AM,0,0.2907,18.194
8/28/2025,2:54:08 AM,0,0.3143,18.192
8/28/2025,3:09:08 AM,0,0.316,18.151
8/28/2025,3:24:08 AM,0,0.3217,18.156
8/28/2025,3:39:08 AM,0,0.3179,18.151
8/28/2025,3:54:08 AM,0,0.3204,18.15
8/28/2025,4:09:08 AM,0,0.2979,18.153
8/28/2025,4:24:08 AM,0,0.2947,18.15
8/28/2025,4:39:08 AM,0,0.2945,18.15
8/28/2025,4:54:08 AM,0,0.2954,18.149
8/28/2025,5:09:08 AM,0,0.2985,18.145
8/28/2025,5:24:08 AM,0,0.2977,18.136
8/28/2025,5:39:08 AM,0,0.2977,18.105
8/28/2025,5:54:08 AM,0,0.3009,18.072
8/28/2025,6:09:08 AM,0,0.3031,18.057
8/28/2025,6:24:08 AM,0,0.3017,18.044
8/28/2025,6:39:08 AM,0,0.2964,18.019
8/28/2025,6:54:08 AM,0,0.3006,17.997
8/28/2025,7:09:08 AM,0,0.2975,17.954
8/28/2025,7:24:08 AM,0,0.2972,17.915
8/28/2025,7:39:08 AM,0,0.2955,17.881
8/28/2025,7:54:08 AM,0,0.2994,17.877
8/28/2025,8:09:08 AM,0,0.2999,17.897
8/28/2025,8:24:08 AM,0,0.3003,17.911
8/28/2025,8:39:08 AM,0,0.2995,17.906
8/28/2025,8:54:08 AM,0,0.3022,17.883
8/28/2025,9:09:08 AM,0,0.2974,17.853
8/28/2025,9:24:08 AM,0,0.2963,17.856
8/28/2025,9:39:08 AM,0,0.2964,17.847
8/28/2025,9:54:08 AM,0,0.2999,17.853
8/28/2025,10:09:08 AM,0,0.2975,17.829
8/28/2025,10:24:08 AM,0,0.2983,17.827
8/28/2025,10:39:08 AM,0,0.2972,17.831
8/28/2025,10:54:08 AM,0,0.2911,17.829
8/28/2025,11:09:08 AM,0,0.2875,17.836
8/28/2025,11:24:08 AM,0,0.287,17.857
8/28/2025,11:39:08 AM,0,0.2845,17.849
8/28/2025,11:54:08 AM,0,0.2855,17.862
8/28/2025,12:09:08 PM,0,0.2877,17.857
8/28/2025,12:24:08 PM,0,0.2879,17.867
8/28/2025,12:39:08 PM,0,0.2904,17.877
8/28/2025,12:54:08 PM,0,0.294,17.884
8/28/2025,1:09:08 PM,0,0.2916,17.892
8/28/2025,1:24:08 PM,0,0.2887,17.901
8/28/2025,1:39:08 PM,0,0.2862,17.907
8/28/2025,1:54:08 PM,0,0.283,17.915
8/28/2025,2:09:08 PM,0,0.283,17.921
8/28/2025,2:24:08 PM,0,0.2842,17.93
8/28/2025,2:39:08 PM,0,0.2847,17.937
8/28/2025,2:54:08 PM,0,0.2848,17.946
8/28/2025,3:09:08 PM,0,0.2856,17.951
8/28/2025,3:24:08 PM,0,0.2851,17.958
8/28/2025,3:39:08 PM,0,0.2826,17.961
8/28/2025,3:54:08 PM,0,0.2811,18.033
8/28/2025,4:09:08 PM,0,0.2802,18.032
8/28/2025,4:24:08 PM,0,0.2806,18.031
8/28/2025,4:39:08 PM,0,0.2801,18.035
8/28/2025,4:54:08 PM,0,0.2815,18.038
8/28/2025,5:09:08 PM,0,0.2806,18.041
8/28/2025,5:24:08 PM,0,0.2814,18.047
8/28/2025,5:39:08 PM,0,0.2828,18.052
8/28/2025,5:54:08 PM,0,0.2835,18.059
8/28/2025,6:09:08 PM,0,0.2833,18.065
8/28/2025,6:24:08 PM,0,0.2841,18.071
8/28/2025,6:39:08 PM,0,0.2865,18.074
8/28/2025,6:54:08 PM,0,0.2879,18.052
8/28/2025,7:09:08 PM,0,0.2893,18.067
8/28/2025,7:24:08 PM,0,0.2907,18.079
8/28/2025,7:39:08 PM,0,0.2917,18.09
8/28/2025,7:54:08 PM,0,0.2958,18.097
8/28/2025,8:09:08 PM,0,0.2947,18.103
8/28/2025,8:24:08 PM,0,0.2922,18.108
8/28/2025,8:39:08 PM,0,0.2915,18.113
8/28/2025,8:54:08 PM,0,0.2882,18.116
8/28/2025,9:09:08 PM,0,0.284,18.122
8/28/2025,9:24:08 PM,0,0.2839,18.13
8/28/2025,9:39:08 PM,0,0.2841,18.137
8/28/2025,9:54:08 PM,0,0.2853,18.148
8/28/2025,10:09:08 PM,0,0.2868,18.153
8/28/2025,10:24:08 PM,0,0.2887,18.157
8/28/2025,10:39:08 PM,0,0.2904,18.161
8/28/2025,10:54:08 PM,0,0.2923,18.168
8/28/2025,11:09:08 PM,0,0.2915,18.178
8/28/2025,11:24:08 PM,0,0.2913,18.185
8/28/2025,11:39:08 PM,0,0.2925,18.186
8/28/2025,11:54:08 PM,0,0.2883,18.193
8/29/2025,12:09:08 AM,0,0.2871,18.201
8/29/2025,12:24:08 AM,0,0.2863,18.206
8/29/2025,12:39:08 AM,0,0.2831,18.214
8/29/2025,12:54:08 AM,0,0.2827,18.22
8/29/2025,1:09:08 AM,0,0.2819,18.222
8/29/2025,1:24:08 AM,0,0.2835,18.227
8/29/2025,1:39:08 AM,0,0.2829,18.232
8/29/2025,1:54:08 AM,0,0.2872,18.234
8/29/2025,2:09:08 AM,0,0.2868,18.22
8/29/2025,2:24:08 AM,0,0.2883,18.226
8/29/2025,2:39:08 AM,0,0.2911,18.231
8/29/2025,2:54:08 AM,0,0.2907,18.236
8/29/2025,3:09:08 AM,0,0.2894,18.242
8/29/2025,3:24:08 AM,0,0.2899,18.245
8/29/2025,3:39:08 AM,0,0.2875,18.246
8/29/2025,3:54:08 AM,0,0.2873,18.245
8/29/2025,4:09:08 AM,0,0.2869,18.246
8/29/2025,4:24:08 AM,0,0.2897,18.248
8/29/2025,4:39:08 AM,0,0.2928,18.248
8/29/2025,4:54:08 AM,0,0.2954,18.249
8/29/2025,5:09:08 AM,0,0.3009,18.246
8/29/2025,5:24:08 AM,0,0.2991,18.244
8/29/2025,5:39:08 AM,0,0.2989,18.236
8/29/2025,5:54:08 AM,0,0.2995,18.222
8/29/2025,6:09:08 AM,0,0.2985,18.22
8/29/2025,6:24:08 AM,0,0.2944,18.214
8/29/2025,6:39:08 AM,0,0.2968,18.206
8/29/2025,6:54:08 AM,0,0.2982,18.201
8/29/2025,7:09:08 AM,0,0.2958,18.194
8/29/2025,7:24:08 AM,0,0.2965,18.188
8/29/2025,7:39:08 AM,0,0.2947,18.181
8/29/2025,7:54:08 AM,0,0.2953,18.163
8/29/2025,8:09:08 AM,0,0.296,18.158
8/29/2025,8:24:08 AM,0,0.2987,18.152
8/29/2025,8:39:08 AM,0,0.2981,18.142
8/29/2025,8:54:08 AM,0,0.3018,18.136
8/29/2025,9:09:08 AM,0,0.3008,18.113
