Serial_number:,,,,
2171461,,,,
Project ID:,,,,
,,,,
Location:,,,,
phelps,,,,
LEVEL,,,,
UNIT: m,,,,
Offset: 0.000000 m,,,,
TEMPERATURE,,,,
UNIT: °C,,,,
Date,Time,ms,LEVEL,TEMPERATURE
11/18/2025,6:15:00 AM,0,0.3229,14.584
11/18/2025,6:30:00 AM,0,0.3235,14.547
11/18/2025,6:45:00 AM,0,0.3252,14.513
11/18/2025,7:00:00 AM,0,0.3276,14.472
11/18/2025,7:15:00 AM,0,0.3298,14.435
11/18/2025,7:30:00 AM,0,0.3314,14.399
11/18/2025,7:45:00 AM,0,0.335,14.367
11/18/2025,8:00:00 AM,0,0.3367,14.344
11/18/2025,8:15:00 AM,0,0.3392,14.325
11/18/2025,8:30:00 AM,0,0.3417,14.305
11/18/2025,8:45:00 AM,0,0.3428,14.283
11/18/2025,9:00:00 AM,0,0.3442,14.267
11/18/2025,9:15:00 AM,0,0.3445,14.252
11/18/2025,9:30:00 AM,0,0.3442,14.244
11/18/2025,9:45:00 AM,0,0.3432,14.239
11/18/2025,10:00:00 AM,0,0.3425,14.241
11/18/2025,10:15:00 AM,0,0.3418,14.236
11/18/2025,10:30:00 AM,0,0.3407,14.238
11/18/2025,10:45:00 AM,0,0.3405,14.244
11/18/2025,11:00:00 AM,0,0.3425,14.249
11/18/2025,11:15:00 AM,0,0.3432,14.261
11/18/2025,11:30:00 AM,0,0.3433,14.275
11/18/2025,11:45:00 AM,0,0.343,14.301
11/18/2025,12:00:00 PM,0,0.3425,14.333
11/18/2025,12:15:00 PM,0,0.3422,14.372
11/18/2025,12:30:00 PM,0,0.3421,14.422
11/18/2025,12:45:00 PM,0,0.3413,14.48
11/18/2025,1:00:00 PM,0,0.341,14.541
11/18/2025,1:15:00 PM,0,0.3382,14.602
11/18/2025,1:30:00 PM,0,0.3375,14.662
11/18/2025,1:45:00 PM,0,0.3388,14.716
11/18/2025,2:00:00 PM,0,0.3344,14.77
11/18/2025,2:15:00 PM,0,0.3364,14.824
11/18/2025,2:30:00 PM,0,0.3366,14.877
11/18/2025,2:45:00 PM,0,0.3369,14.931
11/18/2025,3:00:00 PM,0,0.3354,14.984
11/18/2025,3:15:00 PM,0,0.3346,15.038
11/18/2025,3:30:00 PM,0,0.3358,15.086
11/18/2025,3:45:00 PM,0,0.3333,15.136
11/18/2025,4:00:00 PM,0,0.3334,15.182
11/18/2025,4:15:00 PM,0,0.3334,15.225
11/18/2025,4:30:00 PM,0,0.331,15.266
11/18/2025,4:45:00 PM,0,0.3288,15.305
11/18/2025,5:00:00 PM,0,0.3279,15.338
11/18/2025,5:15:00 PM,0,0.3269,15.365
11/18/2025,5:30:00 PM,0,0.3263,15.386
11/18/2025,5:45:00 PM,0,0.3249,15.404
11/18/2025,6:00:00 PM,0,0.3236,15.415
11/18/2025,6:15:00 PM,0,0.3219,15.419
11/18/2025,6:30:00 PM,0,0.3213,15.419
11/18/2025,6:45:00 PM,0,0.3206,15.415
11/18/2025,7:00:00 PM,0,0.3211,15.406
11/18/2025,7:15:00 PM,0,0.3201,15.396
11/18/2025,7:30:00 PM,0,0.3192,15.379
11/18/2025,7:45:00 PM,0,0.3183,15.355
11/18/2025,8:00:00 PM,0,0.3181,15.326
11/18/2025,8:15:00 PM,0,0.317,15.287
11/18/2025,8:30:00 PM,0,0.3164,15.25
11/18/2025,8:45:00 PM,0,0.3156,15.206
11/18/2025,9:00:00 PM,0,0.3154,15.16
11/18/2025,9:15:00 PM,0,0.3134,15.11
11/18/2025,9:30:00 PM,0,0.3144,15.063
11/18/2025,9:45:00 PM,0,0.3147,15.033
11/18/2025,10:00:00 PM,0,0.317,14.997
11/18/2025,10:15:00 PM,0,0.3167,14.948
11/18/2025,10:30:00 PM,0,0.3149,14.924
11/18/2025,10:45:00 PM,0,0.3139,14.888
11/18/2025,11:00:00 PM,0,0.3137,14.865
11/18/2025,11:15:00 PM,0,0.3137,14.819
11/18/2025,11:30:00 PM,0,0.3126,14.775
11/18/2025,11:45:00 PM,0,0.3111,14.759
11/19/2025,12:00:00 AM,0,0.311,14.743
11/19/2025,12:15:00 AM,0,0.3104,14.714
11/19/2025,12:30:00 AM,0,0.3105,14.683
11/19/2025,12:45:00 AM,0,0.3097,14.647
11/19/2025,1:00:00 AM,0,0.3094,14.602
11/19/2025,1:15:00 AM,0,0.3094,14.552
11/19/2025,1:30:00 AM,0,0.3083,14.509
11/19/2025,1:45:00 AM,0,0.3077,14.448
11/19/2025,2:00:00 AM,0,0.3073,14.394
11/19/2025,2:15:00 AM,0,0.3069,14.341
11/19/2025,2:30:00 AM,0,0.3066,14.291
11/19/2025,2:45:00 AM,0,0.3071,14.247
11/19/2025,3:00:00 AM,0,0.3067,14.199
11/19/2025,3:15:00 AM,0,0.3059,14.146
11/19/2025,3:30:00 AM,0,0.3057,14.099
11/19/2025,3:45:00 AM,0,0.3053,14.039
11/19/2025,4:00:00 AM,0,0.3051,13.979
11/19/2025,4:15:00 AM,0,0.3049,13.919
11/19/2025,4:30:00 AM,0,0.3056,13.863
11/19/2025,4:45:00 AM,0,0.3054,13.81
11/19/2025,5:00:00 AM,0,0.3042,13.755
11/19/2025,5:15:00 AM,0,0.304,13.71
11/19/2025,5:30:00 AM,0,0.3035,13.652
11/19/2025,5:45:00 AM,0,0.3036,13.587
11/19/2025,6:00:00 AM,0,0.3028,13.537
11/19/2025,6:15:00 AM,0,0.3028,13.497
11/19/2025,6:30:00 AM,0,0.3015,13.46
11/19/2025,6:45:00 AM,0,0.3027,13.423
11/19/2025,7:00:00 AM,0,0.3028,13.39
11/19/2025,7:15:00 AM,0,0.303,13.356
11/19/2025,7:30:00 AM,0,0.3035,13.324
11/19/2025,7:45:00 AM,0,0.3035,13.297
11/19/2025,8:00:00 AM,0,0.3021,13.269
11/19/2025,8:15:00 AM,0,0.3037,13.245
11/19/2025,8:30:00 AM,0,0.3031,13.223
11/19/2025,8:45:00 AM,0,0.3014,13.202
11/19/2025,9:00:00 AM,0,0.3011,13.188
11/19/2025,9:15:00 AM,0,0.3006,13.17
11/19/2025,9:30:00 AM,0,0.3006,13.159
11/19/2025,9:45:00 AM,0,0.3,13.148
11/19/2025,10:00:00 AM,0,0.3011,13.139
11/19/2025,10:15:00 AM,0,0.3012,13.135
11/19/2025,10:30:00 AM,0,0.3022,13.131
11/19/2025,10:45:00 AM,0,0.3034,13.13
11/19/2025,11:00:00 AM,0,0.3034,13.133
11/19/2025,11:15:00 AM,0,0.3027,13.137
11/19/2025,11:30:00 AM,0,0.3017,13.137
11/19/2025,11:45:00 AM,0,0.3008,13.138
11/19/2025,12:00:00 PM,0,0.3006,13.138
11/19/2025,12:15:00 PM,0,0.2994,13.142
11/19/2025,12:30:00 PM,0,0.3003,13.144
11/19/2025,12:45:00 PM,0,0.301,13.149
11/19/2025,1:00:00 PM,0,0.3013,13.155
11/19/2025,1:15:00 PM,0,0.301,13.165
11/19/2025,1:30:00 PM,0,0.301,13.187
11/19/2025,1:45:00 PM,0,0.3018,13.217
11/19/2025,2:00:00 PM,0,0.3019,13.257
11/19/2025,2:15:00 PM,0,0.3014,13.306
11/19/2025,2:30:00 PM,0,0.3015,13.364
11/19/2025,2:45:00 PM,0,0.3024,13.427
11/19/2025,3:00:00 PM,0,0.3028,13.494
11/19/2025,3:15:00 PM,0,0.303,13.562
11/19/2025,3:30:00 PM,0,0.303,13.631
11/19/2025,3:45:00 PM,0,0.3027,13.702
11/19/2025,4:00:00 PM,0,0.3019,13.772
11/19/2025,4:15:00 PM,0,0.3019,13.846
11/19/2025,4:30:00 PM,0,0.3021,13.917
11/19/2025,4:45:00 PM,0,0.3007,13.991
11/19/2025,5:00:00 PM,0,0.2998,14.066
11/19/2025,5:15:00 PM,0,0.3004,14.137
11/19/2025,5:30:00 PM,0,0.3008,14.208
11/19/2025,5:45:00 PM,0,0.3011,14.277
11/19/2025,6:00:00 PM,0,0.3006,14.343
11/19/2025,6:15:00 PM,0,0.3014,14.403
11/19/2025,6:30:00 PM,0,0.3008,14.459
11/19/2025,6:45:00 PM,0,0.3007,14.509
11/19/2025,7:00:00 PM,0,0.2998,14.554
11/19/2025,7:15:00 PM,0,0.3003,14.593
11/19/2025,7:30:00 PM,0,0.2996,14.628
11/19/2025,7:45:00 PM,0,0.3005,14.658
11/19/2025,8:00:00 PM,0,0.299,14.684
11/19/2025,8:15:00 PM,0,0.2994,14.703
11/19/2025,8:30:00 PM,0,0.2991,14.718
11/19/2025,8:45:00 PM,0,0.299,14.731
11/19/2025,9:00:00 PM,0,0.2985,14.741
11/19/2025,9:15:00 PM,0,0.2984,14.742
11/19/2025,9:30:00 PM,0,0.2983,14.735
11/19/2025,9:45:00 PM,0,0.2981,14.712
11/19/2025,10:00:00 PM,0,0.2983,14.688
11/19/2025,10:15:00 PM,0,0.2974,14.657
11/19/2025,10:30:00 PM,0,0.2969,14.618
11/19/2025,10:45:00 PM,0,0.2975,14.582
11/19/2025,11:00:00 PM,0,0.2969,14.544
11/19/2025,11:15:00 PM,0,0.2978,14.511
11/19/2025,11:30:00 PM,0,0.2969,14.479
11/19/2025,11:45:00 PM,0,0.2963,14.449
11/20/2025,12:00:00 AM,0,0.2958,14.421
11/20/2025,12:15:00 AM,0,0.2965,14.396
11/20/2025,12:30:00 AM,0,0.2942,14.366
11/20/2025,12:45:00 AM,0,0.296,14.339
11/20/2025,1:00:00 AM,0,0.2956,14.311
11/20/2025,1:15:00 AM,0,0.2951,14.286
11/20/2025,1:30:00 AM,0,0.295,14.252
11/20/2025,1:45:00 AM,0,0.296,14.223
11/20/2025,2:00:00 AM,0,0.2946,14.189
11/20/2025,2:15:00 AM,0,0.2948,14.162
11/20/2025,2:30:00 AM,0,0.2944,14.128
11/20/2025,2:45:00 AM,0,0.2945,14.095
11/20/2025,3:00:00 AM,0,0.2941,14.065
11/20/2025,3:15:00 AM,0,0.2938,14.039
11/20/2025,3:30:00 AM,0,0.2933,14.009
11/20/2025,3:45:00 AM,0,0.2926,13.977
11/20/2025,4:00:00 AM,0,0.2924,13.941
11/20/2025,4:15:00 AM,0,0.2927,13.908
11/20/2025,4:30:00 AM,0,0.2925,13.872
11/20/2025,4:45:00 AM,0,0.2929,13.835
11/20/2025,5:00:00 AM,0,0.2928,13.796
11/20/2025,5:15:00 AM,0,0.2922,13.752
11/20/2025,5:30:00 AM,0,0.2926,13.714
11/20/2025,5:45:00 AM,0,0.2924,13.679
11/20/2025,6:00:00 AM,0,0.2924,13.647
11/20/2025,6:15:00 AM,0,0.2915,13.614
11/20/2025,6:30:00 AM,0,0.2919,13.582
11/20/2025,6:45:00 AM,0,0.2925,13.552
11/20/2025,7:00:00 AM,0,0.2915,13.52
11/20/2025,7:15:00 AM,0,0.2915,13.491
11/20/2025,7:30:00 AM,0,0.2919,13.464
11/20/2025,7:45:00 AM,0,0.2924,13.44
11/20/2025,8:00:00 AM,0,0.2904,13.417
11/20/2025,8:15:00 AM,0,0.2919,13.395
11/20/2025,8:30:00 AM,0,0.2914,13.38
11/20/2025,8:45:00 AM,0,0.291,13.362
11/20/2025,9:00:00 AM,0,0.2915,13.344
11/20/2025,9:15:00 AM,0,0.291,13.327
11/20/2025,9:30:00 AM,0,0.2912,13.313
11/20/2025,9:45:00 AM,0,0.2908,13.299
11/20/2025,10:00:00 AM,0,0.2902,13.284
11/20/2025,10:15:00 AM,0,0.2913,13.276
11/20/2025,10:30:00 AM,0,0.3706,13.269
11/20/2025,10:45:00 AM,0,0.4128,13.288
11/20/2025,11:00:00 AM,0,0.5245,13.311
11/20/2025,11:15:00 AM,0,0.5873,13.376
11/20/2025,11:30:00 AM,0,0.7089,13.459
11/20/2025,11:45:00 AM,0,0.6964,13.542
11/20/2025,12:00:00 PM,0,0.6402,13.618
11/20/2025,12:15:00 PM,0,0.6213,13.686
11/20/2025,12:30:00 PM,0,0.607,13.748
11/20/2025,12:45:00 PM,0,0.6163,13.805
11/20/2025,1:00:00 PM,0,0.6095,13.861
11/20/2025,1:15:00 PM,0,0.5625,13.911
11/20/2025,1:30:00 PM,0,0.5197,13.955
11/20/2025,1:45:00 PM,0,0.5019,13.998
11/20/2025,2:00:00 PM,0,0.4887,14.038
11/20/2025,2:15:00 PM,0,0.4729,14.078
11/20/2025,2:30:00 PM,0,0.473,14.111
11/20/2025,2:45:00 PM,0,0.4773,14.143
11/20/2025,3:00:00 PM,0,0.4824,14.169
11/20/2025,3:15:00 PM,0,0.4879,14.198
11/20/2025,3:30:00 PM,0,0.4803,14.224
11/20/2025,3:45:00 PM,0,0.4643,14.248
11/20/2025,4:00:00 PM,0,0.4511,14.272
11/20/2025,4:15:00 PM,0,0.4418,14.295
11/20/2025,4:30:00 PM,0,0.4321,14.313
11/20/2025,4:45:00 PM,0,0.4238,14.329
11/20/2025,5:00:00 PM,0,0.416,14.342
11/20/2025,5:15:00 PM,0,0.4084,14.355
11/20/2025,5:30:00 PM,0,0.4038,14.363
11/20/2025,5:45:00 PM,0,0.4021,14.369
11/20/2025,6:00:00 PM,0,0.4017,14.374
11/20/2025,6:15:00 PM,0,0.3992,14.378
11/20/2025,6:30:00 PM,0,0.3944,14.381
11/20/2025,6:45:00 PM,0,0.3897,14.384
11/20/2025,7:00:00 PM,0,0.3846,14.388
11/20/2025,7:15:00 PM,0,0.3833,14.387
11/20/2025,7:30:00 PM,0,0.3925,14.391
11/20/2025,7:45:00 PM,0,0.4079,14.39
11/20/2025,8:00:00 PM,0,0.4063,14.392
11/20/2025,8:15:00 PM,0,0.3973,14.394
11/20/2025,8:30:00 PM,0,0.3903,14.393
11/20/2025,8:45:00 PM,0,0.3833,14.39
11/20/2025,9:00:00 PM,0,0.385,14.388
11/20/2025,9:15:00 PM,0,0.391,14.384
11/20/2025,9:30:00 PM,0,0.3957,14.381
11/20/2025,9:45:00 PM,0,0.4094,14.378
11/20/2025,10:00:00 PM,0,0.4093,14.377
11/20/2025,10:15:00 PM,0,0.4008,14.375
11/20/2025,10:30:00 PM,0,0.3922,14.373
11/20/2025,10:45:00 PM,0,0.3831,14.37
11/20/2025,11:00:00 PM,0,0.3784,14.369
11/20/2025,11:15:00 PM,0,0.3742,14.364
11/20/2025,11:30:00 PM,0,0.3711,14.363
11/20/2025,11:45:00 PM,0,0.3675,14.358
11/21/2025,12:00:00 AM,0,0.3655,14.355
11/21/2025,12:15:00 AM,0,0.3628,14.351
11/21/2025,12:30:00 AM,0,0.3607,14.348
11/21/2025,12:45:00 AM,0,0.358,14.346
11/21/2025,1:00:00 AM,0,0.3551,14.342
11/21/2025,1:15:00 AM,0,0.3526,14.338
11/21/2025,1:30:00 AM,0,0.3508,14.335
11/21/2025,1:45:00 AM,0,0.3494,14.329
11/21/2025,2:00:00 AM,0,0.3475,14.326
11/21/2025,2:15:00 AM,0,0.3454,14.321
11/21/2025,2:30:00 AM,0,0.344,14.313
11/21/2025,2:45:00 AM,0,0.3424,14.308
11/21/2025,3:00:00 AM,0,0.3405,14.299
11/21/2025,3:15:00 AM,0,0.3391,14.293
11/21/2025,3:30:00 AM,0,0.338,14.284
11/21/2025,3:45:00 AM,0,0.3363,14.275
11/21/2025,4:00:00 AM,0,0.3354,14.268
11/21/2025,4:15:00 AM,0,0.3336,14.257
11/21/2025,4:30:00 AM,0,0.3337,14.248
11/21/2025,4:45:00 AM,0,0.3314,14.24
11/21/2025,5:00:00 AM,0,0.3297,14.227
11/21/2025,5:15:00 AM,0,0.3285,14.216
11/21/2025,5:30:00 AM,0,0.3282,14.204
11/21/2025,5:45:00 AM,0,0.3285,14.191
11/21/2025,6:00:00 AM,0,0.3259,14.178
11/21/2025,6:15:00 AM,0,0.3248,14.167
11/21/2025,6:30:00 AM,0,0.3239,14.153
11/21/2025,6:45:00 AM,0,0.3222,14.137
11/21/2025,7:00:00 AM,0,0.3219,14.123
11/21/2025,7:15:00 AM,0,0.321,14.107
11/21/2025,7:30:00 AM,0,0.3227,14.091
11/21/2025,7:45:00 AM,0,0.3224,14.076
11/21/2025,8:00:00 AM,0,0.3198,14.058
11/21/2025,8:15:00 AM,0,0.3183,14.038
11/21/2025,8:30:00 AM,0,0.318,14.023
11/21/2025,8:45:00 AM,0,0.3165,14.009
11/21/2025,9:00:00 AM,0,0.317,13.991
11/21/2025,9:15:00 AM,0,0.315,13.976
11/21/2025,9:30:00 AM,0,0.315,13.962
11/21/2025,9:45:00 AM,0,0.3176,13.947
11/21/2025,10:00:00 AM,0,0.3145,13.931
11/21/2025,10:15:00 AM,0,0.3135,13.918
11/21/2025,10:30:00 AM,0,0.3144,13.909
11/21/2025,10:45:00 AM,0,0.3118,13.9
11/21/2025,11:00:00 AM,0,0.3121,13.896
11/21/2025,11:15:00 AM,0,0.312,13.887
11/21/2025,11:30:00 AM,0,0.3121,13.881
11/21/2025,11:45:00 AM,0,0.3128,13.877
11/21/2025,12:00:00 PM,0,0.312,13.871
11/21/2025,12:15:00 PM,0,0.3113,13.869
11/21/2025,12:30:00 PM,0,0.3112,13.87
11/21/2025,12:45:00 PM,0,0.3115,13.877
11/21/2025,1:00:00 PM,0,0.3114,13.888
11/21/2025,1:15:00 PM,0,0.3122,13.902
11/21/2025,1:30:00 PM,0,0.3118,13.924
11/21/2025,1:45:00 PM,0,0.3113,13.95
11/21/2025,2:00:00 PM,0,0.3098,13.979
11/21/2025,2:15:00 PM,0,0.3084,14.015
11/21/2025,2:30:00 PM,0,0.308,14.052
11/21/2025,2:45:00 PM,0,0.3042,14.093
11/21/2025,3:00:00 PM,0,0.305,14.139
11/21/2025,3:15:00 PM,0,0.3063,14.183
11/21/2025,3:30:00 PM,0,0.3059,14.224
11/21/2025,3:45:00 PM,0,0.305,14.266
11/21/2025,4:00:00 PM,0,0.3056,14.309
11/21/2025,4:15:00 PM,0,0.3053,14.349
11/21/2025,4:30:00 PM,0,0.3063,14.385
11/21/2025,4:45:00 PM,0,0.3055,14.422
11/21/2025,5:00:00 PM,0,0.3033,14.454
11/21/2025,5:15:00 PM,0,0.3025,14.486
11/21/2025,5:30:00 PM,0,0.3025,14.513
11/21/2025,5:45:00 PM,0,0.3024,14.542
11/21/2025,6:00:00 PM,0,0.3019,14.567
11/21/2025,6:15:00 PM,0,0.3025,14.592
11/21/2025,6:30:00 PM,0,0.3029,14.615
11/21/2025,6:45:00 PM,0,0.3033,14.635
11/21/2025,7:00:00 PM,0,0.3025,14.656
11/21/2025,7:15:00 PM,0,0.3027,14.673
11/21/2025,7:30:00 PM,0,0.3024,14.687
11/21/2025,7:45:00 PM,0,0.3024,14.699
11/21/2025,8:00:00 PM,0,0.3023,14.708
11/21/2025,8:15:00 PM,0,0.3025,14.715
11/21/2025,8:30:00 PM,0,0.3023,14.722
11/21/2025,8:45:00 PM,0,0.3022,14.725
11/21/2025,9:00:00 PM,0,0.3021,14.725
11/21/2025,9:15:00 PM,0,0.3017,14.725
11/21/2025,9:30:00 PM,0,0.3018,14.723
11/21/2025,9:45:00 PM,0,0.3017,14.719
11/21/2025,10:00:00 PM,0,0.3017,14.716
11/21/2025,10:15:00 PM,0,0.3018,14.709
11/21/2025,10:30:00 PM,0,0.3008,14.703
11/21/2025,10:45:00 PM,0,0.3013,14.693
11/21/2025,11:00:00 PM,0,0.3009,14.683
11/21/2025,11:15:00 PM,0,0.301,14.671
11/21/2025,11:30:00 PM,0,0.3002,14.656
11/21/2025,11:45:00 PM,0,0.3005,14.641
11/22/2025,12:00:00 AM,0,0.2993,14.625
11/22/2025,12:15:00 AM,0,0.2996,14.606
11/22/2025,12:30:00 AM,0,0.2992,14.585
11/22/2025,12:45:00 AM,0,0.2988,14.566
11/22/2025,1:00:00 AM,0,0.3,14.546
11/22/2025,1:15:00 AM,0,0.2984,14.524
11/22/2025,1:30:00 AM,0,0.2987,14.501
11/22/2025,1:45:00 AM,0,0.2991,14.478
11/22/2025,2:00:00 AM,0,0.2988,14.455
11/22/2025,2:15:00 AM,0,0.2985,14.429
11/22/2025,2:30:00 AM,0,0.297,14.406
11/22/2025,2:45:00 AM,0,0.298,14.379
11/22/2025,3:00:00 AM,0,0.2981,14.353
11/22/2025,3:15:00 AM,0,0.298,14.324
11/22/2025,3:30:00 AM,0,0.2974,14.297
11/22/2025,3:45:00 AM,0,0.2974,14.269
11/22/2025,4:00:00 AM,0,0.2972,14.24
11/22/2025,4:15:00 AM,0,0.2962,14.21
11/22/2025,4:30:00 AM,0,0.2967,14.181
11/22/2025,4:45:00 AM,0,0.2968,14.153
11/22/2025,5:00:00 AM,0,0.2964,14.126
11/22/2025,5:15:00 AM,0,0.297,14.098
11/22/2025,5:30:00 AM,0,0.2968,14.069
11/22/2025,5:45:00 AM,0,0.2949,14.04
11/22/2025,6:00:00 AM,0,0.2945,14.012
11/22/2025,6:15:00 AM,0,0.2945,13.981
11/22/2025,6:30:00 AM,0,0.2958,13.953
11/22/2025,6:45:00 AM,0,0.2959,13.925
11/22/2025,7:00:00 AM,0,0.2956,13.899
11/22/2025,7:15:00 AM,0,0.2971,13.869
11/22/2025,7:30:00 AM,0,0.2961,13.841
11/22/2025,7:45:00 AM,0,0.297,13.813
11/22/2025,8:00:00 AM,0,0.2967,13.788
11/22/2025,8:15:00 AM,0,0.2963,13.762
11/22/2025,8:30:00 AM,0,0.2955,13.736
11/22/2025,8:45:00 AM,0,0.2926,13.707
11/22/2025,9:00:00 AM,0,0.2946,13.682
11/22/2025,9:15:00 AM,0,0.2916,13.661
11/22/2025,9:30:00 AM,0,0.2901,13.636
11/22/2025,9:45:00 AM,0,0.2881,13.616
11/22/2025,10:00:00 AM,0,0.2909,13.596
11/22/2025,10:15:00 AM,0,0.2936,13.576
11/22/2025,10:30:00 AM,0,0.2945,13.56
11/22/2025,10:45:00 AM,0,0.2932,13.546
11/22/2025,11:00:00 AM,0,0.2911,13.534
11/22/2025,11:15:00 AM,0,0.2917,13.525
11/22/2025,11:30:00 AM,0,0.2925,13.516
11/22/2025,11:45:00 AM,0,0.2926,13.508
11/22/2025,12:00:00 PM,0,0.2933,13.503
11/22/2025,12:15:00 PM,0,0.2932,13.499
11/22/2025,12:30:00 PM,0,0.2926,13.497
11/22/2025,12:45:00 PM,0,0.2923,13.494
11/22/2025,1:00:00 PM,0,0.2921,13.492
11/22/2025,1:15:00 PM,0,0.2928,13.491
11/22/2025,1:30:00 PM,0,0.2922,13.489
11/22/2025,1:45:00 PM,0,0.2926,13.489
11/22/2025,2:00:00 PM,0,0.2901,13.488
11/22/2025,2:15:00 PM,0,0.2928,13.488
11/22/2025,2:30:00 PM,0,0.2919,13.486
11/22/2025,2:45:00 PM,0,0.2917,13.486
11/22/2025,3:00:00 PM,0,0.2927,13.486
11/22/2025,3:15:00 PM,0,0.2918,13.488
11/22/2025,3:30:00 PM,0,0.2908,13.491
11/22/2025,3:45:00 PM,0,0.2924,13.496
11/22/2025,4:00:00 PM,0,0.2919,13.501
11/22/2025,4:15:00 PM,0,0.292,13.517
11/22/2025,4:30:00 PM,0,0.2917,13.534
11/22/2025,4:45:00 PM,0,0.2888,13.556
11/22/2025,5:00:00 PM,0,0.2894,13.584
11/22/2025,5:15:00 PM,0,0.2897,13.616
11/22/2025,5:30:00 PM,0,0.2899,13.653
11/22/2025,5:45:00 PM,0,0.2896,13.691
11/22/2025,6:00:00 PM,0,0.2905,13.734
11/22/2025,6:15:00 PM,0,0.2899,13.78
11/22/2025,6:30:00 PM,0,0.2898,13.827
11/22/2025,6:45:00 PM,0,0.2894,13.877
11/22/2025,7:00:00 PM,0,0.2896,13.927
11/22/2025,7:15:00 PM,0,0.2888,13.976
11/22/2025,7:30:00 PM,0,0.2895,14.025
11/22/2025,7:45:00 PM,0,0.2892,14.074
11/22/2025,8:00:00 PM,0,0.2891,14.115
11/22/2025,8:15:00 PM,0,0.2886,14.16
11/22/2025,8:30:00 PM,0,0.2884,14.197
11/22/2025,8:45:00 PM,0,0.2878,14.233
11/22/2025,9:00:00 PM,0,0.2882,14.264
11/22/2025,9:15:00 PM,0,0.2893,14.295
11/22/2025,9:30:00 PM,0,0.2877,14.32
11/22/2025,9:45:00 PM,0,0.2884,14.342
11/22/2025,10:00:00 PM,0,0.2862,14.362
11/22/2025,10:15:00 PM,0,0.287,14.378
11/22/2025,10:30:00 PM,0,0.287,14.388
11/22/2025,10:45:00 PM,0,0.2871,14.4
11/22/2025,11:00:00 PM,0,0.2869,14.405
11/22/2025,11:15:00 PM,0,0.2867,14.407
11/22/2025,11:30:00 PM,0,0.2858,14.408
11/22/2025,11:45:00 PM,0,0.2862,14.406
11/23/2025,12:00:00 AM,0,0.2858,14.402
11/23/2025,12:15:00 AM,0,0.2857,14.396
11/23/2025,12:30:00 AM,0,0.2858,14.389
11/23/2025,12:45:00 AM,0,0.2847,14.378
11/23/2025,1:00:00 AM,0,0.2854,14.367
11/23/2025,1:15:00 AM,0,0.2852,14.352
11/23/2025,1:30:00 AM,0,0.2848,14.337
11/23/2025,1:45:00 AM,0,0.2844,14.32
11/23/2025,2:00:00 AM,0,0.2845,14.303
11/23/2025,2:15:00 AM,0,0.2849,14.288
11/23/2025,2:30:00 AM,0,0.2842,14.269
11/23/2025,2:45:00 AM,0,0.2839,14.251
11/23/2025,3:00:00 AM,0,0.2845,14.235
11/23/2025,3:15:00 AM,0,0.2844,14.22
11/23/2025,3:30:00 AM,0,0.2838,14.203
11/23/2025,3:45:00 AM,0,0.2836,14.186
11/23/2025,4:00:00 AM,0,0.2835,14.167
11/23/2025,4:15:00 AM,0,0.2839,14.151
11/23/2025,4:30:00 AM,0,0.2839,14.135
11/23/2025,4:45:00 AM,0,0.2827,14.117
11/23/2025,5:00:00 AM,0,0.2829,14.104
11/23/2025,5:15:00 AM,0,0.2824,14.089
11/23/2025,5:30:00 AM,0,0.2823,14.073
11/23/2025,5:45:00 AM,0,0.2825,14.06
11/23/2025,6:00:00 AM,0,0.282,14.042
11/23/2025,6:15:00 AM,0,0.2819,14.029
11/23/2025,6:30:00 AM,0,0.2813,14.011
11/23/2025,6:45:00 AM,0,0.2812,13.997
11/23/2025,7:00:00 AM,0,0.2812,13.982
11/23/2025,7:15:00 AM,0,0.2818,13.965
11/23/2025,7:30:00 AM,0,0.2837,13.95
11/23/2025,7:45:00 AM,0,0.2831,13.935
11/23/2025,8:00:00 AM,0,0.283,13.919
11/23/2025,8:15:00 AM,0,0.2831,13.906
11/23/2025,8:30:00 AM,0,0.282,13.891
11/23/2025,8:45:00 AM,0,0.2818,13.879
11/23/2025,9:00:00 AM,0,0.2804,13.865
11/23/2025,9:15:00 AM,0,0.281,13.851
11/23/2025,9:30:00 AM,0,0.2806,13.84
11/23/2025,9:45:00 AM,0,0.2808,13.826
11/23/2025,10:00:00 AM,0,0.2809,13.811
11/23/2025,10:15:00 AM,0,0.2802,13.8
11/23/2025,10:30:00 AM,0,0.2802,13.788
11/23/2025,10:45:00 AM,0,0.2808,13.779
11/23/2025,11:00:00 AM,0,0.2803,13.771
11/23/2025,11:15:00 AM,0,0.2808,13.764
11/23/2025,11:30:00 AM,0,0.2801,13.759
11/23/2025,11:45:00 AM,0,0.2801,13.751
11/23/2025,12:00:00 PM,0,0.2798,13.745
11/23/2025,12:15:00 PM,0,0.2803,13.74
11/23/2025,12:30:00 PM,0,0.2802,13.737
11/23/2025,12:45:00 PM,0,0.28,13.735
11/23/2025,1:00:00 PM,0,0.2796,13.732
11/23/2025,1:15:00 PM,0,0.2802,13.731
11/23/2025,1:30:00 PM,0,0.2799,13.731
11/23/2025,1:45:00 PM,0,0.2801,13.73
11/23/2025,2:00:00 PM,0,0.28,13.732
11/23/2025,2:15:00 PM,0,0.2802,13.732
11/23/2025,2:30:00 PM,0,0.2805,13.734
11/23/2025,2:45:00 PM,0,0.2805,13.733
11/23/2025,3:00:00 PM,0,0.2792,13.734
11/23/2025,3:15:00 PM,0,0.2799,13.736
11/23/2025,3:30:00 PM,0,0.2793,13.734
11/23/2025,3:45:00 PM,0,0.2795,13.732
11/23/2025,4:00:00 PM,0,0.2776,13.733
11/23/2025,4:15:00 PM,0,0.2792,13.733
11/23/2025,4:30:00 PM,0,0.2785,13.731
11/23/2025,4:45:00 PM,0,0.2775,13.726
11/23/2025,5:00:00 PM,0,0.2779,13.724
11/23/2025,5:15:00 PM,0,0.2783,13.719
11/23/2025,5:30:00 PM,0,0.2781,13.718
11/23/2025,5:45:00 PM,0,0.2786,13.716
11/23/2025,6:00:00 PM,0,0.279,13.713
11/23/2025,6:15:00 PM,0,0.2781,13.713
11/23/2025,6:30:00 PM,0,0.2799,13.717
11/23/2025,6:45:00 PM,0,0.2797,13.724
11/23/2025,7:00:00 PM,0,0.2794,13.738
11/23/2025,7:15:00 PM,0,0.2785,13.752
11/23/2025,7:30:00 PM,0,0.2791,13.766
11/23/2025,7:45:00 PM,0,0.2786,13.782
11/23/2025,8:00:00 PM,0,0.2787,13.802
11/23/2025,8:15:00 PM,0,0.2789,13.822
11/23/2025,8:30:00 PM,0,0.2791,13.842
11/23/2025,8:45:00 PM,0,0.2787,13.867
11/23/2025,9:00:00 PM,0,0.2786,13.891
11/23/2025,9:15:00 PM,0,0.2788,13.916
11/23/2025,9:30:00 PM,0,0.2783,13.945
11/23/2025,9:45:00 PM,0,0.2792,13.971
11/23/2025,10:00:00 PM,0,0.2787,13.995
11/23/2025,10:15:00 PM,0,0.2792,14.019
11/23/2025,10:30:00 PM,0,0.2789,14.042
11/23/2025,10:45:00 PM,0,0.2781,14.062
11/23/2025,11:00:00 PM,0,0.2779,14.078
11/23/2025,11:15:00 PM,0,0.2781,14.094
11/23/2025,11:30:00 PM,0,0.2783,14.106
11/23/2025,11:45:00 PM,0,0.2786,14.116
11/24/2025,12:00:00 AM,0,0.278,14.128
11/24/2025,12:15:00 AM,0,0.2782,14.134
11/24/2025,12:30:00 AM,0,0.2781,14.138
11/24/2025,12:45:00 AM,0,0.2777,14.144
11/24/2025,1:00:00 AM,0,0.2777,14.144
11/24/2025,1:15:00 AM,0,0.2781,14.141
11/24/2025,1:30:00 AM,0,0.2778,14.137
11/24/2025,1:45:00 AM,0,0.2775,14.131
11/24/2025,2:00:00 AM,0,0.2775,14.126
11/24/2025,2:15:00 AM,0,0.2779,14.121
11/24/2025,2:30:00 AM,0,0.2775,14.109
11/24/2025,2:45:00 AM,0,0.2774,14.097
11/24/2025,3:00:00 AM,0,0.2767,14.086
11/24/2025,3:15:00 AM,0,0.2771,14.074
11/24/2025,3:30:00 AM,0,0.2775,14.061
11/24/2025,3:45:00 AM,0,0.2768,14.047
11/24/2025,4:00:00 AM,0,0.2773,14.031
11/24/2025,4:15:00 AM,0,0.2768,14.018
11/24/2025,4:30:00 AM,0,0.2771,14.003
11/24/2025,4:45:00 AM,0,0.2769,13.988
11/24/2025,5:00:00 AM,0,0.2763,13.973
11/24/2025,5:15:00 AM,0,0.2765,13.957
11/24/2025,5:30:00 AM,0,0.2762,13.941
11/24/2025,5:45:00 AM,0,0.276,13.926
11/24/2025,6:00:00 AM,0,0.276,13.909
11/24/2025,6:15:00 AM,0,0.2759,13.892
11/24/2025,6:30:00 AM,0,0.2766,13.874
11/24/2025,6:45:00 AM,0,0.276,13.855
11/24/2025,7:00:00 AM,0,0.2766,13.84
11/24/2025,7:15:00 AM,0,0.2772,13.821
11/24/2025,7:30:00 AM,0,0.2785,13.803
11/24/2025,7:45:00 AM,0,0.278,13.785
11/24/2025,8:00:00 AM,0,0.2767,13.768
11/24/2025,8:15:00 AM,0,0.2767,13.75
11/24/2025,8:30:00 AM,0,0.2766,13.737
11/24/2025,8:45:00 AM,0,0.2777,13.723
11/24/2025,9:00:00 AM,0,0.2778,13.712
11/24/2025,9:15:00 AM,0,0.2766,13.701
11/24/2025,9:30:00 AM,0,0.277,13.692
11/24/2025,9:45:00 AM,0,0.2765,13.681
11/24/2025,10:00:00 AM,0,0.2757,13.671
11/24/2025,10:15:00 AM,0,0.2754,13.662
11/24/2025,10:30:00 AM,0,0.276,13.653
11/24/2025,10:45:00 AM,0,0.2762,13.645
11/24/2025,11:00:00 AM,0,0.2755,13.642
11/24/2025,11:15:00 AM,0,0.2755,13.64
11/24/2025,11:30:00 AM,0,0.2763,13.637
11/24/2025,11:45:00 AM,0,0.2758,13.633
11/24/2025,12:00:00 PM,0,0.2763,13.629
11/24/2025,12:15:00 PM,0,0.2771,13.625
11/24/2025,12:30:00 PM,0,0.2764,13.627
11/24/2025,12:45:00 PM,0,0.2767,13.626
11/24/2025,1:00:00 PM,0,0.2773,13.628
11/24/2025,1:15:00 PM,0,0.2768,13.633
11/24/2025,1:30:00 PM,0,0.2769,13.635
11/24/2025,1:45:00 PM,0,0.2763,13.642
11/24/2025,2:00:00 PM,0,0.2768,13.647
11/24/2025,2:15:00 PM,0,0.2759,13.655
11/24/2025,2:30:00 PM,0,0.2761,13.661
11/24/2025,2:45:00 PM,0,0.2764,13.665
11/24/2025,3:00:00 PM,0,0.276,13.672
11/24/2025,3:15:00 PM,0,0.2768,13.679
11/24/2025,3:30:00 PM,0,0.2762,13.684
11/24/2025,3:45:00 PM,0,0.2768,13.689
11/24/2025,4:00:00 PM,0,0.2757,13.696
11/24/2025,4:15:00 PM,0,0.2765,13.701
11/24/2025,4:30:00 PM,0,0.2762,13.708
11/24/2025,4:45:00 PM,0,0.2752,13.714
11/24/2025,5:00:00 PM,0,0.2756,13.719
11/24/2025,5:15:00 PM,0,0.2758,13.725
11/24/2025,5:30:00 PM,0,0.2762,13.73
11/24/2025,5:45:00 PM,0,0.2767,13.736
11/24/2025,6:00:00 PM,0,0.2763,13.738
11/24/2025,6:15:00 PM,0,0.2763,13.741
11/24/2025,6:30:00 PM,0,0.2768,13.747
11/24/2025,6:45:00 PM,0,0.2765,13.749
11/24/2025,7:00:00 PM,0,0.2762,13.753
11/24/2025,7:15:00 PM,0,0.2766,13.755
11/24/2025,7:30:00 PM,0,0.2758,13.761
11/24/2025,7:45:00 PM,0,0.276,13.765
11/24/2025,8:00:00 PM,0,0.2758,13.775
11/24/2025,8:15:00 PM,0,0.2762,13.784
11/24/2025,8:30:00 PM,0,0.2759,13.796
11/24/2025,8:45:00 PM,0,0.2762,13.806
11/24/2025,9:00:00 PM,0,0.2762,13.817
11/24/2025,9:15:00 PM,0,0.2753,13.827
11/24/2025,9:30:00 PM,0,0.276,13.841
11/24/2025,9:45:00 PM,0,0.2758,13.853
11/24/2025,10:00:00 PM,0,0.2755,13.866
11/24/2025,10:15:00 PM,0,0.2753,13.877
11/24/2025,10:30:00 PM,0,0.2761,13.887
11/24/2025,10:45:00 PM,0,0.276,13.897
11/24/2025,11:00:00 PM,0,0.2752,13.906
11/24/2025,11:15:00 PM,0,0.2749,13.916
11/24/2025,11:30:00 PM,0,0.275,13.921
11/24/2025,11:45:00 PM,0,0.2757,13.926
11/25/2025,12:00:00 AM,0,0.2752,13.929
11/25/2025,12:15:00 AM,0,0.2762,13.929
11/25/2025,12:30:00 AM,0,0.2755,13.929
11/25/2025,12:45:00 AM,0,0.2757,13.929
11/25/2025,1:00:00 AM,0,0.2752,13.925
11/25/2025,1:15:00 AM,0,0.2746,13.92
11/25/2025,1:30:00 AM,0,0.275,13.915
11/25/2025,1:45:00 AM,0,0.2746,13.91
11/25/2025,2:00:00 AM,0,0.2751,13.901
11/25/2025,2:15:00 AM,0,0.2746,13.894
11/25/2025,2:30:00 AM,0,0.2745,13.883
11/25/2025,2:45:00 AM,0,0.2748,13.871
11/25/2025,3:00:00 AM,0,0.2747,13.861
11/25/2025,3:15:00 AM,0,0.2748,13.851
11/25/2025,3:30:00 AM,0,0.2741,13.837
11/25/2025,3:45:00 AM,0,0.2745,13.828
11/25/2025,4:00:00 AM,0,0.2742,13.814
11/25/2025,4:15:00 AM,0,0.275,13.802
11/25/2025,4:30:00 AM,0,0.274,13.786
11/25/2025,4:45:00 AM,0,0.2738,13.774
11/25/2025,5:00:00 AM,0,0.2741,13.761
11/25/2025,5:15:00 AM,0,0.2745,13.749
11/25/2025,5:30:00 AM,0,0.2745,13.734
11/25/2025,5:45:00 AM,0,0.2734,13.717
11/25/2025,6:00:00 AM,0,0.2744,13.703
11/25/2025,6:15:00 AM,0,0.2742,13.686
11/25/2025,6:30:00 AM,0,0.2742,13.67
11/25/2025,6:45:00 AM,0,0.2741,13.652
11/25/2025,7:00:00 AM,0,0.2742,13.634
11/25/2025,7:15:00 AM,0,0.2757,13.615
11/25/2025,7:30:00 AM,0,0.275,13.597
11/25/2025,7:45:00 AM,0,0.2757,13.578
11/25/2025,8:00:00 AM,0,0.2756,13.56
11/25/2025,8:15:00 AM,0,0.2759,13.545
11/25/2025,8:30:00 AM,0,0.2757,13.528
11/25/2025,8:45:00 AM,0,0.2745,13.515
11/25/2025,9:00:00 AM,0,0.2742,13.505
11/25/2025,9:15:00 AM,0,0.2747,13.493
11/25/2025,9:30:00 AM,0,0.275,13.487
11/25/2025,9:45:00 AM,0,0.2758,13.479
11/25/2025,10:00:00 AM,0,0.2751,13.469
11/25/2025,10:15:00 AM,0,0.2749,13.46
11/25/2025,10:30:00 AM,0,0.2751,13.451
11/25/2025,10:45:00 AM,0,0.2744,13.439
11/25/2025,11:00:00 AM,0,0.2755,13.435
11/25/2025,11:15:00 AM,0,0.2753,13.433
11/25/2025,11:30:00 AM,0,0.2757,13.43
11/25/2025,11:45:00 AM,0,0.2754,13.428
11/25/2025,12:00:00 PM,0,0.2766,13.425
11/25/2025,12:15:00 PM,0,0.2763,13.425
11/25/2025,12:30:00 PM,0,0.2765,13.421
11/25/2025,12:45:00 PM,0,0.2762,13.42
11/25/2025,1:00:00 PM,0,0.2768,13.422
11/25/2025,1:15:00 PM,0,0.2766,13.423
11/25/2025,1:30:00 PM,0,0.2769,13.429
11/25/2025,1:45:00 PM,0,0.2766,13.43
11/25/2025,2:00:00 PM,0,0.2763,13.435
11/25/2025,2:15:00 PM,0,0.2757,13.441
11/25/2025,2:30:00 PM,0,0.2772,13.448
11/25/2025,2:45:00 PM,0,0.2768,13.454
11/25/2025,3:00:00 PM,0,0.2772,13.46
11/25/2025,3:15:00 PM,0,0.2769,13.469
11/25/2025,3:30:00 PM,0,0.2764,13.472
11/25/2025,3:45:00 PM,0,0.2766,13.479
11/25/2025,4:00:00 PM,0,0.2757,13.483
11/25/2025,4:15:00 PM,0,0.2765,13.487
11/25/2025,4:30:00 PM,0,0.2754,13.489
11/25/2025,4:45:00 PM,0,0.274,13.492
11/25/2025,5:00:00 PM,0,0.2759,13.499
11/25/2025,5:15:00 PM,0,0.2761,13.504
11/25/2025,5:30:00 PM,0,0.2755,13.509
11/25/2025,5:45:00 PM,0,0.2759,13.515
11/25/2025,6:00:00 PM,0,0.2761,13.521
11/25/2025,6:15:00 PM,0,0.2762,13.526
11/25/2025,6:30:00 PM,0,0.2757,13.533
11/25/2025,6:45:00 PM,0,0.276,13.538
11/25/2025,7:00:00 PM,0,0.2759,13.541
11/25/2025,7:15:00 PM,0,0.2763,13.543
11/25/2025,7:30:00 PM,0,0.2758,13.544
11/25/2025,7:45:00 PM,0,0.2762,13.543
11/25/2025,8:00:00 PM,0,0.2761,13.545
11/25/2025,8:15:00 PM,0,0.2758,13.545
11/25/2025,8:30:00 PM,0,0.2764,13.547
11/25/2025,8:45:00 PM,0,0.2761,13.55
11/25/2025,9:00:00 PM,0,0.2762,13.55
11/25/2025,9:15:00 PM,0,0.2761,13.551
11/25/2025,9:30:00 PM,0,0.2761,13.555
11/25/2025,9:45:00 PM,0,0.2758,13.554
11/25/2025,10:00:00 PM,0,0.2763,13.558
11/25/2025,10:15:00 PM,0,0.2762,13.558
11/25/2025,10:30:00 PM,0,0.2763,13.556
11/25/2025,10:45:00 PM,0,0.276,13.556
11/25/2025,11:00:00 PM,0,0.2766,13.553
11/25/2025,11:15:00 PM,0,0.2771,13.552
11/25/2025,11:30:00 PM,0,0.2759,13.549
11/25/2025,11:45:00 PM,0,0.2764,13.547
11/26/2025,12:00:00 AM,0,0.2761,13.541
11/26/2025,12:15:00 AM,0,0.2762,13.535
11/26/2025,12:30:00 AM,0,0.2756,13.529
11/26/2025,12:45:00 AM,0,0.276,13.525
11/26/2025,1:00:00 AM,0,0.2763,13.519
11/26/2025,1:15:00 AM,0,0.2762,13.516
11/26/2025,1:30:00 AM,0,0.2767,13.51
11/26/2025,1:45:00 AM,0,0.2766,13.506
11/26/2025,2:00:00 AM,0,0.276,13.498
11/26/2025,2:15:00 AM,0,0.2761,13.49
11/26/2025,2:30:00 AM,0,0.2758,13.48
11/26/2025,2:45:00 AM,0,0.2757,13.47
11/26/2025,3:00:00 AM,0,0.2758,13.462
11/26/2025,3:15:00 AM,0,0.276,13.45
11/26/2025,3:30:00 AM,0,0.276,13.438
11/26/2025,3:45:00 AM,0,0.2758,13.425
11/26/2025,4:00:00 AM,0,0.2755,13.412
11/26/2025,4:15:00 AM,0,0.2754,13.4
11/26/2025,4:30:00 AM,0,0.2757,13.385
11/26/2025,4:45:00 AM,0,0.2765,13.372
11/26/2025,5:00:00 AM,0,0.2743,13.361
11/26/2025,5:15:00 AM,0,0.2755,13.343
11/26/2025,5:30:00 AM,0,0.2756,13.328
11/26/2025,5:45:00 AM,0,0.2756,13.314
11/26/2025,6:00:00 AM,0,0.2756,13.296
11/26/2025,6:15:00 AM,0,0.2755,13.283
11/26/2025,6:30:00 AM,0,0.2754,13.265
11/26/2025,6:45:00 AM,0,0.2758,13.247
11/26/2025,7:00:00 AM,0,0.2748,13.23
11/26/2025,7:15:00 AM,0,0.2765,13.213
11/26/2025,7:30:00 AM,0,0.2765,13.198
11/26/2025,7:45:00 AM,0,0.2771,13.18
11/26/2025,8:00:00 AM,0,0.2773,13.164
11/26/2025,8:15:00 AM,0,0.2764,13.151
11/26/2025,8:30:00 AM,0,0.2768,13.139
11/26/2025,8:45:00 AM,0,0.2764,13.129
11/26/2025,9:00:00 AM,0,0.276,13.123
11/26/2025,9:15:00 AM,0,0.2749,13.116
11/26/2025,9:30:00 AM,0,0.2752,13.114
11/26/2025,9:45:00 AM,0,0.2755,13.108
11/26/2025,10:00:00 AM,0,0.2756,13.102
11/26/2025,10:15:00 AM,0,0.275,13.099
11/26/2025,10:30:00 AM,0,0.275,13.091
11/26/2025,10:45:00 AM,0,0.2756,13.086
11/26/2025,11:00:00 AM,0,0.2756,13.087
11/26/2025,11:15:00 AM,0,0.2759,13.085
11/26/2025,11:30:00 AM,0,0.2759,13.084
11/26/2025,11:45:00 AM,0,0.2764,13.081
11/26/2025,12:00:00 PM,0,0.2763,13.079
11/26/2025,12:15:00 PM,0,0.2768,13.076
11/26/2025,12:30:00 PM,0,0.2775,13.072
11/26/2025,12:45:00 PM,0,0.2769,13.07
11/26/2025,1:00:00 PM,0,0.2776,13.069
11/26/2025,1:15:00 PM,0,0.2771,13.071
11/26/2025,1:30:00 PM,0,0.2771,13.073
11/26/2025,1:45:00 PM,0,0.2777,13.08
11/26/2025,2:00:00 PM,0,0.2775,13.089
11/26/2025,2:15:00 PM,0,0.278,13.098
11/26/2025,2:30:00 PM,0,0.2765,13.112
11/26/2025,2:45:00 PM,0,0.2774,13.121
11/26/2025,3:00:00 PM,0,0.2777,13.134
11/26/2025,3:15:00 PM,0,0.2777,13.147
11/26/2025,3:30:00 PM,0,0.2784,13.157
11/26/2025,3:45:00 PM,0,0.2778,13.17
11/26/2025,4:00:00 PM,0,0.2769,13.176
11/26/2025,4:15:00 PM,0,0.2766,13.187
11/26/2025,4:30:00 PM,0,0.2743,13.191
11/26/2025,4:45:00 PM,0,0.274,13.198
11/26/2025,5:00:00 PM,0,0.2742,13.202
11/26/2025,5:15:00 PM,0,0.2754,13.206
11/26/2025,5:30:00 PM,0,0.2757,13.212
11/26/2025,5:45:00 PM,0,0.2762,13.214
11/26/2025,6:00:00 PM,0,0.276,13.214
11/26/2025,6:15:00 PM,0,0.2755,13.215
11/26/2025,6:30:00 PM,0,0.2758,13.214
11/26/2025,6:45:00 PM,0,0.2757,13.213
11/26/2025,7:00:00 PM,0,0.2756,13.212
11/26/2025,7:15:00 PM,0,0.2759,13.212
11/26/2025,7:30:00 PM,0,0.2755,13.211
11/26/2025,7:45:00 PM,0,0.2761,13.21
11/26/2025,8:00:00 PM,0,0.2757,13.21
11/26/2025,8:15:00 PM,0,0.2754,13.208
11/26/2025,8:30:00 PM,0,0.2753,13.205
11/26/2025,8:45:00 PM,0,0.2755,13.203
11/26/2025,9:00:00 PM,0,0.275,13.199
11/26/2025,9:15:00 PM,0,0.2752,13.193
11/26/2025,9:30:00 PM,0,0.2755,13.188
11/26/2025,9:45:00 PM,0,0.2755,13.183
11/26/2025,10:00:00 PM,0,0.2756,13.177
11/26/2025,10:15:00 PM,0,0.2753,13.173
11/26/2025,10:30:00 PM,0,0.2751,13.166
11/26/2025,10:45:00 PM,0,0.2754,13.161
11/26/2025,11:00:00 PM,0,0.2755,13.156
11/26/2025,11:15:00 PM,0,0.2752,13.149
11/26/2025,11:30:00 PM,0,0.2745,13.141
11/26/2025,11:45:00 PM,0,0.2752,13.132
11/27/2025,12:00:00 AM,0,0.2751,13.125
11/27/2025,12:15:00 AM,0,0.2756,13.118
11/27/2025,12:30:00 AM,0,0.2746,13.108
11/27/2025,12:45:00 AM,0,0.2743,13.102
11/27/2025,1:00:00 AM,0,0.2748,13.098
11/27/2025,1:15:00 AM,0,0.2747,13.089
11/27/2025,1:30:00 AM,0,0.2748,13.084
11/27/2025,1:45:00 AM,0,0.2741,13.078
11/27/2025,2:00:00 AM,0,0.2747,13.074
11/27/2025,2:15:00 AM,0,0.2748,13.068
11/27/2025,2:30:00 AM,0,0.2749,13.063
11/27/2025,2:45:00 AM,0,0.2748,13.06
11/27/2025,3:00:00 AM,0,0.2744,13.052
11/27/2025,3:15:00 AM,0,0.2744,13.047
11/27/2025,3:30:00 AM,0,0.2751,13.041
11/27/2025,3:45:00 AM,0,0.2749,13.033
11/27/2025,4:00:00 AM,0,0.2745,13.024
11/27/2025,4:15:00 AM,0,0.2748,13.016
11/27/2025,4:30:00 AM,0,0.275,13.009
11/27/2025,4:45:00 AM,0,0.2748,13
11/27/2025,5:00:00 AM,0,0.2753,12.989
11/27/2025,5:15:00 AM,0,0.2744,12.98
11/27/2025,5:30:00 AM,0,0.2745,12.97
11/27/2025,5:45:00 AM,0,0.2746,12.959
11/27/2025,6:00:00 AM,0,0.2744,12.946
11/27/2025,6:15:00 AM,0,0.2749,12.938
11/27/2025,6:30:00 AM,0,0.2747,12.929
11/27/2025,6:45:00 AM,0,0.2744,12.919
11/27/2025,7:00:00 AM,0,0.2744,12.906
11/27/2025,7:15:00 AM,0,0.2746,12.895
11/27/2025,7:30:00 AM,0,0.2752,12.884
11/27/2025,7:45:00 AM,0,0.2758,12.872
11/27/2025,8:00:00 AM,0,0.2754,12.865
11/27/2025,8:15:00 AM,0,0.2753,12.855
11/27/2025,8:30:00 AM,0,0.2749,12.849
11/27/2025,8:45:00 AM,0,0.2753,12.845
11/27/2025,9:00:00 AM,0,0.2759,12.842
11/27/2025,9:15:00 AM,0,0.2759,12.841
11/27/2025,9:30:00 AM,0,0.2764,12.84
11/27/2025,9:45:00 AM,0,0.2783,12.838
11/27/2025,10:00:00 AM,0,0.2773,12.839
11/27/2025,10:15:00 AM,0,0.2767,12.837
11/27/2025,10:30:00 AM,0,0.2756,12.836
11/27/2025,10:45:00 AM,0,0.2757,12.835
11/27/2025,11:00:00 AM,0,0.2765,12.843
11/27/2025,11:15:00 AM,0,0.2764,12.846
11/27/2025,11:30:00 AM,0,0.2768,12.848
11/27/2025,11:45:00 AM,0,0.2763,12.851
11/27/2025,12:00:00 PM,0,0.2757,12.853
11/27/2025,12:15:00 PM,0,0.2763,12.852
11/27/2025,12:30:00 PM,0,0.2753,12.853
11/27/2025,12:45:00 PM,0,0.2764,12.855
11/27/2025,1:00:00 PM,0,0.2773,12.858
11/27/2025,1:15:00 PM,0,0.2757,12.863
11/27/2025,1:30:00 PM,0,0.2768,12.87
11/27/2025,1:45:00 PM,0,0.2763,12.877
11/27/2025,2:00:00 PM,0,0.2762,12.887
11/27/2025,2:15:00 PM,0,0.2769,12.895
11/27/2025,2:30:00 PM,0,0.2773,12.907
11/27/2025,2:45:00 PM,0,0.2764,12.917
11/27/2025,3:00:00 PM,0,0.2763,12.928
11/27/2025,3:15:00 PM,0,0.2767,12.941
11/27/2025,3:30:00 PM,0,0.2778,12.954
11/27/2025,3:45:00 PM,0,0.2761,12.965
11/27/2025,4:00:00 PM,0,0.2776,12.979
11/27/2025,4:15:00 PM,0,0.2769,12.991
11/27/2025,4:30:00 PM,0,0.2753,13
11/27/2025,4:45:00 PM,0,0.2738,13.011
11/27/2025,5:00:00 PM,0,0.275,13.022
11/27/2025,5:15:00 PM,0,0.2755,13.03
11/27/2025,5:30:00 PM,0,0.2754,13.037
11/27/2025,5:45:00 PM,0,0.2756,13.044
11/27/2025,6:00:00 PM,0,0.2757,13.053
11/27/2025,6:15:00 PM,0,0.2751,13.056
11/27/2025,6:30:00 PM,0,0.2754,13.06
11/27/2025,6:45:00 PM,0,0.2752,13.067
11/27/2025,7:00:00 PM,0,0.2751,13.071
11/27/2025,7:15:00 PM,0,0.2753,13.072
11/27/2025,7:30:00 PM,0,0.2756,13.072
11/27/2025,7:45:00 PM,0,0.2749,13.072
11/27/2025,8:00:00 PM,0,0.275,13.07
11/27/2025,8:15:00 PM,0,0.2753,13.064
11/27/2025,8:30:00 PM,0,0.2749,13.06
11/27/2025,8:45:00 PM,0,0.2754,13.056
11/27/2025,9:00:00 PM,0,0.2749,13.047
11/27/2025,9:15:00 PM,0,0.2756,13.04
11/27/2025,9:30:00 PM,0,0.2745,13.031
11/27/2025,9:45:00 PM,0,0.2755,13.024
11/27/2025,10:00:00 PM,0,0.2755,13.016
11/27/2025,10:15:00 PM,0,0.2749,13.009
11/27/2025,10:30:00 PM,0,0.2747,13
11/27/2025,10:45:00 PM,0,0.275,12.994
11/27/2025,11:00:00 PM,0,0.2754,12.985
11/27/2025,11:15:00 PM,0,0.2748,12.977
11/27/2025,11:30:00 PM,0,0.2746,12.971
11/27/2025,11:45:00 PM,0,0.2749,12.962
11/28/2025,12:00:00 AM,0,0.2746,12.954
11/28/2025,12:15:00 AM,0,0.275,12.946
11/28/2025,12:30:00 AM,0,0.2749,12.938
11/28/2025,12:45:00 AM,0,0.275,12.928
11/28/2025,1:00:00 AM,0,0.2743,12.918
11/28/2025,1:15:00 AM,0,0.2744,12.907
11/28/2025,1:30:00 AM,0,0.2747,12.897
11/28/2025,1:45:00 AM,0,0.2748,12.888
11/28/2025,2:00:00 AM,0,0.2743,12.873
11/28/2025,2:15:00 AM,0,0.2745,12.864
11/28/2025,2:30:00 AM,0,0.2746,12.853
11/28/2025,2:45:00 AM,0,0.2754,12.842
11/28/2025,3:00:00 AM,0,0.2746,12.832
11/28/2025,3:15:00 AM,0,0.2745,12.821
11/28/2025,3:30:00 AM,0,0.2741,12.81
11/28/2025,3:45:00 AM,0,0.2744,12.801
11/28/2025,4:00:00 AM,0,0.275,12.789
11/28/2025,4:15:00 AM,0,0.2745,12.778
11/28/2025,4:30:00 AM,0,0.2742,12.764
11/28/2025,4:45:00 AM,0,0.2748,12.75
11/28/2025,5:00:00 AM,0,0.2741,12.734
11/28/2025,5:15:00 AM,0,0.2743,12.719
11/28/2025,5:30:00 AM,0,0.2744,12.705
11/28/2025,5:45:00 AM,0,0.2744,12.69
11/28/2025,6:00:00 AM,0,0.2748,12.676
11/28/2025,6:15:00 AM,0,0.2735,12.661
11/28/2025,6:30:00 AM,0,0.2741,12.647
11/28/2025,6:45:00 AM,0,0.2748,12.634
11/28/2025,7:00:00 AM,0,0.2743,12.621
11/28/2025,7:15:00 AM,0,0.2747,12.608
11/28/2025,7:30:00 AM,0,0.2758,12.594
11/28/2025,7:45:00 AM,0,0.2775,12.58
11/28/2025,8:00:00 AM,0,0.2772,12.57
11/28/2025,8:15:00 AM,0,0.2774,12.558
11/28/2025,8:30:00 AM,0,0.2766,12.554
11/28/2025,8:45:00 AM,0,0.2753,12.55
11/28/2025,9:00:00 AM,0,0.2746,12.547
11/28/2025,9:15:00 AM,0,0.2743,12.55
11/28/2025,9:30:00 AM,0,0.2748,12.548
11/28/2025,9:45:00 AM,0,0.2749,12.549
11/28/2025,10:00:00 AM,0,0.2756,12.551
11/28/2025,10:15:00 AM,0,0.2753,12.551
11/28/2025,10:30:00 AM,0,0.2751,12.55
11/28/2025,10:45:00 AM,0,0.276,12.55
11/28/2025,11:00:00 AM,0,0.2756,12.555
11/28/2025,11:15:00 AM,0,0.2757,12.563
11/28/2025,11:30:00 AM,0,0.2756,12.568
11/28/2025,11:45:00 AM,0,0.2757,12.572
11/28/2025,12:00:00 PM,0,0.2753,12.575
11/28/2025,12:15:00 PM,0,0.2765,12.577
11/28/2025,12:30:00 PM,0,0.2762,12.583
11/28/2025,12:45:00 PM,0,0.2759,12.589
11/28/2025,1:00:00 PM,0,0.2757,12.6
11/28/2025,1:15:00 PM,0,0.2765,12.608
11/28/2025,1:30:00 PM,0,0.2771,12.622
11/28/2025,1:45:00 PM,0,0.2766,12.634
11/28/2025,2:00:00 PM,0,0.2767,12.651
11/28/2025,2:15:00 PM,0,0.2769,12.663
11/28/2025,2:30:00 PM,0,0.2769,12.677
11/28/2025,2:45:00 PM,0,0.2768,12.693
11/28/2025,3:00:00 PM,0,0.2767,12.706
11/28/2025,3:15:00 PM,0,0.2767,12.721
11/28/2025,3:30:00 PM,0,0.2767,12.737
11/28/2025,3:45:00 PM,0,0.2767,12.751
11/28/2025,4:00:00 PM,0,0.2763,12.764
11/28/2025,4:15:00 PM,0,0.276,12.779
11/28/2025,4:30:00 PM,0,0.2763,12.793
11/28/2025,4:45:00 PM,0,0.2746,12.803
11/28/2025,5:00:00 PM,0,0.275,12.817
11/28/2025,5:15:00 PM,0,0.2761,12.829
11/28/2025,5:30:00 PM,0,0.2756,12.839
11/28/2025,5:45:00 PM,0,0.2764,12.847
11/28/2025,6:00:00 PM,0,0.2772,12.857
11/28/2025,6:15:00 PM,0,0.2763,12.862
11/28/2025,6:30:00 PM,0,0.2763,12.866
11/28/2025,6:45:00 PM,0,0.2764,12.869
11/28/2025,7:00:00 PM,0,0.2769,12.867
11/28/2025,7:15:00 PM,0,0.2764,12.867
11/28/2025,7:30:00 PM,0,0.2763,12.863
11/28/2025,7:45:00 PM,0,0.2757,12.86
11/28/2025,8:00:00 PM,0,0.2759,12.854
11/28/2025,8:15:00 PM,0,0.2757,12.847
11/28/2025,8:30:00 PM,0,0.2767,12.839
11/28/2025,8:45:00 PM,0,0.2764,12.831
11/28/2025,9:00:00 PM,0,0.2763,12.82
11/28/2025,9:15:00 PM,0,0.276,12.811
11/28/2025,9:30:00 PM,0,0.2759,12.805
11/28/2025,9:45:00 PM,0,0.2755,12.793
11/28/2025,10:00:00 PM,0,0.2751,12.786
11/28/2025,10:15:00 PM,0,0.2761,12.781
11/28/2025,10:30:00 PM,0,0.2763,12.775
11/28/2025,10:45:00 PM,0,0.2757,12.769
11/28/2025,11:00:00 PM,0,0.2753,12.761
11/28/2025,11:15:00 PM,0,0.2757,12.755
11/28/2025,11:30:00 PM,0,0.2761,12.747
11/28/2025,11:45:00 PM,0,0.2758,12.738
11/29/2025,12:00:00 AM,0,0.2759,12.732
11/29/2025,12:15:00 AM,0,0.2756,12.725
11/29/2025,12:30:00 AM,0,0.2765,12.719
11/29/2025,12:45:00 AM,0,0.2756,12.712
11/29/2025,1:00:00 AM,0,0.2763,12.71
11/29/2025,1:15:00 AM,0,0.2758,12.708
11/29/2025,1:30:00 AM,0,0.2768,12.709
11/29/2025,1:45:00 AM,0,0.276,12.707
11/29/2025,2:00:00 AM,0,0.2751,12.712
11/29/2025,2:15:00 AM,0,0.2764,12.716
11/29/2025,2:30:00 AM,0,0.2761,12.721
11/29/2025,2:45:00 AM,0,0.2759,12.723
11/29/2025,3:00:00 AM,0,0.2753,12.73
11/29/2025,3:15:00 AM,0,0.2762,12.736
11/29/2025,3:30:00 AM,0,0.2766,12.741
11/29/2025,3:45:00 AM,0,0.2763,12.746
11/29/2025,4:00:00 AM,0,0.2766,12.753
11/29/2025,4:15:00 AM,0,0.2769,12.762
11/29/2025,4:30:00 AM,0,0.2769,12.768
11/29/2025,4:45:00 AM,0,0.2762,12.775
11/29/2025,5:00:00 AM,0,0.2762,12.781
11/29/2025,5:15:00 AM,0,0.2763,12.79
11/29/2025,5:30:00 AM,0,0.2766,12.801
11/29/2025,5:45:00 AM,0,0.2755,12.806
11/29/2025,6:00:00 AM,0,0.2754,12.809
11/29/2025,6:15:00 AM,0,0.2751,12.816
11/29/2025,6:30:00 AM,0,0.2754,12.818
11/29/2025,6:45:00 AM,0,0.276,12.82
11/29/2025,7:00:00 AM,0,0.2759,12.821
11/29/2025,7:15:00 AM,0,0.2759,12.822
11/29/2025,7:30:00 AM,0,0.2763,12.823
11/29/2025,7:45:00 AM,0,0.276,12.826
11/29/2025,8:00:00 AM,0,0.2766,12.827
11/29/2025,8:15:00 AM,0,0.278,12.83
11/29/2025,8:30:00 AM,0,0.2776,12.834
11/29/2025,8:45:00 AM,0,0.2762,12.838
11/29/2025,9:00:00 AM,0,0.2759,12.843
11/29/2025,9:15:00 AM,0,0.2761,12.85
11/29/2025,9:30:00 AM,0,0.2766,12.857
11/29/2025,9:45:00 AM,0,0.2758,12.862
11/29/2025,10:00:00 AM,0,0.2758,12.87
11/29/2025,10:15:00 AM,0,0.2762,12.877
11/29/2025,10:30:00 AM,0,0.276,12.885
11/29/2025,10:45:00 AM,0,0.2764,12.891
11/29/2025,11:00:00 AM,0,0.2759,12.903
11/29/2025,11:15:00 AM,0,0.2765,12.917
11/29/2025,11:30:00 AM,0,0.2764,12.93
11/29/2025,11:45:00 AM,0,0.2771,12.944
11/29/2025,12:00:00 PM,0,0.2762,12.955
11/29/2025,12:15:00 PM,0,0.2766,12.965
11/29/2025,12:30:00 PM,0,0.2763,12.974
11/29/2025,12:45:00 PM,0,0.2767,12.986
11/29/2025,1:00:00 PM,0,0.277,12.995
11/29/2025,1:15:00 PM,0,0.2771,13.011
11/29/2025,1:30:00 PM,0,0.277,13.019
11/29/2025,1:45:00 PM,0,0.2767,13.031
11/29/2025,2:00:00 PM,0,0.2774,13.046
11/29/2025,2:15:00 PM,0,0.2773,13.059
11/29/2025,2:30:00 PM,0,0.276,13.07
11/29/2025,2:45:00 PM,0,0.2766,13.086
11/29/2025,3:00:00 PM,0,0.2762,13.098
11/29/2025,3:15:00 PM,0,0.2769,13.113
11/29/2025,3:30:00 PM,0,0.2755,13.124
11/29/2025,3:45:00 PM,0,0.276,13.137
11/29/2025,4:00:00 PM,0,0.2757,13.152
11/29/2025,4:15:00 PM,0,0.2753,13.165
11/29/2025,4:30:00 PM,0,0.2747,13.177
11/29/2025,4:45:00 PM,0,0.2748,13.186
11/29/2025,5:00:00 PM,0,0.274,13.2
11/29/2025,5:15:00 PM,0,0.2741,13.21
11/29/2025,5:30:00 PM,0,0.2754,13.22
11/29/2025,5:45:00 PM,0,0.2754,13.231
11/29/2025,6:00:00 PM,0,0.275,13.238
11/29/2025,6:15:00 PM,0,0.2742,13.245
11/29/2025,6:30:00 PM,0,0.275,13.252
11/29/2025,6:45:00 PM,0,0.2747,13.257
11/29/2025,7:00:00 PM,0,0.2744,13.258
11/29/2025,7:15:00 PM,0,0.2744,13.259
11/29/2025,7:30:00 PM,0,0.2748,13.256
11/29/2025,7:45:00 PM,0,0.2745,13.249
11/29/2025,8:00:00 PM,0,0.2743,13.242
11/29/2025,8:15:00 PM,0,0.2744,13.232
11/29/2025,8:30:00 PM,0,0.2742,13.226
11/29/2025,8:45:00 PM,0,0.2747,13.217
11/29/2025,9:00:00 PM,0,0.2744,13.205
11/29/2025,9:15:00 PM,0,0.2743,13.196
11/29/2025,9:30:00 PM,0,0.2741,13.185
11/29/2025,9:45:00 PM,0,0.2735,13.173
11/29/2025,10:00:00 PM,0,0.2741,13.163
11/29/2025,10:15:00 PM,0,0.2736,13.152
11/29/2025,10:30:00 PM,0,0.2735,13.139
11/29/2025,10:45:00 PM,0,0.2736,13.127
11/29/2025,11:00:00 PM,0,0.2741,13.118
11/29/2025,11:15:00 PM,0,0.2729,13.107
11/29/2025,11:30:00 PM,0,0.2736,13.097
11/29/2025,11:45:00 PM,0,0.2734,13.085
11/30/2025,12:00:00 AM,0,0.2737,13.073
11/30/2025,12:15:00 AM,0,0.2734,13.06
11/30/2025,12:30:00 AM,0,0.2732,13.047
11/30/2025,12:45:00 AM,0,0.2732,13.034
11/30/2025,1:00:00 AM,0,0.2734,13.022
11/30/2025,1:15:00 AM,0,0.2732,13.007
11/30/2025,1:30:00 AM,0,0.273,12.993
11/30/2025,1:45:00 AM,0,0.2734,12.98
11/30/2025,2:00:00 AM,0,0.2734,12.964
11/30/2025,2:15:00 AM,0,0.2733,12.951
11/30/2025,2:30:00 AM,0,0.2725,12.939
11/30/2025,2:45:00 AM,0,0.2732,12.925
11/30/2025,3:00:00 AM,0,0.2727,12.909
11/30/2025,3:15:00 AM,0,0.2734,12.896
11/30/2025,3:30:00 AM,0,0.2731,12.884
11/30/2025,3:45:00 AM,0,0.2727,12.872
11/30/2025,4:00:00 AM,0,0.2731,12.857
11/30/2025,4:15:00 AM,0,0.2732,12.845
11/30/2025,4:30:00 AM,0,0.2734,12.834
11/30/2025,4:45:00 AM,0,0.2731,12.823
11/30/2025,5:00:00 AM,0,0.2734,12.813
11/30/2025,5:15:00 AM,0,0.2729,12.804
11/30/2025,5:30:00 AM,0,0.2729,12.792
11/30/2025,5:45:00 AM,0,0.2723,12.785
11/30/2025,6:00:00 AM,0,0.2728,12.778
11/30/2025,6:15:00 AM,0,0.273,12.768
11/30/2025,6:30:00 AM,0,0.2726,12.754
11/30/2025,6:45:00 AM,0,0.2725,12.742
11/30/2025,7:00:00 AM,0,0.2727,12.73
11/30/2025,7:15:00 AM,0,0.2734,12.717
11/30/2025,7:30:00 AM,0,0.275,12.705
11/30/2025,7:45:00 AM,0,0.2747,12.693
11/30/2025,8:00:00 AM,0,0.2728,12.688
11/30/2025,8:15:00 AM,0,0.2741,12.683
11/30/2025,8:30:00 AM,0,0.2731,12.683
11/30/2025,8:45:00 AM,0,0.2737,12.683
11/30/2025,9:00:00 AM,0,0.2738,12.69
11/30/2025,9:15:00 AM,0,0.2747,12.7
11/30/2025,9:30:00 AM,0,0.275,12.707
11/30/2025,9:45:00 AM,0,0.2748,12.714
11/30/2025,10:00:00 AM,0,0.2725,12.721
11/30/2025,10:15:00 AM,0,0.2739,12.73
11/30/2025,10:30:00 AM,0,0.2733,12.737
11/30/2025,10:45:00 AM,0,0.274,12.745
11/30/2025,11:00:00 AM,0,0.274,12.755
11/30/2025,11:15:00 AM,0,0.2737,12.768
11/30/2025,11:30:00 AM,0,0.2739,12.78
11/30/2025,11:45:00 AM,0,0.274,12.796
11/30/2025,12:00:00 PM,0,0.2749,12.811
11/30/2025,12:15:00 PM,0,0.2738,12.824
11/30/2025,12:30:00 PM,0,0.2738,12.84
11/30/2025,12:45:00 PM,0,0.2745,12.856
11/30/2025,1:00:00 PM,0,0.2744,12.871
11/30/2025,1:15:00 PM,0,0.2744,12.886
11/30/2025,1:30:00 PM,0,0.2747,12.901
11/30/2025,1:45:00 PM,0,0.275,12.913
11/30/2025,2:00:00 PM,0,0.2753,12.931
11/30/2025,2:15:00 PM,0,0.2749,12.946
11/30/2025,2:30:00 PM,0,0.2745,12.96
11/30/2025,2:45:00 PM,0,0.2741,12.977
11/30/2025,3:00:00 PM,0,0.2751,12.993
11/30/2025,3:15:00 PM,0,0.2748,13.008
11/30/2025,3:30:00 PM,0,0.2744,13.028
11/30/2025,3:45:00 PM,0,0.2743,13.042
11/30/2025,4:00:00 PM,0,0.2744,13.056
11/30/2025,4:15:00 PM,0,0.2742,13.073
11/30/2025,4:30:00 PM,0,0.2741,13.086
11/30/2025,4:45:00 PM,0,0.2737,13.101
11/30/2025,5:00:00 PM,0,0.2734,13.114
11/30/2025,5:15:00 PM,0,0.273,13.125
11/30/2025,5:30:00 PM,0,0.273,13.137
11/30/2025,5:45:00 PM,0,0.2737,13.146
11/30/2025,6:00:00 PM,0,0.2738,13.157
11/30/2025,6:15:00 PM,0,0.2739,13.164
11/30/2025,6:30:00 PM,0,0.274,13.174
11/30/2025,6:45:00 PM,0,0.2734,13.178
11/30/2025,7:00:00 PM,0,0.2736,13.18
11/30/2025,7:15:00 PM,0,0.2735,13.176
11/30/2025,7:30:00 PM,0,0.2733,13.172
11/30/2025,7:45:00 PM,0,0.2735,13.166
11/30/2025,8:00:00 PM,0,0.273,13.159
11/30/2025,8:15:00 PM,0,0.2727,13.148
11/30/2025,8:30:00 PM,0,0.273,13.136
11/30/2025,8:45:00 PM,0,0.2724,13.122
11/30/2025,9:00:00 PM,0,0.2729,13.109
11/30/2025,9:15:00 PM,0,0.2728,13.093
11/30/2025,9:30:00 PM,0,0.273,13.078
11/30/2025,9:45:00 PM,0,0.2727,13.065
11/30/2025,10:00:00 PM,0,0.2725,13.048
11/30/2025,10:15:00 PM,0,0.2717,13.034
11/30/2025,10:30:00 PM,0,0.2725,13.022
11/30/2025,10:45:00 PM,0,0.2724,13.011
11/30/2025,11:00:00 PM,0,0.2723,12.999
11/30/2025,11:15:00 PM,0,0.2719,12.985
11/30/2025,11:30:00 PM,0,0.2718,12.973
11/30/2025,11:45:00 PM,0,0.2723,12.96
12/1/2025,12:00:00 AM,0,0.273,12.951
12/1/2025,12:15:00 AM,0,0.2721,12.938
12/1/2025,12:30:00 AM,0,0.2721,12.926
12/1/2025,12:45:00 AM,0,0.2725,12.913
12/1/2025,1:00:00 AM,0,0.2725,12.898
12/1/2025,1:15:00 AM,0,0.2726,12.885
12/1/2025,1:30:00 AM,0,0.2725,12.869
12/1/2025,1:45:00 AM,0,0.2723,12.853
12/1/2025,2:00:00 AM,0,0.272,12.836
12/1/2025,2:15:00 AM,0,0.2723,12.821
12/1/2025,2:30:00 AM,0,0.2723,12.807
12/1/2025,2:45:00 AM,0,0.2722,12.788
12/1/2025,3:00:00 AM,0,0.2723,12.773
12/1/2025,3:15:00 AM,0,0.2726,12.762
12/1/2025,3:30:00 AM,0,0.2717,12.747
12/1/2025,3:45:00 AM,0,0.2715,12.733
12/1/2025,4:00:00 AM,0,0.2719,12.722
12/1/2025,4:15:00 AM,0,0.2719,12.713
12/1/2025,4:30:00 AM,0,0.2722,12.703
12/1/2025,4:45:00 AM,0,0.2718,12.693
12/1/2025,5:00:00 AM,0,0.2721,12.688
12/1/2025,5:15:00 AM,0,0.2718,12.684
12/1/2025,5:30:00 AM,0,0.2719,12.683
12/1/2025,5:45:00 AM,0,0.2712,12.682
12/1/2025,6:00:00 AM,0,0.2711,12.677
12/1/2025,6:15:00 AM,0,0.2716,12.671
12/1/2025,6:30:00 AM,0,0.2718,12.663
12/1/2025,6:45:00 AM,0,0.2718,12.651
12/1/2025,7:00:00 AM,0,0.2721,12.639
12/1/2025,7:15:00 AM,0,0.272,12.626
12/1/2025,7:30:00 AM,0,0.2733,12.615
12/1/2025,7:45:00 AM,0,0.2744,12.606
12/1/2025,8:00:00 AM,0,0.2728,12.598
12/1/2025,8:15:00 AM,0,0.2744,12.594
12/1/2025,8:30:00 AM,0,0.2738,12.596
12/1/2025,8:45:00 AM,0,0.273,12.601
12/1/2025,9:00:00 AM,0,0.2736,12.607
12/1/2025,9:15:00 AM,0,0.2715,12.613
12/1/2025,9:30:00 AM,0,0.2708,12.622
12/1/2025,9:45:00 AM,0,0.2715,12.633
12/1/2025,10:00:00 AM,0,0.2717,12.639
12/1/2025,10:15:00 AM,0,0.2717,12.649
12/1/2025,10:30:00 AM,0,0.2725,12.657
12/1/2025,10:45:00 AM,0,0.2719,12.663
12/1/2025,11:00:00 AM,0,0.2727,12.676
12/1/2025,11:15:00 AM,0,0.2727,12.689
12/1/2025,11:30:00 AM,0,0.2725,12.702
12/1/2025,11:45:00 AM,0,0.2729,12.709
12/1/2025,12:00:00 PM,0,0.2729,12.72
12/1/2025,12:15:00 PM,0,0.2729,12.73
12/1/2025,12:30:00 PM,0,0.2732,12.741
12/1/2025,12:45:00 PM,0,0.2725,12.75
12/1/2025,1:00:00 PM,0,0.273,12.764
12/1/2025,1:15:00 PM,0,0.2732,12.777
12/1/2025,1:30:00 PM,0,0.2737,12.792
12/1/2025,1:45:00 PM,0,0.2726,12.807
12/1/2025,2:00:00 PM,0,0.2735,12.823
12/1/2025,2:15:00 PM,0,0.274,12.837
12/1/2025,2:30:00 PM,0,0.2739,12.853
12/1/2025,2:45:00 PM,0,0.2738,12.867
12/1/2025,3:00:00 PM,0,0.2729,12.884
12/1/2025,3:15:00 PM,0,0.2737,12.899
12/1/2025,3:30:00 PM,0,0.2732,12.913
12/1/2025,3:45:00 PM,0,0.2734,12.927
12/1/2025,4:00:00 PM,0,0.2737,12.942
12/1/2025,4:15:00 PM,0,0.2736,12.955
12/1/2025,4:30:00 PM,0,0.2727,12.969
12/1/2025,4:45:00 PM,0,0.2728,12.981
12/1/2025,5:00:00 PM,0,0.272,12.995
12/1/2025,5:15:00 PM,0,0.2725,13.007
12/1/2025,5:30:00 PM,0,0.2729,13.016
12/1/2025,5:45:00 PM,0,0.2727,13.025
12/1/2025,6:00:00 PM,0,0.2724,13.032
12/1/2025,6:15:00 PM,0,0.2725,13.036
12/1/2025,6:30:00 PM,0,0.2727,13.033
12/1/2025,6:45:00 PM,0,0.2724,13.025
12/1/2025,7:00:00 PM,0,0.2725,13.017
12/1/2025,7:15:00 PM,0,0.2727,13.007
12/1/2025,7:30:00 PM,0,0.2722,12.998
12/1/2025,7:45:00 PM,0,0.2722,12.986
12/1/2025,8:00:00 PM,0,0.2726,12.972
12/1/2025,8:15:00 PM,0,0.2718,12.957
12/1/2025,8:30:00 PM,0,0.2723,12.939
12/1/2025,8:45:00 PM,0,0.2716,12.921
12/1/2025,9:00:00 PM,0,0.2723,12.905
12/1/2025,9:15:00 PM,0,0.2723,12.888
12/1/2025,9:30:00 PM,0,0.2719,12.87
12/1/2025,9:45:00 PM,0,0.2719,12.854
12/1/2025,10:00:00 PM,0,0.2719,12.842
12/1/2025,10:15:00 PM,0,0.2715,12.828
12/1/2025,10:30:00 PM,0,0.2713,12.815
12/1/2025,10:45:00 PM,0,0.2722,12.806
12/1/2025,11:00:00 PM,0,0.271,12.793
12/1/2025,11:15:00 PM,0,0.2717,12.78
12/1/2025,11:30:00 PM,0,0.2716,12.766
12/1/2025,11:45:00 PM,0,0.2715,12.752
12/2/2025,12:00:00 AM,0,0.2713,12.737
12/2/2025,12:15:00 AM,0,0.2712,12.722
12/2/2025,12:30:00 AM,0,0.2711,12.706
12/2/2025,12:45:00 AM,0,0.2712,12.684
12/2/2025,1:00:00 AM,0,0.2708,12.669
12/2/2025,1:15:00 AM,0,0.2711,12.65
12/2/2025,1:30:00 AM,0,0.2708,12.633
12/2/2025,1:45:00 AM,0,0.2711,12.613
12/2/2025,2:00:00 AM,0,0.271,12.596
12/2/2025,2:15:00 AM,0,0.2708,12.576
12/2/2025,2:30:00 AM,0,0.2712,12.558
12/2/2025,2:45:00 AM,0,0.2707,12.538
12/2/2025,3:00:00 AM,0,0.2708,12.516
12/2/2025,3:15:00 AM,0,0.2709,12.494
12/2/2025,3:30:00 AM,0,0.271,12.474
12/2/2025,3:45:00 AM,0,0.2707,12.455
12/2/2025,4:00:00 AM,0,0.2712,12.437
12/2/2025,4:15:00 AM,0,0.2708,12.418
12/2/2025,4:30:00 AM,0,0.2705,12.397
12/2/2025,4:45:00 AM,0,0.2704,12.377
12/2/2025,5:00:00 AM,0,0.2708,12.357
12/2/2025,5:15:00 AM,0,0.2705,12.335
12/2/2025,5:30:00 AM,0,0.2703,12.316
12/2/2025,5:45:00 AM,0,0.2706,12.296
12/2/2025,6:00:00 AM,0,0.27,12.274
12/2/2025,6:15:00 AM,0,0.2701,12.254
12/2/2025,6:30:00 AM,0,0.2705,12.233
12/2/2025,6:45:00 AM,0,0.2705,12.213
12/2/2025,7:00:00 AM,0,0.2706,12.196
12/2/2025,7:15:00 AM,0,0.2714,12.174
12/2/2025,7:30:00 AM,0,0.2709,12.157
12/2/2025,7:45:00 AM,0,0.2726,12.141
12/2/2025,8:00:00 AM,0,0.2726,12.129
12/2/2025,8:15:00 AM,0,0.2726,12.121
12/2/2025,8:30:00 AM,0,0.2713,12.115
12/2/2025,8:45:00 AM,0,0.2726,12.115
12/2/2025,9:00:00 AM,0,0.2719,12.118
12/2/2025,9:15:00 AM,0,0.2714,12.125
12/2/2025,9:30:00 AM,0,0.2703,12.132
12/2/2025,9:45:00 AM,0,0.2708,12.141
12/2/2025,10:00:00 AM,0,0.2707,12.149
12/2/2025,10:15:00 AM,0,0.2703,12.157
12/2/2025,10:30:00 AM,0,0.2702,12.162
12/2/2025,10:45:00 AM,0,0.2708,12.17
12/2/2025,11:00:00 AM,0,0.2715,12.182
12/2/2025,11:15:00 AM,0,0.2714,12.194
12/2/2025,11:30:00 AM,0,0.2711,12.207
12/2/2025,11:45:00 AM,0,0.2723,12.214
12/2/2025,12:00:00 PM,0,0.272,12.223
12/2/2025,12:15:00 PM,0,0.2733,12.234
12/2/2025,12:30:00 PM,0,0.2727,12.247
12/2/2025,12:45:00 PM,0,0.2735,12.258
12/2/2025,1:00:00 PM,0,0.2728,12.275
12/2/2025,1:15:00 PM,0,0.2731,12.292
12/2/2025,1:30:00 PM,0,0.2737,12.309
12/2/2025,1:45:00 PM,0,0.2736,12.326
12/2/2025,2:00:00 PM,0,0.2733,12.344
12/2/2025,2:15:00 PM,0,0.2733,12.365
12/2/2025,2:30:00 PM,0,0.2745,12.382
12/2/2025,2:45:00 PM,0,0.2731,12.401
12/2/2025,3:00:00 PM,0,0.2736,12.421
12/2/2025,3:15:00 PM,0,0.2736,12.44
12/2/2025,3:30:00 PM,0,0.2737,12.459
12/2/2025,3:45:00 PM,0,0.273,12.478
12/2/2025,4:00:00 PM,0,0.2736,12.495
12/2/2025,4:15:00 PM,0,0.2731,12.514
12/2/2025,4:30:00 PM,0,0.2726,12.53
12/2/2025,4:45:00 PM,0,0.2725,12.546
12/2/2025,5:00:00 PM,0,0.2726,12.561
12/2/2025,5:15:00 PM,0,0.2731,12.576
12/2/2025,5:30:00 PM,0,0.2732,12.587
12/2/2025,5:45:00 PM,0,0.273,12.601
12/2/2025,6:00:00 PM,0,0.2722,12.614
12/2/2025,6:15:00 PM,0,0.2718,12.623
12/2/2025,6:30:00 PM,0,0.272,12.634
12/2/2025,6:45:00 PM,0,0.2727,12.64
12/2/2025,7:00:00 PM,0,0.2722,12.648
12/2/2025,7:15:00 PM,0,0.2725,12.652
12/2/2025,7:30:00 PM,0,0.2719,12.658
12/2/2025,7:45:00 PM,0,0.2717,12.661
12/2/2025,8:00:00 PM,0,0.2723,12.662
12/2/2025,8:15:00 PM,0,0.2714,12.658
12/2/2025,8:30:00 PM,0,0.2723,12.651
12/2/2025,8:45:00 PM,0,0.2716,12.643
12/2/2025,9:00:00 PM,0,0.272,12.636
12/2/2025,9:15:00 PM,0,0.2727,12.629
12/2/2025,9:30:00 PM,0,0.2717,12.626
12/2/2025,9:45:00 PM,0,0.2721,12.618
12/2/2025,10:00:00 PM,0,0.2716,12.61
12/2/2025,10:15:00 PM,0,0.2725,12.602
12/2/2025,10:30:00 PM,0,0.2712,12.592
12/2/2025,10:45:00 PM,0,0.2714,12.581
12/2/2025,11:00:00 PM,0,0.2718,12.568
12/2/2025,11:15:00 PM,0,0.2719,12.554
12/2/2025,11:30:00 PM,0,0.2713,12.542
12/2/2025,11:45:00 PM,0,0.2716,12.528
12/3/2025,12:00:00 AM,0,0.2714,12.515
12/3/2025,12:15:00 AM,0,0.272,12.504
12/3/2025,12:30:00 AM,0,0.2717,12.489
12/3/2025,12:45:00 AM,0,0.2713,12.473
12/3/2025,1:00:00 AM,0,0.2718,12.459
12/3/2025,1:15:00 AM,0,0.2708,12.444
12/3/2025,1:30:00 AM,0,0.2713,12.431
12/3/2025,1:45:00 AM,0,0.2719,12.418
12/3/2025,2:00:00 AM,0,0.2716,12.403
12/3/2025,2:15:00 AM,0,0.2713,12.391
12/3/2025,2:30:00 AM,0,0.271,12.376
12/3/2025,2:45:00 AM,0,0.2712,12.363
12/3/2025,3:00:00 AM,0,0.2716,12.351
12/3/2025,3:15:00 AM,0,0.2722,12.34
12/3/2025,3:30:00 AM,0,0.2718,12.329
12/3/2025,3:45:00 AM,0,0.2713,12.319
12/3/2025,4:00:00 AM,0,0.2714,12.309
12/3/2025,4:15:00 AM,0,0.2721,12.298
12/3/2025,4:30:00 AM,0,0.2714,12.288
12/3/2025,4:45:00 AM,0,0.2716,12.278
12/3/2025,5:00:00 AM,0,0.2715,12.272
12/3/2025,5:15:00 AM,0,0.2717,12.266
12/3/2025,5:30:00 AM,0,0.2715,12.257
12/3/2025,5:45:00 AM,0,0.2718,12.247
12/3/2025,6:00:00 AM,0,0.2713,12.241
12/3/2025,6:15:00 AM,0,0.2717,12.235
12/3/2025,6:30:00 AM,0,0.2716,12.224
12/3/2025,6:45:00 AM,0,0.2718,12.216
12/3/2025,7:00:00 AM,0,0.272,12.206
12/3/2025,7:15:00 AM,0,0.2721,12.2
12/3/2025,7:30:00 AM,0,0.2725,12.189
12/3/2025,7:45:00 AM,0,0.2737,12.181
12/3/2025,8:00:00 AM,0,0.2727,12.177
12/3/2025,8:15:00 AM,0,0.2733,12.172
12/3/2025,8:30:00 AM,0,0.2741,12.17
12/3/2025,8:45:00 AM,0,0.2757,12.171
12/3/2025,9:00:00 AM,0,0.2738,12.176
12/3/2025,9:15:00 AM,0,0.2727,12.18
12/3/2025,9:30:00 AM,0,0.2737,12.188
12/3/2025,9:45:00 AM,0,0.2739,12.197
12/3/2025,10:00:00 AM,0,0.274,12.203
12/3/2025,10:15:00 AM,0,0.2743,12.213
12/3/2025,10:30:00 AM,0,0.2735,12.218
12/3/2025,10:45:00 AM,0,0.2738,12.226
12/3/2025,11:00:00 AM,0,0.2739,12.235
12/3/2025,11:15:00 AM,0,0.2739,12.247
12/3/2025,11:30:00 AM,0,0.2744,12.254
12/3/2025,11:45:00 AM,0,0.2749,12.265
12/3/2025,12:00:00 PM,0,0.2745,12.273
12/3/2025,12:15:00 PM,0,0.2748,12.283
12/3/2025,12:30:00 PM,0,0.2743,12.295
12/3/2025,12:45:00 PM,0,0.2747,12.307
12/3/2025,1:00:00 PM,0,0.2748,12.318
12/3/2025,1:15:00 PM,0,0.2757,12.331
12/3/2025,1:30:00 PM,0,0.2749,12.347
12/3/2025,1:45:00 PM,0,0.2751,12.364
12/3/2025,2:00:00 PM,0,0.2742,12.38
12/3/2025,2:15:00 PM,0,0.2749,12.394
12/3/2025,2:30:00 PM,0,0.2751,12.412
12/3/2025,2:45:00 PM,0,0.2756,12.428
12/3/2025,3:00:00 PM,0,0.2742,12.442
12/3/2025,3:15:00 PM,0,0.2745,12.461
12/3/2025,3:30:00 PM,0,0.2756,12.476
12/3/2025,3:45:00 PM,0,0.2749,12.49
12/3/2025,4:00:00 PM,0,0.2761,12.506
12/3/2025,4:15:00 PM,0,0.2753,12.52
12/3/2025,4:30:00 PM,0,0.2741,12.535
12/3/2025,4:45:00 PM,0,0.2738,12.549
12/3/2025,5:00:00 PM,0,0.2746,12.563
12/3/2025,5:15:00 PM,0,0.2754,12.575
12/3/2025,5:30:00 PM,0,0.2746,12.588
12/3/2025,5:45:00 PM,0,0.2753,12.599
12/3/2025,6:00:00 PM,0,0.2746,12.607
12/3/2025,6:15:00 PM,0,0.2751,12.616
12/3/2025,6:30:00 PM,0,0.2745,12.624
12/3/2025,6:45:00 PM,0,0.275,12.63
12/3/2025,7:00:00 PM,0,0.275,12.634
12/3/2025,7:15:00 PM,0,0.2749,12.637
12/3/2025,7:30:00 PM,0,0.2746,12.635
12/3/2025,7:45:00 PM,0,0.2751,12.63
12/3/2025,8:00:00 PM,0,0.2754,12.629
12/3/2025,8:15:00 PM,0,0.2755,12.624
12/3/2025,8:30:00 PM,0,0.2746,12.616
12/3/2025,8:45:00 PM,0,0.2743,12.609
12/3/2025,9:00:00 PM,0,0.2747,12.603
12/3/2025,9:15:00 PM,0,0.2745,12.595
12/3/2025,9:30:00 PM,0,0.2749,12.584
12/3/2025,9:45:00 PM,0,0.2746,12.569
12/3/2025,10:00:00 PM,0,0.2741,12.558
12/3/2025,10:15:00 PM,0,0.2746,12.546
12/3/2025,10:30:00 PM,0,0.2742,12.533
12/3/2025,10:45:00 PM,0,0.275,12.525
12/3/2025,11:00:00 PM,0,0.2744,12.515
12/3/2025,11:15:00 PM,0,0.2742,12.509
12/3/2025,11:30:00 PM,0,0.2742,12.497
12/3/2025,11:45:00 PM,0,0.274,12.489
12/4/2025,12:00:00 AM,0,0.2744,12.478
12/4/2025,12:15:00 AM,0,0.2744,12.462
12/4/2025,12:30:00 AM,0,0.2742,12.447
12/4/2025,12:45:00 AM,0,0.2746,12.43
12/4/2025,1:00:00 AM,0,0.2746,12.414
12/4/2025,1:15:00 AM,0,0.2745,12.395
12/4/2025,1:30:00 AM,0,0.2742,12.376
12/4/2025,1:45:00 AM,0,0.2742,12.357
12/4/2025,2:00:00 AM,0,0.2739,12.342
12/4/2025,2:15:00 AM,0,0.2743,12.324
12/4/2025,2:30:00 AM,0,0.2741,12.312
12/4/2025,2:45:00 AM,0,0.2744,12.295
12/4/2025,3:00:00 AM,0,0.2737,12.282
12/4/2025,3:15:00 AM,0,0.2744,12.269
12/4/2025,3:30:00 AM,0,0.2744,12.258
12/4/2025,3:45:00 AM,0,0.2749,12.249
12/4/2025,4:00:00 AM,0,0.2747,12.243
12/4/2025,4:15:00 AM,0,0.2745,12.229
12/4/2025,4:30:00 AM,0,0.2749,12.216
12/4/2025,4:45:00 AM,0,0.2749,12.204
12/4/2025,5:00:00 AM,0,0.2749,12.189
12/4/2025,5:15:00 AM,0,0.2742,12.175
12/4/2025,5:30:00 AM,0,0.2743,12.161
12/4/2025,5:45:00 AM,0,0.2744,12.143
12/4/2025,6:00:00 AM,0,0.2748,12.131
12/4/2025,6:15:00 AM,0,0.2748,12.114
12/4/2025,6:30:00 AM,0,0.2747,12.095
12/4/2025,6:45:00 AM,0,0.2749,12.078
12/4/2025,7:00:00 AM,0,0.2747,12.063
12/4/2025,7:15:00 AM,0,0.2759,12.047
12/4/2025,7:30:00 AM,0,0.276,12.032
12/4/2025,7:45:00 AM,0,0.2769,12.017
12/4/2025,8:00:00 AM,0,0.2777,12.002
12/4/2025,8:15:00 AM,0,0.2778,11.996
12/4/2025,8:30:00 AM,0,0.2774,11.99
12/4/2025,8:45:00 AM,0,0.2767,11.989
12/4/2025,9:00:00 AM,0,0.2759,11.994
12/4/2025,9:15:00 AM,0,0.2752,11.999
12/4/2025,9:30:00 AM,0,0.2741,12.006
12/4/2025,9:45:00 AM,0,0.276,12.013
12/4/2025,10:00:00 AM,0,0.2754,12.02
12/4/2025,10:15:00 AM,0,0.2734,12.029
12/4/2025,10:30:00 AM,0,0.2759,12.037
12/4/2025,10:45:00 AM,0,0.2767,12.045
12/4/2025,11:00:00 AM,0,0.2776,12.055
12/4/2025,11:15:00 AM,0,0.2773,12.068
12/4/2025,11:30:00 AM,0,0.277,12.08
12/4/2025,11:45:00 AM,0,0.2771,12.088
12/4/2025,12:00:00 PM,0,0.2777,12.092
12/4/2025,12:15:00 PM,0,0.2781,12.095
12/4/2025,12:30:00 PM,0,0.278,12.101
12/4/2025,12:45:00 PM,0,0.2783,12.103
12/4/2025,1:00:00 PM,0,0.2784,12.11
12/4/2025,1:15:00 PM,0,0.2786,12.117
12/4/2025,1:30:00 PM,0,0.278,12.124
12/4/2025,1:45:00 PM,0,0.279,12.137
12/4/2025,2:00:00 PM,0,0.2784,12.144
12/4/2025,2:15:00 PM,0,0.2788,12.157
12/4/2025,2:30:00 PM,0,0.2789,12.169
12/4/2025,2:45:00 PM,0,0.2793,12.183
12/4/2025,3:00:00 PM,0,0.2793,12.197
12/4/2025,3:15:00 PM,0,0.2791,12.214
12/4/2025,3:30:00 PM,0,0.2795,12.232
12/4/2025,3:45:00 PM,0,0.2787,12.248
12/4/2025,4:00:00 PM,0,0.2788,12.265
12/4/2025,4:15:00 PM,0,0.2787,12.282
12/4/2025,4:30:00 PM,0,0.2785,12.3
12/4/2025,4:45:00 PM,0,0.2785,12.318
12/4/2025,5:00:00 PM,0,0.2782,12.335
12/4/2025,5:15:00 PM,0,0.2777,12.351
12/4/2025,5:30:00 PM,0,0.2775,12.367
12/4/2025,5:45:00 PM,0,0.2779,12.381
12/4/2025,6:00:00 PM,0,0.2779,12.397
12/4/2025,6:15:00 PM,0,0.2776,12.409
12/4/2025,6:30:00 PM,0,0.2779,12.42
12/4/2025,6:45:00 PM,0,0.2775,12.428
12/4/2025,7:00:00 PM,0,0.278,12.428
12/4/2025,7:15:00 PM,0,0.2771,12.429
12/4/2025,7:30:00 PM,0,0.278,12.423
12/4/2025,7:45:00 PM,0,0.2778,12.416
12/4/2025,8:00:00 PM,0,0.2776,12.406
12/4/2025,8:15:00 PM,0,0.2769,12.393
12/4/2025,8:30:00 PM,0,0.2777,12.381
12/4/2025,8:45:00 PM,0,0.2777,12.366
12/4/2025,9:00:00 PM,0,0.2771,12.352
12/4/2025,9:15:00 PM,0,0.2771,12.336
12/4/2025,9:30:00 PM,0,0.2779,12.321
12/4/2025,9:45:00 PM,0,0.2768,12.305
12/4/2025,10:00:00 PM,0,0.2767,12.286
12/4/2025,10:15:00 PM,0,0.2774,12.274
12/4/2025,10:30:00 PM,0,0.2768,12.257
12/4/2025,10:45:00 PM,0,0.2774,12.246
12/4/2025,11:00:00 PM,0,0.2775,12.234
12/4/2025,11:15:00 PM,0,0.2774,12.221
12/4/2025,11:30:00 PM,0,0.2775,12.208
12/4/2025,11:45:00 PM,0,0.2773,12.191
12/5/2025,12:00:00 AM,0,0.2776,12.178
12/5/2025,12:15:00 AM,0,0.2772,12.166
12/5/2025,12:30:00 AM,0,0.2772,12.15
12/5/2025,12:45:00 AM,0,0.2771,12.135
12/5/2025,1:00:00 AM,0,0.2772,12.121
12/5/2025,1:15:00 AM,0,0.2769,12.105
12/5/2025,1:30:00 AM,0,0.2779,12.091
12/5/2025,1:45:00 AM,0,0.2773,12.075
12/5/2025,2:00:00 AM,0,0.277,12.057
12/5/2025,2:15:00 AM,0,0.2766,12.042
12/5/2025,2:30:00 AM,0,0.2767,12.025
12/5/2025,2:45:00 AM,0,0.2771,12.01
12/5/2025,3:00:00 AM,0,0.2769,11.992
12/5/2025,3:15:00 AM,0,0.2773,11.975
12/5/2025,3:30:00 AM,0,0.2766,11.956
12/5/2025,3:45:00 AM,0,0.2767,11.939
12/5/2025,4:00:00 AM,0,0.2771,11.926
12/5/2025,4:15:00 AM,0,0.2769,11.914
12/5/2025,4:30:00 AM,0,0.2771,11.888
12/5/2025,4:45:00 AM,0,0.2767,11.865
12/5/2025,5:00:00 AM,0,0.2768,11.847
12/5/2025,5:15:00 AM,0,0.2772,11.824
12/5/2025,5:30:00 AM,0,0.2771,11.803
12/5/2025,5:45:00 AM,0,0.2768,11.779
12/5/2025,6:00:00 AM,0,0.2766,11.759
12/5/2025,6:15:00 AM,0,0.2767,11.737
12/5/2025,6:30:00 AM,0,0.2764,11.713
12/5/2025,6:45:00 AM,0,0.2765,11.69
12/5/2025,7:00:00 AM,0,0.2771,11.667
12/5/2025,7:15:00 AM,0,0.2767,11.646
12/5/2025,7:30:00 AM,0,0.2779,11.624
12/5/2025,7:45:00 AM,0,0.278,11.606
12/5/2025,8:00:00 AM,0,0.2779,11.591
12/5/2025,8:15:00 AM,0,0.2786,11.577
12/5/2025,8:30:00 AM,0,0.2799,11.567
12/5/2025,8:45:00 AM,0,0.2787,11.561
12/5/2025,9:00:00 AM,0,0.2778,11.557
12/5/2025,9:15:00 AM,0,0.276,11.553
12/5/2025,9:30:00 AM,0,0.2771,11.55
12/5/2025,9:45:00 AM,0,0.2774,11.547
12/5/2025,10:00:00 AM,0,0.2759,11.546
12/5/2025,10:15:00 AM,0,0.2774,11.548
12/5/2025,10:30:00 AM,0,0.277,11.549
12/5/2025,10:45:00 AM,0,0.2772,11.552
12/5/2025,11:00:00 AM,0,0.2778,11.558
12/5/2025,11:15:00 AM,0,0.2787,11.568
12/5/2025,11:30:00 AM,0,0.2781,11.575
12/5/2025,11:45:00 AM,0,0.2788,11.583
12/5/2025,12:00:00 PM,0,0.2789,11.589
12/5/2025,12:15:00 PM,0,0.2791,11.591
12/5/2025,12:30:00 PM,0,0.2792,11.599
12/5/2025,12:45:00 PM,0,0.2801,11.609
12/5/2025,1:00:00 PM,0,0.2808,11.624
12/5/2025,1:15:00 PM,0,0.2807,11.642
12/5/2025,1:30:00 PM,0,0.2803,11.662
12/5/2025,1:45:00 PM,0,0.2808,11.681
12/5/2025,2:00:00 PM,0,0.2803,11.702
12/5/2025,2:15:00 PM,0,0.2806,11.724
12/5/2025,2:30:00 PM,0,0.2803,11.743
12/5/2025,2:45:00 PM,0,0.2805,11.763
12/5/2025,3:00:00 PM,0,0.2802,11.786
12/5/2025,3:15:00 PM,0,0.2808,11.809
12/5/2025,3:30:00 PM,0,0.2811,11.829
12/5/2025,3:45:00 PM,0,0.2811,11.849
12/5/2025,4:00:00 PM,0,0.2808,11.871
12/5/2025,4:15:00 PM,0,0.2811,11.889
12/5/2025,4:30:00 PM,0,0.2798,11.908
12/5/2025,4:45:00 PM,0,0.279,11.926
12/5/2025,5:00:00 PM,0,0.2789,11.946
12/5/2025,5:15:00 PM,0,0.2789,11.961
12/5/2025,5:30:00 PM,0,0.2783,11.978
12/5/2025,5:45:00 PM,0,0.2787,11.991
12/5/2025,6:00:00 PM,0,0.2787,12.008
12/5/2025,6:15:00 PM,0,0.279,12.02
12/5/2025,6:30:00 PM,0,0.2789,12.031
12/5/2025,6:45:00 PM,0,0.2789,12.034
12/5/2025,7:00:00 PM,0,0.2792,12.032
12/5/2025,7:15:00 PM,0,0.2792,12.029
12/5/2025,7:30:00 PM,0,0.2784,12.021
12/5/2025,7:45:00 PM,0,0.279,12.015
12/5/2025,8:00:00 PM,0,0.2795,12.007
12/5/2025,8:15:00 PM,0,0.279,11.997
12/5/2025,8:30:00 PM,0,0.2787,11.987
12/5/2025,8:45:00 PM,0,0.279,11.973
12/5/2025,9:00:00 PM,0,0.2793,11.959
12/5/2025,9:15:00 PM,0,0.2791,11.942
12/5/2025,9:30:00 PM,0,0.2796,11.923
12/5/2025,9:45:00 PM,0,0.2786,11.908
12/5/2025,10:00:00 PM,0,0.2789,11.889
12/5/2025,10:15:00 PM,0,0.279,11.875
12/5/2025,10:30:00 PM,0,0.2788,11.859
12/5/2025,10:45:00 PM,0,0.2786,11.847
12/5/2025,11:00:00 PM,0,0.2785,11.833
12/5/2025,11:15:00 PM,0,0.279,11.819
12/5/2025,11:30:00 PM,0,0.2789,11.809
12/5/2025,11:45:00 PM,0,0.2788,11.798
12/6/2025,12:00:00 AM,0,0.2788,11.787
12/6/2025,12:15:00 AM,0,0.2789,11.774
12/6/2025,12:30:00 AM,0,0.2787,11.763
12/6/2025,12:45:00 AM,0,0.2789,11.75
12/6/2025,1:00:00 AM,0,0.2788,11.737
12/6/2025,1:15:00 AM,0,0.2792,11.726
12/6/2025,1:30:00 AM,0,0.2786,11.713
12/6/2025,1:45:00 AM,0,0.2792,11.702
12/6/2025,2:00:00 AM,0,0.2786,11.689
12/6/2025,2:15:00 AM,0,0.279,11.678
12/6/2025,2:30:00 AM,0,0.279,11.662
12/6/2025,2:45:00 AM,0,0.2783,11.648
12/6/2025,3:00:00 AM,0,0.2782,11.632
12/6/2025,3:15:00 AM,0,0.278,11.615
12/6/2025,3:30:00 AM,0,0.2784,11.597
12/6/2025,3:45:00 AM,0,0.2781,11.579
12/6/2025,4:00:00 AM,0,0.2781,11.563
12/6/2025,4:15:00 AM,0,0.2777,11.545
12/6/2025,4:30:00 AM,0,0.2776,11.528
12/6/2025,4:45:00 AM,0,0.2774,11.51
12/6/2025,5:00:00 AM,0,0.2771,11.493
12/6/2025,5:15:00 AM,0,0.2769,11.477
12/6/2025,5:30:00 AM,0,0.2768,11.459
12/6/2025,5:45:00 AM,0,0.277,11.446
12/6/2025,6:00:00 AM,0,0.2761,11.427
12/6/2025,6:15:00 AM,0,0.2764,11.412
12/6/2025,6:30:00 AM,0,0.2761,11.393
12/6/2025,6:45:00 AM,0,0.2759,11.377
12/6/2025,7:00:00 AM,0,0.2764,11.36
12/6/2025,7:15:00 AM,0,0.2761,11.345
12/6/2025,7:30:00 AM,0,0.2769,11.33
12/6/2025,7:45:00 AM,0,0.2775,11.315
12/6/2025,8:00:00 AM,0,0.277,11.307
12/6/2025,8:15:00 AM,0,0.2783,11.299
12/6/2025,8:30:00 AM,0,0.2773,11.295
12/6/2025,8:45:00 AM,0,0.2775,11.295
12/6/2025,9:00:00 AM,0,0.276,11.297
12/6/2025,9:15:00 AM,0,0.2752,11.297
12/6/2025,9:30:00 AM,0,0.2753,11.299
12/6/2025,9:45:00 AM,0,0.276,11.303
12/6/2025,10:00:00 AM,0,0.2761,11.304
12/6/2025,10:15:00 AM,0,0.2759,11.307
12/6/2025,10:30:00 AM,0,0.2767,11.315
12/6/2025,10:45:00 AM,0,0.2769,11.319
12/6/2025,11:00:00 AM,0,0.2759,11.329
12/6/2025,11:15:00 AM,0,0.2767,11.341
12/6/2025,11:30:00 AM,0,0.2765,11.355
12/6/2025,11:45:00 AM,0,0.2764,11.37
12/6/2025,12:00:00 PM,0,0.2758,11.382
12/6/2025,12:15:00 PM,0,0.2755,11.396
12/6/2025,12:30:00 PM,0,0.2758,11.411
12/6/2025,12:45:00 PM,0,0.2756,11.428
12/6/2025,1:00:00 PM,0,0.2766,11.444
12/6/2025,1:15:00 PM,0,0.2761,11.466
12/6/2025,1:30:00 PM,0,0.2763,11.485
12/6/2025,1:45:00 PM,0,0.2755,11.508
12/6/2025,2:00:00 PM,0,0.2767,11.529
12/6/2025,2:15:00 PM,0,0.2757,11.551
12/6/2025,2:30:00 PM,0,0.2766,11.574
12/6/2025,2:45:00 PM,0,0.2761,11.594
12/6/2025,3:00:00 PM,0,0.2764,11.619
12/6/2025,3:15:00 PM,0,0.2768,11.638
12/6/2025,3:30:00 PM,0,0.2765,11.661
12/6/2025,3:45:00 PM,0,0.2775,11.681
12/6/2025,4:00:00 PM,0,0.2765,11.7
12/6/2025,4:15:00 PM,0,0.2761,11.722
12/6/2025,4:30:00 PM,0,0.2743,11.739
12/6/2025,4:45:00 PM,0,0.2741,11.758
12/6/2025,5:00:00 PM,0,0.2742,11.777
12/6/2025,5:15:00 PM,0,0.2754,11.795
12/6/2025,5:30:00 PM,0,0.2757,11.812
12/6/2025,5:45:00 PM,0,0.2756,11.828
12/6/2025,6:00:00 PM,0,0.2763,11.843
12/6/2025,6:15:00 PM,0,0.2758,11.855
12/6/2025,6:30:00 PM,0,0.2765,11.867
12/6/2025,6:45:00 PM,0,0.2757,11.879
12/6/2025,7:00:00 PM,0,0.2757,11.883
12/6/2025,7:15:00 PM,0,0.2758,11.884
12/6/2025,7:30:00 PM,0,0.2763,11.886
12/6/2025,7:45:00 PM,0,0.2755,11.884
12/6/2025,8:00:00 PM,0,0.2754,11.882
12/6/2025,8:15:00 PM,0,0.2756,11.878
12/6/2025,8:30:00 PM,0,0.2755,11.872
12/6/2025,8:45:00 PM,0,0.2754,11.866
12/6/2025,9:00:00 PM,0,0.2758,11.856
12/6/2025,9:15:00 PM,0,0.2756,11.848
12/6/2025,9:30:00 PM,0,0.2752,11.84
12/6/2025,9:45:00 PM,0,0.2755,11.828
12/6/2025,10:00:00 PM,0,0.275,11.814
12/6/2025,10:15:00 PM,0,0.2745,11.802
12/6/2025,10:30:00 PM,0,0.2748,11.789
12/6/2025,10:45:00 PM,0,0.2748,11.775
12/6/2025,11:00:00 PM,0,0.275,11.76
12/6/2025,11:15:00 PM,0,0.2751,11.744
12/6/2025,11:30:00 PM,0,0.2746,11.73
12/6/2025,11:45:00 PM,0,0.2747,11.709
12/7/2025,12:00:00 AM,0,0.2747,11.691
12/7/2025,12:15:00 AM,0,0.2751,11.674
12/7/2025,12:30:00 AM,0,0.2746,11.655
12/7/2025,12:45:00 AM,0,0.2742,11.637
12/7/2025,1:00:00 AM,0,0.2745,11.62
12/7/2025,1:15:00 AM,0,0.2739,11.603
12/7/2025,1:30:00 AM,0,0.2748,11.588
12/7/2025,1:45:00 AM,0,0.2742,11.572
12/7/2025,2:00:00 AM,0,0.2745,11.556
12/7/2025,2:15:00 AM,0,0.2736,11.542
12/7/2025,2:30:00 AM,0,0.2739,11.526
12/7/2025,2:45:00 AM,0,0.2739,11.512
12/7/2025,3:00:00 AM,0,0.2737,11.503
12/7/2025,3:15:00 AM,0,0.2744,11.49
12/7/2025,3:30:00 AM,0,0.274,11.479
12/7/2025,3:45:00 AM,0,0.2739,11.466
12/7/2025,4:00:00 AM,0,0.2743,11.454
12/7/2025,4:15:00 AM,0,0.2738,11.444
12/7/2025,4:30:00 AM,0,0.2738,11.431
12/7/2025,4:45:00 AM,0,0.2737,11.42
12/7/2025,5:00:00 AM,0,0.2736,11.409
12/7/2025,5:15:00 AM,0,0.2733,11.398
12/7/2025,5:30:00 AM,0,0.2736,11.387
12/7/2025,5:45:00 AM,0,0.2737,11.376
12/7/2025,6:00:00 AM,0,0.2736,11.367
12/7/2025,6:15:00 AM,0,0.2734,11.357
12/7/2025,6:30:00 AM,0,0.2736,11.344
12/7/2025,6:45:00 AM,0,0.2738,11.334
12/7/2025,7:00:00 AM,0,0.2737,11.325
12/7/2025,7:15:00 AM,0,0.2744,11.314
12/7/2025,7:30:00 AM,0,0.2749,11.305
12/7/2025,7:45:00 AM,0,0.2762,11.297
12/7/2025,8:00:00 AM,0,0.2758,11.292
12/7/2025,8:15:00 AM,0,0.2757,11.29
12/7/2025,8:30:00 AM,0,0.2772,11.288
12/7/2025,8:45:00 AM,0,0.2743,11.294
12/7/2025,9:00:00 AM,0,0.2742,11.301
12/7/2025,9:15:00 AM,0,0.2741,11.309
12/7/2025,9:30:00 AM,0,0.2753,11.319
12/7/2025,9:45:00 AM,0,0.275,11.328
12/7/2025,10:00:00 AM,0,0.2755,11.338
12/7/2025,10:15:00 AM,0,0.2754,11.35
12/7/2025,10:30:00 AM,0,0.276,11.359
12/7/2025,10:45:00 AM,0,0.2759,11.368
12/7/2025,11:00:00 AM,0,0.2756,11.383
12/7/2025,11:15:00 AM,0,0.2761,11.396
12/7/2025,11:30:00 AM,0,0.2765,11.413
12/7/2025,11:45:00 AM,0,0.2768,11.426
12/7/2025,12:00:00 PM,0,0.2764,11.435
12/7/2025,12:15:00 PM,0,0.2764,11.446
12/7/2025,12:30:00 PM,0,0.276,11.457
12/7/2025,12:45:00 PM,0,0.2764,11.466
12/7/2025,1:00:00 PM,0,0.2762,11.482
12/7/2025,1:15:00 PM,0,0.2765,11.494
12/7/2025,1:30:00 PM,0,0.2766,11.512
12/7/2025,1:45:00 PM,0,0.2771,11.529
12/7/2025,2:00:00 PM,0,0.2764,11.545
12/7/2025,2:15:00 PM,0,0.2766,11.561
12/7/2025,2:30:00 PM,0,0.2771,11.577
12/7/2025,2:45:00 PM,0,0.277,11.595
12/7/2025,3:00:00 PM,0,0.2767,11.612
12/7/2025,3:15:00 PM,0,0.2767,11.632
12/7/2025,3:30:00 PM,0,0.2765,11.651
12/7/2025,3:45:00 PM,0,0.2764,11.671
12/7/2025,4:00:00 PM,0,0.277,11.689
12/7/2025,4:15:00 PM,0,0.277,11.71
12/7/2025,4:30:00 PM,0,0.2757,11.728
12/7/2025,4:45:00 PM,0,0.2759,11.748
12/7/2025,5:00:00 PM,0,0.2758,11.767
12/7/2025,5:15:00 PM,0,0.2759,11.785
12/7/2025,5:30:00 PM,0,0.2751,11.802
12/7/2025,5:45:00 PM,0,0.2752,11.82
12/7/2025,6:00:00 PM,0,0.275,11.837
12/7/2025,6:15:00 PM,0,0.2744,11.853
12/7/2025,6:30:00 PM,0,0.2753,11.869
12/7/2025,6:45:00 PM,0,0.2752,11.885
12/7/2025,7:00:00 PM,0,0.2754,11.897
12/7/2025,7:15:00 PM,0,0.2747,11.911
12/7/2025,7:30:00 PM,0,0.2754,11.924
12/7/2025,7:45:00 PM,0,0.2749,11.934
12/7/2025,8:00:00 PM,0,0.2757,11.939
12/7/2025,8:15:00 PM,0,0.2755,11.942
12/7/2025,8:30:00 PM,0,0.2749,11.942
12/7/2025,8:45:00 PM,0,0.275,11.937
12/7/2025,9:00:00 PM,0,0.2752,11.932
12/7/2025,9:15:00 PM,0,0.2744,11.925
12/7/2025,9:30:00 PM,0,0.275,11.916
12/7/2025,9:45:00 PM,0,0.2752,11.905
12/7/2025,10:00:00 PM,0,0.2751,11.898
12/7/2025,10:15:00 PM,0,0.2745,11.886
12/7/2025,10:30:00 PM,0,0.2753,11.877
12/7/2025,10:45:00 PM,0,0.2747,11.866
12/7/2025,11:00:00 PM,0,0.275,11.854
12/7/2025,11:15:00 PM,0,0.2749,11.842
12/7/2025,11:30:00 PM,0,0.2746,11.828
12/7/2025,11:45:00 PM,0,0.2748,11.814
12/8/2025,12:00:00 AM,0,0.2748,11.802
12/8/2025,12:15:00 AM,0,0.2748,11.79
12/8/2025,12:30:00 AM,0,0.2744,11.778
12/8/2025,12:45:00 AM,0,0.2745,11.765
12/8/2025,1:00:00 AM,0,0.2748,11.754
12/8/2025,1:15:00 AM,0,0.2743,11.741
12/8/2025,1:30:00 AM,0,0.2746,11.729
12/8/2025,1:45:00 AM,0,0.275,11.715
12/8/2025,2:00:00 AM,0,0.2744,11.703
12/8/2025,2:15:00 AM,0,0.2738,11.692
12/8/2025,2:30:00 AM,0,0.2742,11.682
12/8/2025,2:45:00 AM,0,0.2739,11.67
12/8/2025,3:00:00 AM,0,0.275,11.658
12/8/2025,3:15:00 AM,0,0.2739,11.645
12/8/2025,3:30:00 AM,0,0.2739,11.632
12/8/2025,3:45:00 AM,0,0.2734,11.618
12/8/2025,4:00:00 AM,0,0.2739,11.606
12/8/2025,4:15:00 AM,0,0.2741,11.593
12/8/2025,4:30:00 AM,0,0.2737,11.584
12/8/2025,4:45:00 AM,0,0.2744,11.576
12/8/2025,5:00:00 AM,0,0.2745,11.566
12/8/2025,5:15:00 AM,0,0.2747,11.558
12/8/2025,5:30:00 AM,0,0.2743,11.548
12/8/2025,5:45:00 AM,0,0.2743,11.538
12/8/2025,6:00:00 AM,0,0.2738,11.522
12/8/2025,6:15:00 AM,0,0.2737,11.515
12/8/2025,6:30:00 AM,0,0.2737,11.501
12/8/2025,6:45:00 AM,0,0.2741,11.489
12/8/2025,7:00:00 AM,0,0.2743,11.479
12/8/2025,7:15:00 AM,0,0.2744,11.468
12/8/2025,7:30:00 AM,0,0.2755,11.457
12/8/2025,7:45:00 AM,0,0.2751,11.448
12/8/2025,8:00:00 AM,0,0.2756,11.44
12/8/2025,8:15:00 AM,0,0.2767,11.435
12/8/2025,8:30:00 AM,0,0.2761,11.435
12/8/2025,8:45:00 AM,0,0.2758,11.436
12/8/2025,9:00:00 AM,0,0.2759,11.441
12/8/2025,9:15:00 AM,0,0.2726,11.45
12/8/2025,9:30:00 AM,0,0.275,11.46
12/8/2025,9:45:00 AM,0,0.2756,11.469
12/8/2025,10:00:00 AM,0,0.2755,11.478
12/8/2025,10:15:00 AM,0,0.2755,11.486
12/8/2025,10:30:00 AM,0,0.2763,11.497
12/8/2025,10:45:00 AM,0,0.2758,11.506
12/8/2025,11:00:00 AM,0,0.2764,11.52
12/8/2025,11:15:00 AM,0,0.2761,11.538
12/8/2025,11:30:00 AM,0,0.2767,11.554
12/8/2025,11:45:00 AM,0,0.2768,11.566
12/8/2025,12:00:00 PM,0,0.2758,11.578
12/8/2025,12:15:00 PM,0,0.2766,11.588
12/8/2025,12:30:00 PM,0,0.2776,11.595
12/8/2025,12:45:00 PM,0,0.2767,11.608
12/8/2025,1:00:00 PM,0,0.277,11.619
12/8/2025,1:15:00 PM,0,0.2779,11.631
12/8/2025,1:30:00 PM,0,0.2772,11.645
12/8/2025,1:45:00 PM,0,0.2771,11.66
12/8/2025,2:00:00 PM,0,0.2771,11.673
12/8/2025,2:15:00 PM,0,0.2776,11.688
12/8/2025,2:30:00 PM,0,0.2779,11.701
12/8/2025,2:45:00 PM,0,0.2776,11.719
12/8/2025,3:00:00 PM,0,0.277,11.735
12/8/2025,3:15:00 PM,0,0.2779,11.752
12/8/2025,3:30:00 PM,0,0.2774,11.769
12/8/2025,3:45:00 PM,0,0.2774,11.785
12/8/2025,4:00:00 PM,0,0.2771,11.802
12/8/2025,4:15:00 PM,0,0.277,11.819
12/8/2025,4:30:00 PM,0,0.2748,11.837
12/8/2025,4:45:00 PM,0,0.2746,11.854
12/8/2025,5:00:00 PM,0,0.2748,11.873
12/8/2025,5:15:00 PM,0,0.2747,11.891
12/8/2025,5:30:00 PM,0,0.2754,11.906
12/8/2025,5:45:00 PM,0,0.2761,11.924
12/8/2025,6:00:00 PM,0,0.2763,11.939
12/8/2025,6:15:00 PM,0,0.276,11.959
12/8/2025,6:30:00 PM,0,0.2761,11.972
12/8/2025,6:45:00 PM,0,0.2766,11.987
12/8/2025,7:00:00 PM,0,0.2765,11.999
12/8/2025,7:15:00 PM,0,0.2753,12.015
12/8/2025,7:30:00 PM,0,0.2768,12.028
12/8/2025,7:45:00 PM,0,0.2755,12.041
12/8/2025,8:00:00 PM,0,0.2764,12.051
12/8/2025,8:15:00 PM,0,0.2764,12.06
12/8/2025,8:30:00 PM,0,0.2763,12.062
12/8/2025,8:45:00 PM,0,0.2758,12.064
12/8/2025,9:00:00 PM,0,0.2764,12.059
12/8/2025,9:15:00 PM,0,0.2758,12.056
12/8/2025,9:30:00 PM,0,0.2754,12.047
12/8/2025,9:45:00 PM,0,0.2754,12.044
12/8/2025,10:00:00 PM,0,0.276,12.034
12/8/2025,10:15:00 PM,0,0.2764,12.024
12/8/2025,10:30:00 PM,0,0.2759,12.013
12/8/2025,10:45:00 PM,0,0.2752,12.002
12/8/2025,11:00:00 PM,0,0.2763,11.993
12/8/2025,11:15:00 PM,0,0.2755,11.981
12/8/2025,11:30:00 PM,0,0.2755,11.969
12/8/2025,11:45:00 PM,0,0.2755,11.955
12/9/2025,12:00:00 AM,0,0.275,11.944
12/9/2025,12:15:00 AM,0,0.2754,11.927
12/9/2025,12:30:00 AM,0,0.2755,11.916
12/9/2025,12:45:00 AM,0,0.2753,11.901
12/9/2025,1:00:00 AM,0,0.2746,11.886
12/9/2025,1:15:00 AM,0,0.2752,11.875
12/9/2025,1:30:00 AM,0,0.2751,11.861
12/9/2025,1:45:00 AM,0,0.2753,11.851
12/9/2025,2:00:00 AM,0,0.275,11.837
12/9/2025,2:15:00 AM,0,0.2745,11.826
12/9/2025,2:30:00 AM,0,0.2751,11.814
12/9/2025,2:45:00 AM,0,0.275,11.801
12/9/2025,3:00:00 AM,0,0.2752,11.79
12/9/2025,3:15:00 AM,0,0.2753,11.775
12/9/2025,3:30:00 AM,0,0.2754,11.761
12/9/2025,3:45:00 AM,0,0.2753,11.746
12/9/2025,4:00:00 AM,0,0.2757,11.732
12/9/2025,4:15:00 AM,0,0.2755,11.721
12/9/2025,4:30:00 AM,0,0.2754,11.707
12/9/2025,4:45:00 AM,0,0.2755,11.692
12/9/2025,5:00:00 AM,0,0.2752,11.679
12/9/2025,5:15:00 AM,0,0.2759,11.664
12/9/2025,5:30:00 AM,0,0.2755,11.651
12/9/2025,5:45:00 AM,0,0.2756,11.637
12/9/2025,6:00:00 AM,0,0.2764,11.622
12/9/2025,6:15:00 AM,0,0.276,11.61
12/9/2025,6:30:00 AM,0,0.2758,11.598
12/9/2025,6:45:00 AM,0,0.2755,11.583
12/9/2025,7:00:00 AM,0,0.2759,11.571
12/9/2025,7:15:00 AM,0,0.2765,11.56
12/9/2025,7:30:00 AM,0,0.277,11.548
12/9/2025,7:45:00 AM,0,0.2783,11.537
12/9/2025,8:00:00 AM,0,0.278,11.527
12/9/2025,8:15:00 AM,0,0.2786,11.519
12/9/2025,8:30:00 AM,0,0.2773,11.517
12/9/2025,8:45:00 AM,0,0.279,11.52
12/9/2025,9:00:00 AM,0,0.2762,11.527
12/9/2025,9:15:00 AM,0,0.276,11.535
12/9/2025,9:30:00 AM,0,0.2763,11.542
12/9/2025,9:45:00 AM,0,0.2767,11.551
12/9/2025,10:00:00 AM,0,0.2762,11.558
12/9/2025,10:15:00 AM,0,0.2765,11.569
12/9/2025,10:30:00 AM,0,0.2769,11.578
12/9/2025,10:45:00 AM,0,0.2767,11.586
12/9/2025,11:00:00 AM,0,0.2769,11.6
12/9/2025,11:15:00 AM,0,0.2766,11.614
12/9/2025,11:30:00 AM,0,0.277,11.629
12/9/2025,11:45:00 AM,0,0.2773,11.639
12/9/2025,12:00:00 PM,0,0.2776,11.65
12/9/2025,12:15:00 PM,0,0.277,11.656
12/9/2025,12:30:00 PM,0,0.2773,11.666
12/9/2025,12:45:00 PM,0,0.2783,11.675
12/9/2025,1:00:00 PM,0,0.2782,11.683
12/9/2025,1:15:00 PM,0,0.2779,11.691
12/9/2025,1:30:00 PM,0,0.2786,11.707
12/9/2025,1:45:00 PM,0,0.2788,11.718
12/9/2025,2:00:00 PM,0,0.279,11.729
12/9/2025,2:15:00 PM,0,0.2791,11.743
12/9/2025,2:30:00 PM,0,0.2795,11.759
12/9/2025,2:45:00 PM,0,0.2792,11.773
12/9/2025,3:00:00 PM,0,0.2793,11.792
12/9/2025,3:15:00 PM,0,0.2798,11.807
12/9/2025,3:30:00 PM,0,0.2792,11.823
12/9/2025,3:45:00 PM,0,0.2795,11.841
12/9/2025,4:00:00 PM,0,0.2783,11.861
12/9/2025,4:15:00 PM,0,0.2775,11.879
12/9/2025,4:30:00 PM,0,0.2767,11.895
12/9/2025,4:45:00 PM,0,0.2749,11.917
12/9/2025,5:00:00 PM,0,0.2764,11.935
12/9/2025,5:15:00 PM,0,0.2773,11.951
12/9/2025,5:30:00 PM,0,0.2772,11.968
12/9/2025,5:45:00 PM,0,0.2771,11.988
12/9/2025,6:00:00 PM,0,0.2777,12
12/9/2025,6:15:00 PM,0,0.2772,12.02
12/9/2025,6:30:00 PM,0,0.2774,12.036
12/9/2025,6:45:00 PM,0,0.2773,12.052
12/9/2025,7:00:00 PM,0,0.278,12.068
12/9/2025,7:15:00 PM,0,0.2771,12.079
12/9/2025,7:30:00 PM,0,0.2773,12.093
12/9/2025,7:45:00 PM,0,0.2762,12.101
12/9/2025,8:00:00 PM,0,0.2765,12.107
12/9/2025,8:15:00 PM,0,0.2774,12.108
12/9/2025,8:30:00 PM,0,0.2765,12.106
12/9/2025,8:45:00 PM,0,0.2776,12.097
12/9/2025,9:00:00 PM,0,0.2768,12.089
12/9/2025,9:15:00 PM,0,0.2769,12.076
12/9/2025,9:30:00 PM,0,0.2764,12.065
12/9/2025,9:45:00 PM,0,0.2768,12.05
12/9/2025,10:00:00 PM,0,0.2765,12.036
12/9/2025,10:15:00 PM,0,0.2761,12.02
12/9/2025,10:30:00 PM,0,0.2759,12.005
12/9/2025,10:45:00 PM,0,0.2758,11.987
12/9/2025,11:00:00 PM,0,0.2756,11.968
12/9/2025,11:15:00 PM,0,0.2753,11.948
12/9/2025,11:30:00 PM,0,0.2756,11.931
12/9/2025,11:45:00 PM,0,0.2759,11.912
12/10/2025,12:00:00 AM,0,0.2755,11.889
12/10/2025,12:15:00 AM,0,0.2757,11.87
12/10/2025,12:30:00 AM,0,0.2752,11.851
12/10/2025,12:45:00 AM,0,0.2756,11.829
12/10/2025,1:00:00 AM,0,0.2755,11.81
12/10/2025,1:15:00 AM,0,0.2756,11.791
12/10/2025,1:30:00 AM,0,0.2753,11.772
12/10/2025,1:45:00 AM,0,0.2755,11.752
12/10/2025,2:00:00 AM,0,0.2753,11.734
12/10/2025,2:15:00 AM,0,0.2754,11.717
12/10/2025,2:30:00 AM,0,0.275,11.699
12/10/2025,2:45:00 AM,0,0.2749,11.681
12/10/2025,3:00:00 AM,0,0.2751,11.664
12/10/2025,3:15:00 AM,0,0.2749,11.647
12/10/2025,3:30:00 AM,0,0.2751,11.63
12/10/2025,3:45:00 AM,0,0.2754,11.613
12/10/2025,4:00:00 AM,0,0.2748,11.599
12/10/2025,4:15:00 AM,0,0.2757,11.583
12/10/2025,4:30:00 AM,0,0.2755,11.565
12/10/2025,4:45:00 AM,0,0.2749,11.55
12/10/2025,5:00:00 AM,0,0.2745,11.531
12/10/2025,5:15:00 AM,0,0.2745,11.515
12/10/2025,5:30:00 AM,0,0.2744,11.501
12/10/2025,5:45:00 AM,0,0.2747,11.488
12/10/2025,6:00:00 AM,0,0.2747,11.475
12/10/2025,6:15:00 AM,0,0.2746,11.463
12/10/2025,6:30:00 AM,0,0.2752,11.449
12/10/2025,6:45:00 AM,0,0.2742,11.439
12/10/2025,7:00:00 AM,0,0.2746,11.429
12/10/2025,7:15:00 AM,0,0.2747,11.423
12/10/2025,7:30:00 AM,0,0.2759,11.413
12/10/2025,7:45:00 AM,0,0.2768,11.409
12/10/2025,8:00:00 AM,0,0.2774,11.408
12/10/2025,8:15:00 AM,0,0.278,11.411
12/10/2025,8:30:00 AM,0,0.278,11.416
12/10/2025,8:45:00 AM,0,0.2772,11.428
12/10/2025,9:00:00 AM,0,0.2766,11.439
12/10/2025,9:15:00 AM,0,0.2761,11.454
12/10/2025,9:30:00 AM,0,0.2756,11.469
12/10/2025,9:45:00 AM,0,0.2754,11.484
12/10/2025,10:00:00 AM,0,0.2758,11.498
12/10/2025,10:15:00 AM,0,0.2752,11.519
12/10/2025,10:30:00 AM,0,0.274,11.532
12/10/2025,10:45:00 AM,0,0.2757,11.546
12/10/2025,11:00:00 AM,0,0.2748,11.562
12/10/2025,11:15:00 AM,0,0.277,11.581
12/10/2025,11:30:00 AM,0,0.2761,11.6
12/10/2025,11:45:00 AM,0,0.2764,11.618
12/10/2025,12:00:00 PM,0,0.2775,11.63
12/10/2025,12:15:00 PM,0,0.2776,11.644
12/10/2025,12:30:00 PM,0,0.2773,11.653
12/10/2025,12:45:00 PM,0,0.2773,11.666
12/10/2025,1:00:00 PM,0,0.2784,11.674
12/10/2025,1:15:00 PM,0,0.2781,11.687
12/10/2025,1:30:00 PM,0,0.2781,11.699
12/10/2025,1:45:00 PM,0,0.2784,11.714
12/10/2025,2:00:00 PM,0,0.2778,11.727
12/10/2025,2:15:00 PM,0,0.2784,11.743
12/10/2025,2:30:00 PM,0,0.2775,11.756
12/10/2025,2:45:00 PM,0,0.2782,11.772
12/10/2025,3:00:00 PM,0,0.2778,11.786
12/10/2025,3:15:00 PM,0,0.2784,11.804
12/10/2025,3:30:00 PM,0,0.2778,11.822
12/10/2025,3:45:00 PM,0,0.2778,11.84
12/10/2025,4:00:00 PM,0,0.277,11.857
12/10/2025,4:15:00 PM,0,0.2776,11.873
12/10/2025,4:30:00 PM,0,0.2753,11.891
12/10/2025,4:45:00 PM,0,0.2749,11.907
12/10/2025,5:00:00 PM,0,0.2752,11.925
12/10/2025,5:15:00 PM,0,0.2743,11.942
12/10/2025,5:30:00 PM,0,0.2751,11.958
12/10/2025,5:45:00 PM,0,0.2756,11.974
12/10/2025,6:00:00 PM,0,0.2765,11.991
12/10/2025,6:15:00 PM,0,0.2763,12.008
12/10/2025,6:30:00 PM,0,0.276,12.025
12/10/2025,6:45:00 PM,0,0.2767,12.043
12/10/2025,7:00:00 PM,0,0.2761,12.055
12/10/2025,7:15:00 PM,0,0.276,12.072
12/10/2025,7:30:00 PM,0,0.2756,12.085
12/10/2025,7:45:00 PM,0,0.2758,12.098
12/10/2025,8:00:00 PM,0,0.2761,12.11
12/10/2025,8:15:00 PM,0,0.2761,12.119
12/10/2025,8:30:00 PM,0,0.2754,12.128
12/10/2025,8:45:00 PM,0,0.2761,12.134
12/10/2025,9:00:00 PM,0,0.2762,12.132
12/10/2025,9:15:00 PM,0,0.2762,12.13
12/10/2025,9:30:00 PM,0,0.2756,12.124
12/10/2025,9:45:00 PM,0,0.2759,12.117
12/10/2025,10:00:00 PM,0,0.2757,12.108
12/10/2025,10:15:00 PM,0,0.2756,12.1
12/10/2025,10:30:00 PM,0,0.2759,12.09
12/10/2025,10:45:00 PM,0,0.2757,12.077
12/10/2025,11:00:00 PM,0,0.2751,12.065
12/10/2025,11:15:00 PM,0,0.275,12.052
12/10/2025,11:30:00 PM,0,0.2751,12.039
12/10/2025,11:45:00 PM,0,0.2755,12.025
12/11/2025,12:00:00 AM,0,0.2758,12.014
12/11/2025,12:15:00 AM,0,0.2757,11.997
12/11/2025,12:30:00 AM,0,0.2754,11.982
12/11/2025,12:45:00 AM,0,0.2755,11.97
12/11/2025,1:00:00 AM,0,0.2756,11.955
12/11/2025,1:15:00 AM,0,0.2755,11.94
12/11/2025,1:30:00 AM,0,0.2755,11.924
12/11/2025,1:45:00 AM,0,0.2756,11.912
12/11/2025,2:00:00 AM,0,0.2754,11.901
12/11/2025,2:15:00 AM,0,0.2759,11.888
12/11/2025,2:30:00 AM,0,0.2752,11.876
12/11/2025,2:45:00 AM,0,0.276,11.864
12/11/2025,3:00:00 AM,0,0.2768,11.853
12/11/2025,3:15:00 AM,0,0.2767,11.842
12/11/2025,3:30:00 AM,0,0.277,11.831
12/11/2025,3:45:00 AM,0,0.2765,11.82
12/11/2025,4:00:00 AM,0,0.2766,11.808
12/11/2025,4:15:00 AM,0,0.2765,11.793
12/11/2025,4:30:00 AM,0,0.2763,11.78
12/11/2025,4:45:00 AM,0,0.2766,11.765
12/11/2025,5:00:00 AM,0,0.2764,11.751
12/11/2025,5:15:00 AM,0,0.2774,11.738
12/11/2025,5:30:00 AM,0,0.2774,11.727
12/11/2025,5:45:00 AM,0,0.277,11.712
12/11/2025,6:00:00 AM,0,0.2766,11.699
12/11/2025,6:15:00 AM,0,0.2771,11.683
12/11/2025,6:30:00 AM,0,0.2764,11.667
12/11/2025,6:45:00 AM,0,0.2766,11.654
12/11/2025,7:00:00 AM,0,0.2765,11.64
12/11/2025,7:15:00 AM,0,0.2768,11.627
12/11/2025,7:30:00 AM,0,0.2772,11.615
12/11/2025,7:45:00 AM,0,0.2793,11.604
12/11/2025,8:00:00 AM,0,0.2797,11.596
12/11/2025,8:15:00 AM,0,0.28,11.589
12/11/2025,8:30:00 AM,0,0.2796,11.586
12/11/2025,8:45:00 AM,0,0.2783,11.591
12/11/2025,9:00:00 AM,0,0.2771,11.598
12/11/2025,9:15:00 AM,0,0.2779,11.607
12/11/2025,9:30:00 AM,0,0.2766,11.617
12/11/2025,9:45:00 AM,0,0.2746,11.625
12/11/2025,10:00:00 AM,0,0.2772,11.632
12/11/2025,10:15:00 AM,0,0.2772,11.64
12/11/2025,10:30:00 AM,0,0.2772,11.647
12/11/2025,10:45:00 AM,0,0.2762,11.653
12/11/2025,11:00:00 AM,0,0.2772,11.664
12/11/2025,11:15:00 AM,0,0.277,11.678
12/11/2025,11:30:00 AM,0,0.2774,11.691
12/11/2025,11:45:00 AM,0,0.2773,11.703
12/11/2025,12:00:00 PM,0,0.2774,11.711
12/11/2025,12:15:00 PM,0,0.2777,11.716
12/11/2025,12:30:00 PM,0,0.2782,11.726
12/11/2025,12:45:00 PM,0,0.2781,11.737
12/11/2025,1:00:00 PM,0,0.2785,11.744
12/11/2025,1:15:00 PM,0,0.2785,11.758
12/11/2025,1:30:00 PM,0,0.2786,11.766
12/11/2025,1:45:00 PM,0,0.2787,11.78
12/11/2025,2:00:00 PM,0,0.2784,11.793
12/11/2025,2:15:00 PM,0,0.279,11.81
12/11/2025,2:30:00 PM,0,0.2781,11.823
12/11/2025,2:45:00 PM,0,0.2784,11.839
12/11/2025,3:00:00 PM,0,0.2786,11.854
12/11/2025,3:15:00 PM,0,0.2778,11.869
12/11/2025,3:30:00 PM,0,0.2785,11.884
12/11/2025,3:45:00 PM,0,0.2784,11.901
12/11/2025,4:00:00 PM,0,0.2776,11.917
12/11/2025,4:15:00 PM,0,0.278,11.932
12/11/2025,4:30:00 PM,0,0.2763,11.949
12/11/2025,4:45:00 PM,0,0.2744,11.964
12/11/2025,5:00:00 PM,0,0.2753,11.982
12/11/2025,5:15:00 PM,0,0.2765,12
12/11/2025,5:30:00 PM,0,0.2765,12.014
12/11/2025,5:45:00 PM,0,0.2768,12.032
12/11/2025,6:00:00 PM,0,0.2764,12.046
12/11/2025,6:15:00 PM,0,0.2771,12.063
12/11/2025,6:30:00 PM,0,0.2772,12.082
12/11/2025,6:45:00 PM,0,0.277,12.099
12/11/2025,7:00:00 PM,0,0.2771,12.114
12/11/2025,7:15:00 PM,0,0.2769,12.123
12/11/2025,7:30:00 PM,0,0.2768,12.132
12/11/2025,7:45:00 PM,0,0.2766,12.14
12/11/2025,8:00:00 PM,0,0.2767,12.147
12/11/2025,8:15:00 PM,0,0.2766,12.154
12/11/2025,8:30:00 PM,0,0.277,12.156
12/11/2025,8:45:00 PM,0,0.2769,12.154
12/11/2025,9:00:00 PM,0,0.2765,12.146
12/11/2025,9:15:00 PM,0,0.2762,12.137
12/11/2025,9:30:00 PM,0,0.2762,12.124
12/11/2025,9:45:00 PM,0,0.276,12.109
12/11/2025,10:00:00 PM,0,0.2755,12.09
12/11/2025,10:15:00 PM,0,0.2758,12.072
12/11/2025,10:30:00 PM,0,0.2756,12.054
12/11/2025,10:45:00 PM,0,0.276,12.029
12/11/2025,11:00:00 PM,0,0.2755,12.011
12/11/2025,11:15:00 PM,0,0.2754,11.988
12/11/2025,11:30:00 PM,0,0.2748,11.97
12/11/2025,11:45:00 PM,0,0.2755,11.95
12/12/2025,12:00:00 AM,0,0.2752,11.933
12/12/2025,12:15:00 AM,0,0.275,11.911
12/12/2025,12:30:00 AM,0,0.2749,11.891
12/12/2025,12:45:00 AM,0,0.275,11.874
12/12/2025,1:00:00 AM,0,0.274,11.853
12/12/2025,1:15:00 AM,0,0.2746,11.832
12/12/2025,1:30:00 AM,0,0.2746,11.812
12/12/2025,1:45:00 AM,0,0.2743,11.79
12/12/2025,2:00:00 AM,0,0.2742,11.77
12/12/2025,2:15:00 AM,0,0.2743,11.754
12/12/2025,2:30:00 AM,0,0.2745,11.736
12/12/2025,2:45:00 AM,0,0.2741,11.72
12/12/2025,3:00:00 AM,0,0.2747,11.702
12/12/2025,3:15:00 AM,0,0.2748,11.685
12/12/2025,3:30:00 AM,0,0.2747,11.671
12/12/2025,3:45:00 AM,0,0.2751,11.654
12/12/2025,4:00:00 AM,0,0.2762,11.642
12/12/2025,4:15:00 AM,0,0.2766,11.635
12/12/2025,4:30:00 AM,0,0.2765,11.635
12/12/2025,4:45:00 AM,0,0.2773,11.63
12/12/2025,5:00:00 AM,0,0.2778,11.626
12/12/2025,5:15:00 AM,0,0.2779,11.613
12/12/2025,5:30:00 AM,0,0.2778,11.609
12/12/2025,5:45:00 AM,0,0.2774,11.604
12/12/2025,6:00:00 AM,0,0.2779,11.602
12/12/2025,6:15:00 AM,0,0.2783,11.592
12/12/2025,6:30:00 AM,0,0.2779,11.574
12/12/2025,6:45:00 AM,0,0.2786,11.563
12/12/2025,7:00:00 AM,0,0.2784,11.551
12/12/2025,7:15:00 AM,0,0.2789,11.548
12/12/2025,7:30:00 AM,0,0.2787,11.542
12/12/2025,7:45:00 AM,0,0.2794,11.542
12/12/2025,8:00:00 AM,0,0.28,11.544
12/12/2025,8:15:00 AM,0,0.279,11.547
12/12/2025,8:30:00 AM,0,0.2794,11.556
12/12/2025,8:45:00 AM,0,0.2785,11.565
12/12/2025,9:00:00 AM,0,0.2793,11.579
12/12/2025,9:15:00 AM,0,0.2785,11.592
12/12/2025,9:30:00 AM,0,0.2802,11.61
12/12/2025,9:45:00 AM,0,0.2816,11.626
12/12/2025,10:00:00 AM,0,0.2804,11.642
12/12/2025,10:15:00 AM,0,0.2788,11.658
12/12/2025,10:30:00 AM,0,0.2787,11.673
12/12/2025,10:45:00 AM,0,0.279,11.686
12/12/2025,11:00:00 AM,0,0.2784,11.704
12/12/2025,11:15:00 AM,0,0.2795,11.728
12/12/2025,11:30:00 AM,0,0.2796,11.746
12/12/2025,11:45:00 AM,0,0.2791,11.767
12/12/2025,12:00:00 PM,0,0.2801,11.783
12/12/2025,12:15:00 PM,0,0.2796,11.793
12/12/2025,12:30:00 PM,0,0.2802,11.807
12/12/2025,12:45:00 PM,0,0.2801,11.821
12/12/2025,1:00:00 PM,0,0.2813,11.838
12/12/2025,1:15:00 PM,0,0.281,11.851
12/12/2025,1:30:00 PM,0,0.2814,11.866
12/12/2025,1:45:00 PM,0,0.2804,11.882
12/12/2025,2:00:00 PM,0,0.2799,11.895
12/12/2025,2:15:00 PM,0,0.2796,11.912
12/12/2025,2:30:00 PM,0,0.2802,11.925
12/12/2025,2:45:00 PM,0,0.2804,11.942
12/12/2025,3:00:00 PM,0,0.2802,11.957
12/12/2025,3:15:00 PM,0,0.2804,11.974
12/12/2025,3:30:00 PM,0,0.28,11.99
12/12/2025,3:45:00 PM,0,0.28,12.006
12/12/2025,4:00:00 PM,0,0.2805,12.021
12/12/2025,4:15:00 PM,0,0.2805,12.037
12/12/2025,4:30:00 PM,0,0.2802,12.053
12/12/2025,4:45:00 PM,0,0.28,12.07
12/12/2025,5:00:00 PM,0,0.2797,12.087
12/12/2025,5:15:00 PM,0,0.28,12.103
12/12/2025,5:30:00 PM,0,0.2804,12.117
12/12/2025,5:45:00 PM,0,0.2803,12.133
12/12/2025,6:00:00 PM,0,0.2801,12.148
12/12/2025,6:15:00 PM,0,0.2802,12.164
12/12/2025,6:30:00 PM,0,0.28,12.177
12/12/2025,6:45:00 PM,0,0.2797,12.191
12/12/2025,7:00:00 PM,0,0.2798,12.204
12/12/2025,7:15:00 PM,0,0.2795,12.216
12/12/2025,7:30:00 PM,0,0.2796,12.229
12/12/2025,7:45:00 PM,0,0.2798,12.242
12/12/2025,8:00:00 PM,0,0.2793,12.252
12/12/2025,8:15:00 PM,0,0.2792,12.263
12/12/2025,8:30:00 PM,0,0.2797,12.276
12/12/2025,8:45:00 PM,0,0.279,12.287
12/12/2025,9:00:00 PM,0,0.2794,12.299
12/12/2025,9:15:00 PM,0,0.2793,12.308
12/12/2025,9:30:00 PM,0,0.2794,12.321
12/12/2025,9:45:00 PM,0,0.2795,12.331
12/12/2025,10:00:00 PM,0,0.2792,12.34
12/12/2025,10:15:00 PM,0,0.2791,12.351
12/12/2025,10:30:00 PM,0,0.2793,12.358
12/12/2025,10:45:00 PM,0,0.2792,12.368
12/12/2025,11:00:00 PM,0,0.2789,12.377
12/12/2025,11:15:00 PM,0,0.2794,12.387
12/12/2025,11:30:00 PM,0,0.2792,12.396
12/12/2025,11:45:00 PM,0,0.2793,12.407
12/13/2025,12:00:00 AM,0,0.2787,12.417
12/13/2025,12:15:00 AM,0,0.2795,12.427
12/13/2025,12:30:00 AM,0,0.2792,12.433
12/13/2025,12:45:00 AM,0,0.2788,12.443
12/13/2025,1:00:00 AM,0,0.2789,12.449
12/13/2025,1:15:00 AM,0,0.2784,12.458
12/13/2025,1:30:00 AM,0,0.2786,12.466
12/13/2025,1:45:00 AM,0,0.279,12.474
12/13/2025,2:00:00 AM,0,0.2788,12.482
12/13/2025,2:15:00 AM,0,0.2789,12.49
12/13/2025,2:30:00 AM,0,0.2787,12.495
12/13/2025,2:45:00 AM,0,0.2788,12.504
12/13/2025,3:00:00 AM,0,0.2787,12.511
12/13/2025,3:15:00 AM,0,0.2786,12.518
12/13/2025,3:30:00 AM,0,0.2785,12.526
12/13/2025,3:45:00 AM,0,0.2788,12.534
12/13/2025,4:00:00 AM,0,0.2783,12.54
12/13/2025,4:15:00 AM,0,0.2785,12.549
12/13/2025,4:30:00 AM,0,0.2788,12.556
12/13/2025,4:45:00 AM,0,0.2787,12.563
12/13/2025,5:00:00 AM,0,0.2788,12.569
12/13/2025,5:15:00 AM,0,0.2784,12.574
12/13/2025,5:30:00 AM,0,0.2783,12.582
12/13/2025,5:45:00 AM,0,0.2781,12.585
12/13/2025,6:00:00 AM,0,0.2786,12.591
12/13/2025,6:15:00 AM,0,0.278,12.595
12/13/2025,6:30:00 AM,0,0.2788,12.599
12/13/2025,6:45:00 AM,0,0.2787,12.605
12/13/2025,7:00:00 AM,0,0.2785,12.612
12/13/2025,7:15:00 AM,0,0.2784,12.612
12/13/2025,7:30:00 AM,0,0.2782,12.619
12/13/2025,7:45:00 AM,0,0.2786,12.622
12/13/2025,8:00:00 AM,0,0.2781,12.629
12/13/2025,8:15:00 AM,0,0.2787,12.634
12/13/2025,8:30:00 AM,0,0.2786,12.638
12/13/2025,8:45:00 AM,0,0.2789,12.64
12/13/2025,9:00:00 AM,0,0.2787,12.646
12/13/2025,9:15:00 AM,0,0.2785,12.65
12/13/2025,9:30:00 AM,0,0.2789,12.652
12/13/2025,9:45:00 AM,0,0.2791,12.657
12/13/2025,10:00:00 AM,0,0.279,12.66
12/13/2025,10:15:00 AM,0,0.2789,12.665
12/13/2025,10:30:00 AM,0,0.2792,12.67
12/13/2025,10:45:00 AM,0,0.2788,12.674
12/13/2025,11:00:00 AM,0,0.2792,12.68
12/13/2025,11:15:00 AM,0,0.2794,12.683
12/13/2025,11:30:00 AM,0,0.2789,12.69
12/13/2025,11:45:00 AM,0,0.2793,12.694
12/13/2025,12:00:00 PM,0,0.2799,12.699
12/13/2025,12:15:00 PM,0,0.2793,12.703
12/13/2025,12:30:00 PM,0,0.2795,12.708
12/13/2025,12:45:00 PM,0,0.279,12.715
12/13/2025,1:00:00 PM,0,0.2796,12.72
12/13/2025,1:15:00 PM,0,0.279,12.724
12/13/2025,1:30:00 PM,0,0.2791,12.731
12/13/2025,1:45:00 PM,0,0.2787,12.736
12/13/2025,2:00:00 PM,0,0.279,12.745
12/13/2025,2:15:00 PM,0,0.2787,12.751
12/13/2025,2:30:00 PM,0,0.2792,12.757
12/13/2025,2:45:00 PM,0,0.2791,12.763
12/13/2025,3:00:00 PM,0,0.2799,12.768
12/13/2025,3:15:00 PM,0,0.2801,12.776
12/13/2025,3:30:00 PM,0,0.2798,12.784
12/13/2025,3:45:00 PM,0,0.2791,12.79
12/13/2025,4:00:00 PM,0,0.2789,12.799
12/13/2025,4:15:00 PM,0,0.2785,12.809
12/13/2025,4:30:00 PM,0,0.2787,12.817
12/13/2025,4:45:00 PM,0,0.2783,12.825
12/13/2025,5:00:00 PM,0,0.278,12.834
12/13/2025,5:15:00 PM,0,0.2777,12.841
12/13/2025,5:30:00 PM,0,0.2775,12.851
12/13/2025,5:45:00 PM,0,0.2775,12.856
12/13/2025,6:00:00 PM,0,0.2774,12.863
12/13/2025,6:15:00 PM,0,0.2772,12.87
12/13/2025,6:30:00 PM,0,0.2777,12.876
12/13/2025,6:45:00 PM,0,0.2775,12.88
12/13/2025,7:00:00 PM,0,0.2774,12.887
12/13/2025,7:15:00 PM,0,0.2773,12.889
12/13/2025,7:30:00 PM,0,0.2773,12.894
12/13/2025,7:45:00 PM,0,0.2776,12.898
12/13/2025,8:00:00 PM,0,0.2769,12.9
12/13/2025,8:15:00 PM,0,0.2775,12.905
12/13/2025,8:30:00 PM,0,0.2772,12.906
12/13/2025,8:45:00 PM,0,0.2773,12.906
12/13/2025,9:00:00 PM,0,0.2767,12.903
12/13/2025,9:15:00 PM,0,0.2771,12.897
12/13/2025,9:30:00 PM,0,0.2771,12.887
12/13/2025,9:45:00 PM,0,0.2774,12.878
12/13/2025,10:00:00 PM,0,0.2766,12.865
12/13/2025,10:15:00 PM,0,0.2763,12.851
12/13/2025,10:30:00 PM,0,0.2771,12.842
12/13/2025,10:45:00 PM,0,0.2764,12.83
12/13/2025,11:00:00 PM,0,0.2764,12.818
12/13/2025,11:15:00 PM,0,0.2765,12.805
12/13/2025,11:30:00 PM,0,0.2769,12.792
12/13/2025,11:45:00 PM,0,0.2766,12.778
12/14/2025,12:00:00 AM,0,0.2769,12.765
12/14/2025,12:15:00 AM,0,0.2765,12.753
12/14/2025,12:30:00 AM,0,0.2764,12.74
12/14/2025,12:45:00 AM,0,0.2769,12.729
12/14/2025,1:00:00 AM,0,0.2769,12.717
12/14/2025,1:15:00 AM,0,0.2766,12.707
12/14/2025,1:30:00 AM,0,0.2771,12.699
12/14/2025,1:45:00 AM,0,0.2765,12.693
12/14/2025,2:00:00 AM,0,0.2787,12.686
12/14/2025,2:15:00 AM,0,0.2772,12.682
12/14/2025,2:30:00 AM,0,0.278,12.678
12/14/2025,2:45:00 AM,0,0.2777,12.677
12/14/2025,3:00:00 AM,0,0.2778,12.676
12/14/2025,3:15:00 AM,0,0.278,12.676
12/14/2025,3:30:00 AM,0,0.279,12.678
12/14/2025,3:45:00 AM,0,0.278,12.681
12/14/2025,4:00:00 AM,0,0.2791,12.683
12/14/2025,4:15:00 AM,0,0.2791,12.689
12/14/2025,4:30:00 AM,0,0.2793,12.698
12/14/2025,4:45:00 AM,0,0.2806,12.704
12/14/2025,5:00:00 AM,0,0.2798,12.71
12/14/2025,5:15:00 AM,0,0.279,12.717
12/14/2025,5:30:00 AM,0,0.2799,12.724
12/14/2025,5:45:00 AM,0,0.2799,12.729
12/14/2025,6:00:00 AM,0,0.2807,12.734
12/14/2025,6:15:00 AM,0,0.2803,12.741
12/14/2025,6:30:00 AM,0,0.2802,12.748
12/14/2025,6:45:00 AM,0,0.2813,12.75
12/14/2025,7:00:00 AM,0,0.281,12.754
12/14/2025,7:15:00 AM,0,0.2814,12.759
12/14/2025,7:30:00 AM,0,0.2809,12.764
12/14/2025,7:45:00 AM,0,0.2801,12.767
12/14/2025,8:00:00 AM,0,0.2811,12.771
12/14/2025,8:15:00 AM,0,0.2801,12.772
12/14/2025,8:30:00 AM,0,0.2807,12.776
12/14/2025,8:45:00 AM,0,0.2805,12.78
12/14/2025,9:00:00 AM,0,0.281,12.782
12/14/2025,9:15:00 AM,0,0.2811,12.786
12/14/2025,9:30:00 AM,0,0.2802,12.787
12/14/2025,9:45:00 AM,0,0.2803,12.79
12/14/2025,10:00:00 AM,0,0.2815,12.792
12/14/2025,10:15:00 AM,0,0.2815,12.797
12/14/2025,10:30:00 AM,0,0.2807,12.799
12/14/2025,10:45:00 AM,0,0.2835,12.803
12/14/2025,11:00:00 AM,0,0.2827,12.807
12/14/2025,11:15:00 AM,0,0.2812,12.812
12/14/2025,11:30:00 AM,0,0.2806,12.815
12/14/2025,11:45:00 AM,0,0.2819,12.823
12/14/2025,12:00:00 PM,0,0.2824,12.829
12/14/2025,12:15:00 PM,0,0.2817,12.837
12/14/2025,12:30:00 PM,0,0.282,12.846
12/14/2025,12:45:00 PM,0,0.2822,12.857
12/14/2025,1:00:00 PM,0,0.2816,12.866
12/14/2025,1:15:00 PM,0,0.2816,12.874
12/14/2025,1:30:00 PM,0,0.2818,12.882
12/14/2025,1:45:00 PM,0,0.2813,12.893
12/14/2025,2:00:00 PM,0,0.2818,12.902
12/14/2025,2:15:00 PM,0,0.2804,12.908
12/14/2025,2:30:00 PM,0,0.2804,12.919
12/14/2025,2:45:00 PM,0,0.2803,12.927
12/14/2025,3:00:00 PM,0,0.2795,12.934
12/14/2025,3:15:00 PM,0,0.2789,12.942
12/14/2025,3:30:00 PM,0,0.2789,12.952
12/14/2025,3:45:00 PM,0,0.2788,12.959
12/14/2025,4:00:00 PM,0,0.2789,12.965
12/14/2025,4:15:00 PM,0,0.2783,12.973
12/14/2025,4:30:00 PM,0,0.2772,12.979
12/14/2025,4:45:00 PM,0,0.2762,12.985
12/14/2025,5:00:00 PM,0,0.2767,12.991
12/14/2025,5:15:00 PM,0,0.2778,12.997
12/14/2025,5:30:00 PM,0,0.2783,13.004
12/14/2025,5:45:00 PM,0,0.2781,13.01
12/14/2025,6:00:00 PM,0,0.2768,13.013
12/14/2025,6:15:00 PM,0,0.2779,13.021
12/14/2025,6:30:00 PM,0,0.2783,13.021
12/14/2025,6:45:00 PM,0,0.2777,13.026
12/14/2025,7:00:00 PM,0,0.2777,13.024
12/14/2025,7:15:00 PM,0,0.278,13.02
12/14/2025,7:30:00 PM,0,0.2772,13.008
12/14/2025,7:45:00 PM,0,0.2775,12.998
12/14/2025,8:00:00 PM,0,0.2773,12.984
12/14/2025,8:15:00 PM,0,0.2779,12.968
12/14/2025,8:30:00 PM,0,0.2773,12.948
12/14/2025,8:45:00 PM,0,0.2765,12.929
12/14/2025,9:00:00 PM,0,0.2774,12.909
12/14/2025,9:15:00 PM,0,0.2766,12.886
12/14/2025,9:30:00 PM,0,0.2775,12.862
12/14/2025,9:45:00 PM,0,0.277,12.841
12/14/2025,10:00:00 PM,0,0.2768,12.818
12/14/2025,10:15:00 PM,0,0.2769,12.793
12/14/2025,10:30:00 PM,0,0.277,12.772
12/14/2025,10:45:00 PM,0,0.2764,12.751
12/14/2025,11:00:00 PM,0,0.2763,12.726
12/14/2025,11:15:00 PM,0,0.2775,12.706
12/14/2025,11:30:00 PM,0,0.2763,12.679
12/14/2025,11:45:00 PM,0,0.2765,12.658
12/15/2025,12:00:00 AM,0,0.2763,12.638
12/15/2025,12:15:00 AM,0,0.2758,12.616
12/15/2025,12:30:00 AM,0,0.2766,12.597
12/15/2025,12:45:00 AM,0,0.2758,12.579
12/15/2025,1:00:00 AM,0,0.2758,12.559
12/15/2025,1:15:00 AM,0,0.2754,12.539
12/15/2025,1:30:00 AM,0,0.2759,12.517
12/15/2025,1:45:00 AM,0,0.2755,12.499
12/15/2025,2:00:00 AM,0,0.2757,12.484
12/15/2025,2:15:00 AM,0,0.2758,12.467
12/15/2025,2:30:00 AM,0,0.2757,12.446
12/15/2025,2:45:00 AM,0,0.2764,12.426
12/15/2025,3:00:00 AM,0,0.276,12.41
12/15/2025,3:15:00 AM,0,0.2766,12.394
12/15/2025,3:30:00 AM,0,0.2768,12.378
12/15/2025,3:45:00 AM,0,0.2776,12.374
12/15/2025,4:00:00 AM,0,0.2763,12.373
12/15/2025,4:15:00 AM,0,0.2775,12.371
12/15/2025,4:30:00 AM,0,0.2778,12.366
12/15/2025,4:45:00 AM,0,0.277,12.357
12/15/2025,5:00:00 AM,0,0.2786,12.352
12/15/2025,5:15:00 AM,0,0.2778,12.348
12/15/2025,5:30:00 AM,0,0.2783,12.353
12/15/2025,5:45:00 AM,0,0.2793,12.356
12/15/2025,6:00:00 AM,0,0.2776,12.363
12/15/2025,6:15:00 AM,0,0.2782,12.37
12/15/2025,6:30:00 AM,0,0.2784,12.377
12/15/2025,6:45:00 AM,0,0.2785,12.39
12/15/2025,7:00:00 AM,0,0.2786,12.399
12/15/2025,7:15:00 AM,0,0.2789,12.41
12/15/2025,7:30:00 AM,0,0.2784,12.42
12/15/2025,7:45:00 AM,0,0.2782,12.427
12/15/2025,8:00:00 AM,0,0.2788,12.434
12/15/2025,8:15:00 AM,0,0.2811,12.439
12/15/2025,8:30:00 AM,0,0.2813,12.445
12/15/2025,8:45:00 AM,0,0.2796,12.452
12/15/2025,9:00:00 AM,0,0.2803,12.458
12/15/2025,9:15:00 AM,0,0.2798,12.468
12/15/2025,9:30:00 AM,0,0.2791,12.477
12/15/2025,9:45:00 AM,0,0.2793,12.486
12/15/2025,10:00:00 AM,0,0.2794,12.495
12/15/2025,10:15:00 AM,0,0.2805,12.503
12/15/2025,10:30:00 AM,0,0.2801,12.515
12/15/2025,10:45:00 AM,0,0.2809,12.523
12/15/2025,11:00:00 AM,0,0.2808,12.533
12/15/2025,11:15:00 AM,0,0.2814,12.55
12/15/2025,11:30:00 AM,0,0.2802,12.57
12/15/2025,11:45:00 AM,0,0.2808,12.586
12/15/2025,12:00:00 PM,0,0.2814,12.602
12/15/2025,12:15:00 PM,0,0.2801,12.617
12/15/2025,12:30:00 PM,0,0.2798,12.629
12/15/2025,12:45:00 PM,0,0.28,12.642
12/15/2025,1:00:00 PM,0,0.2785,12.653
12/15/2025,1:15:00 PM,0,0.28,12.664
12/15/2025,1:30:00 PM,0,0.2795,12.675
12/15/2025,1:45:00 PM,0,0.2798,12.687
12/15/2025,2:00:00 PM,0,0.2804,12.699
12/15/2025,2:15:00 PM,0,0.2794,12.711
12/15/2025,2:30:00 PM,0,0.2795,12.72
12/15/2025,2:45:00 PM,0,0.2785,12.733
12/15/2025,3:00:00 PM,0,0.278,12.744
12/15/2025,3:15:00 PM,0,0.2786,12.756
12/15/2025,3:30:00 PM,0,0.2782,12.767
12/15/2025,3:45:00 PM,0,0.2778,12.78
12/15/2025,4:00:00 PM,0,0.2779,12.79
12/15/2025,4:15:00 PM,0,0.2777,12.801
12/15/2025,4:30:00 PM,0,0.2768,12.814
12/15/2025,4:45:00 PM,0,0.2749,12.826
12/15/2025,5:00:00 PM,0,0.276,12.836
12/15/2025,5:15:00 PM,0,0.2758,12.847
12/15/2025,5:30:00 PM,0,0.2779,12.857
12/15/2025,5:45:00 PM,0,0.2767,12.87
12/15/2025,6:00:00 PM,0,0.2772,12.879
12/15/2025,6:15:00 PM,0,0.2774,12.889
12/15/2025,6:30:00 PM,0,0.2761,12.901
12/15/2025,6:45:00 PM,0,0.2785,12.909
12/15/2025,7:00:00 PM,0,0.2767,12.919
12/15/2025,7:15:00 PM,0,0.278,12.927
12/15/2025,7:30:00 PM,0,0.2769,12.935
12/15/2025,7:45:00 PM,0,0.2776,12.942
12/15/2025,8:00:00 PM,0,0.2771,12.948
12/15/2025,8:15:00 PM,0,0.278,12.954
12/15/2025,8:30:00 PM,0,0.2775,12.957
12/15/2025,8:45:00 PM,0,0.2785,12.955
12/15/2025,9:00:00 PM,0,0.2762,12.95
12/15/2025,9:15:00 PM,0,0.2772,12.945
12/15/2025,9:30:00 PM,0,0.2766,12.937
12/15/2025,9:45:00 PM,0,0.2771,12.927
12/15/2025,10:00:00 PM,0,0.2766,12.92
12/15/2025,10:15:00 PM,0,0.2768,12.905
12/15/2025,10:30:00 PM,0,0.2777,12.894
12/15/2025,10:45:00 PM,0,0.2773,12.881
12/15/2025,11:00:00 PM,0,0.2762,12.871
12/15/2025,11:15:00 PM,0,0.2766,12.86
12/15/2025,11:30:00 PM,0,0.2768,12.847
12/15/2025,11:45:00 PM,0,0.278,12.835
12/16/2025,12:00:00 AM,0,0.2764,12.822
12/16/2025,12:15:00 AM,0,0.2757,12.807
12/16/2025,12:30:00 AM,0,0.2749,12.79
12/16/2025,12:45:00 AM,0,0.2768,12.776
12/16/2025,1:00:00 AM,0,0.2767,12.759
12/16/2025,1:15:00 AM,0,0.2768,12.742
12/16/2025,1:30:00 AM,0,0.2749,12.724
12/16/2025,1:45:00 AM,0,0.277,12.706
12/16/2025,2:00:00 AM,0,0.2765,12.69
12/16/2025,2:15:00 AM,0,0.2749,12.673
12/16/2025,2:30:00 AM,0,0.2773,12.66
12/16/2025,2:45:00 AM,0,0.2775,12.642
12/16/2025,3:00:00 AM,0,0.2769,12.626
12/16/2025,3:15:00 AM,0,0.2768,12.611
12/16/2025,3:30:00 AM,0,0.2773,12.591
12/16/2025,3:45:00 AM,0,0.2764,12.577
12/16/2025,4:00:00 AM,0,0.278,12.564
12/16/2025,4:15:00 AM,0,0.2786,12.549
12/16/2025,4:30:00 AM,0,0.2794,12.537
12/16/2025,4:45:00 AM,0,0.2783,12.524
12/16/2025,5:00:00 AM,0,0.2778,12.511
12/16/2025,5:15:00 AM,0,0.2786,12.503
12/16/2025,5:30:00 AM,0,0.279,12.494
12/16/2025,5:45:00 AM,0,0.2788,12.483
12/16/2025,6:00:00 AM,0,0.2789,12.473
12/16/2025,6:15:00 AM,0,0.2788,12.461
12/16/2025,6:30:00 AM,0,0.2784,12.446
12/16/2025,6:45:00 AM,0,0.2797,12.432
12/16/2025,7:00:00 AM,0,0.279,12.418
12/16/2025,7:15:00 AM,0,0.2789,12.401
12/16/2025,7:30:00 AM,0,0.2795,12.386
12/16/2025,7:45:00 AM,0,0.2809,12.372
12/16/2025,8:00:00 AM,0,0.2798,12.358
12/16/2025,8:15:00 AM,0,0.2806,12.348
12/16/2025,8:30:00 AM,0,0.2816,12.343
12/16/2025,8:45:00 AM,0,0.2813,12.339
12/16/2025,9:00:00 AM,0,0.2801,12.339
12/16/2025,9:15:00 AM,0,0.2794,12.346
12/16/2025,9:30:00 AM,0,0.2799,12.351
12/16/2025,9:45:00 AM,0,0.2793,12.359
12/16/2025,10:00:00 AM,0,0.2791,12.368
12/16/2025,10:15:00 AM,0,0.2795,12.38
12/16/2025,10:30:00 AM,0,0.2791,12.39
12/16/2025,10:45:00 AM,0,0.2788,12.404
12/16/2025,11:00:00 AM,0,0.2786,12.419
12/16/2025,11:15:00 AM,0,0.279,12.434
12/16/2025,11:30:00 AM,0,0.2785,12.454
12/16/2025,11:45:00 AM,0,0.278,12.47
12/16/2025,12:00:00 PM,0,0.2792,12.483
12/16/2025,12:15:00 PM,0,0.2783,12.493
12/16/2025,12:30:00 PM,0,0.2791,12.501
12/16/2025,12:45:00 PM,0,0.2791,12.513
12/16/2025,1:00:00 PM,0,0.2785,12.522
12/16/2025,1:15:00 PM,0,0.279,12.53
12/16/2025,1:30:00 PM,0,0.2797,12.54
12/16/2025,1:45:00 PM,0,0.2785,12.548
12/16/2025,2:00:00 PM,0,0.2783,12.557
12/16/2025,2:15:00 PM,0,0.2781,12.565
12/16/2025,2:30:00 PM,0,0.2781,12.574
12/16/2025,2:45:00 PM,0,0.2772,12.583
12/16/2025,3:00:00 PM,0,0.2783,12.592
12/16/2025,3:15:00 PM,0,0.2778,12.602
12/16/2025,3:30:00 PM,0,0.2781,12.609
12/16/2025,3:45:00 PM,0,0.2777,12.618
12/16/2025,4:00:00 PM,0,0.2772,12.629
12/16/2025,4:15:00 PM,0,0.2776,12.64
12/16/2025,4:30:00 PM,0,0.277,12.647
12/16/2025,4:45:00 PM,0,0.2772,12.656
12/16/2025,5:00:00 PM,0,0.2762,12.668
12/16/2025,5:15:00 PM,0,0.2774,12.676
12/16/2025,5:30:00 PM,0,0.2777,12.685
12/16/2025,5:45:00 PM,0,0.2782,12.695
12/16/2025,6:00:00 PM,0,0.2782,12.702
12/16/2025,6:15:00 PM,0,0.2776,12.71
12/16/2025,6:30:00 PM,0,0.2784,12.719
12/16/2025,6:45:00 PM,0,0.2783,12.73
12/16/2025,7:00:00 PM,0,0.2778,12.737
12/16/2025,7:15:00 PM,0,0.279,12.743
12/16/2025,7:30:00 PM,0,0.2785,12.751
12/16/2025,7:45:00 PM,0,0.2775,12.757
12/16/2025,8:00:00 PM,0,0.2774,12.76
12/16/2025,8:15:00 PM,0,0.278,12.76
12/16/2025,8:30:00 PM,0,0.2785,12.753
12/16/2025,8:45:00 PM,0,0.278,12.749
12/16/2025,9:00:00 PM,0,0.2774,12.743
12/16/2025,9:15:00 PM,0,0.2782,12.737
12/16/2025,9:30:00 PM,0,0.2777,12.734
12/16/2025,9:45:00 PM,0,0.2777,12.73
12/16/2025,10:00:00 PM,0,0.2772,12.729
12/16/2025,10:15:00 PM,0,0.2767,12.73
12/16/2025,10:30:00 PM,0,0.277,12.728
12/16/2025,10:45:00 PM,0,0.2772,12.733
12/16/2025,11:00:00 PM,0,0.2773,12.732
12/16/2025,11:15:00 PM,0,0.2777,12.733
12/16/2025,11:30:00 PM,0,0.2773,12.732
12/16/2025,11:45:00 PM,0,0.2777,12.734
12/17/2025,12:00:00 AM,0,0.2772,12.738
12/17/2025,12:15:00 AM,0,0.277,12.739
12/17/2025,12:30:00 AM,0,0.2773,12.743
12/17/2025,12:45:00 AM,0,0.2766,12.744
12/17/2025,1:00:00 AM,0,0.2774,12.749
12/17/2025,1:15:00 AM,0,0.2766,12.751
12/17/2025,1:30:00 AM,0,0.2771,12.755
12/17/2025,1:45:00 AM,0,0.2773,12.757
12/17/2025,2:00:00 AM,0,0.2773,12.762
12/17/2025,2:15:00 AM,0,0.2774,12.766
12/17/2025,2:30:00 AM,0,0.2767,12.77
12/17/2025,2:45:00 AM,0,0.2765,12.773
12/17/2025,3:00:00 AM,0,0.2769,12.775
12/17/2025,3:15:00 AM,0,0.2778,12.779
12/17/2025,3:30:00 AM,0,0.2782,12.782
12/17/2025,3:45:00 AM,0,0.2775,12.784
12/17/2025,4:00:00 AM,0,0.2778,12.783
12/17/2025,4:15:00 AM,0,0.278,12.785
12/17/2025,4:30:00 AM,0,0.2778,12.785
12/17/2025,4:45:00 AM,0,0.2809,12.788
12/17/2025,5:00:00 AM,0,0.279,12.788
12/17/2025,5:15:00 AM,0,0.2787,12.792
12/17/2025,5:30:00 AM,0,0.2789,12.797
12/17/2025,5:45:00 AM,0,0.2785,12.804
12/17/2025,6:00:00 AM,0,0.2799,12.813
12/17/2025,6:15:00 AM,0,0.2792,12.823
12/17/2025,6:30:00 AM,0,0.2811,12.833
12/17/2025,6:45:00 AM,0,0.2783,12.845
12/17/2025,7:00:00 AM,0,0.2795,12.855
12/17/2025,7:15:00 AM,0,0.2801,12.866
12/17/2025,7:30:00 AM,0,0.2809,12.877
12/17/2025,7:45:00 AM,0,0.2798,12.887
12/17/2025,8:00:00 AM,0,0.2812,12.896
12/17/2025,8:15:00 AM,0,0.2801,12.907
12/17/2025,8:30:00 AM,0,0.28,12.915
12/17/2025,8:45:00 AM,0,0.2826,12.926
12/17/2025,9:00:00 AM,0,0.2831,12.936
12/17/2025,9:15:00 AM,0,0.2799,12.945
12/17/2025,9:30:00 AM,0,0.2798,12.952
12/17/2025,9:45:00 AM,0,0.2776,12.962
12/17/2025,10:00:00 AM,0,0.2787,12.971
12/17/2025,10:15:00 AM,0,0.2792,12.977
12/17/2025,10:30:00 AM,0,0.2777,12.984
12/17/2025,10:45:00 AM,0,0.2797,12.995
12/17/2025,11:00:00 AM,0,0.2795,13.004
12/17/2025,11:15:00 AM,0,0.2786,13.012
12/17/2025,11:30:00 AM,0,0.2781,13.026
12/17/2025,11:45:00 AM,0,0.2785,13.039
12/17/2025,12:00:00 PM,0,0.278,13.051
12/17/2025,12:15:00 PM,0,0.278,13.061
12/17/2025,12:30:00 PM,0,0.2757,13.075
12/17/2025,12:45:00 PM,0,0.2763,13.087
12/17/2025,1:00:00 PM,0,0.278,13.097
12/17/2025,1:15:00 PM,0,0.2774,13.111
12/17/2025,1:30:00 PM,0,0.2806,13.12
12/17/2025,1:45:00 PM,0,0.2794,13.136
12/17/2025,2:00:00 PM,0,0.2746,13.15
12/17/2025,2:15:00 PM,0,0.2792,13.164
12/17/2025,2:30:00 PM,0,0.2771,13.179
12/17/2025,2:45:00 PM,0,0.2797,13.194
12/17/2025,3:00:00 PM,0,0.2778,13.21
12/17/2025,3:15:00 PM,0,0.2786,13.224
12/17/2025,3:30:00 PM,0,0.2782,13.243
12/17/2025,3:45:00 PM,0,0.2768,13.258
12/17/2025,4:00:00 PM,0,0.2782,13.275
12/17/2025,4:15:00 PM,0,0.2773,13.291
12/17/2025,4:30:00 PM,0,0.2771,13.311
12/17/2025,4:45:00 PM,0,0.2773,13.326
12/17/2025,5:00:00 PM,0,0.2766,13.343
12/17/2025,5:15:00 PM,0,0.2785,13.359
12/17/2025,5:30:00 PM,0,0.2773,13.374
12/17/2025,5:45:00 PM,0,0.2768,13.388
12/17/2025,6:00:00 PM,0,0.2782,13.403
12/17/2025,6:15:00 PM,0,0.2788,13.421
12/17/2025,6:30:00 PM,0,0.2778,13.434
12/17/2025,6:45:00 PM,0,0.2788,13.446
12/17/2025,7:00:00 PM,0,0.277,13.462
12/17/2025,7:15:00 PM,0,0.2775,13.474
12/17/2025,7:30:00 PM,0,0.2772,13.489
12/17/2025,7:45:00 PM,0,0.2762,13.501
12/17/2025,8:00:00 PM,0,0.2778,13.513
12/17/2025,8:15:00 PM,0,0.2771,13.526
12/17/2025,8:30:00 PM,0,0.2773,13.536
12/17/2025,8:45:00 PM,0,0.2778,13.55
12/17/2025,9:00:00 PM,0,0.2772,13.556
12/17/2025,9:15:00 PM,0,0.278,13.564
12/17/2025,9:30:00 PM,0,0.2777,13.574
12/17/2025,9:45:00 PM,0,0.2772,13.581
12/17/2025,10:00:00 PM,0,0.2782,13.586
12/17/2025,10:15:00 PM,0,0.2774,13.591
12/17/2025,10:30:00 PM,0,0.2774,13.595
12/17/2025,10:45:00 PM,0,0.2771,13.6
12/17/2025,11:00:00 PM,0,0.2777,13.601
12/17/2025,11:15:00 PM,0,0.2771,13.604
12/17/2025,11:30:00 PM,0,0.2769,13.606
12/17/2025,11:45:00 PM,0,0.2766,13.604
12/18/2025,12:00:00 AM,0,0.2771,13.605
12/18/2025,12:15:00 AM,0,0.2773,13.605
12/18/2025,12:30:00 AM,0,0.2775,13.603
12/18/2025,12:45:00 AM,0,0.2779,13.599
12/18/2025,1:00:00 AM,0,0.2776,13.595
12/18/2025,1:15:00 AM,0,0.2786,13.59
12/18/2025,1:30:00 AM,0,0.2782,13.586
12/18/2025,1:45:00 AM,0,0.2783,13.577
12/18/2025,2:00:00 AM,0,0.2781,13.568
12/18/2025,2:15:00 AM,0,0.2797,13.56
12/18/2025,2:30:00 AM,0,0.2789,13.552
12/18/2025,2:45:00 AM,0,0.277,13.542
12/18/2025,3:00:00 AM,0,0.2773,13.534
12/18/2025,3:15:00 AM,0,0.2769,13.524
12/18/2025,3:30:00 AM,0,0.2783,13.515
12/18/2025,3:45:00 AM,0,0.2776,13.507
12/18/2025,4:00:00 AM,0,0.2777,13.497
12/18/2025,4:15:00 AM,0,0.2777,13.491
12/18/2025,4:30:00 AM,0,0.2775,13.481
12/18/2025,4:45:00 AM,0,0.2771,13.472
12/18/2025,5:00:00 AM,0,0.278,13.464
12/18/2025,5:15:00 AM,0,0.2779,13.461
12/18/2025,5:30:00 AM,0,0.2788,13.453
12/18/2025,5:45:00 AM,0,0.2789,13.447
12/18/2025,6:00:00 AM,0,0.278,13.441
12/18/2025,6:15:00 AM,0,0.2778,13.431
12/18/2025,6:30:00 AM,0,0.2771,13.42
12/18/2025,6:45:00 AM,0,0.278,13.409
12/18/2025,7:00:00 AM,0,0.2767,13.398
12/18/2025,7:15:00 AM,0,0.2765,13.389
12/18/2025,7:30:00 AM,0,0.2787,13.379
12/18/2025,7:45:00 AM,0,0.2778,13.371
12/18/2025,8:00:00 AM,0,0.2787,13.368
12/18/2025,8:15:00 AM,0,0.2806,13.36
12/18/2025,8:30:00 AM,0,0.2798,13.36
12/18/2025,8:45:00 AM,0,0.278,13.359
12/18/2025,9:00:00 AM,0,0.2766,13.362
12/18/2025,9:15:00 AM,0,0.2751,13.366
12/18/2025,9:30:00 AM,0,0.2766,13.369
12/18/2025,9:45:00 AM,0,0.2784,13.374
12/18/2025,10:00:00 AM,0,0.2784,13.376
12/18/2025,10:15:00 AM,0,0.279,13.381
12/18/2025,10:30:00 AM,0,0.2784,13.386
12/18/2025,10:45:00 AM,0,0.2773,13.39
12/18/2025,11:00:00 AM,0,0.2741,13.396
12/18/2025,11:15:00 AM,0,0.276,13.401
12/18/2025,11:30:00 AM,0,0.2767,13.406
12/18/2025,11:45:00 AM,0,0.2765,13.417
12/18/2025,12:00:00 PM,0,0.2755,13.423
12/18/2025,12:15:00 PM,0,0.2763,13.43
12/18/2025,12:30:00 PM,0,0.2756,13.436
12/18/2025,12:45:00 PM,0,0.2741,13.442
12/18/2025,1:00:00 PM,0,0.2766,13.447
12/18/2025,1:15:00 PM,0,0.2765,13.454
12/18/2025,1:30:00 PM,0,0.2766,13.463
12/18/2025,1:45:00 PM,0,0.2743,13.467
12/18/2025,2:00:00 PM,0,0.2768,13.477
12/18/2025,2:15:00 PM,0,0.2746,13.482
12/18/2025,2:30:00 PM,0,0.2756,13.492
12/18/2025,2:45:00 PM,0,0.2764,13.5
12/18/2025,3:00:00 PM,0,0.2752,13.507
12/18/2025,3:15:00 PM,0,0.2744,13.517
12/18/2025,3:30:00 PM,0,0.2759,13.525
12/18/2025,3:45:00 PM,0,0.2751,13.532
12/18/2025,4:00:00 PM,0,0.2764,13.545
12/18/2025,4:15:00 PM,0,0.276,13.552
12/18/2025,4:30:00 PM,0,0.2756,13.559
12/18/2025,4:45:00 PM,0,0.2722,13.569
12/18/2025,5:00:00 PM,0,0.2728,13.58
12/18/2025,5:15:00 PM,0,0.273,13.587
12/18/2025,5:30:00 PM,0,0.2758,13.597
12/18/2025,5:45:00 PM,0,0.2758,13.607
12/18/2025,6:00:00 PM,0,0.2746,13.616
12/18/2025,6:15:00 PM,0,0.2738,13.628
12/18/2025,6:30:00 PM,0,0.2745,13.634
12/18/2025,6:45:00 PM,0,0.2749,13.646
12/18/2025,7:00:00 PM,0,0.2753,13.658
12/18/2025,7:15:00 PM,0,0.2752,13.667
12/18/2025,7:30:00 PM,0,0.2731,13.675
12/18/2025,7:45:00 PM,0,0.274,13.688
12/18/2025,8:00:00 PM,0,0.2752,13.697
12/18/2025,8:15:00 PM,0,0.275,13.704
12/18/2025,8:30:00 PM,0,0.2746,13.713
12/18/2025,8:45:00 PM,0,0.2749,13.721
12/18/2025,9:00:00 PM,0,0.2741,13.728
12/18/2025,9:15:00 PM,0,0.2753,13.734
12/18/2025,9:30:00 PM,0,0.2749,13.742
12/18/2025,9:45:00 PM,0,0.2745,13.746
12/18/2025,10:00:00 PM,0,0.2734,13.753
12/18/2025,10:15:00 PM,0,0.2734,13.756
12/18/2025,10:30:00 PM,0,0.2741,13.757
12/18/2025,10:45:00 PM,0,0.2735,13.757
12/18/2025,11:00:00 PM,0,0.2733,13.756
12/18/2025,11:15:00 PM,0,0.2741,13.75
12/18/2025,11:30:00 PM,0,0.2737,13.742
12/18/2025,11:45:00 PM,0,0.2741,13.733
12/19/2025,12:00:00 AM,0,0.2729,13.717
12/19/2025,12:15:00 AM,0,0.2739,13.697
12/19/2025,12:30:00 AM,0,0.2738,13.678
12/19/2025,12:45:00 AM,0,0.2731,13.655
12/19/2025,1:00:00 AM,0,0.2723,13.634
12/19/2025,1:15:00 AM,0,0.2724,13.616
12/19/2025,1:30:00 AM,0,0.2727,13.594
12/19/2025,1:45:00 AM,0,0.2728,13.578
12/19/2025,2:00:00 AM,0,0.2716,13.561
12/19/2025,2:15:00 AM,0,0.2726,13.545
12/19/2025,2:30:00 AM,0,0.2717,13.53
12/19/2025,2:45:00 AM,0,0.2734,13.511
12/19/2025,3:00:00 AM,0,0.2723,13.49
12/19/2025,3:15:00 AM,0,0.2711,13.473
12/19/2025,3:30:00 AM,0,0.2721,13.456
12/19/2025,3:45:00 AM,0,0.2727,13.442
12/19/2025,4:00:00 AM,0,0.2718,13.428
12/19/2025,4:15:00 AM,0,0.2733,13.411
12/19/2025,4:30:00 AM,0,0.2735,13.391
12/19/2025,4:45:00 AM,0,0.2726,13.374
12/19/2025,5:00:00 AM,0,0.2733,13.361
12/19/2025,5:15:00 AM,0,0.2734,13.348
12/19/2025,5:30:00 AM,0,0.2731,13.337
12/19/2025,5:45:00 AM,0,0.2733,13.322
12/19/2025,6:00:00 AM,0,0.2731,13.308
12/19/2025,6:15:00 AM,0,0.2744,13.295
12/19/2025,6:30:00 AM,0,0.2743,13.283
12/19/2025,6:45:00 AM,0,0.2741,13.272
12/19/2025,7:00:00 AM,0,0.274,13.258
12/19/2025,7:15:00 AM,0,0.2759,13.245
12/19/2025,7:30:00 AM,0,0.2758,13.233
12/19/2025,7:45:00 AM,0,0.2766,13.217
12/19/2025,8:00:00 AM,0,0.2757,13.201
12/19/2025,8:15:00 AM,0,0.2775,13.189
12/19/2025,8:30:00 AM,0,0.2771,13.183
12/19/2025,8:45:00 AM,0,0.2764,13.179
12/19/2025,9:00:00 AM,0,0.2757,13.182
12/19/2025,9:15:00 AM,0,0.2753,13.188
12/19/2025,9:30:00 AM,0,0.2747,13.196
12/19/2025,9:45:00 AM,0,0.2745,13.208
12/19/2025,10:00:00 AM,0,0.2748,13.213
12/19/2025,10:15:00 AM,0,0.2749,13.223
12/19/2025,10:30:00 AM,0,0.2755,13.229
12/19/2025,10:45:00 AM,0,0.2753,13.237
12/19/2025,11:00:00 AM,0,0.2756,13.244
12/19/2025,11:15:00 AM,0,0.275,13.255
12/19/2025,11:30:00 AM,0,0.2758,13.267
12/19/2025,11:45:00 AM,0,0.2765,13.276
12/19/2025,12:00:00 PM,0,0.2762,13.287
12/19/2025,12:15:00 PM,0,0.2757,13.296
12/19/2025,12:30:00 PM,0,0.2763,13.303
12/19/2025,12:45:00 PM,0,0.2754,13.312
12/19/2025,1:00:00 PM,0,0.2755,13.32
12/19/2025,1:15:00 PM,0,0.2754,13.328
12/19/2025,1:30:00 PM,0,0.2757,13.339
12/19/2025,1:45:00 PM,0,0.2755,13.345
12/19/2025,2:00:00 PM,0,0.2752,13.356
12/19/2025,2:15:00 PM,0,0.2747,13.364
12/19/2025,2:30:00 PM,0,0.2751,13.375
12/19/2025,2:45:00 PM,0,0.2753,13.384
12/19/2025,3:00:00 PM,0,0.2756,13.392
12/19/2025,3:15:00 PM,0,0.2754,13.404
12/19/2025,3:30:00 PM,0,0.2758,13.413
12/19/2025,3:45:00 PM,0,0.2745,13.423
12/19/2025,4:00:00 PM,0,0.2744,13.432
12/19/2025,4:15:00 PM,0,0.275,13.445
12/19/2025,4:30:00 PM,0,0.272,13.457
12/19/2025,4:45:00 PM,0,0.271,13.466
12/19/2025,5:00:00 PM,0,0.2725,13.478
12/19/2025,5:15:00 PM,0,0.2727,13.489
12/19/2025,5:30:00 PM,0,0.2747,13.497
12/19/2025,5:45:00 PM,0,0.274,13.51
12/19/2025,6:00:00 PM,0,0.2755,13.52
12/19/2025,6:15:00 PM,0,0.2746,13.531
12/19/2025,6:30:00 PM,0,0.2746,13.54
12/19/2025,6:45:00 PM,0,0.2743,13.551
12/19/2025,7:00:00 PM,0,0.2742,13.559
12/19/2025,7:15:00 PM,0,0.2746,13.569
12/19/2025,7:30:00 PM,0,0.2756,13.575
12/19/2025,7:45:00 PM,0,0.2738,13.581
12/19/2025,8:00:00 PM,0,0.2745,13.586
12/19/2025,8:15:00 PM,0,0.2739,13.591
12/19/2025,8:30:00 PM,0,0.2742,13.592
12/19/2025,8:45:00 PM,0,0.2741,13.591
12/19/2025,9:00:00 PM,0,0.2743,13.583
12/19/2025,9:15:00 PM,0,0.2739,13.574
12/19/2025,9:30:00 PM,0,0.2738,13.558
12/19/2025,9:45:00 PM,0,0.2738,13.546
12/19/2025,10:00:00 PM,0,0.2728,13.533
12/19/2025,10:15:00 PM,0,0.2735,13.517
12/19/2025,10:30:00 PM,0,0.2729,13.503
12/19/2025,10:45:00 PM,0,0.273,13.485
12/19/2025,11:00:00 PM,0,0.2736,13.47
12/19/2025,11:15:00 PM,0,0.2732,13.453
12/19/2025,11:30:00 PM,0,0.2734,13.438
12/19/2025,11:45:00 PM,0,0.2732,13.42
12/20/2025,12:00:00 AM,0,0.273,13.405
12/20/2025,12:15:00 AM,0,0.2723,13.388
12/20/2025,12:30:00 AM,0,0.2729,13.372
12/20/2025,12:45:00 AM,0,0.2724,13.357
12/20/2025,1:00:00 AM,0,0.2724,13.34
12/20/2025,1:15:00 AM,0,0.273,13.326
12/20/2025,1:30:00 AM,0,0.2728,13.309
12/20/2025,1:45:00 AM,0,0.2724,13.294
12/20/2025,2:00:00 AM,0,0.2718,13.276
12/20/2025,2:15:00 AM,0,0.2726,13.258
12/20/2025,2:30:00 AM,0,0.2719,13.242
12/20/2025,2:45:00 AM,0,0.272,13.226
12/20/2025,3:00:00 AM,0,0.2721,13.211
12/20/2025,3:15:00 AM,0,0.2721,13.194
12/20/2025,3:30:00 AM,0,0.2718,13.175
12/20/2025,3:45:00 AM,0,0.2722,13.158
12/20/2025,4:00:00 AM,0,0.2722,13.141
12/20/2025,4:15:00 AM,0,0.2719,13.126
12/20/2025,4:30:00 AM,0,0.272,13.11
12/20/2025,4:45:00 AM,0,0.2722,13.094
12/20/2025,5:00:00 AM,0,0.2723,13.078
12/20/2025,5:15:00 AM,0,0.2716,13.064
12/20/2025,5:30:00 AM,0,0.2718,13.05
12/20/2025,5:45:00 AM,0,0.2715,13.032
12/20/2025,6:00:00 AM,0,0.2722,13.015
12/20/2025,6:15:00 AM,0,0.2713,12.994
12/20/2025,6:30:00 AM,0,0.2719,12.976
12/20/2025,6:45:00 AM,0,0.2718,12.959
12/20/2025,7:00:00 AM,0,0.2713,12.943
12/20/2025,7:15:00 AM,0,0.2719,12.926
12/20/2025,7:30:00 AM,0,0.2723,12.907
12/20/2025,7:45:00 AM,0,0.2723,12.891
12/20/2025,8:00:00 AM,0,0.2727,12.876
12/20/2025,8:15:00 AM,0,0.2736,12.867
12/20/2025,8:30:00 AM,0,0.2737,12.86
12/20/2025,8:45:00 AM,0,0.2721,12.857
12/20/2025,9:00:00 AM,0,0.2731,12.856
12/20/2025,9:15:00 AM,0,0.2738,12.857
12/20/2025,9:30:00 AM,0,0.2723,12.859
12/20/2025,9:45:00 AM,0,0.2725,12.862
12/20/2025,10:00:00 AM,0,0.2723,12.866
12/20/2025,10:15:00 AM,0,0.2722,12.869
12/20/2025,10:30:00 AM,0,0.2718,12.875
12/20/2025,10:45:00 AM,0,0.2721,12.878
12/20/2025,11:00:00 AM,0,0.2727,12.887
12/20/2025,11:15:00 AM,0,0.2726,12.894
12/20/2025,11:30:00 AM,0,0.2721,12.904
12/20/2025,11:45:00 AM,0,0.2719,12.912
12/20/2025,12:00:00 PM,0,0.2725,12.917
12/20/2025,12:15:00 PM,0,0.272,12.921
12/20/2025,12:30:00 PM,0,0.2724,12.929
12/20/2025,12:45:00 PM,0,0.2722,12.935
12/20/2025,1:00:00 PM,0,0.273,12.942
12/20/2025,1:15:00 PM,0,0.2731,12.95
12/20/2025,1:30:00 PM,0,0.2739,12.957
12/20/2025,1:45:00 PM,0,0.2726,12.963
12/20/2025,2:00:00 PM,0,0.2737,12.974
12/20/2025,2:15:00 PM,0,0.2733,12.982
12/20/2025,2:30:00 PM,0,0.2731,12.991
12/20/2025,2:45:00 PM,0,0.2734,13.001
12/20/2025,3:00:00 PM,0,0.2733,13.009
12/20/2025,3:15:00 PM,0,0.2732,13.02
12/20/2025,3:30:00 PM,0,0.2727,13.031
12/20/2025,3:45:00 PM,0,0.2733,13.041
12/20/2025,4:00:00 PM,0,0.2727,13.049
12/20/2025,4:15:00 PM,0,0.273,13.064
12/20/2025,4:30:00 PM,0,0.2725,13.076
12/20/2025,4:45:00 PM,0,0.2727,13.086
12/20/2025,5:00:00 PM,0,0.2721,13.098
12/20/2025,5:15:00 PM,0,0.2719,13.107
12/20/2025,5:30:00 PM,0,0.2727,13.119
12/20/2025,5:45:00 PM,0,0.2723,13.13
12/20/2025,6:00:00 PM,0,0.2727,13.143
12/20/2025,6:15:00 PM,0,0.2727,13.155
12/20/2025,6:30:00 PM,0,0.2726,13.164
12/20/2025,6:45:00 PM,0,0.2726,13.174
12/20/2025,7:00:00 PM,0,0.2731,13.186
12/20/2025,7:15:00 PM,0,0.2728,13.197
12/20/2025,7:30:00 PM,0,0.2733,13.207
12/20/2025,7:45:00 PM,0,0.2731,13.217
12/20/2025,8:00:00 PM,0,0.273,13.225
12/20/2025,8:15:00 PM,0,0.2735,13.23
12/20/2025,8:30:00 PM,0,0.2732,13.234
12/20/2025,8:45:00 PM,0,0.2732,13.235
12/20/2025,9:00:00 PM,0,0.2733,13.233
12/20/2025,9:15:00 PM,0,0.2732,13.23
12/20/2025,9:30:00 PM,0,0.2732,13.224
12/20/2025,9:45:00 PM,0,0.2727,13.215
12/20/2025,10:00:00 PM,0,0.2731,13.207
12/20/2025,10:15:00 PM,0,0.2727,13.195
12/20/2025,10:30:00 PM,0,0.2728,13.183
12/20/2025,10:45:00 PM,0,0.273,13.174
12/20/2025,11:00:00 PM,0,0.2731,13.163
12/20/2025,11:15:00 PM,0,0.2726,13.153
12/20/2025,11:30:00 PM,0,0.2729,13.145
12/20/2025,11:45:00 PM,0,0.273,13.136
12/21/2025,12:00:00 AM,0,0.2724,13.129
12/21/2025,12:15:00 AM,0,0.273,13.12
12/21/2025,12:30:00 AM,0,0.2728,13.114
12/21/2025,12:45:00 AM,0,0.2723,13.11
12/21/2025,1:00:00 AM,0,0.2729,13.107
12/21/2025,1:15:00 AM,0,0.2726,13.098
12/21/2025,1:30:00 AM,0,0.2728,13.091
12/21/2025,1:45:00 AM,0,0.2732,13.082
12/21/2025,2:00:00 AM,0,0.2728,13.075
12/21/2025,2:15:00 AM,0,0.2732,13.07
12/21/2025,2:30:00 AM,0,0.2733,13.065
12/21/2025,2:45:00 AM,0,0.2735,13.062
12/21/2025,3:00:00 AM,0,0.2734,13.061
12/21/2025,3:15:00 AM,0,0.2744,13.063
12/21/2025,3:30:00 AM,0,0.2741,13.062
12/21/2025,3:45:00 AM,0,0.2741,13.06
12/21/2025,4:00:00 AM,0,0.2739,13.063
12/21/2025,4:15:00 AM,0,0.2745,13.067
12/21/2025,4:30:00 AM,0,0.2748,13.068
12/21/2025,4:45:00 AM,0,0.2754,13.072
12/21/2025,5:00:00 AM,0,0.2754,13.075
12/21/2025,5:15:00 AM,0,0.2753,13.078
12/21/2025,5:30:00 AM,0,0.2753,13.082
12/21/2025,5:45:00 AM,0,0.2755,13.086
12/21/2025,6:00:00 AM,0,0.2756,13.091
12/21/2025,6:15:00 AM,0,0.2755,13.095
12/21/2025,6:30:00 AM,0,0.2753,13.099
12/21/2025,6:45:00 AM,0,0.2757,13.101
12/21/2025,7:00:00 AM,0,0.2752,13.107
12/21/2025,7:15:00 AM,0,0.2753,13.109
12/21/2025,7:30:00 AM,0,0.2757,13.11
12/21/2025,7:45:00 AM,0,0.2757,13.113
12/21/2025,8:00:00 AM,0,0.2756,13.117
12/21/2025,8:15:00 AM,0,0.2755,13.121
12/21/2025,8:30:00 AM,0,0.2756,13.123
12/21/2025,8:45:00 AM,0,0.2756,13.124
12/21/2025,9:00:00 AM,0,0.2761,13.128
12/21/2025,9:15:00 AM,0,0.276,13.133
12/21/2025,9:30:00 AM,0,0.2763,13.135
12/21/2025,9:45:00 AM,0,0.2756,13.142
12/21/2025,10:00:00 AM,0,0.2763,13.149
12/21/2025,10:15:00 AM,0,0.2757,13.156
12/21/2025,10:30:00 AM,0,0.2761,13.163
12/21/2025,10:45:00 AM,0,0.276,13.169
12/21/2025,11:00:00 AM,0,0.2762,13.176
12/21/2025,11:15:00 AM,0,0.276,13.183
12/21/2025,11:30:00 AM,0,0.2765,13.191
12/21/2025,11:45:00 AM,0,0.2767,13.2
12/21/2025,12:00:00 PM,0,0.2763,13.208
12/21/2025,12:15:00 PM,0,0.2769,13.216
12/21/2025,12:30:00 PM,0,0.2771,13.226
12/21/2025,12:45:00 PM,0,0.2764,13.236
12/21/2025,1:00:00 PM,0,0.2775,13.247
12/21/2025,1:15:00 PM,0,0.2771,13.255
12/21/2025,1:30:00 PM,0,0.2764,13.266
12/21/2025,1:45:00 PM,0,0.277,13.276
12/21/2025,2:00:00 PM,0,0.2765,13.289
12/21/2025,2:15:00 PM,0,0.2763,13.299
12/21/2025,2:30:00 PM,0,0.2765,13.31
12/21/2025,2:45:00 PM,0,0.2758,13.322
12/21/2025,3:00:00 PM,0,0.2762,13.33
12/21/2025,3:15:00 PM,0,0.2757,13.343
12/21/2025,3:30:00 PM,0,0.2764,13.354
12/21/2025,3:45:00 PM,0,0.2761,13.364
12/21/2025,4:00:00 PM,0,0.2751,13.375
12/21/2025,4:15:00 PM,0,0.2762,13.386
12/21/2025,4:30:00 PM,0,0.275,13.396
12/21/2025,4:45:00 PM,0,0.2747,13.407
12/21/2025,5:00:00 PM,0,0.2755,13.418
12/21/2025,5:15:00 PM,0,0.2751,13.428
12/21/2025,5:30:00 PM,0,0.2754,13.44
12/21/2025,5:45:00 PM,0,0.2751,13.453
12/21/2025,6:00:00 PM,0,0.275,13.461
12/21/2025,6:15:00 PM,0,0.2744,13.472
12/21/2025,6:30:00 PM,0,0.2752,13.485
12/21/2025,6:45:00 PM,0,0.2752,13.495
12/21/2025,7:00:00 PM,0,0.2752,13.502
12/21/2025,7:15:00 PM,0,0.2746,13.514
12/21/2025,7:30:00 PM,0,0.2755,13.522
12/21/2025,7:45:00 PM,0,0.2753,13.529
12/21/2025,8:00:00 PM,0,0.2751,13.537
12/21/2025,8:15:00 PM,0,0.2755,13.545
12/21/2025,8:30:00 PM,0,0.2748,13.555
12/21/2025,8:45:00 PM,0,0.2746,13.561
12/21/2025,9:00:00 PM,0,0.275,13.568
12/21/2025,9:15:00 PM,0,0.275,13.577
12/21/2025,9:30:00 PM,0,0.2752,13.585
12/21/2025,9:45:00 PM,0,0.2744,13.592
12/21/2025,10:00:00 PM,0,0.2748,13.598
12/21/2025,10:15:00 PM,0,0.2751,13.605
12/21/2025,10:30:00 PM,0,0.2748,13.609
12/21/2025,10:45:00 PM,0,0.275,13.617
12/21/2025,11:00:00 PM,0,0.2748,13.621
12/21/2025,11:15:00 PM,0,0.2752,13.626
12/21/2025,11:30:00 PM,0,0.2751,13.632
12/21/2025,11:45:00 PM,0,0.2746,13.639
12/22/2025,12:00:00 AM,0,0.2745,13.645
12/22/2025,12:15:00 AM,0,0.2747,13.65
12/22/2025,12:30:00 AM,0,0.2753,13.659
12/22/2025,12:45:00 AM,0,0.2749,13.666
12/22/2025,1:00:00 AM,0,0.275,13.675
12/22/2025,1:15:00 AM,0,0.2746,13.681
12/22/2025,1:30:00 AM,0,0.2749,13.688
12/22/2025,1:45:00 AM,0,0.2749,13.692
12/22/2025,2:00:00 AM,0,0.2747,13.701
12/22/2025,2:15:00 AM,0,0.2746,13.708
12/22/2025,2:30:00 AM,0,0.2751,13.712
12/22/2025,2:45:00 AM,0,0.2752,13.72
12/22/2025,3:00:00 AM,0,0.2752,13.726
12/22/2025,3:15:00 AM,0,0.2754,13.733
12/22/2025,3:30:00 AM,0,0.2753,13.74
12/22/2025,3:45:00 AM,0,0.2751,13.745
12/22/2025,4:00:00 AM,0,0.2747,13.753
12/22/2025,4:15:00 AM,0,0.2756,13.763
12/22/2025,4:30:00 AM,0,0.2751,13.77
12/22/2025,4:45:00 AM,0,0.275,13.778
12/22/2025,5:00:00 AM,0,0.2758,13.785
12/22/2025,5:15:00 AM,0,0.2754,13.793
12/22/2025,5:30:00 AM,0,0.2756,13.797
12/22/2025,5:45:00 AM,0,0.2759,13.801
12/22/2025,6:00:00 AM,0,0.2755,13.804
12/22/2025,6:15:00 AM,0,0.2753,13.808
12/22/2025,6:30:00 AM,0,0.2749,13.809
12/22/2025,6:45:00 AM,0,0.2751,13.814
12/22/2025,7:00:00 AM,0,0.2749,13.817
12/22/2025,7:15:00 AM,0,0.2749,13.821
12/22/2025,7:30:00 AM,0,0.2741,13.826
12/22/2025,7:45:00 AM,0,0.2741,13.83
12/22/2025,8:00:00 AM,0,0.2745,13.834
12/22/2025,8:15:00 AM,0,0.2741,13.838
12/22/2025,8:30:00 AM,0,0.274,13.84
12/22/2025,8:45:00 AM,0,0.2746,13.843
12/22/2025,9:00:00 AM,0,0.2745,13.846
12/22/2025,9:15:00 AM,0,0.2747,13.848
12/22/2025,9:30:00 AM,0,0.2749,13.849
12/22/2025,9:45:00 AM,0,0.2745,13.854
12/22/2025,10:00:00 AM,0,0.2751,13.855
12/22/2025,10:15:00 AM,0,0.2756,13.857
12/22/2025,10:30:00 AM,0,0.2753,13.858
12/22/2025,10:45:00 AM,0,0.2747,13.862
12/22/2025,11:00:00 AM,0,0.2753,13.865
12/22/2025,11:15:00 AM,0,0.2749,13.867
12/22/2025,11:30:00 AM,0,0.2742,13.873
12/22/2025,11:45:00 AM,0,0.2742,13.878
12/22/2025,12:00:00 PM,0,0.2732,13.884
12/22/2025,12:15:00 PM,0,0.274,13.893
12/22/2025,12:30:00 PM,0,0.2731,13.9
12/22/2025,12:45:00 PM,0,0.2739,13.908
12/22/2025,1:00:00 PM,0,0.2748,13.91
12/22/2025,1:15:00 PM,0,0.2738,13.92
12/22/2025,1:30:00 PM,0,0.2734,13.926
12/22/2025,1:45:00 PM,0,0.2702,13.931
12/22/2025,2:00:00 PM,0,0.2722,13.937
12/22/2025,2:15:00 PM,0,0.2739,13.945
12/22/2025,2:30:00 PM,0,0.274,13.951
12/22/2025,2:45:00 PM,0,0.2744,13.961
12/22/2025,3:00:00 PM,0,0.2741,13.967
12/22/2025,3:15:00 PM,0,0.2741,13.977
12/22/2025,3:30:00 PM,0,0.274,13.987
12/22/2025,3:45:00 PM,0,0.274,13.994
12/22/2025,4:00:00 PM,0,0.2738,14.002
12/22/2025,4:15:00 PM,0,0.2742,14.013
12/22/2025,4:30:00 PM,0,0.2736,14.018
12/22/2025,4:45:00 PM,0,0.2739,14.028
12/22/2025,5:00:00 PM,0,0.2729,14.036
12/22/2025,5:15:00 PM,0,0.2734,14.044
12/22/2025,5:30:00 PM,0,0.2738,14.054
12/22/2025,5:45:00 PM,0,0.2739,14.059
12/22/2025,6:00:00 PM,0,0.2737,14.069
12/22/2025,6:15:00 PM,0,0.2744,14.079
12/22/2025,6:30:00 PM,0,0.2734,14.088
12/22/2025,6:45:00 PM,0,0.2759,14.097
12/22/2025,7:00:00 PM,0,0.2731,14.105
12/22/2025,7:15:00 PM,0,0.2742,14.112
12/22/2025,7:30:00 PM,0,0.2735,14.121
12/22/2025,7:45:00 PM,0,0.2741,14.126
12/22/2025,8:00:00 PM,0,0.2745,14.133
12/22/2025,8:15:00 PM,0,0.2754,14.138
12/22/2025,8:30:00 PM,0,0.2751,14.142
12/22/2025,8:45:00 PM,0,0.2739,14.146
12/22/2025,9:00:00 PM,0,0.2743,14.149
12/22/2025,9:15:00 PM,0,0.2743,14.151
12/22/2025,9:30:00 PM,0,0.2734,14.151
12/22/2025,9:45:00 PM,0,0.2736,14.151
12/22/2025,10:00:00 PM,0,0.274,14.149
12/22/2025,10:15:00 PM,0,0.2742,14.147
12/22/2025,10:30:00 PM,0,0.2743,14.143
12/22/2025,10:45:00 PM,0,0.2747,14.14
12/22/2025,11:00:00 PM,0,0.2734,14.137
12/22/2025,11:15:00 PM,0,0.2744,14.131
12/22/2025,11:30:00 PM,0,0.273,14.127
12/22/2025,11:45:00 PM,0,0.276,14.122
12/23/2025,12:00:00 AM,0,0.2741,14.117
12/23/2025,12:15:00 AM,0,0.2742,14.112
12/23/2025,12:30:00 AM,0,0.2737,14.108
12/23/2025,12:45:00 AM,0,0.2733,14.105
12/23/2025,1:00:00 AM,0,0.2742,14.101
12/23/2025,1:15:00 AM,0,0.2734,14.097
12/23/2025,1:30:00 AM,0,0.2721,14.093
12/23/2025,1:45:00 AM,0,0.2748,14.091
12/23/2025,2:00:00 AM,0,0.2728,14.09
12/23/2025,2:15:00 AM,0,0.2726,14.085
12/23/2025,2:30:00 AM,0,0.2732,14.083
12/23/2025,2:45:00 AM,0,0.2745,14.083
12/23/2025,3:00:00 AM,0,0.2729,14.079
12/23/2025,3:15:00 AM,0,0.2731,14.077
12/23/2025,3:30:00 AM,0,0.2733,14.077
12/23/2025,3:45:00 AM,0,0.2735,14.075
12/23/2025,4:00:00 AM,0,0.2737,14.074
12/23/2025,4:15:00 AM,0,0.2741,14.072
12/23/2025,4:30:00 AM,0,0.2735,14.073
12/23/2025,4:45:00 AM,0,0.2719,14.072
12/23/2025,5:00:00 AM,0,0.2745,14.072
12/23/2025,5:15:00 AM,0,0.274,14.071
12/23/2025,5:30:00 AM,0,0.2726,14.071
12/23/2025,5:45:00 AM,0,0.2723,14.071
12/23/2025,6:00:00 AM,0,0.272,14.071
12/23/2025,6:15:00 AM,0,0.2733,14.074
12/23/2025,6:30:00 AM,0,0.273,14.073
12/23/2025,6:45:00 AM,0,0.2733,14.075
12/23/2025,7:00:00 AM,0,0.2732,14.075
12/23/2025,7:15:00 AM,0,0.2731,14.079
12/23/2025,7:30:00 AM,0,0.2731,14.079
12/23/2025,7:45:00 AM,0,0.2735,14.081
12/23/2025,8:00:00 AM,0,0.2737,14.081
12/23/2025,8:15:00 AM,0,0.2735,14.083
12/23/2025,8:30:00 AM,0,0.2729,14.087
12/23/2025,8:45:00 AM,0,0.2736,14.086
12/23/2025,9:00:00 AM,0,0.2741,14.089
12/23/2025,9:15:00 AM,0,0.2737,14.089
12/23/2025,9:30:00 AM,0,0.2739,14.092
12/23/2025,9:45:00 AM,0,0.2742,14.094
12/23/2025,10:00:00 AM,0,0.2822,14.542
12/23/2025,10:15:00 AM,0,0.2813,14.289
12/23/2025,10:30:00 AM,0,0.2811,14.226
12/23/2025,10:45:00 AM,0,0.2804,14.195
12/23/2025,11:00:00 AM,0,0.2804,14.176
12/23/2025,11:15:00 AM,0,0.2794,14.165
12/23/2025,11:30:00 AM,0,0.2803,14.157
12/23/2025,11:45:00 AM,0,0.2796,14.153
12/23/2025,12:00:00 PM,0,0.279,14.15
12/23/2025,12:15:00 PM,0,0.2791,14.151
12/23/2025,12:30:00 PM,0,0.2797,14.152
12/23/2025,12:45:00 PM,0,0.2784,14.153
12/23/2025,1:00:00 PM,0,0.2785,14.154
12/23/2025,1:15:00 PM,0,0.2778,14.16
12/23/2025,1:30:00 PM,0,0.2783,14.163
12/23/2025,1:45:00 PM,0,0.2789,14.168
12/23/2025,2:00:00 PM,0,0.2779,14.171
12/23/2025,2:15:00 PM,0,0.2783,14.177
12/23/2025,2:30:00 PM,0,0.2781,14.183
12/23/2025,2:45:00 PM,0,0.2769,14.191
12/23/2025,3:00:00 PM,0,0.2765,14.198
12/23/2025,3:15:00 PM,0,0.2775,14.206
12/23/2025,3:30:00 PM,0,0.2779,14.213
12/23/2025,3:45:00 PM,0,0.2766,14.22
12/23/2025,4:00:00 PM,0,0.2765,14.229
12/23/2025,4:15:00 PM,0,0.2765,14.236
12/23/2025,4:30:00 PM,0,0.2775,14.241
12/23/2025,4:45:00 PM,0,0.2766,14.246
12/23/2025,5:00:00 PM,0,0.3177,14.255
12/23/2025,5:15:00 PM,0,0.3494,14.265
12/23/2025,5:30:00 PM,0,0.3668,14.268
12/23/2025,5:45:00 PM,0,0.4007,14.279
12/23/2025,6:00:00 PM,0,0.3926,14.282
12/23/2025,6:15:00 PM,0,0.3785,14.29
12/23/2025,6:30:00 PM,0,0.3719,14.306
12/23/2025,6:45:00 PM,0,0.364,14.329
12/23/2025,7:00:00 PM,0,0.355,14.348
12/23/2025,7:15:00 PM,0,0.3476,14.372
12/23/2025,7:30:00 PM,0,0.3403,14.394
12/23/2025,7:45:00 PM,0,0.3346,14.413
12/23/2025,8:00:00 PM,0,0.3292,14.431
12/23/2025,8:15:00 PM,0,0.3261,14.447
12/23/2025,8:30:00 PM,0,0.3242,14.461
12/23/2025,8:45:00 PM,0,0.3255,14.472
12/23/2025,9:00:00 PM,0,0.3274,14.482
12/23/2025,9:15:00 PM,0,0.3339,14.491
12/23/2025,9:30:00 PM,0,0.3367,14.498
12/23/2025,9:45:00 PM,0,0.3377,14.505
12/23/2025,10:00:00 PM,0,0.3375,14.512
12/23/2025,10:15:00 PM,0,0.3468,14.512
12/23/2025,10:30:00 PM,0,0.3573,14.515
12/23/2025,10:45:00 PM,0,0.3745,14.519
12/23/2025,11:00:00 PM,0,0.4225,14.517
12/23/2025,11:15:00 PM,0,0.4268,14.519
12/23/2025,11:30:00 PM,0,0.4297,14.52
12/23/2025,11:45:00 PM,0,0.7053,14.523
12/24/2025,12:00:00 AM,0,0.9757,14.548
12/24/2025,12:15:00 AM,0,0.9137,14.563
12/24/2025,12:30:00 AM,0,1.1954,14.577
12/24/2025,12:45:00 AM,0,1.1485,14.596
12/24/2025,1:00:00 AM,0,1.1624,14.602
12/24/2025,1:15:00 AM,0,1.1464,14.601
12/24/2025,1:30:00 AM,0,1.1256,14.6
12/24/2025,1:45:00 AM,0,1.2182,14.603
12/24/2025,2:00:00 AM,0,1.2297,14.608
12/24/2025,2:15:00 AM,0,1.2857,14.62
12/24/2025,2:30:00 AM,0,1.4247,14.632
12/24/2025,2:45:00 AM,0,1.3261,14.649
12/24/2025,3:00:00 AM,0,1.1979,14.658
12/24/2025,3:15:00 AM,0,1.0843,14.666
12/24/2025,3:30:00 AM,0,0.9947,14.67
12/24/2025,3:45:00 AM,0,1.036,14.677
12/24/2025,4:00:00 AM,0,1.1717,14.688
12/24/2025,4:15:00 AM,0,1.2799,14.706
12/24/2025,4:30:00 AM,0,1.3153,14.73
12/24/2025,4:45:00 AM,0,1.2542,14.755
12/24/2025,5:00:00 AM,0,1.1682,14.778
12/24/2025,5:15:00 AM,0,1.1389,14.801
12/24/2025,5:30:00 AM,0,1.1628,14.826
12/24/2025,5:45:00 AM,0,1.3709,14.853
12/24/2025,6:00:00 AM,0,1.6047,14.918
12/24/2025,6:15:00 AM,0,1.434,14.975
12/24/2025,6:30:00 AM,0,1.2474,14.998
12/24/2025,6:45:00 AM,0,1.1059,15.013
12/24/2025,7:00:00 AM,0,1.0136,15.028
12/24/2025,7:15:00 AM,0,0.9463,15.043
12/24/2025,7:30:00 AM,0,0.897,15.053
12/24/2025,7:45:00 AM,0,0.8553,15.065
12/24/2025,8:00:00 AM,0,0.8192,15.073
12/24/2025,8:15:00 AM,0,0.8481,15.08
12/24/2025,8:30:00 AM,0,0.9244,15.088
12/24/2025,8:45:00 AM,0,0.9652,15.091
12/24/2025,9:00:00 AM,0,0.9984,15.097
12/24/2025,9:15:00 AM,0,1.0077,15.1
12/24/2025,9:30:00 AM,0,1.0223,15.104
12/24/2025,9:45:00 AM,0,1.0469,15.105
12/24/2025,10:00:00 AM,0,1.0544,15.11
12/24/2025,10:15:00 AM,0,1.0592,15.111
12/24/2025,10:30:00 AM,0,1.0387,15.112
12/24/2025,10:45:00 AM,0,1.0154,15.111
12/24/2025,11:00:00 AM,0,0.9888,15.114
12/24/2025,11:15:00 AM,0,0.9717,15.115
12/24/2025,11:30:00 AM,0,0.9493,15.116
12/24/2025,11:45:00 AM,0,0.909,15.119
12/24/2025,12:00:00 PM,0,0.8719,15.119
12/24/2025,12:15:00 PM,0,0.8387,15.122
12/24/2025,12:30:00 PM,0,0.8085,15.122
12/24/2025,12:45:00 PM,0,0.7802,15.124
12/24/2025,1:00:00 PM,0,0.7564,15.126
12/24/2025,1:15:00 PM,0,0.7282,15.127
12/24/2025,1:30:00 PM,0,0.703,15.13
12/24/2025,1:45:00 PM,0,0.682,15.135
12/24/2025,2:00:00 PM,0,0.6599,15.142
12/24/2025,2:15:00 PM,0,0.6408,15.148
12/24/2025,2:30:00 PM,0,0.6236,15.156
12/24/2025,2:45:00 PM,0,0.6065,15.164
12/24/2025,3:00:00 PM,0,0.5907,15.171
12/24/2025,3:15:00 PM,0,0.577,15.178
12/24/2025,3:30:00 PM,0,0.564,15.181
12/24/2025,3:45:00 PM,0,0.5526,15.188
12/24/2025,4:00:00 PM,0,0.5434,15.193
12/24/2025,4:15:00 PM,0,0.5413,15.198
12/24/2025,4:30:00 PM,0,0.5456,15.202
12/24/2025,4:45:00 PM,0,0.5389,15.204
12/24/2025,5:00:00 PM,0,0.5272,15.207
12/24/2025,5:15:00 PM,0,0.5158,15.21
12/24/2025,5:30:00 PM,0,0.5068,15.212
12/24/2025,5:45:00 PM,0,0.5025,15.214
12/24/2025,6:00:00 PM,0,0.4964,15.215
12/24/2025,6:15:00 PM,0,0.5126,15.218
12/24/2025,6:30:00 PM,0,0.5372,15.218
12/24/2025,6:45:00 PM,0,0.5954,15.218
12/24/2025,7:00:00 PM,0,0.6712,15.218
12/24/2025,7:15:00 PM,0,0.8175,15.216
12/24/2025,7:30:00 PM,0,1.0048,15.216
12/24/2025,7:45:00 PM,0,1.4876,15.217
12/24/2025,8:00:00 PM,0,1.3187,15.209
12/24/2025,8:15:00 PM,0,1.2309,15.184
12/24/2025,8:30:00 PM,0,1.1175,15.164
12/24/2025,8:45:00 PM,0,0.9889,15.144
12/24/2025,9:00:00 PM,0,1.0978,15.13
12/24/2025,9:15:00 PM,0,1.1598,15.122
12/24/2025,9:30:00 PM,0,1.1846,15.115
12/24/2025,9:45:00 PM,0,1.0946,15.105
12/24/2025,10:00:00 PM,0,1.0093,15.099
12/24/2025,10:15:00 PM,0,0.9594,15.089
12/24/2025,10:30:00 PM,0,0.92,15.083
12/24/2025,10:45:00 PM,0,0.8789,15.074
12/24/2025,11:00:00 PM,0,0.8326,15.073
12/24/2025,11:15:00 PM,0,0.7964,15.069
12/24/2025,11:30:00 PM,0,0.7674,15.07
12/24/2025,11:45:00 PM,0,0.7384,15.07
12/25/2025,12:00:00 AM,0,0.8383,15.069
12/25/2025,12:15:00 AM,0,1.0184,15.067
12/25/2025,12:30:00 AM,0,0.9732,15.066
12/25/2025,12:45:00 AM,0,0.9735,15.059
12/25/2025,1:00:00 AM,0,0.9059,15.047
12/25/2025,1:15:00 AM,0,0.8648,15.039
12/25/2025,1:30:00 AM,0,0.8386,15.029
12/25/2025,1:45:00 AM,0,0.805,15.02
12/25/2025,2:00:00 AM,0,0.7752,15.012
12/25/2025,2:15:00 AM,0,0.7467,15.007
12/25/2025,2:30:00 AM,0,0.7195,15.002
12/25/2025,2:45:00 AM,0,0.6939,14.999
12/25/2025,3:00:00 AM,0,0.6733,14.996
12/25/2025,3:15:00 AM,0,0.6519,14.993
12/25/2025,3:30:00 AM,0,0.633,14.991
12/25/2025,3:45:00 AM,0,0.6163,14.99
12/25/2025,4:00:00 AM,0,0.6011,14.988
12/25/2025,4:15:00 AM,0,0.5882,14.988
12/25/2025,4:30:00 AM,0,0.5759,14.987
12/25/2025,4:45:00 AM,0,0.565,14.987
12/25/2025,5:00:00 AM,0,0.5555,14.986
12/25/2025,5:15:00 AM,0,0.5464,14.984
12/25/2025,5:30:00 AM,0,0.5369,14.985
12/25/2025,5:45:00 AM,0,0.5289,14.985
12/25/2025,6:00:00 AM,0,0.5213,14.984
12/25/2025,6:15:00 AM,0,0.514,14.985
12/25/2025,6:30:00 AM,0,0.5061,14.987
12/25/2025,6:45:00 AM,0,0.5016,14.987
12/25/2025,7:00:00 AM,0,0.4937,14.987
12/25/2025,7:15:00 AM,0,0.4913,14.99
12/25/2025,7:30:00 AM,0,0.4845,14.991
12/25/2025,7:45:00 AM,0,0.4803,14.991
12/25/2025,8:00:00 AM,0,0.475,14.993
12/25/2025,8:15:00 AM,0,0.4703,14.995
12/25/2025,8:30:00 AM,0,0.4636,14.995
12/25/2025,8:45:00 AM,0,0.4606,14.998
12/25/2025,9:00:00 AM,0,0.4571,15
12/25/2025,9:15:00 AM,0,0.4543,15
12/25/2025,9:30:00 AM,0,0.452,15.003
12/25/2025,9:45:00 AM,0,0.4508,15.007
12/25/2025,10:00:00 AM,0,0.4917,15.014
12/25/2025,10:15:00 AM,0,0.5816,15.018
12/25/2025,10:30:00 AM,0,0.6117,15.022
12/25/2025,10:45:00 AM,0,0.761,15.03
12/25/2025,11:00:00 AM,0,0.9131,15.042
12/25/2025,11:15:00 AM,0,1.0418,15.055
12/25/2025,11:30:00 AM,0,0.9969,15.071
12/25/2025,11:45:00 AM,0,0.948,15.083
12/25/2025,12:00:00 PM,0,0.8735,15.099
12/25/2025,12:15:00 PM,0,1.0086,15.111
12/25/2025,12:30:00 PM,0,1.1753,15.128
12/25/2025,12:45:00 PM,0,1.0905,15.141
12/25/2025,1:00:00 PM,0,0.999,15.156
12/25/2025,1:15:00 PM,0,0.9256,15.169
12/25/2025,1:30:00 PM,0,0.9216,15.18
12/25/2025,1:45:00 PM,0,0.9719,15.194
12/25/2025,2:00:00 PM,0,0.9603,15.205
12/25/2025,2:15:00 PM,0,0.9258,15.219
12/25/2025,2:30:00 PM,0,0.8906,15.233
12/25/2025,2:45:00 PM,0,0.9108,15.249
12/25/2025,3:00:00 PM,0,0.8714,15.263
12/25/2025,3:15:00 PM,0,0.839,15.276
12/25/2025,3:30:00 PM,0,0.829,15.29
12/25/2025,3:45:00 PM,0,0.8501,15.302
12/25/2025,4:00:00 PM,0,0.809,15.312
12/25/2025,4:15:00 PM,0,0.9071,15.322
12/25/2025,4:30:00 PM,0,1.0927,15.329
12/25/2025,4:45:00 PM,0,1.037,15.335
12/25/2025,5:00:00 PM,0,0.9744,15.339
12/25/2025,5:15:00 PM,0,0.9455,15.341
12/25/2025,5:30:00 PM,0,0.9215,15.339
12/25/2025,5:45:00 PM,0,0.869,15.341
12/25/2025,6:00:00 PM,0,0.8412,15.339
12/25/2025,6:15:00 PM,0,0.8061,15.335
12/25/2025,6:30:00 PM,0,0.7812,15.331
12/25/2025,6:45:00 PM,0,0.7987,15.328
12/25/2025,7:00:00 PM,0,0.7845,15.324
12/25/2025,7:15:00 PM,0,0.7678,15.321
12/25/2025,7:30:00 PM,0,0.7427,15.32
12/25/2025,7:45:00 PM,0,0.7161,15.317
12/25/2025,8:00:00 PM,0,0.6975,15.314
12/25/2025,8:15:00 PM,0,0.6972,15.31
12/25/2025,8:30:00 PM,0,0.8953,15.308
12/25/2025,8:45:00 PM,0,0.9413,15.304
12/25/2025,9:00:00 PM,0,0.9438,15.298
12/25/2025,9:15:00 PM,0,0.944,15.289
12/25/2025,9:30:00 PM,0,1.0688,15.28
12/25/2025,9:45:00 PM,0,1.2071,15.271
12/25/2025,10:00:00 PM,0,1.1626,15.264
12/25/2025,10:15:00 PM,0,1.1653,15.255
12/25/2025,10:30:00 PM,0,1.2667,15.249
12/25/2025,10:45:00 PM,0,1.2367,15.241
12/25/2025,11:00:00 PM,0,1.1602,15.237
12/25/2025,11:15:00 PM,0,1.0946,15.231
12/25/2025,11:30:00 PM,0,1.0304,15.227
12/25/2025,11:45:00 PM,0,0.9799,15.223
12/26/2025,12:00:00 AM,0,0.9297,15.219
12/26/2025,12:15:00 AM,0,0.877,15.218
12/26/2025,12:30:00 AM,0,0.8309,15.22
12/26/2025,12:45:00 AM,0,0.7944,15.219
12/26/2025,1:00:00 AM,0,0.7635,15.222
12/26/2025,1:15:00 AM,0,0.7393,15.224
12/26/2025,1:30:00 AM,0,0.7169,15.225
12/26/2025,1:45:00 AM,0,0.6941,15.225
12/26/2025,2:00:00 AM,0,0.6771,15.229
12/26/2025,2:15:00 AM,0,0.6606,15.229
12/26/2025,2:30:00 AM,0,0.6456,15.232
12/26/2025,2:45:00 AM,0,0.6323,15.237
12/26/2025,3:00:00 AM,0,0.6192,15.238
12/26/2025,3:15:00 AM,0,0.6058,15.239
12/26/2025,3:30:00 AM,0,0.5931,15.241
12/26/2025,3:45:00 AM,0,0.5835,15.243
12/26/2025,4:00:00 AM,0,0.5743,15.242
12/26/2025,4:15:00 AM,0,0.5652,15.246
12/26/2025,4:30:00 AM,0,0.5571,15.245
12/26/2025,4:45:00 AM,0,0.5498,15.243
12/26/2025,5:00:00 AM,0,0.543,15.245
12/26/2025,5:15:00 AM,0,0.5357,15.245
12/26/2025,5:30:00 AM,0,0.5315,15.245
12/26/2025,5:45:00 AM,0,0.5291,15.246
12/26/2025,6:00:00 AM,0,0.5329,15.246
12/26/2025,6:15:00 AM,0,0.5875,15.246
12/26/2025,6:30:00 AM,0,0.5787,15.246
12/26/2025,6:45:00 AM,0,0.5559,15.245
12/26/2025,7:00:00 AM,0,0.5383,15.244
12/26/2025,7:15:00 AM,0,0.5263,15.242
12/26/2025,7:30:00 AM,0,0.5188,15.238
12/26/2025,7:45:00 AM,0,0.5142,15.235
12/26/2025,8:00:00 AM,0,0.5097,15.236
12/26/2025,8:15:00 AM,0,0.5035,15.231
12/26/2025,8:30:00 AM,0,0.4973,15.232
12/26/2025,8:45:00 AM,0,0.4923,15.233
12/26/2025,9:00:00 AM,0,0.4878,15.232
12/26/2025,9:15:00 AM,0,0.4824,15.234
12/26/2025,9:30:00 AM,0,0.479,15.237
12/26/2025,9:45:00 AM,0,0.4743,15.24
12/26/2025,10:00:00 AM,0,0.4704,15.244
12/26/2025,10:15:00 AM,0,0.4662,15.254
12/26/2025,10:30:00 AM,0,0.4631,15.259
12/26/2025,10:45:00 AM,0,0.4606,15.268
12/26/2025,11:00:00 AM,0,0.4572,15.279
12/26/2025,11:15:00 AM,0,0.4544,15.287
12/26/2025,11:30:00 AM,0,0.4524,15.294
12/26/2025,11:45:00 AM,0,0.4534,15.302
12/26/2025,12:00:00 PM,0,0.4557,15.31
12/26/2025,12:15:00 PM,0,0.4507,15.319
12/26/2025,12:30:00 PM,0,0.4504,15.326
12/26/2025,12:45:00 PM,0,0.4474,15.333
12/26/2025,1:00:00 PM,0,0.4457,15.338
12/26/2025,1:15:00 PM,0,0.4458,15.347
12/26/2025,1:30:00 PM,0,0.4497,15.355
12/26/2025,1:45:00 PM,0,0.4487,15.364
12/26/2025,2:00:00 PM,0,0.4451,15.373
12/26/2025,2:15:00 PM,0,0.4422,15.383
12/26/2025,2:30:00 PM,0,0.4401,15.392
12/26/2025,2:45:00 PM,0,0.4356,15.402
12/26/2025,3:00:00 PM,0,0.4344,15.411
12/26/2025,3:15:00 PM,0,0.4317,15.422
12/26/2025,3:30:00 PM,0,0.4284,15.429
12/26/2025,3:45:00 PM,0,0.4252,15.437
12/26/2025,4:00:00 PM,0,0.4238,15.447
12/26/2025,4:15:00 PM,0,0.4221,15.456
12/26/2025,4:30:00 PM,0,0.4194,15.464
12/26/2025,4:45:00 PM,0,0.4166,15.474
12/26/2025,5:00:00 PM,0,0.4154,15.481
12/26/2025,5:15:00 PM,0,0.4138,15.481
12/26/2025,5:30:00 PM,0,0.4124,15.483
12/26/2025,5:45:00 PM,0,0.4107,15.482
12/26/2025,6:00:00 PM,0,0.4089,15.475
12/26/2025,6:15:00 PM,0,0.4072,15.467
12/26/2025,6:30:00 PM,0,0.4051,15.459
12/26/2025,6:45:00 PM,0,0.4035,15.449
12/26/2025,7:00:00 PM,0,0.4032,15.439
12/26/2025,7:15:00 PM,0,0.4009,15.427
12/26/2025,7:30:00 PM,0,0.3991,15.415
12/26/2025,7:45:00 PM,0,0.398,15.404
12/26/2025,8:00:00 PM,0,0.397,15.393
12/26/2025,8:15:00 PM,0,0.3955,15.377
12/26/2025,8:30:00 PM,0,0.3945,15.365
12/26/2025,8:45:00 PM,0,0.3926,15.35
12/26/2025,9:00:00 PM,0,0.392,15.334
12/26/2025,9:15:00 PM,0,0.391,15.316
12/26/2025,9:30:00 PM,0,0.39,15.298
12/26/2025,9:45:00 PM,0,0.3889,15.281
12/26/2025,10:00:00 PM,0,0.3877,15.261
12/26/2025,10:15:00 PM,0,0.3864,15.242
12/26/2025,10:30:00 PM,0,0.3851,15.222
12/26/2025,10:45:00 PM,0,0.3841,15.199
12/26/2025,11:00:00 PM,0,0.3828,15.176
12/26/2025,11:15:00 PM,0,0.3824,15.155
12/26/2025,11:30:00 PM,0,0.381,15.132
12/26/2025,11:45:00 PM,0,0.382,15.107
12/27/2025,12:00:00 AM,0,0.3798,15.083
12/27/2025,12:15:00 AM,0,0.379,15.056
12/27/2025,12:30:00 AM,0,0.378,15.032
12/27/2025,12:45:00 AM,0,0.3771,15.006
12/27/2025,1:00:00 AM,0,0.3759,14.981
12/27/2025,1:15:00 AM,0,0.3763,14.952
12/27/2025,1:30:00 AM,0,0.3753,14.924
12/27/2025,1:45:00 AM,0,0.3749,14.895
12/27/2025,2:00:00 AM,0,0.3736,14.868
12/27/2025,2:15:00 AM,0,0.3723,14.84
12/27/2025,2:30:00 AM,0,0.3718,14.81
12/27/2025,2:45:00 AM,0,0.3707,14.78
12/27/2025,3:00:00 AM,0,0.37,14.749
12/27/2025,3:15:00 AM,0,0.3705,14.716
12/27/2025,3:30:00 AM,0,0.3698,14.687
12/27/2025,3:45:00 AM,0,0.368,14.657
12/27/2025,4:00:00 AM,0,0.3682,14.627
12/27/2025,4:15:00 AM,0,0.3669,14.597
12/27/2025,4:30:00 AM,0,0.367,14.567
12/27/2025,4:45:00 AM,0,0.3658,14.539
12/27/2025,5:00:00 AM,0,0.3659,14.512
12/27/2025,5:15:00 AM,0,0.3651,14.481
12/27/2025,5:30:00 AM,0,0.3648,14.454
12/27/2025,5:45:00 AM,0,0.3638,14.424
12/27/2025,6:00:00 AM,0,0.3639,14.393
12/27/2025,6:15:00 AM,0,0.3636,14.362
12/27/2025,6:30:00 AM,0,0.3627,14.331
12/27/2025,6:45:00 AM,0,0.362,14.3
12/27/2025,7:00:00 AM,0,0.3621,14.269
12/27/2025,7:15:00 AM,0,0.3615,14.238
12/27/2025,7:30:00 AM,0,0.3625,14.208
12/27/2025,7:45:00 AM,0,0.3633,14.178
12/27/2025,8:00:00 AM,0,0.3617,14.145
12/27/2025,8:15:00 AM,0,0.3647,14.11
12/27/2025,8:30:00 AM,0,0.3616,14.077
12/27/2025,8:45:00 AM,0,0.3584,14.048
12/27/2025,9:00:00 AM,0,0.3578,14.016
12/27/2025,9:15:00 AM,0,0.3566,13.984
12/27/2025,9:30:00 AM,0,0.357,13.955
12/27/2025,9:45:00 AM,0,0.3583,13.932
12/27/2025,10:00:00 AM,0,0.3557,13.908
12/27/2025,10:15:00 AM,0,0.3547,13.886
12/27/2025,10:30:00 AM,0,0.3552,13.869
12/27/2025,10:45:00 AM,0,0.3547,13.86
12/27/2025,11:00:00 AM,0,0.3551,13.853
12/27/2025,11:15:00 AM,0,0.3545,13.855
12/27/2025,11:30:00 AM,0,0.3545,13.856
12/27/2025,11:45:00 AM,0,0.3541,13.864
12/27/2025,12:00:00 PM,0,0.3545,13.875
12/27/2025,12:15:00 PM,0,0.3538,13.89
12/27/2025,12:30:00 PM,0,0.3527,13.91
12/27/2025,12:45:00 PM,0,0.3518,13.932
12/27/2025,1:00:00 PM,0,0.352,13.959
12/27/2025,1:15:00 PM,0,0.3525,13.99
12/27/2025,1:30:00 PM,0,0.3519,14.026
12/27/2025,1:45:00 PM,0,0.3524,14.059
12/27/2025,2:00:00 PM,0,0.3516,14.098
12/27/2025,2:15:00 PM,0,0.3509,14.138
12/27/2025,2:30:00 PM,0,0.3494,14.179
12/27/2025,2:45:00 PM,0,0.3478,14.224
12/27/2025,3:00:00 PM,0,0.3481,14.267
12/27/2025,3:15:00 PM,0,0.3486,14.301
12/27/2025,3:30:00 PM,0,0.3478,14.341
12/27/2025,3:45:00 PM,0,0.3475,14.379
12/27/2025,4:00:00 PM,0,0.348,14.417
12/27/2025,4:15:00 PM,0,0.3478,14.447
12/27/2025,4:30:00 PM,0,0.3475,14.473
12/27/2025,4:45:00 PM,0,0.3447,14.495
12/27/2025,5:00:00 PM,0,0.3443,14.512
12/27/2025,5:15:00 PM,0,0.3458,14.523
12/27/2025,5:30:00 PM,0,0.3468,14.529
12/27/2025,5:45:00 PM,0,0.346,14.527
12/27/2025,6:00:00 PM,0,0.346,14.52
12/27/2025,6:15:00 PM,0,0.344,14.505
12/27/2025,6:30:00 PM,0,0.3436,14.486
12/27/2025,6:45:00 PM,0,0.343,14.456
12/27/2025,7:00:00 PM,0,0.3426,14.429
12/27/2025,7:15:00 PM,0,0.3436,14.396
12/27/2025,7:30:00 PM,0,0.3422,14.36
12/27/2025,7:45:00 PM,0,0.3418,14.323
12/27/2025,8:00:00 PM,0,0.3407,14.283
12/27/2025,8:15:00 PM,0,0.3413,14.235
12/27/2025,8:30:00 PM,0,0.3402,14.194
12/27/2025,8:45:00 PM,0,0.34,14.152
12/27/2025,9:00:00 PM,0,0.34,14.112
12/27/2025,9:15:00 PM,0,0.3398,14.074
12/27/2025,9:30:00 PM,0,0.3386,14.036
12/27/2025,9:45:00 PM,0,0.3395,13.998
12/27/2025,10:00:00 PM,0,0.339,13.963
12/27/2025,10:15:00 PM,0,0.3382,13.927
12/27/2025,10:30:00 PM,0,0.3379,13.875
12/27/2025,10:45:00 PM,0,0.3382,13.842
12/27/2025,11:00:00 PM,0,0.3375,13.808
12/27/2025,11:15:00 PM,0,0.3373,13.777
12/27/2025,11:30:00 PM,0,0.3365,13.746
12/27/2025,11:45:00 PM,0,0.3368,13.714
12/28/2025,12:00:00 AM,0,0.3358,13.681
12/28/2025,12:15:00 AM,0,0.3351,13.648
12/28/2025,12:30:00 AM,0,0.3349,13.614
12/28/2025,12:45:00 AM,0,0.3354,13.575
12/28/2025,1:00:00 AM,0,0.3348,13.543
12/28/2025,1:15:00 AM,0,0.3345,13.509
12/28/2025,1:30:00 AM,0,0.3341,13.472
12/28/2025,1:45:00 AM,0,0.3343,13.441
12/28/2025,2:00:00 AM,0,0.3342,13.411
12/28/2025,2:15:00 AM,0,0.3338,13.378
12/28/2025,2:30:00 AM,0,0.3333,13.348
12/28/2025,2:45:00 AM,0,0.333,13.319
12/28/2025,3:00:00 AM,0,0.3329,13.288
12/28/2025,3:15:00 AM,0,0.333,13.26
12/28/2025,3:30:00 AM,0,0.3329,13.233
12/28/2025,3:45:00 AM,0,0.3333,13.203
12/28/2025,4:00:00 AM,0,0.3327,13.17
12/28/2025,4:15:00 AM,0,0.3322,13.141
12/28/2025,4:30:00 AM,0,0.3318,13.111
12/28/2025,4:45:00 AM,0,0.3328,13.078
12/28/2025,5:00:00 AM,0,0.3316,13.045
12/28/2025,5:15:00 AM,0,0.3317,13.012
12/28/2025,5:30:00 AM,0,0.3318,12.984
12/28/2025,5:45:00 AM,0,0.3313,12.953
12/28/2025,6:00:00 AM,0,0.3304,12.918
12/28/2025,6:15:00 AM,0,0.3311,12.886
12/28/2025,6:30:00 AM,0,0.3303,12.851
12/28/2025,6:45:00 AM,0,0.3302,12.817
12/28/2025,7:00:00 AM,0,0.3296,12.778
12/28/2025,7:15:00 AM,0,0.3298,12.744
12/28/2025,7:30:00 AM,0,0.3317,12.711
12/28/2025,7:45:00 AM,0,0.3321,12.676
12/28/2025,8:00:00 AM,0,0.3308,12.651
12/28/2025,8:15:00 AM,0,0.3332,12.621
12/28/2025,8:30:00 AM,0,0.3343,12.593
12/28/2025,8:45:00 AM,0,0.3319,12.563
12/28/2025,9:00:00 AM,0,0.3303,12.541
12/28/2025,9:15:00 AM,0,0.328,12.517
12/28/2025,9:30:00 AM,0,0.3268,12.496
12/28/2025,9:45:00 AM,0,0.3287,12.481
12/28/2025,10:00:00 AM,0,0.329,12.462
12/28/2025,10:15:00 AM,0,0.3288,12.452
12/28/2025,10:30:00 AM,0,0.3284,12.437
12/28/2025,10:45:00 AM,0,0.329,12.429
12/28/2025,11:00:00 AM,0,0.328,12.421
12/28/2025,11:15:00 AM,0,0.3286,12.419
12/28/2025,11:30:00 AM,0,0.3277,12.43
12/28/2025,11:45:00 AM,0,0.3278,12.444
12/28/2025,12:00:00 PM,0,0.3273,12.461
12/28/2025,12:15:00 PM,0,0.3274,12.477
12/28/2025,12:30:00 PM,0,0.3271,12.493
12/28/2025,12:45:00 PM,0,0.3276,12.514
12/28/2025,1:00:00 PM,0,0.3276,12.546
12/28/2025,1:15:00 PM,0,0.3278,12.587
12/28/2025,1:30:00 PM,0,0.3269,12.633
12/28/2025,1:45:00 PM,0,0.3265,12.689
12/28/2025,2:00:00 PM,0,0.3276,12.748
12/28/2025,2:15:00 PM,0,0.3276,12.808
12/28/2025,2:30:00 PM,0,0.3273,12.873
12/28/2025,2:45:00 PM,0,0.3265,12.939
12/28/2025,3:00:00 PM,0,0.3275,13.01
12/28/2025,3:15:00 PM,0,0.3274,13.083
12/28/2025,3:30:00 PM,0,0.3278,13.157
12/28/2025,3:45:00 PM,0,0.3277,13.227
12/28/2025,4:00:00 PM,0,0.3272,13.293
12/28/2025,4:15:00 PM,0,0.3259,13.355
12/28/2025,4:30:00 PM,0,0.3246,13.413
12/28/2025,4:45:00 PM,0,0.3233,13.47
12/28/2025,5:00:00 PM,0,0.3241,13.516
12/28/2025,5:15:00 PM,0,0.3241,13.56
12/28/2025,5:30:00 PM,0,0.3247,13.597
12/28/2025,5:45:00 PM,0,0.3241,13.629
12/28/2025,6:00:00 PM,0,0.3248,13.656
12/28/2025,6:15:00 PM,0,0.3251,13.68
12/28/2025,6:30:00 PM,0,0.325,13.694
12/28/2025,6:45:00 PM,0,0.3248,13.706
12/28/2025,7:00:00 PM,0,0.3246,13.71
12/28/2025,7:15:00 PM,0,0.3247,13.708
12/28/2025,7:30:00 PM,0,0.3248,13.704
12/28/2025,7:45:00 PM,0,0.3236,13.69
12/28/2025,8:00:00 PM,0,0.3243,13.663
12/28/2025,8:15:00 PM,0,0.3235,13.626
12/28/2025,8:30:00 PM,0,0.323,13.587
12/28/2025,8:45:00 PM,0,0.3232,13.543
12/28/2025,9:00:00 PM,0,0.3227,13.502
12/28/2025,9:15:00 PM,0,0.3224,13.451
12/28/2025,9:30:00 PM,0,0.3223,13.402
12/28/2025,9:45:00 PM,0,0.3221,13.353
12/28/2025,10:00:00 PM,0,0.3221,13.308
12/28/2025,10:15:00 PM,0,0.3218,13.257
12/28/2025,10:30:00 PM,0,0.3224,13.204
12/28/2025,10:45:00 PM,0,0.3217,13.153
12/28/2025,11:00:00 PM,0,0.322,13.107
12/28/2025,11:15:00 PM,0,0.3208,13.063
12/28/2025,11:30:00 PM,0,0.3212,13.021
12/28/2025,11:45:00 PM,0,0.3206,12.981
12/29/2025,12:00:00 AM,0,0.3216,12.944
12/29/2025,12:15:00 AM,0,0.3213,12.911
12/29/2025,12:30:00 AM,0,0.3202,12.886
12/29/2025,12:45:00 AM,0,0.3209,12.856
12/29/2025,1:00:00 AM,0,0.32,12.83
12/29/2025,1:15:00 AM,0,0.3206,12.804
12/29/2025,1:30:00 AM,0,0.3199,12.774
12/29/2025,1:45:00 AM,0,0.3202,12.742
12/29/2025,2:00:00 AM,0,0.3202,12.71
12/29/2025,2:15:00 AM,0,0.3195,12.673
12/29/2025,2:30:00 AM,0,0.3199,12.637
12/29/2025,2:45:00 AM,0,0.3193,12.612
12/29/2025,3:00:00 AM,0,0.3199,12.585
12/29/2025,3:15:00 AM,0,0.3195,12.562
12/29/2025,3:30:00 AM,0,0.3191,12.55
12/29/2025,3:45:00 AM,0,0.3195,12.54
12/29/2025,4:00:00 AM,0,0.3196,12.527
12/29/2025,4:15:00 AM,0,0.3189,12.485
12/29/2025,4:30:00 AM,0,0.3191,12.445
12/29/2025,4:45:00 AM,0,0.3189,12.435
12/29/2025,5:00:00 AM,0,0.319,12.429
12/29/2025,5:15:00 AM,0,0.3186,12.424
12/29/2025,5:30:00 AM,0,0.3194,12.405
12/29/2025,5:45:00 AM,0,0.3186,12.386
12/29/2025,6:00:00 AM,0,0.3185,12.364
12/29/2025,6:15:00 AM,0,0.3187,12.339
12/29/2025,6:30:00 AM,0,0.3184,12.312
12/29/2025,6:45:00 AM,0,0.3181,12.275
12/29/2025,7:00:00 AM,0,0.3181,12.238
12/29/2025,7:15:00 AM,0,0.3183,12.203
12/29/2025,7:30:00 AM,0,0.3191,12.166
12/29/2025,7:45:00 AM,0,0.3212,12.134
12/29/2025,8:00:00 AM,0,0.3194,12.103
12/29/2025,8:15:00 AM,0,0.3234,12.065
12/29/2025,8:30:00 AM,0,0.3219,12.031
12/29/2025,8:45:00 AM,0,0.3199,11.997
12/29/2025,9:00:00 AM,0,0.3196,11.974
12/29/2025,9:15:00 AM,0,0.319,11.961
12/29/2025,9:30:00 AM,0,0.3208,11.941
12/29/2025,9:45:00 AM,0,0.3245,11.92
12/29/2025,10:00:00 AM,0,0.3262,11.898
12/29/2025,10:15:00 AM,0,0.3259,11.882
12/29/2025,10:30:00 AM,0,0.3266,11.86
12/29/2025,10:45:00 AM,0,0.327,11.858
12/29/2025,11:00:00 AM,0,0.3274,11.852
12/29/2025,11:15:00 AM,0,0.3276,11.856
12/29/2025,11:30:00 AM,0,0.3278,11.864
12/29/2025,11:45:00 AM,0,0.328,11.88
12/29/2025,12:00:00 PM,0,0.3259,11.901
12/29/2025,12:15:00 PM,0,0.3244,11.926
12/29/2025,12:30:00 PM,0,0.323,11.961
12/29/2025,12:45:00 PM,0,0.3236,12.002
12/29/2025,1:00:00 PM,0,0.3229,12.046
12/29/2025,1:15:00 PM,0,0.3235,12.092
12/29/2025,1:30:00 PM,0,0.3233,12.142
12/29/2025,1:45:00 PM,0,0.3226,12.195
12/29/2025,2:00:00 PM,0,0.3233,12.251
12/29/2025,2:15:00 PM,0,0.3231,12.31
12/29/2025,2:30:00 PM,0,0.3217,12.37
12/29/2025,2:45:00 PM,0,0.3215,12.43
12/29/2025,3:00:00 PM,0,0.3206,12.492
12/29/2025,3:15:00 PM,0,0.32,12.556
12/29/2025,3:30:00 PM,0,0.3196,12.622
12/29/2025,3:45:00 PM,0,0.3204,12.69
12/29/2025,4:00:00 PM,0,0.3245,12.759
12/29/2025,4:15:00 PM,0,0.3309,12.827
12/29/2025,4:30:00 PM,0,0.3336,12.896
12/29/2025,4:45:00 PM,0,0.3318,12.962
12/29/2025,5:00:00 PM,0,0.3283,13.026
12/29/2025,5:15:00 PM,0,0.3256,13.08
12/29/2025,5:30:00 PM,0,0.3242,13.129
12/29/2025,5:45:00 PM,0,0.3222,13.172
12/29/2025,6:00:00 PM,0,0.3212,13.209
12/29/2025,6:15:00 PM,0,0.3204,13.242
12/29/2025,6:30:00 PM,0,0.3191,13.264
12/29/2025,6:45:00 PM,0,0.3184,13.286
12/29/2025,7:00:00 PM,0,0.318,13.297
12/29/2025,7:15:00 PM,0,0.3171,13.307
12/29/2025,7:30:00 PM,0,0.3168,13.312
12/29/2025,7:45:00 PM,0,0.3167,13.312
12/29/2025,8:00:00 PM,0,0.3166,13.308
12/29/2025,8:15:00 PM,0,0.3154,13.3
12/29/2025,8:30:00 PM,0,0.3153,13.274
12/29/2025,8:45:00 PM,0,0.315,13.245
12/29/2025,9:00:00 PM,0,0.3149,13.217
12/29/2025,9:15:00 PM,0,0.3144,13.191
12/29/2025,9:30:00 PM,0,0.3139,13.16
12/29/2025,9:45:00 PM,0,0.3143,13.133
12/29/2025,10:00:00 PM,0,0.314,13.101
12/29/2025,10:15:00 PM,0,0.3144,13.076
12/29/2025,10:30:00 PM,0,0.314,13.052
12/29/2025,10:45:00 PM,0,0.3137,13.019
12/29/2025,11:00:00 PM,0,0.3135,12.983
12/29/2025,11:15:00 PM,0,0.3134,12.942
12/29/2025,11:30:00 PM,0,0.3136,12.907
12/29/2025,11:45:00 PM,0,0.3133,12.868
12/30/2025,12:00:00 AM,0,0.3116,12.814
12/30/2025,12:15:00 AM,0,0.3134,12.776
12/30/2025,12:30:00 AM,0,0.3131,12.756
12/30/2025,12:45:00 AM,0,0.3126,12.715
12/30/2025,1:00:00 AM,0,0.3129,12.667
12/30/2025,1:15:00 AM,0,0.312,12.626
12/30/2025,1:30:00 AM,0,0.3122,12.584
12/30/2025,1:45:00 AM,0,0.312,12.547
12/30/2025,2:00:00 AM,0,0.3125,12.515
12/30/2025,2:15:00 AM,0,0.3123,12.486
12/30/2025,2:30:00 AM,0,0.3128,12.45
12/30/2025,2:45:00 AM,0,0.3124,12.416
12/30/2025,3:00:00 AM,0,0.3117,12.384
12/30/2025,3:15:00 AM,0,0.3133,12.353
12/30/2025,3:30:00 AM,0,0.3119,12.332
12/30/2025,3:45:00 AM,0,0.313,12.3
12/30/2025,4:00:00 AM,0,0.3135,12.282
12/30/2025,4:15:00 AM,0,0.3131,12.273
12/30/2025,4:30:00 AM,0,0.3117,12.253
12/30/2025,4:45:00 AM,0,0.3121,12.233
12/30/2025,5:00:00 AM,0,0.3128,12.213
12/30/2025,5:15:00 AM,0,0.3126,12.195
12/30/2025,5:30:00 AM,0,0.3117,12.173
12/30/2025,5:45:00 AM,0,0.3109,12.159
12/30/2025,6:00:00 AM,0,0.3128,12.144
12/30/2025,6:15:00 AM,0,0.3117,12.127
12/30/2025,6:30:00 AM,0,0.3113,12.1
12/30/2025,6:45:00 AM,0,0.3117,12.083
12/30/2025,7:00:00 AM,0,0.3123,12.067
12/30/2025,7:15:00 AM,0,0.3122,12.056
12/30/2025,7:30:00 AM,0,0.3121,12.05
12/30/2025,7:45:00 AM,0,0.3109,12.04
12/30/2025,8:00:00 AM,0,0.3128,12.031
12/30/2025,8:15:00 AM,0,0.3116,12.022
12/30/2025,8:30:00 AM,0,0.3126,12.015
12/30/2025,8:45:00 AM,0,0.3121,12.012
12/30/2025,9:00:00 AM,0,0.3124,12.01
12/30/2025,9:15:00 AM,0,0.3126,12.012
12/30/2025,9:30:00 AM,0,0.3145,12.014
12/30/2025,9:45:00 AM,0,0.3138,12.017
12/30/2025,10:00:00 AM,0,0.3116,12.026
12/30/2025,10:15:00 AM,0,0.3122,12.038
12/30/2025,10:30:00 AM,0,0.313,12.053
12/30/2025,10:45:00 AM,0,0.3126,12.069
12/30/2025,11:00:00 AM,0,0.3136,12.087
12/30/2025,11:15:00 AM,0,0.3119,12.103
12/30/2025,11:30:00 AM,0,0.3121,12.125
12/30/2025,11:45:00 AM,0,0.3122,12.145
12/30/2025,12:00:00 PM,0,0.3114,12.167
12/30/2025,12:15:00 PM,0,0.3122,12.192
12/30/2025,12:30:00 PM,0,0.3136,12.219
12/30/2025,12:45:00 PM,0,0.3117,12.247
12/30/2025,1:00:00 PM,0,0.3143,12.273
12/30/2025,1:15:00 PM,0,0.3133,12.302
12/30/2025,1:30:00 PM,0,0.3128,12.332
12/30/2025,1:45:00 PM,0,0.3118,12.364
12/30/2025,2:00:00 PM,0,0.3122,12.396
12/30/2025,2:15:00 PM,0,0.3123,12.431
12/30/2025,2:30:00 PM,0,0.3103,12.464
12/30/2025,2:45:00 PM,0,0.3115,12.503
12/30/2025,3:00:00 PM,0,0.312,12.542
12/30/2025,3:15:00 PM,0,0.3125,12.581
12/30/2025,3:30:00 PM,0,0.3131,12.623
12/30/2025,3:45:00 PM,0,0.3132,12.665
12/30/2025,4:00:00 PM,0,0.3133,12.708
12/30/2025,4:15:00 PM,0,0.3133,12.753
12/30/2025,4:30:00 PM,0,0.313,12.796
12/30/2025,4:45:00 PM,0,0.313,12.84
12/30/2025,5:00:00 PM,0,0.3127,12.888
12/30/2025,5:15:00 PM,0,0.313,12.933
12/30/2025,5:30:00 PM,0,0.3131,12.98
12/30/2025,5:45:00 PM,0,0.3127,13.027
12/30/2025,6:00:00 PM,0,0.3134,13.071
12/30/2025,6:15:00 PM,0,0.3118,13.118
12/30/2025,6:30:00 PM,0,0.3119,13.162
12/30/2025,6:45:00 PM,0,0.3119,13.202
12/30/2025,7:00:00 PM,0,0.3116,13.239
12/30/2025,7:15:00 PM,0,0.3115,13.275
12/30/2025,7:30:00 PM,0,0.3113,13.305
12/30/2025,7:45:00 PM,0,0.3109,13.334
12/30/2025,8:00:00 PM,0,0.3109,13.358
12/30/2025,8:15:00 PM,0,0.3119,13.383
12/30/2025,8:30:00 PM,0,0.3106,13.404
12/30/2025,8:45:00 PM,0,0.3104,13.421
12/30/2025,9:00:00 PM,0,0.3115,13.433
12/30/2025,9:15:00 PM,0,0.3112,13.445
12/30/2025,9:30:00 PM,0,0.3111,13.454
12/30/2025,9:45:00 PM,0,0.3109,13.462
12/30/2025,10:00:00 PM,0,0.3104,13.467
12/30/2025,10:15:00 PM,0,0.3093,13.471
12/30/2025,10:30:00 PM,0,0.3103,13.473
12/30/2025,10:45:00 PM,0,0.3107,13.478
12/30/2025,11:00:00 PM,0,0.3109,13.479
12/30/2025,11:15:00 PM,0,0.3102,13.478
12/30/2025,11:30:00 PM,0,0.3108,13.479
12/30/2025,11:45:00 PM,0,0.3106,13.481
12/31/2025,12:00:00 AM,0,0.3103,13.482
12/31/2025,12:15:00 AM,0,0.3096,13.479
12/31/2025,12:30:00 AM,0,0.31,13.478
12/31/2025,12:45:00 AM,0,0.3099,13.478
12/31/2025,1:00:00 AM,0,0.3105,13.478
12/31/2025,1:15:00 AM,0,0.3096,13.479
12/31/2025,1:30:00 AM,0,0.3097,13.479
12/31/2025,1:45:00 AM,0,0.3096,13.479
12/31/2025,2:00:00 AM,0,0.3109,13.476
12/31/2025,2:15:00 AM,0,0.3095,13.476
12/31/2025,2:30:00 AM,0,0.3092,13.475
12/31/2025,2:45:00 AM,0,0.3103,13.475
12/31/2025,3:00:00 AM,0,0.3099,13.475
12/31/2025,3:15:00 AM,0,0.3096,13.475
12/31/2025,3:30:00 AM,0,0.3096,13.475
12/31/2025,3:45:00 AM,0,0.3099,13.475
12/31/2025,4:00:00 AM,0,0.3094,13.477
12/31/2025,4:15:00 AM,0,0.3101,13.477
12/31/2025,4:30:00 AM,0,0.3087,13.478
12/31/2025,4:45:00 AM,0,0.3094,13.479
12/31/2025,5:00:00 AM,0,0.3094,13.479
12/31/2025,5:15:00 AM,0,0.3097,13.483
12/31/2025,5:30:00 AM,0,0.3099,13.483
12/31/2025,5:45:00 AM,0,0.31,13.486
12/31/2025,6:00:00 AM,0,0.3098,13.487
12/31/2025,6:15:00 AM,0,0.3103,13.489
12/31/2025,6:30:00 AM,0,0.3106,13.493
12/31/2025,6:45:00 AM,0,0.3097,13.492
12/31/2025,7:00:00 AM,0,0.3105,13.496
12/31/2025,7:15:00 AM,0,0.3104,13.498
12/31/2025,7:30:00 AM,0,0.3109,13.5
12/31/2025,7:45:00 AM,0,0.3107,13.503
12/31/2025,8:00:00 AM,0,0.3117,13.504
12/31/2025,8:15:00 AM,0,0.3137,13.505
12/31/2025,8:30:00 AM,0,0.3158,13.508
12/31/2025,8:45:00 AM,0,0.3167,13.514
12/31/2025,9:00:00 AM,0,0.3173,13.518
12/31/2025,9:15:00 AM,0,0.3179,13.522
12/31/2025,9:30:00 AM,0,0.3199,13.527
12/31/2025,9:45:00 AM,0,0.3232,13.532
12/31/2025,10:00:00 AM,0,0.3338,13.534
12/31/2025,10:15:00 AM,0,0.3468,13.538
12/31/2025,10:30:00 AM,0,0.3561,13.542
12/31/2025,10:45:00 AM,0,0.3681,13.548
12/31/2025,11:00:00 AM,0,0.3755,13.556
12/31/2025,11:15:00 AM,0,0.382,13.567
12/31/2025,11:30:00 AM,0,0.3865,13.59
12/31/2025,11:45:00 AM,0,0.3836,13.616
12/31/2025,12:00:00 PM,0,0.3777,13.655
12/31/2025,12:15:00 PM,0,0.3758,13.699
12/31/2025,12:30:00 PM,0,0.3777,13.746
12/31/2025,12:45:00 PM,0,0.3824,13.796
12/31/2025,1:00:00 PM,0,0.3848,13.843
12/31/2025,1:15:00 PM,0,0.3866,13.889
12/31/2025,1:30:00 PM,0,0.3973,13.933
12/31/2025,1:45:00 PM,0,0.4138,13.977
12/31/2025,2:00:00 PM,0,0.4252,14.018
12/31/2025,2:15:00 PM,0,0.4516,14.061
12/31/2025,2:30:00 PM,0,0.5152,14.099
12/31/2025,2:45:00 PM,0,0.5248,14.142
12/31/2025,3:00:00 PM,0,0.5348,14.185
12/31/2025,3:15:00 PM,0,0.5143,14.227
12/31/2025,3:30:00 PM,0,0.5124,14.267
12/31/2025,3:45:00 PM,0,0.5174,14.303
12/31/2025,4:00:00 PM,0,0.5108,14.338
12/31/2025,4:15:00 PM,0,0.4852,14.363
12/31/2025,4:30:00 PM,0,0.4662,14.388
12/31/2025,4:45:00 PM,0,0.4565,14.407
12/31/2025,5:00:00 PM,0,0.4437,14.424
12/31/2025,5:15:00 PM,0,0.4282,14.441
12/31/2025,5:30:00 PM,0,0.4158,14.453
12/31/2025,5:45:00 PM,0,0.406,14.464
12/31/2025,6:00:00 PM,0,0.3962,14.471
12/31/2025,6:15:00 PM,0,0.3874,14.479
12/31/2025,6:30:00 PM,0,0.381,14.482
12/31/2025,6:45:00 PM,0,0.3746,14.485
12/31/2025,7:00:00 PM,0,0.3691,14.487
12/31/2025,7:15:00 PM,0,0.365,14.489
12/31/2025,7:30:00 PM,0,0.3615,14.49
12/31/2025,7:45:00 PM,0,0.3575,14.492
12/31/2025,8:00:00 PM,0,0.3546,14.492
12/31/2025,8:15:00 PM,0,0.3523,14.491
12/31/2025,8:30:00 PM,0,0.3496,14.493
12/31/2025,8:45:00 PM,0,0.347,14.491
12/31/2025,9:00:00 PM,0,0.3458,14.491
12/31/2025,9:15:00 PM,0,0.3593,14.49
12/31/2025,9:30:00 PM,0,0.3921,14.49
12/31/2025,9:45:00 PM,0,0.3896,14.491
12/31/2025,10:00:00 PM,0,0.3886,14.49
12/31/2025,10:15:00 PM,0,0.3841,14.491
12/31/2025,10:30:00 PM,0,0.3749,14.491
12/31/2025,10:45:00 PM,0,0.3672,14.493
12/31/2025,11:00:00 PM,0,0.3598,14.494
12/31/2025,11:15:00 PM,0,0.3542,14.496
12/31/2025,11:30:00 PM,0,0.3587,14.498
12/31/2025,11:45:00 PM,0,0.3745,14.5
1/1/2026,12:00:00 AM,0,0.3937,14.501
1/1/2026,12:15:00 AM,0,0.4051,14.504
1/1/2026,12:30:00 AM,0,0.4014,14.507
1/1/2026,12:45:00 AM,0,0.4054,14.509
1/1/2026,1:00:00 AM,0,0.6884,14.513
1/1/2026,1:15:00 AM,0,0.8273,14.52
1/1/2026,1:30:00 AM,0,0.8211,14.522
1/1/2026,1:45:00 AM,0,0.7992,14.524
1/1/2026,2:00:00 AM,0,0.7135,14.523
1/1/2026,2:15:00 AM,0,0.6754,14.522
1/1/2026,2:30:00 AM,0,0.6262,14.522
1/1/2026,2:45:00 AM,0,0.5862,14.52
1/1/2026,3:00:00 AM,0,0.5722,14.521
1/1/2026,3:15:00 AM,0,0.5618,14.523
1/1/2026,3:30:00 AM,0,0.5503,14.523
1/1/2026,3:45:00 AM,0,0.5604,14.527
1/1/2026,4:00:00 AM,0,0.6575,14.529
1/1/2026,4:15:00 AM,0,0.9086,14.532
1/1/2026,4:30:00 AM,0,1.0871,14.538
1/1/2026,4:45:00 AM,0,1.1108,14.544
1/1/2026,5:00:00 AM,0,1.055,14.55
1/1/2026,5:15:00 AM,0,1.0633,14.553
1/1/2026,5:30:00 AM,0,0.9934,14.559
1/1/2026,5:45:00 AM,0,1.0119,14.563
1/1/2026,6:00:00 AM,0,0.9781,14.567
1/1/2026,6:15:00 AM,0,0.9155,14.572
1/1/2026,6:30:00 AM,0,0.8595,14.576
1/1/2026,6:45:00 AM,0,0.8164,14.578
1/1/2026,7:00:00 AM,0,0.782,14.581
1/1/2026,7:15:00 AM,0,0.7462,14.581
1/1/2026,7:30:00 AM,0,0.7152,14.584
1/1/2026,7:45:00 AM,0,0.6862,14.588
1/1/2026,8:00:00 AM,0,0.6619,14.587
1/1/2026,8:15:00 AM,0,0.6405,14.591
1/1/2026,8:30:00 AM,0,0.6205,14.59
1/1/2026,8:45:00 AM,0,0.6033,14.59
1/1/2026,9:00:00 AM,0,0.5859,14.595
1/1/2026,9:15:00 AM,0,0.5716,14.597
1/1/2026,9:30:00 AM,0,0.5588,14.598
1/1/2026,9:45:00 AM,0,0.5433,14.604
1/1/2026,10:00:00 AM,0,0.5337,14.611
1/1/2026,10:15:00 AM,0,0.5248,14.621
1/1/2026,10:30:00 AM,0,0.5138,14.631
1/1/2026,10:45:00 AM,0,0.5042,14.641
1/1/2026,11:00:00 AM,0,0.4968,14.654
1/1/2026,11:15:00 AM,0,0.4891,14.671
1/1/2026,11:30:00 AM,0,0.483,14.69
1/1/2026,11:45:00 AM,0,0.4765,14.711
1/1/2026,12:00:00 PM,0,0.4709,14.736
1/1/2026,12:15:00 PM,0,0.4657,14.762
1/1/2026,12:30:00 PM,0,0.4594,14.787
1/1/2026,12:45:00 PM,0,0.4535,14.81
1/1/2026,1:00:00 PM,0,0.4489,14.833
1/1/2026,1:15:00 PM,0,0.4452,14.857
1/1/2026,1:30:00 PM,0,0.4412,14.886
1/1/2026,1:45:00 PM,0,0.4362,14.913
1/1/2026,2:00:00 PM,0,0.4323,14.941
1/1/2026,2:15:00 PM,0,0.4304,14.971
1/1/2026,2:30:00 PM,0,0.4267,15.002
1/1/2026,2:45:00 PM,0,0.4225,15.028
1/1/2026,3:00:00 PM,0,0.4207,15.052
1/1/2026,3:15:00 PM,0,0.4185,15.077
1/1/2026,3:30:00 PM,0,0.4143,15.098
1/1/2026,3:45:00 PM,0,0.4116,15.118
1/1/2026,4:00:00 PM,0,0.4091,15.136
1/1/2026,4:15:00 PM,0,0.4065,15.152
1/1/2026,4:30:00 PM,0,0.4035,15.165
1/1/2026,4:45:00 PM,0,0.402,15.181
1/1/2026,5:00:00 PM,0,0.3992,15.19
1/1/2026,5:15:00 PM,0,0.3977,15.202
1/1/2026,5:30:00 PM,0,0.3949,15.21
1/1/2026,5:45:00 PM,0,0.3936,15.217
1/1/2026,6:00:00 PM,0,0.3917,15.222
1/1/2026,6:15:00 PM,0,0.3898,15.228
1/1/2026,6:30:00 PM,0,0.3884,15.232
1/1/2026,6:45:00 PM,0,0.3865,15.235
1/1/2026,7:00:00 PM,0,0.3846,15.233
1/1/2026,7:15:00 PM,0,0.3832,15.233
1/1/2026,7:30:00 PM,0,0.3821,15.236
1/1/2026,7:45:00 PM,0,0.3809,15.234
1/1/2026,8:00:00 PM,0,0.3795,15.236
1/1/2026,8:15:00 PM,0,0.3779,15.233
1/1/2026,8:30:00 PM,0,0.3773,15.231
1/1/2026,8:45:00 PM,0,0.3759,15.225
1/1/2026,9:00:00 PM,0,0.3752,15.222
1/1/2026,9:15:00 PM,0,0.3743,15.217
1/1/2026,9:30:00 PM,0,0.3727,15.21
1/1/2026,9:45:00 PM,0,0.3715,15.201
1/1/2026,10:00:00 PM,0,0.3706,15.194
1/1/2026,10:15:00 PM,0,0.3701,15.186
1/1/2026,10:30:00 PM,0,0.3689,15.177
1/1/2026,10:45:00 PM,0,0.3681,15.165
1/1/2026,11:00:00 PM,0,0.3668,15.155
1/1/2026,11:15:00 PM,0,0.3659,15.144
1/1/2026,11:30:00 PM,0,0.3647,15.131
1/1/2026,11:45:00 PM,0,0.3635,15.121
1/2/2026,12:00:00 AM,0,0.3637,15.105
1/2/2026,12:15:00 AM,0,0.3624,15.092
1/2/2026,12:30:00 AM,0,0.362,15.08
1/2/2026,12:45:00 AM,0,0.3611,15.066
1/2/2026,1:00:00 AM,0,0.3607,15.052
1/2/2026,1:15:00 AM,0,0.3598,15.039
1/2/2026,1:30:00 AM,0,0.3591,15.027
1/2/2026,1:45:00 AM,0,0.3586,15.01
1/2/2026,2:00:00 AM,0,0.3582,14.996
1/2/2026,2:15:00 AM,0,0.3572,14.979
1/2/2026,2:30:00 AM,0,0.3565,14.962
1/2/2026,2:45:00 AM,0,0.3561,14.944
1/2/2026,3:00:00 AM,0,0.3557,14.922
1/2/2026,3:15:00 AM,0,0.3554,14.902
1/2/2026,3:30:00 AM,0,0.3545,14.879
1/2/2026,3:45:00 AM,0,0.3539,14.855
1/2/2026,4:00:00 AM,0,0.3536,14.833
1/2/2026,4:15:00 AM,0,0.3525,14.808
1/2/2026,4:30:00 AM,0,0.3523,14.782
1/2/2026,4:45:00 AM,0,0.3521,14.756
1/2/2026,5:00:00 AM,0,0.3514,14.727
1/2/2026,5:15:00 AM,0,0.3512,14.7
1/2/2026,5:30:00 AM,0,0.3508,14.671
1/2/2026,5:45:00 AM,0,0.3505,14.645
1/2/2026,6:00:00 AM,0,0.3495,14.615
1/2/2026,6:15:00 AM,0,0.3499,14.588
1/2/2026,6:30:00 AM,0,0.349,14.557
1/2/2026,6:45:00 AM,0,0.3487,14.53
1/2/2026,7:00:00 AM,0,0.3486,14.5
1/2/2026,7:15:00 AM,0,0.3481,14.471
1/2/2026,7:30:00 AM,0,0.3479,14.445
1/2/2026,7:45:00 AM,0,0.3475,14.419
1/2/2026,8:00:00 AM,0,0.3476,14.394
1/2/2026,8:15:00 AM,0,0.3471,14.369
1/2/2026,8:30:00 AM,0,0.346,14.346
1/2/2026,8:45:00 AM,0,0.3484,14.325
1/2/2026,9:00:00 AM,0,0.349,14.306
1/2/2026,9:15:00 AM,0,0.3493,14.285
1/2/2026,9:30:00 AM,0,0.347,14.27
1/2/2026,9:45:00 AM,0,0.3466,14.255
1/2/2026,10:00:00 AM,0,0.3455,14.244
1/2/2026,10:15:00 AM,0,0.3437,14.237
1/2/2026,10:30:00 AM,0,0.3442,14.227
1/2/2026,10:45:00 AM,0,0.3429,14.222
1/2/2026,11:00:00 AM,0,0.3432,14.222
1/2/2026,11:15:00 AM,0,0.3446,14.225
1/2/2026,11:30:00 AM,0,0.3423,14.232
1/2/2026,11:45:00 AM,0,0.3429,14.244
1/2/2026,12:00:00 PM,0,0.344,14.256
1/2/2026,12:15:00 PM,0,0.3412,14.269
1/2/2026,12:30:00 PM,0,0.341,14.286
1/2/2026,12:45:00 PM,0,0.3421,14.301
1/2/2026,1:00:00 PM,0,0.341,14.32
1/2/2026,1:15:00 PM,0,0.3415,14.337
1/2/2026,1:30:00 PM,0,0.3417,14.357
1/2/2026,1:45:00 PM,0,0.3406,14.38
1/2/2026,2:00:00 PM,0,0.3409,14.408
1/2/2026,2:15:00 PM,0,0.3422,14.437
1/2/2026,2:30:00 PM,0,0.3467,14.467
1/2/2026,2:45:00 PM,0,0.35,14.5
1/2/2026,3:00:00 PM,0,0.3509,14.534
1/2/2026,3:15:00 PM,0,0.3501,14.567
1/2/2026,3:30:00 PM,0,0.3502,14.602
1/2/2026,3:45:00 PM,0,0.3504,14.637
1/2/2026,4:00:00 PM,0,0.3482,14.673
1/2/2026,4:15:00 PM,0,0.3484,14.705
1/2/2026,4:30:00 PM,0,0.3466,14.738
1/2/2026,4:45:00 PM,0,0.3466,14.765
1/2/2026,5:00:00 PM,0,0.3461,14.787
1/2/2026,5:15:00 PM,0,0.3571,14.807
1/2/2026,5:30:00 PM,0,0.5028,14.819
1/2/2026,5:45:00 PM,0,0.4877,14.83
1/2/2026,6:00:00 PM,0,0.4624,14.838
1/2/2026,6:15:00 PM,0,0.4403,14.85
1/2/2026,6:30:00 PM,0,0.4304,14.868
1/2/2026,6:45:00 PM,0,0.4353,14.886
1/2/2026,7:00:00 PM,0,0.4349,14.902
1/2/2026,7:15:00 PM,0,0.4221,14.915
1/2/2026,7:30:00 PM,0,0.412,14.927
1/2/2026,7:45:00 PM,0,0.4028,14.935
1/2/2026,8:00:00 PM,0,0.395,14.942
1/2/2026,8:15:00 PM,0,0.389,14.948
1/2/2026,8:30:00 PM,0,0.3831,14.953
1/2/2026,8:45:00 PM,0,0.3785,14.958
1/2/2026,9:00:00 PM,0,0.3761,14.963
1/2/2026,9:15:00 PM,0,0.3724,14.966
1/2/2026,9:30:00 PM,0,0.369,14.969
1/2/2026,9:45:00 PM,0,0.367,14.97
1/2/2026,10:00:00 PM,0,0.3641,14.972
1/2/2026,10:15:00 PM,0,0.3605,14.973
1/2/2026,10:30:00 PM,0,0.3585,14.975
1/2/2026,10:45:00 PM,0,0.3568,14.973
1/2/2026,11:00:00 PM,0,0.3561,14.974
1/2/2026,11:15:00 PM,0,0.3544,14.976
1/2/2026,11:30:00 PM,0,0.3523,14.975
1/2/2026,11:45:00 PM,0,0.3517,14.972
1/3/2026,12:00:00 AM,0,0.35,14.969
1/3/2026,12:15:00 AM,0,0.349,14.966
1/3/2026,12:30:00 AM,0,0.3474,14.962
1/3/2026,12:45:00 AM,0,0.3467,14.958
1/3/2026,1:00:00 AM,0,0.3472,14.955
1/3/2026,1:15:00 AM,0,0.3458,14.949
1/3/2026,1:30:00 AM,0,0.3457,14.945
1/3/2026,1:45:00 AM,0,0.3443,14.939
1/3/2026,2:00:00 AM,0,0.345,14.933
1/3/2026,2:15:00 AM,0,0.3437,14.93
1/3/2026,2:30:00 AM,0,0.3436,14.925
1/3/2026,2:45:00 AM,0,0.3434,14.923
1/3/2026,3:00:00 AM,0,0.3433,14.92
1/3/2026,3:15:00 AM,0,0.3461,14.919
1/3/2026,3:30:00 AM,0,0.3515,14.919
1/3/2026,3:45:00 AM,0,0.376,14.917
1/3/2026,4:00:00 AM,0,0.5336,14.915
1/3/2026,4:15:00 AM,0,0.6919,14.916
1/3/2026,4:30:00 AM,0,0.7714,14.918
1/3/2026,4:45:00 AM,0,0.7604,14.92
1/3/2026,5:00:00 AM,0,0.8345,14.919
1/3/2026,5:15:00 AM,0,0.8794,14.918
1/3/2026,5:30:00 AM,0,0.8585,14.911
1/3/2026,5:45:00 AM,0,0.8214,14.902
1/3/2026,6:00:00 AM,0,0.8128,14.886
1/3/2026,6:15:00 AM,0,0.8731,14.87
1/3/2026,6:30:00 AM,0,0.8523,14.854
1/3/2026,6:45:00 AM,0,0.8102,14.834
1/3/2026,7:00:00 AM,0,0.7574,14.82
1/3/2026,7:15:00 AM,0,0.7452,14.803
1/3/2026,7:30:00 AM,0,0.8548,14.79
1/3/2026,7:45:00 AM,0,1.0273,14.777
1/3/2026,8:00:00 AM,0,0.9951,14.764
1/3/2026,8:15:00 AM,0,0.937,14.747
1/3/2026,8:30:00 AM,0,0.8687,14.731
1/3/2026,8:45:00 AM,0,0.8254,14.719
1/3/2026,9:00:00 AM,0,0.7997,14.707
1/3/2026,9:15:00 AM,0,0.8044,14.701
1/3/2026,9:30:00 AM,0,0.8098,14.696
1/3/2026,9:45:00 AM,0,0.8431,14.692
1/3/2026,10:00:00 AM,0,0.9688,14.689
1/3/2026,10:15:00 AM,0,1.2363,14.688
1/3/2026,10:30:00 AM,0,1.7775,14.685
1/3/2026,10:45:00 AM,0,2.1335,14.677
1/3/2026,11:00:00 AM,0,2.2523,14.66
1/3/2026,11:15:00 AM,0,2.3307,14.648
1/3/2026,11:30:00 AM,0,2.3467,14.644
1/3/2026,11:45:00 AM,0,2.3329,14.637
1/3/2026,12:00:00 PM,0,2.2554,14.634
1/3/2026,12:15:00 PM,0,2.1258,14.631
1/3/2026,12:30:00 PM,0,1.9705,14.621
1/3/2026,12:45:00 PM,0,1.7351,14.613
1/3/2026,1:00:00 PM,0,1.2849,14.622
1/3/2026,1:15:00 PM,0,1.1205,14.643
1/3/2026,1:30:00 PM,0,1.0248,14.678
1/3/2026,1:45:00 PM,0,0.963,14.721
1/3/2026,2:00:00 PM,0,0.9025,14.762
1/3/2026,2:15:00 PM,0,0.8556,14.806
1/3/2026,2:30:00 PM,0,0.8171,14.851
1/3/2026,2:45:00 PM,0,0.7864,14.896
1/3/2026,3:00:00 PM,0,0.7611,14.936
1/3/2026,3:15:00 PM,0,0.7403,14.972
1/3/2026,3:30:00 PM,0,0.72,15.009
1/3/2026,3:45:00 PM,0,0.7027,15.049
1/3/2026,4:00:00 PM,0,0.6859,15.084
1/3/2026,4:15:00 PM,0,0.6725,15.115
1/3/2026,4:30:00 PM,0,0.6583,15.142
1/3/2026,4:45:00 PM,0,0.6466,15.172
1/3/2026,5:00:00 PM,0,0.6354,15.195
1/3/2026,5:15:00 PM,0,0.6258,15.219
1/3/2026,5:30:00 PM,0,0.6157,15.239
1/3/2026,5:45:00 PM,0,0.6049,15.257
1/3/2026,6:00:00 PM,0,0.5957,15.274
1/3/2026,6:15:00 PM,0,0.5861,15.29
1/3/2026,6:30:00 PM,0,0.5785,15.302
1/3/2026,6:45:00 PM,0,0.5695,15.311
1/3/2026,7:00:00 PM,0,0.5605,15.316
1/3/2026,7:15:00 PM,0,0.5512,15.32
1/3/2026,7:30:00 PM,0,0.5431,15.323
1/3/2026,7:45:00 PM,0,0.5378,15.324
1/3/2026,8:00:00 PM,0,0.5314,15.323
1/3/2026,8:15:00 PM,0,0.5261,15.321
1/3/2026,8:30:00 PM,0,0.5205,15.319
1/3/2026,8:45:00 PM,0,0.5172,15.316
1/3/2026,9:00:00 PM,0,0.5105,15.313
1/3/2026,9:15:00 PM,0,0.5068,15.308
1/3/2026,9:30:00 PM,0,0.5025,15.305
1/3/2026,9:45:00 PM,0,0.4994,15.298
1/3/2026,10:00:00 PM,0,0.4957,15.294
1/3/2026,10:15:00 PM,0,0.4925,15.287
1/3/2026,10:30:00 PM,0,0.4883,15.283
1/3/2026,10:45:00 PM,0,0.4855,15.277
1/3/2026,11:00:00 PM,0,0.4847,15.271
1/3/2026,11:15:00 PM,0,0.4854,15.265
1/3/2026,11:30:00 PM,0,0.589,15.259
1/3/2026,11:45:00 PM,0,0.6095,15.255
1/4/2026,12:00:00 AM,0,0.5604,15.249
1/4/2026,12:15:00 AM,0,0.5257,15.24
1/4/2026,12:30:00 AM,0,0.5098,15.23
1/4/2026,12:45:00 AM,0,0.5105,15.221
1/4/2026,1:00:00 AM,0,0.5321,15.211
1/4/2026,1:15:00 AM,0,0.5346,15.202
1/4/2026,1:30:00 AM,0,0.5235,15.195
1/4/2026,1:45:00 AM,0,0.5085,15.187
1/4/2026,2:00:00 AM,0,0.5011,15.176
1/4/2026,2:15:00 AM,0,0.4993,15.169
1/4/2026,2:30:00 AM,0,0.4928,15.163
1/4/2026,2:45:00 AM,0,0.4883,15.157
1/4/2026,3:00:00 AM,0,0.4886,15.15
1/4/2026,3:15:00 AM,0,0.4904,15.146
1/4/2026,3:30:00 AM,0,0.4909,15.142
1/4/2026,3:45:00 AM,0,0.4853,15.135
1/4/2026,4:00:00 AM,0,0.4779,15.133
1/4/2026,4:15:00 AM,0,0.4704,15.127
1/4/2026,4:30:00 AM,0,0.4652,15.118
1/4/2026,4:45:00 AM,0,0.4606,15.115
1/4/2026,5:00:00 AM,0,0.4554,15.109
1/4/2026,5:15:00 AM,0,0.4513,15.103
1/4/2026,5:30:00 AM,0,0.4473,15.098
1/4/2026,5:45:00 AM,0,0.4437,15.091
1/4/2026,6:00:00 AM,0,0.4413,15.085
1/4/2026,6:15:00 AM,0,0.4383,15.082
1/4/2026,6:30:00 AM,0,0.4359,15.076
1/4/2026,6:45:00 AM,0,0.4336,15.069
1/4/2026,7:00:00 AM,0,0.4317,15.065
1/4/2026,7:15:00 AM,0,0.4295,15.057
1/4/2026,7:30:00 AM,0,0.4271,15.051
1/4/2026,7:45:00 AM,0,0.4256,15.042
1/4/2026,8:00:00 AM,0,0.4242,15.036
1/4/2026,8:15:00 AM,0,0.422,15.027
1/4/2026,8:30:00 AM,0,0.4203,15.018
1/4/2026,8:45:00 AM,0,0.4187,15.012
1/4/2026,9:00:00 AM,0,0.4169,15.003
1/4/2026,9:15:00 AM,0,0.4158,14.999
1/4/2026,9:30:00 AM,0,0.4145,14.995
1/4/2026,9:45:00 AM,0,0.4131,14.991
1/4/2026,10:00:00 AM,0,0.4114,14.985
1/4/2026,10:15:00 AM,0,0.4135,14.984
1/4/2026,10:30:00 AM,0,0.4157,14.984
1/4/2026,10:45:00 AM,0,0.4165,14.985
1/4/2026,11:00:00 AM,0,0.4146,14.989
1/4/2026,11:15:00 AM,0,0.4114,14.994
1/4/2026,11:30:00 AM,0,0.4081,15.004
1/4/2026,11:45:00 AM,0,0.4059,15.012
1/4/2026,12:00:00 PM,0,0.404,15.023
1/4/2026,12:15:00 PM,0,0.4023,15.035
1/4/2026,12:30:00 PM,0,0.4013,15.044
1/4/2026,12:45:00 PM,0,0.4015,15.055
1/4/2026,1:00:00 PM,0,0.3993,15.064
1/4/2026,1:15:00 PM,0,0.3994,15.074
1/4/2026,1:30:00 PM,0,0.3981,15.084
1/4/2026,1:45:00 PM,0,0.3973,15.092
1/4/2026,2:00:00 PM,0,0.3965,15.098
1/4/2026,2:15:00 PM,0,0.3965,15.107
1/4/2026,2:30:00 PM,0,0.3963,15.116
1/4/2026,2:45:00 PM,0,0.3943,15.126
1/4/2026,3:00:00 PM,0,0.3933,15.136
1/4/2026,3:15:00 PM,0,0.393,15.149
1/4/2026,3:30:00 PM,0,0.4003,15.161
1/4/2026,3:45:00 PM,0,0.8034,15.175
1/4/2026,4:00:00 PM,0,0.875,15.193
1/4/2026,4:15:00 PM,0,0.8088,15.21
1/4/2026,4:30:00 PM,0,0.7391,15.226
1/4/2026,4:45:00 PM,0,0.684,15.236
1/4/2026,5:00:00 PM,0,0.6442,15.248
1/4/2026,5:15:00 PM,0,0.6143,15.257
1/4/2026,5:30:00 PM,0,0.59,15.263
1/4/2026,5:45:00 PM,0,0.5661,15.263
1/4/2026,6:00:00 PM,0,0.5461,15.264
1/4/2026,6:15:00 PM,0,0.5301,15.262
1/4/2026,6:30:00 PM,0,0.5164,15.258
1/4/2026,6:45:00 PM,0,0.5044,15.254
1/4/2026,7:00:00 PM,0,0.4947,15.249
1/4/2026,7:15:00 PM,0,0.4859,15.24
1/4/2026,7:30:00 PM,0,0.4785,15.232
1/4/2026,7:45:00 PM,0,0.4725,15.22
1/4/2026,8:00:00 PM,0,0.4665,15.209
1/4/2026,8:15:00 PM,0,0.4607,15.193
1/4/2026,8:30:00 PM,0,0.4562,15.177
1/4/2026,8:45:00 PM,0,0.4524,15.159
1/4/2026,9:00:00 PM,0,0.448,15.141
1/4/2026,9:15:00 PM,0,0.4439,15.12
1/4/2026,9:30:00 PM,0,0.4397,15.1
1/4/2026,9:45:00 PM,0,0.4369,15.078
1/4/2026,10:00:00 PM,0,0.4334,15.054
1/4/2026,10:15:00 PM,0,0.4313,15.031
1/4/2026,10:30:00 PM,0,0.4279,15.009
1/4/2026,10:45:00 PM,0,0.4248,14.983
1/4/2026,11:00:00 PM,0,0.4236,14.958
1/4/2026,11:15:00 PM,0,0.4212,14.932
1/4/2026,11:30:00 PM,0,0.4192,14.905
1/4/2026,11:45:00 PM,0,0.4175,14.875
1/5/2026,12:00:00 AM,0,0.4152,14.845
1/5/2026,12:15:00 AM,0,0.4133,14.815
1/5/2026,12:30:00 AM,0,0.4113,14.781
1/5/2026,12:45:00 AM,0,0.4101,14.749
1/5/2026,1:00:00 AM,0,0.4083,14.716
1/5/2026,1:15:00 AM,0,0.4068,14.685
1/5/2026,1:30:00 AM,0,0.4054,14.652
1/5/2026,1:45:00 AM,0,0.4044,14.621
1/5/2026,2:00:00 AM,0,0.4028,14.588
1/5/2026,2:15:00 AM,0,0.4014,14.558
1/5/2026,2:30:00 AM,0,0.4002,14.526
1/5/2026,2:45:00 AM,0,0.3992,14.496
1/5/2026,3:00:00 AM,0,0.3978,14.464
1/5/2026,3:15:00 AM,0,0.3968,14.429
1/5/2026,3:30:00 AM,0,0.3952,14.397
1/5/2026,3:45:00 AM,0,0.3952,14.36
1/5/2026,4:00:00 AM,0,0.3937,14.329
1/5/2026,4:15:00 AM,0,0.3927,14.295
1/5/2026,4:30:00 AM,0,0.3925,14.267
1/5/2026,4:45:00 AM,0,0.3911,14.241
1/5/2026,5:00:00 AM,0,0.3904,14.218
1/5/2026,5:15:00 AM,0,0.3886,14.192
1/5/2026,5:30:00 AM,0,0.389,14.167
1/5/2026,5:45:00 AM,0,0.3877,14.142
1/5/2026,6:00:00 AM,0,0.3872,14.12
1/5/2026,6:15:00 AM,0,0.3868,14.098
1/5/2026,6:30:00 AM,0,0.3862,14.073
1/5/2026,6:45:00 AM,0,0.385,14.051
1/5/2026,7:00:00 AM,0,0.3839,14.03
1/5/2026,7:15:00 AM,0,0.3833,14.005
1/5/2026,7:30:00 AM,0,0.3852,13.979
1/5/2026,7:45:00 AM,0,0.3869,13.955
1/5/2026,8:00:00 AM,0,0.3866,13.941
1/5/2026,8:15:00 AM,0,0.3861,13.924
1/5/2026,8:30:00 AM,0,0.3836,13.912
1/5/2026,8:45:00 AM,0,0.3816,13.894
1/5/2026,9:00:00 AM,0,0.3806,13.877
1/5/2026,9:15:00 AM,0,0.381,13.868
1/5/2026,9:30:00 AM,0,0.3806,13.859
1/5/2026,9:45:00 AM,0,0.3803,13.851
1/5/2026,10:00:00 AM,0,0.381,13.854
1/5/2026,10:15:00 AM,0,0.3814,13.851
1/5/2026,10:30:00 AM,0,0.3791,13.855
1/5/2026,10:45:00 AM,0,0.3793,13.865
1/5/2026,11:00:00 AM,0,0.3785,13.875
1/5/2026,11:15:00 AM,0,0.3779,13.891
1/5/2026,11:30:00 AM,0,0.3772,13.918
1/5/2026,11:45:00 AM,0,0.3774,13.944
1/5/2026,12:00:00 PM,0,0.3763,13.974
1/5/2026,12:15:00 PM,0,0.3757,14.005
1/5/2026,12:30:00 PM,0,0.3751,14.035
1/5/2026,12:45:00 PM,0,0.3735,14.07
1/5/2026,1:00:00 PM,0,0.3741,14.107
1/5/2026,1:15:00 PM,0,0.3738,14.148
1/5/2026,1:30:00 PM,0,0.3739,14.19
1/5/2026,1:45:00 PM,0,0.3733,14.226
1/5/2026,2:00:00 PM,0,0.3726,14.259
1/5/2026,2:15:00 PM,0,0.372,14.29
1/5/2026,2:30:00 PM,0,0.3723,14.317
1/5/2026,2:45:00 PM,0,0.372,14.339
1/5/2026,3:00:00 PM,0,0.3709,14.357
1/5/2026,3:15:00 PM,0,0.3699,14.371
1/5/2026,3:30:00 PM,0,0.369,14.383
1/5/2026,3:45:00 PM,0,0.368,14.395
1/5/2026,4:00:00 PM,0,0.3676,14.398
1/5/2026,4:15:00 PM,0,0.368,14.405
1/5/2026,4:30:00 PM,0,0.3673,14.411
1/5/2026,4:45:00 PM,0,0.3672,14.419
1/5/2026,5:00:00 PM,0,0.3661,14.422
1/5/2026,5:15:00 PM,0,0.3658,14.43
1/5/2026,5:30:00 PM,0,0.365,14.439
1/5/2026,5:45:00 PM,0,0.365,14.444
1/5/2026,6:00:00 PM,0,0.3644,14.45
1/5/2026,6:15:00 PM,0,0.3641,14.455
1/5/2026,6:30:00 PM,0,0.3634,14.46
1/5/2026,6:45:00 PM,0,0.3634,14.465
1/5/2026,7:00:00 PM,0,0.3629,14.466
1/5/2026,7:15:00 PM,0,0.3629,14.467
1/5/2026,7:30:00 PM,0,0.3624,14.468
1/5/2026,7:45:00 PM,0,0.3616,14.468
1/5/2026,8:00:00 PM,0,0.3618,14.467
1/5/2026,8:15:00 PM,0,0.3609,14.463
1/5/2026,8:30:00 PM,0,0.3609,14.465
1/5/2026,8:45:00 PM,0,0.3601,14.466
1/5/2026,9:00:00 PM,0,0.3605,14.469
1/5/2026,9:15:00 PM,0,0.3601,14.468
1/5/2026,9:30:00 PM,0,0.3597,14.47
1/5/2026,9:45:00 PM,0,0.3596,14.473
1/5/2026,10:00:00 PM,0,0.3595,14.475
1/5/2026,10:15:00 PM,0,0.3595,14.476
1/5/2026,10:30:00 PM,0,0.3597,14.476
1/5/2026,10:45:00 PM,0,0.3602,14.475
1/5/2026,11:00:00 PM,0,0.3608,14.476
1/5/2026,11:15:00 PM,0,0.3601,14.476
1/5/2026,11:30:00 PM,0,0.3605,14.476
1/5/2026,11:45:00 PM,0,0.3618,14.48
1/6/2026,12:00:00 AM,0,0.3611,14.478
1/6/2026,12:15:00 AM,0,0.3605,14.48
1/6/2026,12:30:00 AM,0,0.36,14.482
1/6/2026,12:45:00 AM,0,0.3596,14.485
1/6/2026,1:00:00 AM,0,0.3595,14.485
1/6/2026,1:15:00 AM,0,0.3592,14.486
1/6/2026,1:30:00 AM,0,0.3597,14.484
1/6/2026,1:45:00 AM,0,0.3586,14.486
1/6/2026,2:00:00 AM,0,0.3581,14.483
1/6/2026,2:15:00 AM,0,0.3586,14.481
1/6/2026,2:30:00 AM,0,0.3575,14.478
1/6/2026,2:45:00 AM,0,0.3574,14.476
1/6/2026,3:00:00 AM,0,0.3568,14.471
1/6/2026,3:15:00 AM,0,0.3569,14.464
1/6/2026,3:30:00 AM,0,0.3564,14.46
1/6/2026,3:45:00 AM,0,0.3564,14.449
1/6/2026,4:00:00 AM,0,0.3558,14.44
1/6/2026,4:15:00 AM,0,0.3558,14.43
1/6/2026,4:30:00 AM,0,0.3547,14.422
1/6/2026,4:45:00 AM,0,0.3547,14.411
1/6/2026,5:00:00 AM,0,0.3544,14.401
1/6/2026,5:15:00 AM,0,0.3543,14.391
1/6/2026,5:30:00 AM,0,0.3546,14.38
1/6/2026,5:45:00 AM,0,0.3537,14.37
1/6/2026,6:00:00 AM,0,0.3536,14.36
1/6/2026,6:15:00 AM,0,0.3539,14.35
1/6/2026,6:30:00 AM,0,0.353,14.337
1/6/2026,6:45:00 AM,0,0.3532,14.326
1/6/2026,7:00:00 AM,0,0.3527,14.316
1/6/2026,7:15:00 AM,0,0.3531,14.31
1/6/2026,7:30:00 AM,0,0.3525,14.298
1/6/2026,7:45:00 AM,0,0.3536,14.287
1/6/2026,8:00:00 AM,0,0.3541,14.278
1/6/2026,8:15:00 AM,0,0.3555,14.268
1/6/2026,8:30:00 AM,0,0.3552,14.257
1/6/2026,8:45:00 AM,0,0.3574,14.248
1/6/2026,9:00:00 AM,0,0.3603,14.238
1/6/2026,9:15:00 AM,0,0.3594,14.23
1/6/2026,9:30:00 AM,0,0.3577,14.222
1/6/2026,9:45:00 AM,0,0.3556,14.216
1/6/2026,10:00:00 AM,0,0.3565,14.21
1/6/2026,10:15:00 AM,0,0.3562,14.203
1/6/2026,10:30:00 AM,0,0.3555,14.2
1/6/2026,10:45:00 AM,0,0.3554,14.198
1/6/2026,11:00:00 AM,0,0.3554,14.199
1/6/2026,11:15:00 AM,0,0.355,14.207
1/6/2026,11:30:00 AM,0,0.3546,14.219
1/6/2026,11:45:00 AM,0,0.3539,14.233
1/6/2026,12:00:00 PM,0,0.354,14.251
1/6/2026,12:15:00 PM,0,0.3551,14.271
1/6/2026,12:30:00 PM,0,0.3542,14.287
1/6/2026,12:45:00 PM,0,0.3553,14.308
1/6/2026,1:00:00 PM,0,0.3565,14.333
1/6/2026,1:15:00 PM,0,0.3546,14.364
1/6/2026,1:30:00 PM,0,0.3538,14.403
1/6/2026,1:45:00 PM,0,0.352,14.445
1/6/2026,2:00:00 PM,0,0.3519,14.496
1/6/2026,2:15:00 PM,0,0.3509,14.548
1/6/2026,2:30:00 PM,0,0.3502,14.599
1/6/2026,2:45:00 PM,0,0.3492,14.651
1/6/2026,3:00:00 PM,0,0.35,14.7
1/6/2026,3:15:00 PM,0,0.3497,14.746
1/6/2026,3:30:00 PM,0,0.3502,14.789
1/6/2026,3:45:00 PM,0,0.3521,14.822
1/6/2026,4:00:00 PM,0,0.3514,14.856
1/6/2026,4:15:00 PM,0,0.3497,14.889
1/6/2026,4:30:00 PM,0,0.3498,14.921
1/6/2026,4:45:00 PM,0,0.3485,14.948
1/6/2026,5:00:00 PM,0,0.3467,14.972
1/6/2026,5:15:00 PM,0,0.3462,14.994
1/6/2026,5:30:00 PM,0,0.3457,15.01
1/6/2026,5:45:00 PM,0,0.3462,15.021
1/6/2026,6:00:00 PM,0,0.3453,15.029
1/6/2026,6:15:00 PM,0,0.3456,15.031
1/6/2026,6:30:00 PM,0,0.3449,15.031
1/6/2026,6:45:00 PM,0,0.3449,15.03
1/6/2026,7:00:00 PM,0,0.3449,15.026
1/6/2026,7:15:00 PM,0,0.3453,15.015
1/6/2026,7:30:00 PM,0,0.3447,15.005
1/6/2026,7:45:00 PM,0,0.3447,14.989
1/6/2026,8:00:00 PM,0,0.3451,14.973
1/6/2026,8:15:00 PM,0,0.3446,14.952
1/6/2026,8:30:00 PM,0,0.3445,14.932
1/6/2026,8:45:00 PM,0,0.344,14.907
1/6/2026,9:00:00 PM,0,0.3437,14.882
1/6/2026,9:15:00 PM,0,0.3441,14.857
1/6/2026,9:30:00 PM,0,0.343,14.829
1/6/2026,9:45:00 PM,0,0.3433,14.804
1/6/2026,10:00:00 PM,0,0.3432,14.781
1/6/2026,10:15:00 PM,0,0.3434,14.755
1/6/2026,10:30:00 PM,0,0.343,14.729
1/6/2026,10:45:00 PM,0,0.3423,14.706
1/6/2026,11:00:00 PM,0,0.3425,14.684
1/6/2026,11:15:00 PM,0,0.3423,14.661
1/6/2026,11:30:00 PM,0,0.3425,14.636
1/6/2026,11:45:00 PM,0,0.3428,14.617
1/7/2026,12:00:00 AM,0,0.3423,14.593
1/7/2026,12:15:00 AM,0,0.3417,14.573
1/7/2026,12:30:00 AM,0,0.3417,14.554
1/7/2026,12:45:00 AM,0,0.3419,14.535
1/7/2026,1:00:00 AM,0,0.3419,14.515
1/7/2026,1:15:00 AM,0,0.3415,14.495
1/7/2026,1:30:00 AM,0,0.3419,14.476
1/7/2026,1:45:00 AM,0,0.3406,14.445
1/7/2026,2:00:00 AM,0,0.3411,14.421
1/7/2026,2:15:00 AM,0,0.3412,14.403
1/7/2026,2:30:00 AM,0,0.3405,14.387
1/7/2026,2:45:00 AM,0,0.3409,14.368
1/7/2026,3:00:00 AM,0,0.3413,14.352
1/7/2026,3:15:00 AM,0,0.3405,14.331
1/7/2026,3:30:00 AM,0,0.3399,14.311
1/7/2026,3:45:00 AM,0,0.3401,14.288
1/7/2026,4:00:00 AM,0,0.3407,14.267
1/7/2026,4:15:00 AM,0,0.3403,14.245
1/7/2026,4:30:00 AM,0,0.3411,14.224
1/7/2026,4:45:00 AM,0,0.3406,14.2
1/7/2026,5:00:00 AM,0,0.3416,14.179
1/7/2026,5:15:00 AM,0,0.3405,14.154
1/7/2026,5:30:00 AM,0,0.3409,14.129
1/7/2026,5:45:00 AM,0,0.3406,14.105
1/7/2026,6:00:00 AM,0,0.3411,14.08
1/7/2026,6:15:00 AM,0,0.3413,14.056
1/7/2026,6:30:00 AM,0,0.3414,14.032
1/7/2026,6:45:00 AM,0,0.3415,14.01
1/7/2026,7:00:00 AM,0,0.3412,13.989
1/7/2026,7:15:00 AM,0,0.3418,13.967
1/7/2026,7:30:00 AM,0,0.342,13.94
1/7/2026,7:45:00 AM,0,0.3413,13.915
1/7/2026,8:00:00 AM,0,0.3458,13.892
1/7/2026,8:15:00 AM,0,0.3446,13.867
1/7/2026,8:30:00 AM,0,0.3452,13.843
1/7/2026,8:45:00 AM,0,0.3445,13.824
1/7/2026,9:00:00 AM,0,0.3432,13.806
1/7/2026,9:15:00 AM,0,0.3425,13.783
1/7/2026,9:30:00 AM,0,0.3401,13.767
1/7/2026,9:45:00 AM,0,0.3424,13.75
1/7/2026,10:00:00 AM,0,0.3412,13.73
1/7/2026,10:15:00 AM,0,0.3416,13.716
1/7/2026,10:30:00 AM,0,0.3427,13.703
1/7/2026,10:45:00 AM,0,0.342,13.687
1/7/2026,11:00:00 AM,0,0.3431,13.681
1/7/2026,11:15:00 AM,0,0.3429,13.682
1/7/2026,11:30:00 AM,0,0.3422,13.699
1/7/2026,11:45:00 AM,0,0.3418,13.716
1/7/2026,12:00:00 PM,0,0.341,13.739
1/7/2026,12:15:00 PM,0,0.3401,13.763
1/7/2026,12:30:00 PM,0,0.3417,13.788
1/7/2026,12:45:00 PM,0,0.3416,13.817
1/7/2026,1:00:00 PM,0,0.3407,13.848
1/7/2026,1:15:00 PM,0,0.3409,13.886
1/7/2026,1:30:00 PM,0,0.3406,13.927
1/7/2026,1:45:00 PM,0,0.3409,13.973
1/7/2026,2:00:00 PM,0,0.3412,14.025
1/7/2026,2:15:00 PM,0,0.3414,14.081
1/7/2026,2:30:00 PM,0,0.3404,14.137
1/7/2026,2:45:00 PM,0,0.3405,14.193
1/7/2026,3:00:00 PM,0,0.3392,14.25
1/7/2026,3:15:00 PM,0,0.3391,14.307
1/7/2026,3:30:00 PM,0,0.3383,14.359
1/7/2026,3:45:00 PM,0,0.3387,14.41
1/7/2026,4:00:00 PM,0,0.3381,14.461
1/7/2026,4:15:00 PM,0,0.3375,14.506
1/7/2026,4:30:00 PM,0,0.3385,14.548
1/7/2026,4:45:00 PM,0,0.3372,14.587
1/7/2026,5:00:00 PM,0,0.3368,14.617
1/7/2026,5:15:00 PM,0,0.3367,14.645
1/7/2026,5:30:00 PM,0,0.3378,14.669
1/7/2026,5:45:00 PM,0,0.3377,14.685
1/7/2026,6:00:00 PM,0,0.3369,14.697
1/7/2026,6:15:00 PM,0,0.337,14.702
1/7/2026,6:30:00 PM,0,0.3371,14.704
1/7/2026,6:45:00 PM,0,0.3368,14.7
1/7/2026,7:00:00 PM,0,0.3363,14.686
1/7/2026,7:15:00 PM,0,0.3363,14.67
1/7/2026,7:30:00 PM,0,0.3364,14.644
1/7/2026,7:45:00 PM,0,0.3362,14.612
1/7/2026,8:00:00 PM,0,0.3354,14.569
1/7/2026,8:15:00 PM,0,0.3351,14.529
1/7/2026,8:30:00 PM,0,0.3355,14.488
1/7/2026,8:45:00 PM,0,0.3348,14.45
1/7/2026,9:00:00 PM,0,0.3351,14.411
1/7/2026,9:15:00 PM,0,0.3351,14.373
1/7/2026,9:30:00 PM,0,0.3353,14.335
1/7/2026,9:45:00 PM,0,0.3339,14.301
1/7/2026,10:00:00 PM,0,0.3348,14.264
1/7/2026,10:15:00 PM,0,0.3347,14.228
1/7/2026,10:30:00 PM,0,0.3343,14.192
1/7/2026,10:45:00 PM,0,0.3341,14.159
1/7/2026,11:00:00 PM,0,0.3315,14.13
1/7/2026,11:15:00 PM,0,0.3334,14.097
1/7/2026,11:30:00 PM,0,0.3335,14.069
1/7/2026,11:45:00 PM,0,0.3327,14.04
1/8/2026,12:00:00 AM,0,0.3316,14.013
1/8/2026,12:15:00 AM,0,0.3321,13.982
1/8/2026,12:30:00 AM,0,0.3324,13.958
1/8/2026,12:45:00 AM,0,0.3325,13.93
1/8/2026,1:00:00 AM,0,0.332,13.904
1/8/2026,1:15:00 AM,0,0.3322,13.876
1/8/2026,1:30:00 AM,0,0.3316,13.853
1/8/2026,1:45:00 AM,0,0.3313,13.827
1/8/2026,2:00:00 AM,0,0.3308,13.806
1/8/2026,2:15:00 AM,0,0.3307,13.785
1/8/2026,2:30:00 AM,0,0.3316,13.763
1/8/2026,2:45:00 AM,0,0.3318,13.749
1/8/2026,3:00:00 AM,0,0.3319,13.73
1/8/2026,3:15:00 AM,0,0.3305,13.717
1/8/2026,3:30:00 AM,0,0.3314,13.702
1/8/2026,3:45:00 AM,0,0.3316,13.682
1/8/2026,4:00:00 AM,0,0.331,13.666
1/8/2026,4:15:00 AM,0,0.3311,13.65
1/8/2026,4:30:00 AM,0,0.3344,13.629
1/8/2026,4:45:00 AM,0,0.329,13.606
1/8/2026,5:00:00 AM,0,0.3318,13.585
1/8/2026,5:15:00 AM,0,0.3331,13.566
1/8/2026,5:30:00 AM,0,0.3327,13.549
1/8/2026,5:45:00 AM,0,0.3332,13.533
1/8/2026,6:00:00 AM,0,0.3328,13.515
1/8/2026,6:15:00 AM,0,0.3334,13.496
1/8/2026,6:30:00 AM,0,0.3323,13.475
1/8/2026,6:45:00 AM,0,0.3318,13.462
1/8/2026,7:00:00 AM,0,0.3317,13.445
1/8/2026,7:15:00 AM,0,0.331,13.427
1/8/2026,7:30:00 AM,0,0.3344,13.408
1/8/2026,7:45:00 AM,0,0.3319,13.392
1/8/2026,8:00:00 AM,0,0.3343,13.369
1/8/2026,8:15:00 AM,0,0.3328,13.349
1/8/2026,8:30:00 AM,0,0.333,13.324
1/8/2026,8:45:00 AM,0,0.3346,13.304
1/8/2026,9:00:00 AM,0,0.3334,13.291
1/8/2026,9:15:00 AM,0,0.3342,13.277
1/8/2026,9:30:00 AM,0,0.3339,13.259
1/8/2026,9:45:00 AM,0,0.331,13.238
1/8/2026,10:00:00 AM,0,0.3316,13.221
1/8/2026,10:15:00 AM,0,0.3317,13.209
1/8/2026,10:30:00 AM,0,0.3318,13.206
1/8/2026,10:45:00 AM,0,0.3305,13.203
1/8/2026,11:00:00 AM,0,0.3323,13.207
1/8/2026,11:15:00 AM,0,0.3305,13.219
1/8/2026,11:30:00 AM,0,0.3325,13.234
1/8/2026,11:45:00 AM,0,0.33,13.248
1/8/2026,12:00:00 PM,0,0.3283,13.257
1/8/2026,12:15:00 PM,0,0.3304,13.262
1/8/2026,12:30:00 PM,0,0.3309,13.263
1/8/2026,12:45:00 PM,0,0.3312,13.264
1/8/2026,1:00:00 PM,0,0.3291,13.269
1/8/2026,1:15:00 PM,0,0.3291,13.28
1/8/2026,1:30:00 PM,0,0.3296,13.295
1/8/2026,1:45:00 PM,0,0.3286,13.313
1/8/2026,2:00:00 PM,0,0.3288,13.337
1/8/2026,2:15:00 PM,0,0.3284,13.364
1/8/2026,2:30:00 PM,0,0.3278,13.393
1/8/2026,2:45:00 PM,0,0.3281,13.428
1/8/2026,3:00:00 PM,0,0.3295,13.467
1/8/2026,3:15:00 PM,0,0.3298,13.51
1/8/2026,3:30:00 PM,0,0.3297,13.554
1/8/2026,3:45:00 PM,0,0.3306,13.599
1/8/2026,4:00:00 PM,0,0.3287,13.646
1/8/2026,4:15:00 PM,0,0.325,13.69
1/8/2026,4:30:00 PM,0,0.3259,13.733
1/8/2026,4:45:00 PM,0,0.3263,13.774
1/8/2026,5:00:00 PM,0,0.3286,13.808
1/8/2026,5:15:00 PM,0,0.3277,13.841
1/8/2026,5:30:00 PM,0,0.3265,13.87
1/8/2026,5:45:00 PM,0,0.3265,13.893
1/8/2026,6:00:00 PM,0,0.3264,13.914
1/8/2026,6:15:00 PM,0,0.3252,13.928
1/8/2026,6:30:00 PM,0,0.3263,13.937
1/8/2026,6:45:00 PM,0,0.3261,13.942
1/8/2026,7:00:00 PM,0,0.3253,13.938
1/8/2026,7:15:00 PM,0,0.3239,13.928
1/8/2026,7:30:00 PM,0,0.3237,13.912
1/8/2026,7:45:00 PM,0,0.324,13.884
1/8/2026,8:00:00 PM,0,0.3236,13.844
1/8/2026,8:15:00 PM,0,0.3241,13.795
1/8/2026,8:30:00 PM,0,0.3236,13.741
1/8/2026,8:45:00 PM,0,0.3231,13.68
1/8/2026,9:00:00 PM,0,0.3228,13.619
1/8/2026,9:15:00 PM,0,0.3222,13.557
1/8/2026,9:30:00 PM,0,0.3227,13.494
1/8/2026,9:45:00 PM,0,0.3228,13.435
1/8/2026,10:00:00 PM,0,0.3219,13.378
1/8/2026,10:15:00 PM,0,0.3228,13.323
1/8/2026,10:30:00 PM,0,0.3229,13.267
1/8/2026,10:45:00 PM,0,0.3223,13.216
1/8/2026,11:00:00 PM,0,0.3219,13.166
1/8/2026,11:15:00 PM,0,0.3212,13.119
1/8/2026,11:30:00 PM,0,0.3212,13.073
1/8/2026,11:45:00 PM,0,0.3215,13.026
1/9/2026,12:00:00 AM,0,0.3214,12.979
1/9/2026,12:15:00 AM,0,0.3215,12.93
1/9/2026,12:30:00 AM,0,0.3214,12.886
1/9/2026,12:45:00 AM,0,0.3209,12.842
1/9/2026,1:00:00 AM,0,0.3198,12.8
1/9/2026,1:15:00 AM,0,0.3216,12.757
1/9/2026,1:30:00 AM,0,0.3211,12.716
1/9/2026,1:45:00 AM,0,0.3204,12.676
1/9/2026,2:00:00 AM,0,0.3209,12.636
1/9/2026,2:15:00 AM,0,0.3204,12.596
1/9/2026,2:30:00 AM,0,0.3194,12.557
1/9/2026,2:45:00 AM,0,0.3198,12.519
1/9/2026,3:00:00 AM,0,0.321,12.481
1/9/2026,3:15:00 AM,0,0.3203,12.447
1/9/2026,3:30:00 AM,0,0.3199,12.412
1/9/2026,3:45:00 AM,0,0.3209,12.378
1/9/2026,4:00:00 AM,0,0.3203,12.344
1/9/2026,4:15:00 AM,0,0.3199,12.309
1/9/2026,4:30:00 AM,0,0.3199,12.277
1/9/2026,4:45:00 AM,0,0.3198,12.243
1/9/2026,5:00:00 AM,0,0.3203,12.211
1/9/2026,5:15:00 AM,0,0.3202,12.181
1/9/2026,5:30:00 AM,0,0.3201,12.146
1/9/2026,5:45:00 AM,0,0.32,12.114
1/9/2026,6:00:00 AM,0,0.3197,12.083
1/9/2026,6:15:00 AM,0,0.3194,12.054
1/9/2026,6:30:00 AM,0,0.3199,12.022
1/9/2026,6:45:00 AM,0,0.3202,11.993
1/9/2026,7:00:00 AM,0,0.3196,11.962
1/9/2026,7:15:00 AM,0,0.3197,11.933
1/9/2026,7:30:00 AM,0,0.3218,11.903
1/9/2026,7:45:00 AM,0,0.3223,11.875
1/9/2026,8:00:00 AM,0,0.3244,11.846
1/9/2026,8:15:00 AM,0,0.3242,11.82
1/9/2026,8:30:00 AM,0,0.3243,11.793
1/9/2026,8:45:00 AM,0,0.3232,11.767
1/9/2026,9:00:00 AM,0,0.3212,11.749
1/9/2026,9:15:00 AM,0,0.3225,11.727
1/9/2026,9:30:00 AM,0,0.3217,11.711
1/9/2026,9:45:00 AM,0,0.3207,11.698
1/9/2026,10:00:00 AM,0,0.3201,11.685
1/9/2026,10:15:00 AM,0,0.32,11.676
1/9/2026,10:30:00 AM,0,0.3195,11.669
1/9/2026,10:45:00 AM,0,0.3202,11.665
1/9/2026,11:00:00 AM,0,0.32,11.664
1/9/2026,11:15:00 AM,0,0.3205,11.674
1/9/2026,11:30:00 AM,0,0.3207,11.69
1/9/2026,11:45:00 AM,0,0.3206,11.708
1/9/2026,12:00:00 PM,0,0.3207,11.723
1/9/2026,12:15:00 PM,0,0.3201,11.731
1/9/2026,12:30:00 PM,0,0.3209,11.743
1/9/2026,12:45:00 PM,0,0.3211,11.759
1/9/2026,1:00:00 PM,0,0.3218,11.781
1/9/2026,1:15:00 PM,0,0.3211,11.803
1/9/2026,1:30:00 PM,0,0.3226,11.833
1/9/2026,1:45:00 PM,0,0.3213,11.866
1/9/2026,2:00:00 PM,0,0.3215,11.904
1/9/2026,2:15:00 PM,0,0.3213,11.952
1/9/2026,2:30:00 PM,0,0.322,11.998
1/9/2026,2:45:00 PM,0,0.3216,12.055
1/9/2026,3:00:00 PM,0,0.3214,12.117
1/9/2026,3:15:00 PM,0,0.3223,12.18
1/9/2026,3:30:00 PM,0,0.3217,12.249
1/9/2026,3:45:00 PM,0,0.3237,12.32
1/9/2026,4:00:00 PM,0,0.3236,12.395
1/9/2026,4:15:00 PM,0,0.3244,12.467
1/9/2026,4:30:00 PM,0,0.3246,12.542
1/9/2026,4:45:00 PM,0,0.3239,12.615
1/9/2026,5:00:00 PM,0,0.3221,12.682
1/9/2026,5:15:00 PM,0,0.3222,12.743
1/9/2026,5:30:00 PM,0,0.3221,12.8
1/9/2026,5:45:00 PM,0,0.322,12.849
1/9/2026,6:00:00 PM,0,0.3217,12.894
1/9/2026,6:15:00 PM,0,0.3218,12.929
1/9/2026,6:30:00 PM,0,0.3224,12.959
1/9/2026,6:45:00 PM,0,0.3217,12.981
1/9/2026,7:00:00 PM,0,0.3216,12.997
1/9/2026,7:15:00 PM,0,0.3216,13.008
1/9/2026,7:30:00 PM,0,0.3218,13.013
1/9/2026,7:45:00 PM,0,0.3217,13.014
1/9/2026,8:00:00 PM,0,0.3216,13.008
1/9/2026,8:15:00 PM,0,0.3212,12.998
1/9/2026,8:30:00 PM,0,0.3217,12.981
1/9/2026,8:45:00 PM,0,0.3216,12.956
1/9/2026,9:00:00 PM,0,0.3218,12.927
1/9/2026,9:15:00 PM,0,0.3211,12.891
1/9/2026,9:30:00 PM,0,0.322,12.854
1/9/2026,9:45:00 PM,0,0.3217,12.811
1/9/2026,10:00:00 PM,0,0.3211,12.77
1/9/2026,10:15:00 PM,0,0.3211,12.73
1/9/2026,10:30:00 PM,0,0.32,12.696
1/9/2026,10:45:00 PM,0,0.3203,12.658
1/9/2026,11:00:00 PM,0,0.3199,12.619
1/9/2026,11:15:00 PM,0,0.3209,12.57
1/9/2026,11:30:00 PM,0,0.3201,12.522
1/9/2026,11:45:00 PM,0,0.3198,12.475
1/10/2026,12:00:00 AM,0,0.319,12.433
1/10/2026,12:15:00 AM,0,0.3205,12.386
1/10/2026,12:30:00 AM,0,0.3198,12.338
1/10/2026,12:45:00 AM,0,0.3201,12.292
1/10/2026,1:00:00 AM,0,0.3224,12.246
1/10/2026,1:15:00 AM,0,0.3233,12.202
1/10/2026,1:30:00 AM,0,0.3221,12.159
1/10/2026,1:45:00 AM,0,0.3218,12.115
1/10/2026,2:00:00 AM,0,0.3202,12.074
1/10/2026,2:15:00 AM,0,0.32,12.029
1/10/2026,2:30:00 AM,0,0.3199,11.991
1/10/2026,2:45:00 AM,0,0.3194,11.948
1/10/2026,3:00:00 AM,0,0.3186,11.907
1/10/2026,3:15:00 AM,0,0.3191,11.867
1/10/2026,3:30:00 AM,0,0.3191,11.825
1/10/2026,3:45:00 AM,0,0.3195,11.779
1/10/2026,4:00:00 AM,0,0.3192,11.73
1/10/2026,4:15:00 AM,0,0.319,11.684
1/10/2026,4:30:00 AM,0,0.3185,11.641
1/10/2026,4:45:00 AM,0,0.3191,11.603
1/10/2026,5:00:00 AM,0,0.3196,11.567
1/10/2026,5:15:00 AM,0,0.3189,11.535
1/10/2026,5:30:00 AM,0,0.3187,11.504
1/10/2026,5:45:00 AM,0,0.3188,11.478
1/10/2026,6:00:00 AM,0,0.3194,11.451
1/10/2026,6:15:00 AM,0,0.3185,11.422
1/10/2026,6:30:00 AM,0,0.3193,11.392
1/10/2026,6:45:00 AM,0,0.319,11.359
1/10/2026,7:00:00 AM,0,0.319,11.329
1/10/2026,7:15:00 AM,0,0.3183,11.3
1/10/2026,7:30:00 AM,0,0.3207,11.267
1/10/2026,7:45:00 AM,0,0.3213,11.234
1/10/2026,8:00:00 AM,0,0.3239,11.205
1/10/2026,8:15:00 AM,0,0.3229,11.172
1/10/2026,8:30:00 AM,0,0.3237,11.143
1/10/2026,8:45:00 AM,0,0.321,11.116
1/10/2026,9:00:00 AM,0,0.3222,11.089
1/10/2026,9:15:00 AM,0,0.3205,11.066
1/10/2026,9:30:00 AM,0,0.3201,11.044
1/10/2026,9:45:00 AM,0,0.3179,11.027
1/10/2026,10:00:00 AM,0,0.3189,11.009
1/10/2026,10:15:00 AM,0,0.319,10.993
1/10/2026,10:30:00 AM,0,0.3184,10.983
1/10/2026,10:45:00 AM,0,0.3192,10.973
1/10/2026,11:00:00 AM,0,0.3187,10.97
1/10/2026,11:15:00 AM,0,0.3198,10.973
1/10/2026,11:30:00 AM,0,0.3207,10.978
1/10/2026,11:45:00 AM,0,0.3206,10.993
1/10/2026,12:00:00 PM,0,0.3208,11.004
1/10/2026,12:15:00 PM,0,0.3214,11.016
1/10/2026,12:30:00 PM,0,0.3213,11.029
1/10/2026,12:45:00 PM,0,0.3211,11.045
1/10/2026,1:00:00 PM,0,0.3213,11.065
1/10/2026,1:15:00 PM,0,0.3221,11.095
1/10/2026,1:30:00 PM,0,0.3214,11.129
1/10/2026,1:45:00 PM,0,0.3212,11.171
1/10/2026,2:00:00 PM,0,0.3224,11.221
1/10/2026,2:15:00 PM,0,0.3216,11.276
1/10/2026,2:30:00 PM,0,0.3218,11.335
1/10/2026,2:45:00 PM,0,0.3226,11.398
1/10/2026,3:00:00 PM,0,0.3224,11.467
1/10/2026,3:15:00 PM,0,0.3221,11.539
1/10/2026,3:30:00 PM,0,0.3229,11.616
1/10/2026,3:45:00 PM,0,0.3228,11.696
1/10/2026,4:00:00 PM,0,0.3219,11.777
1/10/2026,4:15:00 PM,0,0.3224,11.857
1/10/2026,4:30:00 PM,0,0.3221,11.934
1/10/2026,4:45:00 PM,0,0.3217,12.011
1/10/2026,5:00:00 PM,0,0.3201,12.081
1/10/2026,5:15:00 PM,0,0.3204,12.149
1/10/2026,5:30:00 PM,0,0.3201,12.211
1/10/2026,5:45:00 PM,0,0.3201,12.264
1/10/2026,6:00:00 PM,0,0.3201,12.316
1/10/2026,6:15:00 PM,0,0.3191,12.357
1/10/2026,6:30:00 PM,0,0.3196,12.399
1/10/2026,6:45:00 PM,0,0.3201,12.43
1/10/2026,7:00:00 PM,0,0.3198,12.455
1/10/2026,7:15:00 PM,0,0.3202,12.473
1/10/2026,7:30:00 PM,0,0.3199,12.488
1/10/2026,7:45:00 PM,0,0.3196,12.495
1/10/2026,8:00:00 PM,0,0.3193,12.498
1/10/2026,8:15:00 PM,0,0.3194,12.495
1/10/2026,8:30:00 PM,0,0.3198,12.482
1/10/2026,8:45:00 PM,0,0.3196,12.462
1/10/2026,9:00:00 PM,0,0.3194,12.438
1/10/2026,9:15:00 PM,0,0.3191,12.408
1/10/2026,9:30:00 PM,0,0.3187,12.377
1/10/2026,9:45:00 PM,0,0.3181,12.344
1/10/2026,10:00:00 PM,0,0.318,12.309
1/10/2026,10:15:00 PM,0,0.3173,12.271
1/10/2026,10:30:00 PM,0,0.3167,12.235
1/10/2026,10:45:00 PM,0,0.3173,12.196
1/10/2026,11:00:00 PM,0,0.3176,12.155
1/10/2026,11:15:00 PM,0,0.3175,12.115
1/10/2026,11:30:00 PM,0,0.3162,12.075
1/10/2026,11:45:00 PM,0,0.317,12.035
1/11/2026,12:00:00 AM,0,0.3159,11.992
1/11/2026,12:15:00 AM,0,0.3162,11.952
1/11/2026,12:30:00 AM,0,0.317,11.909
1/11/2026,12:45:00 AM,0,0.3162,11.87
1/11/2026,1:00:00 AM,0,0.3161,11.829
1/11/2026,1:15:00 AM,0,0.316,11.789
1/11/2026,1:30:00 AM,0,0.3156,11.746
1/11/2026,1:45:00 AM,0,0.3156,11.707
1/11/2026,2:00:00 AM,0,0.315,11.668
1/11/2026,2:15:00 AM,0,0.3156,11.628
1/11/2026,2:30:00 AM,0,0.3156,11.591
1/11/2026,2:45:00 AM,0,0.3153,11.551
1/11/2026,3:00:00 AM,0,0.3151,11.513
1/11/2026,3:15:00 AM,0,0.3157,11.476
1/11/2026,3:30:00 AM,0,0.315,11.441
1/11/2026,3:45:00 AM,0,0.3152,11.402
1/11/2026,4:00:00 AM,0,0.3148,11.367
1/11/2026,4:15:00 AM,0,0.3146,11.331
1/11/2026,4:30:00 AM,0,0.315,11.296
1/11/2026,4:45:00 AM,0,0.3149,11.261
1/11/2026,5:00:00 AM,0,0.3148,11.227
1/11/2026,5:15:00 AM,0,0.3156,11.192
1/11/2026,5:30:00 AM,0,0.3153,11.158
1/11/2026,5:45:00 AM,0,0.3151,11.127
1/11/2026,6:00:00 AM,0,0.3153,11.093
1/11/2026,6:15:00 AM,0,0.3152,11.06
1/11/2026,6:30:00 AM,0,0.3143,11.028
1/11/2026,6:45:00 AM,0,0.3157,11
1/11/2026,7:00:00 AM,0,0.3148,10.97
1/11/2026,7:15:00 AM,0,0.3155,10.945
1/11/2026,7:30:00 AM,0,0.3178,10.913
1/11/2026,7:45:00 AM,0,0.3199,10.888
1/11/2026,8:00:00 AM,0,0.3202,10.862
1/11/2026,8:15:00 AM,0,0.3179,10.84
1/11/2026,8:30:00 AM,0,0.3184,10.818
1/11/2026,8:45:00 AM,0,0.3166,10.799
1/11/2026,9:00:00 AM,0,0.3173,10.782
1/11/2026,9:15:00 AM,0,0.3151,10.766
1/11/2026,9:30:00 AM,0,0.3171,10.752
1/11/2026,9:45:00 AM,0,0.3152,10.738
1/11/2026,10:00:00 AM,0,0.316,10.728
1/11/2026,10:15:00 AM,0,0.3152,10.719
1/11/2026,10:30:00 AM,0,0.3162,10.714
1/11/2026,10:45:00 AM,0,0.3169,10.71
1/11/2026,11:00:00 AM,0,0.3167,10.711
1/11/2026,11:15:00 AM,0,0.3164,10.719
1/11/2026,11:30:00 AM,0,0.3172,10.733
1/11/2026,11:45:00 AM,0,0.3169,10.751
1/11/2026,12:00:00 PM,0,0.3169,10.771
1/11/2026,12:15:00 PM,0,0.3167,10.789
1/11/2026,12:30:00 PM,0,0.3169,10.802
1/11/2026,12:45:00 PM,0,0.3162,10.819
1/11/2026,1:00:00 PM,0,0.3161,10.839
1/11/2026,1:15:00 PM,0,0.3157,10.863
1/11/2026,1:30:00 PM,0,0.3159,10.893
1/11/2026,1:45:00 PM,0,0.3161,10.931
1/11/2026,2:00:00 PM,0,0.3164,10.972
1/11/2026,2:15:00 PM,0,0.3164,11.023
1/11/2026,2:30:00 PM,0,0.3164,11.077
1/11/2026,2:45:00 PM,0,0.3167,11.139
1/11/2026,3:00:00 PM,0,0.3167,11.208
1/11/2026,3:15:00 PM,0,0.316,11.282
1/11/2026,3:30:00 PM,0,0.3167,11.362
1/11/2026,3:45:00 PM,0,0.3162,11.442
1/11/2026,4:00:00 PM,0,0.3159,11.526
1/11/2026,4:15:00 PM,0,0.3153,11.614
1/11/2026,4:30:00 PM,0,0.3159,11.699
1/11/2026,4:45:00 PM,0,0.3156,11.784
1/11/2026,5:00:00 PM,0,0.3146,11.867
1/11/2026,5:15:00 PM,0,0.3144,11.943
1/11/2026,5:30:00 PM,0,0.315,12.016
1/11/2026,5:45:00 PM,0,0.315,12.084
1/11/2026,6:00:00 PM,0,0.315,12.144
1/11/2026,6:15:00 PM,0,0.3151,12.2
1/11/2026,6:30:00 PM,0,0.3142,12.245
1/11/2026,6:45:00 PM,0,0.3148,12.285
1/11/2026,7:00:00 PM,0,0.3148,12.318
1/11/2026,7:15:00 PM,0,0.3151,12.349
1/11/2026,7:30:00 PM,0,0.3149,12.37
1/11/2026,7:45:00 PM,0,0.315,12.39
1/11/2026,8:00:00 PM,0,0.3148,12.4
1/11/2026,8:15:00 PM,0,0.3146,12.409
1/11/2026,8:30:00 PM,0,0.3153,12.414
1/11/2026,8:45:00 PM,0,0.3141,12.411
1/11/2026,9:00:00 PM,0,0.3143,12.404
1/11/2026,9:15:00 PM,0,0.315,12.391
1/11/2026,9:30:00 PM,0,0.3148,12.369
1/11/2026,9:45:00 PM,0,0.3149,12.345
1/11/2026,10:00:00 PM,0,0.3136,12.316
1/11/2026,10:15:00 PM,0,0.3141,12.284
1/11/2026,10:30:00 PM,0,0.3141,12.253
1/11/2026,10:45:00 PM,0,0.3144,12.221
1/11/2026,11:00:00 PM,0,0.3141,12.186
1/11/2026,11:15:00 PM,0,0.3141,12.151
1/11/2026,11:30:00 PM,0,0.3133,12.114
1/11/2026,11:45:00 PM,0,0.3127,12.079
1/12/2026,12:00:00 AM,0,0.3132,12.043
1/12/2026,12:15:00 AM,0,0.3128,12.007
1/12/2026,12:30:00 AM,0,0.313,11.972
1/12/2026,12:45:00 AM,0,0.3127,11.933
1/12/2026,1:00:00 AM,0,0.3117,11.895
1/12/2026,1:15:00 AM,0,0.313,11.856
1/12/2026,1:30:00 AM,0,0.3118,11.816
1/12/2026,1:45:00 AM,0,0.3122,11.777
1/12/2026,2:00:00 AM,0,0.3119,11.741
1/12/2026,2:15:00 AM,0,0.3121,11.703
1/12/2026,2:30:00 AM,0,0.3118,11.666
1/12/2026,2:45:00 AM,0,0.312,11.628
1/12/2026,3:00:00 AM,0,0.3117,11.593
1/12/2026,3:15:00 AM,0,0.312,11.557
1/12/2026,3:30:00 AM,0,0.3127,11.521
1/12/2026,3:45:00 AM,0,0.3125,11.485
1/12/2026,4:00:00 AM,0,0.3122,11.449
1/12/2026,4:15:00 AM,0,0.312,11.411
1/12/2026,4:30:00 AM,0,0.3121,11.375
1/12/2026,4:45:00 AM,0,0.3116,11.336
1/12/2026,5:00:00 AM,0,0.312,11.302
1/12/2026,5:15:00 AM,0,0.3112,11.267
1/12/2026,5:30:00 AM,0,0.312,11.228
1/12/2026,5:45:00 AM,0,0.3118,11.192
1/12/2026,6:00:00 AM,0,0.3115,11.155
1/12/2026,6:15:00 AM,0,0.3115,11.124
1/12/2026,6:30:00 AM,0,0.3116,11.092
1/12/2026,6:45:00 AM,0,0.3121,11.061
1/12/2026,7:00:00 AM,0,0.3123,11.028
1/12/2026,7:15:00 AM,0,0.3114,10.997
1/12/2026,7:30:00 AM,0,0.3145,10.967
1/12/2026,7:45:00 AM,0,0.3148,10.938
1/12/2026,8:00:00 AM,0,0.3186,10.908
1/12/2026,8:15:00 AM,0,0.3141,10.881
1/12/2026,8:30:00 AM,0,0.3185,10.855
1/12/2026,8:45:00 AM,0,0.3172,10.831
1/12/2026,9:00:00 AM,0,0.3148,10.81
1/12/2026,9:15:00 AM,0,0.3132,10.793
1/12/2026,9:30:00 AM,0,0.314,10.778
1/12/2026,9:45:00 AM,0,0.3133,10.765
1/12/2026,10:00:00 AM,0,0.3138,10.752
1/12/2026,10:15:00 AM,0,0.314,10.742
1/12/2026,10:30:00 AM,0,0.314,10.736
1/12/2026,10:45:00 AM,0,0.3135,10.728
1/12/2026,11:00:00 AM,0,0.3129,10.727
1/12/2026,11:15:00 AM,0,0.3139,10.731
1/12/2026,11:30:00 AM,0,0.3136,10.745
1/12/2026,11:45:00 AM,0,0.3133,10.769
1/12/2026,12:00:00 PM,0,0.3142,10.795
1/12/2026,12:15:00 PM,0,0.3142,10.813
1/12/2026,12:30:00 PM,0,0.3136,10.827
1/12/2026,12:45:00 PM,0,0.3139,10.838
1/12/2026,1:00:00 PM,0,0.3133,10.85
1/12/2026,1:15:00 PM,0,0.3144,10.868
1/12/2026,1:30:00 PM,0,0.3137,10.889
1/12/2026,1:45:00 PM,0,0.3141,10.918
1/12/2026,2:00:00 PM,0,0.3142,10.951
1/12/2026,2:15:00 PM,0,0.3134,10.991
1/12/2026,2:30:00 PM,0,0.3137,11.04
1/12/2026,2:45:00 PM,0,0.3142,11.094
1/12/2026,3:00:00 PM,0,0.3134,11.155
1/12/2026,3:15:00 PM,0,0.3121,11.221
1/12/2026,3:30:00 PM,0,0.3137,11.296
1/12/2026,3:45:00 PM,0,0.3133,11.375
1/12/2026,4:00:00 PM,0,0.3125,11.459
1/12/2026,4:15:00 PM,0,0.3127,11.543
1/12/2026,4:30:00 PM,0,0.3132,11.631
1/12/2026,4:45:00 PM,0,0.313,11.721
1/12/2026,5:00:00 PM,0,0.313,11.806
1/12/2026,5:15:00 PM,0,0.3129,11.887
1/12/2026,5:30:00 PM,0,0.3131,11.963
1/12/2026,5:45:00 PM,0,0.3127,12.031
1/12/2026,6:00:00 PM,0,0.3137,12.093
1/12/2026,6:15:00 PM,0,0.314,12.149
1/12/2026,6:30:00 PM,0,0.3134,12.196
1/12/2026,6:45:00 PM,0,0.3147,12.24
1/12/2026,7:00:00 PM,0,0.3135,12.275
1/12/2026,7:15:00 PM,0,0.3134,12.307
1/12/2026,7:30:00 PM,0,0.3128,12.329
1/12/2026,7:45:00 PM,0,0.3134,12.35
1/12/2026,8:00:00 PM,0,0.3132,12.365
1/12/2026,8:15:00 PM,0,0.3134,12.373
1/12/2026,8:30:00 PM,0,0.3132,12.378
1/12/2026,8:45:00 PM,0,0.313,12.38
1/12/2026,9:00:00 PM,0,0.3133,12.376
1/12/2026,9:15:00 PM,0,0.3127,12.369
1/12/2026,9:30:00 PM,0,0.3116,12.353
1/12/2026,9:45:00 PM,0,0.3126,12.33
1/12/2026,10:00:00 PM,0,0.3116,12.306
1/12/2026,10:15:00 PM,0,0.3117,12.276
1/12/2026,10:30:00 PM,0,0.312,12.243
1/12/2026,10:45:00 PM,0,0.3113,12.211
1/12/2026,11:00:00 PM,0,0.3121,12.177
1/12/2026,11:15:00 PM,0,0.3113,12.142
1/12/2026,11:30:00 PM,0,0.3116,12.109
1/12/2026,11:45:00 PM,0,0.3103,12.074
1/13/2026,12:00:00 AM,0,0.3113,12.039
1/13/2026,12:15:00 AM,0,0.312,12.002
1/13/2026,12:30:00 AM,0,0.3105,11.965
1/13/2026,12:45:00 AM,0,0.3113,11.929
1/13/2026,1:00:00 AM,0,0.3101,11.894
1/13/2026,1:15:00 AM,0,0.3114,11.856
1/13/2026,1:30:00 AM,0,0.3103,11.82
1/13/2026,1:45:00 AM,0,0.3103,11.786
1/13/2026,2:00:00 AM,0,0.3097,11.75
1/13/2026,2:15:00 AM,0,0.3103,11.712
1/13/2026,2:30:00 AM,0,0.3101,11.679
1/13/2026,2:45:00 AM,0,0.3098,11.643
1/13/2026,3:00:00 AM,0,0.3104,11.606
1/13/2026,3:15:00 AM,0,0.3096,11.57
1/13/2026,3:30:00 AM,0,0.3102,11.534
1/13/2026,3:45:00 AM,0,0.3106,11.496
1/13/2026,4:00:00 AM,0,0.31,11.46
1/13/2026,4:15:00 AM,0,0.3104,11.426
1/13/2026,4:30:00 AM,0,0.3099,11.386
1/13/2026,4:45:00 AM,0,0.3097,11.351
1/13/2026,5:00:00 AM,0,0.3095,11.314
1/13/2026,5:15:00 AM,0,0.31,11.279
1/13/2026,5:30:00 AM,0,0.3095,11.243
1/13/2026,5:45:00 AM,0,0.3105,11.212
1/13/2026,6:00:00 AM,0,0.3091,11.176
1/13/2026,6:15:00 AM,0,0.3096,11.143
1/13/2026,6:30:00 AM,0,0.3088,11.11
1/13/2026,6:45:00 AM,0,0.3095,11.078
1/13/2026,7:00:00 AM,0,0.3103,11.044
1/13/2026,7:15:00 AM,0,0.3097,11.013
1/13/2026,7:30:00 AM,0,0.3123,10.983
1/13/2026,7:45:00 AM,0,0.3138,10.952
1/13/2026,8:00:00 AM,0,0.3149,10.924
1/13/2026,8:15:00 AM,0,0.3118,10.897
1/13/2026,8:30:00 AM,0,0.3155,10.872
1/13/2026,8:45:00 AM,0,0.3134,10.847
1/13/2026,9:00:00 AM,0,0.3125,10.825
1/13/2026,9:15:00 AM,0,0.3116,10.807
1/13/2026,9:30:00 AM,0,0.3101,10.789
1/13/2026,9:45:00 AM,0,0.3107,10.774
1/13/2026,10:00:00 AM,0,0.3098,10.759
1/13/2026,10:15:00 AM,0,0.3104,10.75
1/13/2026,10:30:00 AM,0,0.3106,10.744
1/13/2026,10:45:00 AM,0,0.3104,10.738
1/13/2026,11:00:00 AM,0,0.3099,10.739
1/13/2026,11:15:00 AM,0,0.3106,10.744
1/13/2026,11:30:00 AM,0,0.3108,10.756
1/13/2026,11:45:00 AM,0,0.3108,10.773
1/13/2026,12:00:00 PM,0,0.3111,10.79
1/13/2026,12:15:00 PM,0,0.3105,10.804
1/13/2026,12:30:00 PM,0,0.3111,10.813
1/13/2026,12:45:00 PM,0,0.3106,10.823
1/13/2026,1:00:00 PM,0,0.3107,10.836
1/13/2026,1:15:00 PM,0,0.3102,10.853
1/13/2026,1:30:00 PM,0,0.3107,10.874
1/13/2026,1:45:00 PM,0,0.3105,10.902
1/13/2026,2:00:00 PM,0,0.3111,10.935
1/13/2026,2:15:00 PM,0,0.3106,10.974
1/13/2026,2:30:00 PM,0,0.3113,11.02
1/13/2026,2:45:00 PM,0,0.3104,11.074
1/13/2026,3:00:00 PM,0,0.3114,11.135
1/13/2026,3:15:00 PM,0,0.3102,11.205
1/13/2026,3:30:00 PM,0,0.3104,11.285
1/13/2026,3:45:00 PM,0,0.3112,11.37
1/13/2026,4:00:00 PM,0,0.3115,11.464
1/13/2026,4:15:00 PM,0,0.3106,11.564
1/13/2026,4:30:00 PM,0,0.31,11.668
1/13/2026,4:45:00 PM,0,0.3102,11.77
1/13/2026,5:00:00 PM,0,0.3081,11.869
1/13/2026,5:15:00 PM,0,0.3089,11.966
1/13/2026,5:30:00 PM,0,0.3093,12.055
1/13/2026,5:45:00 PM,0,0.3098,12.14
1/13/2026,6:00:00 PM,0,0.3096,12.214
1/13/2026,6:15:00 PM,0,0.3099,12.283
1/13/2026,6:30:00 PM,0,0.3097,12.342
1/13/2026,6:45:00 PM,0,0.3091,12.391
1/13/2026,7:00:00 PM,0,0.3093,12.434
1/13/2026,7:15:00 PM,0,0.3095,12.47
1/13/2026,7:30:00 PM,0,0.3096,12.498
1/13/2026,7:45:00 PM,0,0.3096,12.521
1/13/2026,8:00:00 PM,0,0.3094,12.539
1/13/2026,8:15:00 PM,0,0.3093,12.552
1/13/2026,8:30:00 PM,0,0.3088,12.561
1/13/2026,8:45:00 PM,0,0.3094,12.564
1/13/2026,9:00:00 PM,0,0.3095,12.564
1/13/2026,9:15:00 PM,0,0.3095,12.561
1/13/2026,9:30:00 PM,0,0.3089,12.554
1/13/2026,9:45:00 PM,0,0.3092,12.544
1/13/2026,10:00:00 PM,0,0.3098,12.532
1/13/2026,10:15:00 PM,0,0.309,12.516
1/13/2026,10:30:00 PM,0,0.3096,12.494
1/13/2026,10:45:00 PM,0,0.3093,12.472
1/13/2026,11:00:00 PM,0,0.3097,12.442
1/13/2026,11:15:00 PM,0,0.3096,12.413
1/13/2026,11:30:00 PM,0,0.3086,12.38
1/13/2026,11:45:00 PM,0,0.3086,12.347
1/14/2026,12:00:00 AM,0,0.3093,12.314
1/14/2026,12:15:00 AM,0,0.3082,12.28
1/14/2026,12:30:00 AM,0,0.309,12.245
1/14/2026,12:45:00 AM,0,0.3088,12.21
1/14/2026,1:00:00 AM,0,0.309,12.179
1/14/2026,1:15:00 AM,0,0.3087,12.146
1/14/2026,1:30:00 AM,0,0.3092,12.116
1/14/2026,1:45:00 AM,0,0.3082,12.086
1/14/2026,2:00:00 AM,0,0.3079,12.053
1/14/2026,2:15:00 AM,0,0.3085,12.023
1/14/2026,2:30:00 AM,0,0.3085,11.994
1/14/2026,2:45:00 AM,0,0.3085,11.962
1/14/2026,3:00:00 AM,0,0.3089,11.934
1/14/2026,3:15:00 AM,0,0.3084,11.905
1/14/2026,3:30:00 AM,0,0.309,11.875
1/14/2026,3:45:00 AM,0,0.3087,11.844
1/14/2026,4:00:00 AM,0,0.308,11.815
1/14/2026,4:15:00 AM,0,0.3083,11.784
1/14/2026,4:30:00 AM,0,0.3083,11.758
1/14/2026,4:45:00 AM,0,0.3081,11.725
1/14/2026,5:00:00 AM,0,0.3077,11.695
1/14/2026,5:15:00 AM,0,0.3083,11.667
1/14/2026,5:30:00 AM,0,0.3082,11.636
1/14/2026,5:45:00 AM,0,0.3083,11.604
1/14/2026,6:00:00 AM,0,0.3082,11.576
1/14/2026,6:15:00 AM,0,0.3081,11.546
1/14/2026,6:30:00 AM,0,0.3087,11.518
1/14/2026,6:45:00 AM,0,0.309,11.489
1/14/2026,7:00:00 AM,0,0.3091,11.462
1/14/2026,7:15:00 AM,0,0.3089,11.436
1/14/2026,7:30:00 AM,0,0.3124,11.407
1/14/2026,7:45:00 AM,0,0.3118,11.381
1/14/2026,8:00:00 AM,0,0.3148,11.354
1/14/2026,8:15:00 AM,0,0.3109,11.328
1/14/2026,8:30:00 AM,0,0.3124,11.304
1/14/2026,8:45:00 AM,0,0.3125,11.282
1/14/2026,9:00:00 AM,0,0.3102,11.259
1/14/2026,9:15:00 AM,0,0.3108,11.239
1/14/2026,9:30:00 AM,0,0.3097,11.221
1/14/2026,9:45:00 AM,0,0.3101,11.205
1/14/2026,10:00:00 AM,0,0.3103,11.191
1/14/2026,10:15:00 AM,0,0.3101,11.181
1/14/2026,10:30:00 AM,0,0.3095,11.172
1/14/2026,10:45:00 AM,0,0.3091,11.166
1/14/2026,11:00:00 AM,0,0.3094,11.167
1/14/2026,11:15:00 AM,0,0.3098,11.173
1/14/2026,11:30:00 AM,0,0.3109,11.188
1/14/2026,11:45:00 AM,0,0.3112,11.204
1/14/2026,12:00:00 PM,0,0.3116,11.22
1/14/2026,12:15:00 PM,0,0.3114,11.23
1/14/2026,12:30:00 PM,0,0.3114,11.237
1/14/2026,12:45:00 PM,0,0.3116,11.246
1/14/2026,1:00:00 PM,0,0.3116,11.255
1/14/2026,1:15:00 PM,0,0.3123,11.269
1/14/2026,1:30:00 PM,0,0.3125,11.287
1/14/2026,1:45:00 PM,0,0.3127,11.31
1/14/2026,2:00:00 PM,0,0.3117,11.339
1/14/2026,2:15:00 PM,0,0.3119,11.378
1/14/2026,2:30:00 PM,0,0.3124,11.425
1/14/2026,2:45:00 PM,0,0.3115,11.482
1/14/2026,3:00:00 PM,0,0.3124,11.55
1/14/2026,3:15:00 PM,0,0.3112,11.629
1/14/2026,3:30:00 PM,0,0.3113,11.722
1/14/2026,3:45:00 PM,0,0.3112,11.824
1/14/2026,4:00:00 PM,0,0.3125,11.935
1/14/2026,4:15:00 PM,0,0.3134,12.049
1/14/2026,4:30:00 PM,0,0.3138,12.167
1/14/2026,4:45:00 PM,0,0.3136,12.285
1/14/2026,5:00:00 PM,0,0.3129,12.4
1/14/2026,5:15:00 PM,0,0.3134,12.504
1/14/2026,5:30:00 PM,0,0.3131,12.599
1/14/2026,5:45:00 PM,0,0.3129,12.684
1/14/2026,6:00:00 PM,0,0.3127,12.757
1/14/2026,6:15:00 PM,0,0.312,12.822
1/14/2026,6:30:00 PM,0,0.3119,12.874
1/14/2026,6:45:00 PM,0,0.3113,12.918
1/14/2026,7:00:00 PM,0,0.311,12.954
1/14/2026,7:15:00 PM,0,0.3107,12.983
1/14/2026,7:30:00 PM,0,0.3104,13.002
1/14/2026,7:45:00 PM,0,0.3098,13.02
1/14/2026,8:00:00 PM,0,0.3108,13.03
1/14/2026,8:15:00 PM,0,0.3109,13.036
1/14/2026,8:30:00 PM,0,0.3099,13.037
1/14/2026,8:45:00 PM,0,0.3103,13.038
1/14/2026,9:00:00 PM,0,0.3097,13.032
1/14/2026,9:15:00 PM,0,0.31,13.023
1/14/2026,9:30:00 PM,0,0.3096,13.012
1/14/2026,9:45:00 PM,0,0.3093,12.998
1/14/2026,10:00:00 PM,0,0.3089,12.981
1/14/2026,10:15:00 PM,0,0.3095,12.962
1/14/2026,10:30:00 PM,0,0.3084,12.941
1/14/2026,10:45:00 PM,0,0.3086,12.915
1/14/2026,11:00:00 PM,0,0.3096,12.891
1/14/2026,11:15:00 PM,0,0.3092,12.859
1/14/2026,11:30:00 PM,0,0.3093,12.829
1/14/2026,11:45:00 PM,0,0.3097,12.797
1/15/2026,12:00:00 AM,0,0.3095,12.762
1/15/2026,12:15:00 AM,0,0.3083,12.728
1/15/2026,12:30:00 AM,0,0.3079,12.693
1/15/2026,12:45:00 AM,0,0.3085,12.657
1/15/2026,1:00:00 AM,0,0.3081,12.622
1/15/2026,1:15:00 AM,0,0.3092,12.586
1/15/2026,1:30:00 AM,0,0.308,12.554
1/15/2026,1:45:00 AM,0,0.3074,12.518
1/15/2026,2:00:00 AM,0,0.308,12.485
1/15/2026,2:15:00 AM,0,0.3082,12.452
1/15/2026,2:30:00 AM,0,0.3082,12.421
1/15/2026,2:45:00 AM,0,0.3075,12.389
1/15/2026,3:00:00 AM,0,0.3083,12.358
1/15/2026,3:15:00 AM,0,0.3081,12.328
1/15/2026,3:30:00 AM,0,0.3073,12.298
1/15/2026,3:45:00 AM,0,0.3076,12.268
1/15/2026,4:00:00 AM,0,0.3074,12.237
1/15/2026,4:15:00 AM,0,0.3084,12.209
1/15/2026,4:30:00 AM,0,0.3076,12.177
1/15/2026,4:45:00 AM,0,0.3075,12.148
1/15/2026,5:00:00 AM,0,0.3084,12.118
1/15/2026,5:15:00 AM,0,0.3085,12.088
1/15/2026,5:30:00 AM,0,0.3076,12.059
1/15/2026,5:45:00 AM,0,0.3081,12.029
1/15/2026,6:00:00 AM,0,0.3084,11.999
1/15/2026,6:15:00 AM,0,0.3084,11.968
1/15/2026,6:30:00 AM,0,0.3078,11.938
1/15/2026,6:45:00 AM,0,0.3078,11.908
1/15/2026,7:00:00 AM,0,0.3088,11.877
1/15/2026,7:15:00 AM,0,0.308,11.846
1/15/2026,7:30:00 AM,0,0.3105,11.818
1/15/2026,7:45:00 AM,0,0.3133,11.787
1/15/2026,8:00:00 AM,0,0.3119,11.76
1/15/2026,8:15:00 AM,0,0.3115,11.732
1/15/2026,8:30:00 AM,0,0.3135,11.706
1/15/2026,8:45:00 AM,0,0.3097,11.679
1/15/2026,9:00:00 AM,0,0.3099,11.656
1/15/2026,9:15:00 AM,0,0.3088,11.634
1/15/2026,9:30:00 AM,0,0.3087,11.613
1/15/2026,9:45:00 AM,0,0.3087,11.597
1/15/2026,10:00:00 AM,0,0.3101,11.579
1/15/2026,10:15:00 AM,0,0.3099,11.565
1/15/2026,10:30:00 AM,0,0.3086,11.556
1/15/2026,10:45:00 AM,0,0.3087,11.549
1/15/2026,11:00:00 AM,0,0.3084,11.545
1/15/2026,11:15:00 AM,0,0.3093,11.547
1/15/2026,11:30:00 AM,0,0.3096,11.563
1/15/2026,11:45:00 AM,0,0.3088,11.575
1/15/2026,12:00:00 PM,0,0.3083,11.588
1/15/2026,12:15:00 PM,0,0.3081,11.594
1/15/2026,12:30:00 PM,0,0.3084,11.598
1/15/2026,12:45:00 PM,0,0.3085,11.603
1/15/2026,1:00:00 PM,0,0.3088,11.61
1/15/2026,1:15:00 PM,0,0.3085,11.621
1/15/2026,1:30:00 PM,0,0.309,11.636
1/15/2026,1:45:00 PM,0,0.3077,11.652
1/15/2026,2:00:00 PM,0,0.3093,11.677
1/15/2026,2:15:00 PM,0,0.3091,11.707
1/15/2026,2:30:00 PM,0,0.3085,11.741
1/15/2026,2:45:00 PM,0,0.3099,11.782
1/15/2026,3:00:00 PM,0,0.3104,11.836
1/15/2026,3:15:00 PM,0,0.3107,11.899
1/15/2026,3:30:00 PM,0,0.3107,11.971
1/15/2026,3:45:00 PM,0,0.3112,12.053
1/15/2026,4:00:00 PM,0,0.3103,12.143
1/15/2026,4:15:00 PM,0,0.3097,12.243
1/15/2026,4:30:00 PM,0,0.3104,12.345
1/15/2026,4:45:00 PM,0,0.3098,12.451
1/15/2026,5:00:00 PM,0,0.3078,12.555
1/15/2026,5:15:00 PM,0,0.3082,12.659
1/15/2026,5:30:00 PM,0,0.3082,12.761
1/15/2026,5:45:00 PM,0,0.309,12.856
1/15/2026,6:00:00 PM,0,0.3088,12.948
1/15/2026,6:15:00 PM,0,0.3097,13.031
1/15/2026,6:30:00 PM,0,0.3095,13.105
1/15/2026,6:45:00 PM,0,0.309,13.171
1/15/2026,7:00:00 PM,0,0.3084,13.228
1/15/2026,7:15:00 PM,0,0.3087,13.272
1/15/2026,7:30:00 PM,0,0.3095,13.308
1/15/2026,7:45:00 PM,0,0.3088,13.333
1/15/2026,8:00:00 PM,0,0.3078,13.35
1/15/2026,8:15:00 PM,0,0.3086,13.363
1/15/2026,8:30:00 PM,0,0.3074,13.368
1/15/2026,8:45:00 PM,0,0.3079,13.37
1/15/2026,9:00:00 PM,0,0.3079,13.365
1/15/2026,9:15:00 PM,0,0.3077,13.354
1/15/2026,9:30:00 PM,0,0.3077,13.344
1/15/2026,9:45:00 PM,0,0.3083,13.329
1/15/2026,10:00:00 PM,0,0.3076,13.312
1/15/2026,10:15:00 PM,0,0.3078,13.291
1/15/2026,10:30:00 PM,0,0.3068,13.272
1/15/2026,10:45:00 PM,0,0.3084,13.248
1/15/2026,11:00:00 PM,0,0.3075,13.223
1/15/2026,11:15:00 PM,0,0.3077,13.197
1/15/2026,11:30:00 PM,0,0.3073,13.168
1/15/2026,11:45:00 PM,0,0.3068,13.138
1/16/2026,12:00:00 AM,0,0.3071,13.102
1/16/2026,12:15:00 AM,0,0.3071,13.068
1/16/2026,12:30:00 AM,0,0.3076,13.032
1/16/2026,12:45:00 AM,0,0.3064,12.998
1/16/2026,1:00:00 AM,0,0.3068,12.961
1/16/2026,1:15:00 AM,0,0.3065,12.926
1/16/2026,1:30:00 AM,0,0.3073,12.89
1/16/2026,1:45:00 AM,0,0.3077,12.854
1/16/2026,2:00:00 AM,0,0.3072,12.818
1/16/2026,2:15:00 AM,0,0.3067,12.781
1/16/2026,2:30:00 AM,0,0.3069,12.749
1/16/2026,2:45:00 AM,0,0.3077,12.715
1/16/2026,3:00:00 AM,0,0.3073,12.681
1/16/2026,3:15:00 AM,0,0.3071,12.651
1/16/2026,3:30:00 AM,0,0.307,12.618
1/16/2026,3:45:00 AM,0,0.307,12.585
1/16/2026,4:00:00 AM,0,0.3062,12.556
1/16/2026,4:15:00 AM,0,0.3073,12.522
1/16/2026,4:30:00 AM,0,0.307,12.49
1/16/2026,4:45:00 AM,0,0.3074,12.458
1/16/2026,5:00:00 AM,0,0.3064,12.427
1/16/2026,5:15:00 AM,0,0.3061,12.398
1/16/2026,5:30:00 AM,0,0.306,12.365
1/16/2026,5:45:00 AM,0,0.3069,12.334
1/16/2026,6:00:00 AM,0,0.3073,12.303
1/16/2026,6:15:00 AM,0,0.3067,12.27
1/16/2026,6:30:00 AM,0,0.3058,12.237
1/16/2026,6:45:00 AM,0,0.307,12.206
1/16/2026,7:00:00 AM,0,0.3066,12.173
1/16/2026,7:15:00 AM,0,0.3065,12.138
1/16/2026,7:30:00 AM,0,0.3081,12.105
1/16/2026,7:45:00 AM,0,0.3117,12.073
1/16/2026,8:00:00 AM,0,0.3112,12.041
1/16/2026,8:15:00 AM,0,0.3074,12.009
1/16/2026,8:30:00 AM,0,0.3097,11.979
1/16/2026,8:45:00 AM,0,0.311,11.95
1/16/2026,9:00:00 AM,0,0.3082,11.924
1/16/2026,9:15:00 AM,0,0.3076,11.9
1/16/2026,9:30:00 AM,0,0.3089,11.878
1/16/2026,9:45:00 AM,0,0.3074,11.856
1/16/2026,10:00:00 AM,0,0.3072,11.835
1/16/2026,10:15:00 AM,0,0.3073,11.82
1/16/2026,10:30:00 AM,0,0.3065,11.807
1/16/2026,10:45:00 AM,0,0.3066,11.797
1/16/2026,11:00:00 AM,0,0.3077,11.789
1/16/2026,11:15:00 AM,0,0.3064,11.791
1/16/2026,11:30:00 AM,0,0.3061,11.801
1/16/2026,11:45:00 AM,0,0.3061,11.811
1/16/2026,12:00:00 PM,0,0.3064,11.821
1/16/2026,12:15:00 PM,0,0.3065,11.825
1/16/2026,12:30:00 PM,0,0.3065,11.823
1/16/2026,12:45:00 PM,0,0.3057,11.825
1/16/2026,1:00:00 PM,0,0.3064,11.823
1/16/2026,1:15:00 PM,0,0.307,11.828
1/16/2026,1:30:00 PM,0,0.3082,11.833
1/16/2026,1:45:00 PM,0,0.3079,11.846
1/16/2026,2:00:00 PM,0,0.3081,11.865
1/16/2026,2:15:00 PM,0,0.3081,11.886
1/16/2026,2:30:00 PM,0,0.3089,11.918
1/16/2026,2:45:00 PM,0,0.3077,11.953
1/16/2026,3:00:00 PM,0,0.3078,12.003
1/16/2026,3:15:00 PM,0,0.3087,12.06
1/16/2026,3:30:00 PM,0,0.3082,12.125
1/16/2026,3:45:00 PM,0,0.3077,12.199
1/16/2026,4:00:00 PM,0,0.3083,12.28
1/16/2026,4:15:00 PM,0,0.308,12.369
1/16/2026,4:30:00 PM,0,0.3082,12.461
1/16/2026,4:45:00 PM,0,0.3074,12.557
1/16/2026,5:00:00 PM,0,0.3079,12.655
1/16/2026,5:15:00 PM,0,0.3076,12.754
1/16/2026,5:30:00 PM,0,0.3084,12.85
1/16/2026,5:45:00 PM,0,0.3071,12.942
1/16/2026,6:00:00 PM,0,0.3076,13.025
1/16/2026,6:15:00 PM,0,0.3068,13.102
1/16/2026,6:30:00 PM,0,0.3069,13.17
1/16/2026,6:45:00 PM,0,0.307,13.228
1/16/2026,7:00:00 PM,0,0.307,13.279
1/16/2026,7:15:00 PM,0,0.3068,13.32
1/16/2026,7:30:00 PM,0,0.3073,13.355
1/16/2026,7:45:00 PM,0,0.3068,13.381
1/16/2026,8:00:00 PM,0,0.3069,13.4
1/16/2026,8:15:00 PM,0,0.306,13.415
1/16/2026,8:30:00 PM,0,0.3054,13.425
1/16/2026,8:45:00 PM,0,0.3059,13.427
1/16/2026,9:00:00 PM,0,0.3062,13.426
1/16/2026,9:15:00 PM,0,0.3052,13.421
1/16/2026,9:30:00 PM,0,0.3065,13.41
1/16/2026,9:45:00 PM,0,0.3065,13.397
1/16/2026,10:00:00 PM,0,0.3061,13.382
1/16/2026,10:15:00 PM,0,0.3069,13.363
1/16/2026,10:30:00 PM,0,0.3047,13.34
1/16/2026,10:45:00 PM,0,0.3064,13.319
1/16/2026,11:00:00 PM,0,0.305,13.293
1/16/2026,11:15:00 PM,0,0.3053,13.26
1/16/2026,11:30:00 PM,0,0.3054,13.227
1/16/2026,11:45:00 PM,0,0.3052,13.194
1/17/2026,12:00:00 AM,0,0.3051,13.157
1/17/2026,12:15:00 AM,0,0.3056,13.123
1/17/2026,12:30:00 AM,0,0.3049,13.087
1/17/2026,12:45:00 AM,0,0.3044,13.051
1/17/2026,1:00:00 AM,0,0.3046,13.015
1/17/2026,1:15:00 AM,0,0.305,12.979
1/17/2026,1:30:00 AM,0,0.3048,12.941
1/17/2026,1:45:00 AM,0,0.3045,12.905
1/17/2026,2:00:00 AM,0,0.3043,12.866
1/17/2026,2:15:00 AM,0,0.3053,12.831
1/17/2026,2:30:00 AM,0,0.3045,12.796
1/17/2026,2:45:00 AM,0,0.3044,12.761
1/17/2026,3:00:00 AM,0,0.3038,12.73
1/17/2026,3:15:00 AM,0,0.3034,12.697
1/17/2026,3:30:00 AM,0,0.3034,12.664
1/17/2026,3:45:00 AM,0,0.3053,12.633
1/17/2026,4:00:00 AM,0,0.3039,12.6
1/17/2026,4:15:00 AM,0,0.3033,12.567
1/17/2026,4:30:00 AM,0,0.3037,12.537
1/17/2026,4:45:00 AM,0,0.303,12.505
1/17/2026,5:00:00 AM,0,0.3044,12.474
1/17/2026,5:15:00 AM,0,0.304,12.443
1/17/2026,5:30:00 AM,0,0.3042,12.411
1/17/2026,5:45:00 AM,0,0.3052,12.379
1/17/2026,6:00:00 AM,0,0.3061,12.348
1/17/2026,6:15:00 AM,0,0.3049,12.317
1/17/2026,6:30:00 AM,0,0.3023,12.288
1/17/2026,6:45:00 AM,0,0.3037,12.256
1/17/2026,7:00:00 AM,0,0.3043,12.226
1/17/2026,7:15:00 AM,0,0.3036,12.194
1/17/2026,7:30:00 AM,0,0.3052,12.163
1/17/2026,7:45:00 AM,0,0.3039,12.132
1/17/2026,8:00:00 AM,0,0.3058,12.101
1/17/2026,8:15:00 AM,0,0.3066,12.071
1/17/2026,8:30:00 AM,0,0.3111,12.042
1/17/2026,8:45:00 AM,0,0.3092,12.016
1/17/2026,9:00:00 AM,0,0.3086,11.989
1/17/2026,9:15:00 AM,0,0.3063,11.964
1/17/2026,9:30:00 AM,0,0.3067,11.943
1/17/2026,9:45:00 AM,0,0.3056,11.922
1/17/2026,10:00:00 AM,0,0.3049,11.9
1/17/2026,10:15:00 AM,0,0.3059,11.883
1/17/2026,10:30:00 AM,0,0.3056,11.867
1/17/2026,10:45:00 AM,0,0.3051,11.855
1/17/2026,11:00:00 AM,0,0.3047,11.846
1/17/2026,11:15:00 AM,0,0.3046,11.84
1/17/2026,11:30:00 AM,0,0.3052,11.843
1/17/2026,11:45:00 AM,0,0.3046,11.85
1/17/2026,12:00:00 PM,0,0.3052,11.853
1/17/2026,12:15:00 PM,0,0.305,11.853
1/17/2026,12:30:00 PM,0,0.3045,11.852
1/17/2026,12:45:00 PM,0,0.3053,11.846
1/17/2026,1:00:00 PM,0,0.3042,11.845
1/17/2026,1:15:00 PM,0,0.3052,11.845
1/17/2026,1:30:00 PM,0,0.3055,11.849
1/17/2026,1:45:00 PM,0,0.3047,11.855
1/17/2026,2:00:00 PM,0,0.3057,11.869
1/17/2026,2:15:00 PM,0,0.3061,11.885
1/17/2026,2:30:00 PM,0,0.3066,11.907
1/17/2026,2:45:00 PM,0,0.3052,11.936
1/17/2026,3:00:00 PM,0,0.3054,11.967
1/17/2026,3:15:00 PM,0,0.3051,12.008
1/17/2026,3:30:00 PM,0,0.3058,12.052
1/17/2026,3:45:00 PM,0,0.3057,12.107
1/17/2026,4:00:00 PM,0,0.3057,12.168
1/17/2026,4:15:00 PM,0,0.3051,12.235
1/17/2026,4:30:00 PM,0,0.3039,12.305
1/17/2026,4:45:00 PM,0,0.3055,12.382
1/17/2026,5:00:00 PM,0,0.3048,12.462
1/17/2026,5:15:00 PM,0,0.3045,12.542
1/17/2026,5:30:00 PM,0,0.304,12.622
1/17/2026,5:45:00 PM,0,0.3038,12.7
1/17/2026,6:00:00 PM,0,0.3046,12.778
1/17/2026,6:15:00 PM,0,0.3045,12.85
1/17/2026,6:30:00 PM,0,0.3047,12.916
1/17/2026,6:45:00 PM,0,0.3047,12.974
1/17/2026,7:00:00 PM,0,0.3043,13.028
1/17/2026,7:15:00 PM,0,0.305,13.075
1/17/2026,7:30:00 PM,0,0.3042,13.112
1/17/2026,7:45:00 PM,0,0.3047,13.143
1/17/2026,8:00:00 PM,0,0.3033,13.171
1/17/2026,8:15:00 PM,0,0.3043,13.19
1/17/2026,8:30:00 PM,0,0.3044,13.201
1/17/2026,8:45:00 PM,0,0.3046,13.211
1/17/2026,9:00:00 PM,0,0.3038,13.216
1/17/2026,9:15:00 PM,0,0.3037,13.215
1/17/2026,9:30:00 PM,0,0.3043,13.212
1/17/2026,9:45:00 PM,0,0.3034,13.205
1/17/2026,10:00:00 PM,0,0.3043,13.195
1/17/2026,10:15:00 PM,0,0.3043,13.18
1/17/2026,10:30:00 PM,0,0.3038,13.162
1/17/2026,10:45:00 PM,0,0.3041,13.141
1/17/2026,11:00:00 PM,0,0.3041,13.118
1/17/2026,11:15:00 PM,0,0.3034,13.09
1/17/2026,11:30:00 PM,0,0.3039,13.061
1/17/2026,11:45:00 PM,0,0.3036,13.03
1/18/2026,12:00:00 AM,0,0.3035,13.001
1/18/2026,12:15:00 AM,0,0.3035,12.97
1/18/2026,12:30:00 AM,0,0.3035,12.939
1/18/2026,12:45:00 AM,0,0.3027,12.908
1/18/2026,1:00:00 AM,0,0.3035,12.876
1/18/2026,1:15:00 AM,0,0.3033,12.847
1/18/2026,1:30:00 AM,0,0.3033,12.812
1/18/2026,1:45:00 AM,0,0.3031,12.783
1/18/2026,2:00:00 AM,0,0.3036,12.751
1/18/2026,2:15:00 AM,0,0.3034,12.72
1/18/2026,2:30:00 AM,0,0.3033,12.69
1/18/2026,2:45:00 AM,0,0.3033,12.663
1/18/2026,3:00:00 AM,0,0.3035,12.635
1/18/2026,3:15:00 AM,0,0.3035,12.603
1/18/2026,3:30:00 AM,0,0.3035,12.577
1/18/2026,3:45:00 AM,0,0.303,12.552
1/18/2026,4:00:00 AM,0,0.3031,12.526
1/18/2026,4:15:00 AM,0,0.3036,12.501
1/18/2026,4:30:00 AM,0,0.303,12.476
1/18/2026,4:45:00 AM,0,0.3034,12.452
1/18/2026,5:00:00 AM,0,0.3036,12.425
1/18/2026,5:15:00 AM,0,0.3032,12.403
1/18/2026,5:30:00 AM,0,0.304,12.376
1/18/2026,5:45:00 AM,0,0.3034,12.352
1/18/2026,6:00:00 AM,0,0.3032,12.328
1/18/2026,6:15:00 AM,0,0.3033,12.304
1/18/2026,6:30:00 AM,0,0.3039,12.279
1/18/2026,6:45:00 AM,0,0.3039,12.255
1/18/2026,7:00:00 AM,0,0.3039,12.229
1/18/2026,7:15:00 AM,0,0.3045,12.205
1/18/2026,7:30:00 AM,0,0.3055,12.181
1/18/2026,7:45:00 AM,0,0.3041,12.157
1/18/2026,8:00:00 AM,0,0.3043,12.131
1/18/2026,8:15:00 AM,0,0.3056,12.107
1/18/2026,8:30:00 AM,0,0.3101,12.084
1/18/2026,8:45:00 AM,0,0.3129,12.064
1/18/2026,9:00:00 AM,0,0.308,12.042
1/18/2026,9:15:00 AM,0,0.3067,12.024
1/18/2026,9:30:00 AM,0,0.307,12.006
1/18/2026,9:45:00 AM,0,0.3043,11.992
1/18/2026,10:00:00 AM,0,0.3058,11.977
1/18/2026,10:15:00 AM,0,0.3047,11.968
1/18/2026,10:30:00 AM,0,0.3058,11.959
1/18/2026,10:45:00 AM,0,0.306,11.954
1/18/2026,11:00:00 AM,0,0.3055,11.954
1/18/2026,11:15:00 AM,0,0.3057,11.961
1/18/2026,11:30:00 AM,0,0.3039,11.976
1/18/2026,11:45:00 AM,0,0.3048,11.99
1/18/2026,12:00:00 PM,0,0.3046,12.005
1/18/2026,12:15:00 PM,0,0.3051,12.012
1/18/2026,12:30:00 PM,0,0.3061,12.016
1/18/2026,12:45:00 PM,0,0.3049,12.019
1/18/2026,1:00:00 PM,0,0.3043,12.021
1/18/2026,1:15:00 PM,0,0.3043,12.022
1/18/2026,1:30:00 PM,0,0.3044,12.027
1/18/2026,1:45:00 PM,0,0.3041,12.031
1/18/2026,2:00:00 PM,0,0.3051,12.042
1/18/2026,2:15:00 PM,0,0.3043,12.055
1/18/2026,2:30:00 PM,0,0.3047,12.071
1/18/2026,2:45:00 PM,0,0.3039,12.094
1/18/2026,3:00:00 PM,0,0.3041,12.122
1/18/2026,3:15:00 PM,0,0.3044,12.152
1/18/2026,3:30:00 PM,0,0.303,12.194
1/18/2026,3:45:00 PM,0,0.3027,12.237
1/18/2026,4:00:00 PM,0,0.305,12.288
1/18/2026,4:15:00 PM,0,0.3041,12.343
1/18/2026,4:30:00 PM,0,0.3047,12.4
1/18/2026,4:45:00 PM,0,0.3047,12.461
1/18/2026,5:00:00 PM,0,0.304,12.525
1/18/2026,5:15:00 PM,0,0.3042,12.59
1/18/2026,5:30:00 PM,0,0.3045,12.658
1/18/2026,5:45:00 PM,0,0.3043,12.723
1/18/2026,6:00:00 PM,0,0.3035,12.788
1/18/2026,6:15:00 PM,0,0.3037,12.851
1/18/2026,6:30:00 PM,0,0.3044,12.91
1/18/2026,6:45:00 PM,0,0.3045,12.966
1/18/2026,7:00:00 PM,0,0.3037,13.015
1/18/2026,7:15:00 PM,0,0.3044,13.061
1/18/2026,7:30:00 PM,0,0.3049,13.098
1/18/2026,7:45:00 PM,0,0.3041,13.132
1/18/2026,8:00:00 PM,0,0.304,13.158
1/18/2026,8:15:00 PM,0,0.3036,13.181
1/18/2026,8:30:00 PM,0,0.3039,13.195
1/18/2026,8:45:00 PM,0,0.3018,13.207
1/18/2026,9:00:00 PM,0,0.3041,13.216
1/18/2026,9:15:00 PM,0,0.3038,13.219
1/18/2026,9:30:00 PM,0,0.3029,13.222
1/18/2026,9:45:00 PM,0,0.3044,13.22
1/18/2026,10:00:00 PM,0,0.3043,13.214
1/18/2026,10:15:00 PM,0,0.303,13.205
1/18/2026,10:30:00 PM,0,0.3038,13.194
1/18/2026,10:45:00 PM,0,0.3034,13.179
1/18/2026,11:00:00 PM,0,0.3027,13.164
1/18/2026,11:15:00 PM,0,0.302,13.144
1/18/2026,11:30:00 PM,0,0.3034,13.122
1/18/2026,11:45:00 PM,0,0.3028,13.096
1/19/2026,12:00:00 AM,0,0.3038,13.07
1/19/2026,12:15:00 AM,0,0.3028,13.045
1/19/2026,12:30:00 AM,0,0.3031,13.019
1/19/2026,12:45:00 AM,0,0.3029,12.989
1/19/2026,1:00:00 AM,0,0.3037,12.961
1/19/2026,1:15:00 AM,0,0.3043,12.933
1/19/2026,1:30:00 AM,0,0.3029,12.906
1/19/2026,1:45:00 AM,0,0.3032,12.877
1/19/2026,2:00:00 AM,0,0.303,12.85
1/19/2026,2:15:00 AM,0,0.3034,12.819
1/19/2026,2:30:00 AM,0,0.3042,12.789
1/19/2026,2:45:00 AM,0,0.3035,12.762
1/19/2026,3:00:00 AM,0,0.3032,12.736
1/19/2026,3:15:00 AM,0,0.3034,12.712
1/19/2026,3:30:00 AM,0,0.3029,12.687
1/19/2026,3:45:00 AM,0,0.3031,12.664
1/19/2026,4:00:00 AM,0,0.3033,12.637
1/19/2026,4:15:00 AM,0,0.3035,12.613
1/19/2026,4:30:00 AM,0,0.3035,12.588
1/19/2026,4:45:00 AM,0,0.3041,12.565
1/19/2026,5:00:00 AM,0,0.3037,12.536
1/19/2026,5:15:00 AM,0,0.3032,12.512
1/19/2026,5:30:00 AM,0,0.304,12.486
1/19/2026,5:45:00 AM,0,0.3034,12.459
1/19/2026,6:00:00 AM,0,0.3032,12.433
1/19/2026,6:15:00 AM,0,0.3037,12.406
1/19/2026,6:30:00 AM,0,0.3031,12.382
1/19/2026,6:45:00 AM,0,0.3032,12.351
1/19/2026,7:00:00 AM,0,0.3036,12.322
1/19/2026,7:15:00 AM,0,0.3031,12.293
1/19/2026,7:30:00 AM,0,0.3032,12.266
1/19/2026,7:45:00 AM,0,0.3089,12.239
1/19/2026,8:00:00 AM,0,0.3084,12.211
1/19/2026,8:15:00 AM,0,0.3082,12.188
1/19/2026,8:30:00 AM,0,0.3078,12.16
1/19/2026,8:45:00 AM,0,0.3069,12.136
1/19/2026,9:00:00 AM,0,0.3061,12.114
1/19/2026,9:15:00 AM,0,0.3053,12.094
1/19/2026,9:30:00 AM,0,0.3049,12.076
1/19/2026,9:45:00 AM,0,0.3035,12.064
1/19/2026,10:00:00 AM,0,0.3044,12.048
1/19/2026,10:15:00 AM,0,0.3032,12.038
1/19/2026,10:30:00 AM,0,0.3032,12.032
1/19/2026,10:45:00 AM,0,0.3041,12.029
1/19/2026,11:00:00 AM,0,0.3033,12.03
1/19/2026,11:15:00 AM,0,0.3037,12.036
1/19/2026,11:30:00 AM,0,0.3044,12.05
1/19/2026,11:45:00 AM,0,0.3046,12.069
1/19/2026,12:00:00 PM,0,0.3044,12.084
1/19/2026,12:15:00 PM,0,0.305,12.092
1/19/2026,12:30:00 PM,0,0.3045,12.095
1/19/2026,12:45:00 PM,0,0.3044,12.098
1/19/2026,1:00:00 PM,0,0.3044,12.098
1/19/2026,1:15:00 PM,0,0.3051,12.1
1/19/2026,1:30:00 PM,0,0.3043,12.103
1/19/2026,1:45:00 PM,0,0.3047,12.108
1/19/2026,2:00:00 PM,0,0.304,12.114
1/19/2026,2:15:00 PM,0,0.3046,12.126
1/19/2026,2:30:00 PM,0,0.3045,12.143
1/19/2026,2:45:00 PM,0,0.3041,12.162
1/19/2026,3:00:00 PM,0,0.304,12.189
1/19/2026,3:15:00 PM,0,0.3049,12.221
1/19/2026,3:30:00 PM,0,0.3041,12.26
1/19/2026,3:45:00 PM,0,0.3051,12.309
1/19/2026,4:00:00 PM,0,0.3041,12.365
1/19/2026,4:15:00 PM,0,0.3037,12.431
1/19/2026,4:30:00 PM,0,0.3036,12.501
1/19/2026,4:45:00 PM,0,0.3022,12.577
1/19/2026,5:00:00 PM,0,0.3015,12.657
1/19/2026,5:15:00 PM,0,0.3019,12.741
1/19/2026,5:30:00 PM,0,0.3032,12.827
1/19/2026,5:45:00 PM,0,0.3046,12.912
1/19/2026,6:00:00 PM,0,0.3029,12.995
1/19/2026,6:15:00 PM,0,0.3049,13.076
1/19/2026,6:30:00 PM,0,0.304,13.148
1/19/2026,6:45:00 PM,0,0.3038,13.215
1/19/2026,7:00:00 PM,0,0.3044,13.271
1/19/2026,7:15:00 PM,0,0.3046,13.32
1/19/2026,7:30:00 PM,0,0.3039,13.364
1/19/2026,7:45:00 PM,0,0.303,13.399
1/19/2026,8:00:00 PM,0,0.3036,13.426
1/19/2026,8:15:00 PM,0,0.3035,13.447
1/19/2026,8:30:00 PM,0,0.3041,13.462
1/19/2026,8:45:00 PM,0,0.3041,13.469
1/19/2026,9:00:00 PM,0,0.3031,13.473
1/19/2026,9:15:00 PM,0,0.3037,13.476
1/19/2026,9:30:00 PM,0,0.3035,13.473
1/19/2026,9:45:00 PM,0,0.3035,13.464
1/19/2026,10:00:00 PM,0,0.3037,13.454
1/19/2026,10:15:00 PM,0,0.3036,13.436
1/19/2026,10:30:00 PM,0,0.3038,13.417
1/19/2026,10:45:00 PM,0,0.303,13.396
1/19/2026,11:00:00 PM,0,0.3032,13.368
1/19/2026,11:15:00 PM,0,0.3033,13.337
1/19/2026,11:30:00 PM,0,0.303,13.304
1/19/2026,11:45:00 PM,0,0.3021,13.266
1/20/2026,12:00:00 AM,0,0.3023,13.229
1/20/2026,12:15:00 AM,0,0.3028,13.192
1/20/2026,12:30:00 AM,0,0.3027,13.156
1/20/2026,12:45:00 AM,0,0.303,13.117
1/20/2026,1:00:00 AM,0,0.3025,13.082
1/20/2026,1:15:00 AM,0,0.3017,13.043
1/20/2026,1:30:00 AM,0,0.3016,13.008
1/20/2026,1:45:00 AM,0,0.3013,12.973
1/20/2026,2:00:00 AM,0,0.3024,12.936
1/20/2026,2:15:00 AM,0,0.3021,12.897
1/20/2026,2:30:00 AM,0,0.3018,12.861
1/20/2026,2:45:00 AM,0,0.3025,12.823
1/20/2026,3:00:00 AM,0,0.3023,12.788
1/20/2026,3:15:00 AM,0,0.3012,12.753
1/20/2026,3:30:00 AM,0,0.3018,12.718
1/20/2026,3:45:00 AM,0,0.3017,12.683
1/20/2026,4:00:00 AM,0,0.3007,12.647
1/20/2026,4:15:00 AM,0,0.3018,12.612
1/20/2026,4:30:00 AM,0,0.3014,12.576
1/20/2026,4:45:00 AM,0,0.301,12.541
1/20/2026,5:00:00 AM,0,0.3022,12.507
1/20/2026,5:15:00 AM,0,0.3015,12.475
1/20/2026,5:30:00 AM,0,0.3014,12.439
1/20/2026,5:45:00 AM,0,0.3016,12.407
1/20/2026,6:00:00 AM,0,0.3007,12.37
1/20/2026,6:15:00 AM,0,0.3008,12.337
1/20/2026,6:30:00 AM,0,0.3008,12.304
1/20/2026,6:45:00 AM,0,0.3011,12.27
1/20/2026,7:00:00 AM,0,0.3008,12.236
1/20/2026,7:15:00 AM,0,0.3014,12.204
1/20/2026,7:30:00 AM,0,0.303,12.173
1/20/2026,7:45:00 AM,0,0.3047,12.145
1/20/2026,8:00:00 AM,0,0.3049,12.114
1/20/2026,8:15:00 AM,0,0.3074,12.086
1/20/2026,8:30:00 AM,0,0.3049,12.06
1/20/2026,8:45:00 AM,0,0.3043,12.031
1/20/2026,9:00:00 AM,0,0.3036,12.007
1/20/2026,9:15:00 AM,0,0.3024,11.985
1/20/2026,9:30:00 AM,0,0.3026,11.964
1/20/2026,9:45:00 AM,0,0.3019,11.944
1/20/2026,10:00:00 AM,0,0.3026,11.922
1/20/2026,10:15:00 AM,0,0.3014,11.908
1/20/2026,10:30:00 AM,0,0.3018,11.891
1/20/2026,10:45:00 AM,0,0.301,11.875
1/20/2026,11:00:00 AM,0,0.3021,11.864
1/20/2026,11:15:00 AM,0,0.3028,11.864
1/20/2026,11:30:00 AM,0,0.3028,11.868
1/20/2026,11:45:00 AM,0,0.3022,11.879
1/20/2026,12:00:00 PM,0,0.3031,11.885
1/20/2026,12:15:00 PM,0,0.3019,11.885
1/20/2026,12:30:00 PM,0,0.3026,11.883
1/20/2026,12:45:00 PM,0,0.3025,11.883
1/20/2026,1:00:00 PM,0,0.3036,11.883
1/20/2026,1:15:00 PM,0,0.3048,11.882
1/20/2026,1:30:00 PM,0,0.3042,11.884
1/20/2026,1:45:00 PM,0,0.3043,11.889
1/20/2026,2:00:00 PM,0,0.3042,11.903
1/20/2026,2:15:00 PM,0,0.3041,11.92
1/20/2026,2:30:00 PM,0,0.3035,11.939
1/20/2026,2:45:00 PM,0,0.3027,11.965
1/20/2026,3:00:00 PM,0,0.3023,11.994
1/20/2026,3:15:00 PM,0,0.3043,12.038
1/20/2026,3:30:00 PM,0,0.3014,12.084
1/20/2026,3:45:00 PM,0,0.3034,12.139
1/20/2026,4:00:00 PM,0,0.3036,12.202
1/20/2026,4:15:00 PM,0,0.3027,12.274
1/20/2026,4:30:00 PM,0,0.3037,12.348
1/20/2026,4:45:00 PM,0,0.3019,12.433
1/20/2026,5:00:00 PM,0,0.3028,12.518
1/20/2026,5:15:00 PM,0,0.3022,12.605
1/20/2026,5:30:00 PM,0,0.3037,12.693
1/20/2026,5:45:00 PM,0,0.3018,12.778
1/20/2026,6:00:00 PM,0,0.303,12.864
1/20/2026,6:15:00 PM,0,0.302,12.938
1/20/2026,6:30:00 PM,0,0.3033,13.011
1/20/2026,6:45:00 PM,0,0.3027,13.075
1/20/2026,7:00:00 PM,0,0.3027,13.135
1/20/2026,7:15:00 PM,0,0.3033,13.186
1/20/2026,7:30:00 PM,0,0.3029,13.231
1/20/2026,7:45:00 PM,0,0.3035,13.27
1/20/2026,8:00:00 PM,0,0.3028,13.305
1/20/2026,8:15:00 PM,0,0.3035,13.332
1/20/2026,8:30:00 PM,0,0.3019,13.349
1/20/2026,8:45:00 PM,0,0.3019,13.366
1/20/2026,9:00:00 PM,0,0.302,13.378
1/20/2026,9:15:00 PM,0,0.3022,13.383
1/20/2026,9:30:00 PM,0,0.3019,13.385
1/20/2026,9:45:00 PM,0,0.3023,13.384
1/20/2026,10:00:00 PM,0,0.3022,13.378
1/20/2026,10:15:00 PM,0,0.3016,13.372
1/20/2026,10:30:00 PM,0,0.3021,13.358
1/20/2026,10:45:00 PM,0,0.3021,13.343
1/20/2026,11:00:00 PM,0,0.3022,13.324
1/20/2026,11:15:00 PM,0,0.3026,13.304
1/20/2026,11:30:00 PM,0,0.3025,13.283
1/20/2026,11:45:00 PM,0,0.3022,13.255
1/21/2026,12:00:00 AM,0,0.3013,13.226
1/21/2026,12:15:00 AM,0,0.3028,13.197
1/21/2026,12:30:00 AM,0,0.3011,13.163
1/21/2026,12:45:00 AM,0,0.3013,13.132
1/21/2026,1:00:00 AM,0,0.3014,13.1
1/21/2026,1:15:00 AM,0,0.3018,13.067
1/21/2026,1:30:00 AM,0,0.302,13.035
1/21/2026,1:45:00 AM,0,0.301,13.003
1/21/2026,2:00:00 AM,0,0.3018,12.97
1/21/2026,2:15:00 AM,0,0.3017,12.937
1/21/2026,2:30:00 AM,0,0.302,12.906
1/21/2026,2:45:00 AM,0,0.3022,12.874
1/21/2026,3:00:00 AM,0,0.3019,12.843
1/21/2026,3:15:00 AM,0,0.3017,12.813
1/21/2026,3:30:00 AM,0,0.3007,12.78
1/21/2026,3:45:00 AM,0,0.3016,12.752
1/21/2026,4:00:00 AM,0,0.3012,12.722
1/21/2026,4:15:00 AM,0,0.3013,12.694
1/21/2026,4:30:00 AM,0,0.3014,12.668
1/21/2026,4:45:00 AM,0,0.3013,12.642
1/21/2026,5:00:00 AM,0,0.3019,12.621
1/21/2026,5:15:00 AM,0,0.3015,12.599
1/21/2026,5:30:00 AM,0,0.3013,12.579
1/21/2026,5:45:00 AM,0,0.302,12.559
1/21/2026,6:00:00 AM,0,0.3006,12.543
1/21/2026,6:15:00 AM,0,0.3007,12.524
1/21/2026,6:30:00 AM,0,0.3011,12.511
1/21/2026,6:45:00 AM,0,0.3024,12.496
1/21/2026,7:00:00 AM,0,0.3032,12.481
1/21/2026,7:15:00 AM,0,0.3032,12.467
1/21/2026,7:30:00 AM,0,0.3009,12.451
1/21/2026,7:45:00 AM,0,0.3008,12.439
1/21/2026,8:00:00 AM,0,0.3019,12.422
1/21/2026,8:15:00 AM,0,0.3013,12.411
1/21/2026,8:30:00 AM,0,0.3012,12.399
1/21/2026,8:45:00 AM,0,0.3025,12.386
1/21/2026,9:00:00 AM,0,0.3027,12.373
1/21/2026,9:15:00 AM,0,0.3028,12.36
1/21/2026,9:30:00 AM,0,0.3022,12.348
1/21/2026,9:45:00 AM,0,0.3024,12.338
1/21/2026,10:00:00 AM,0,0.3022,12.33
1/21/2026,10:15:00 AM,0,0.3017,12.323
1/21/2026,10:30:00 AM,0,0.3043,12.316
1/21/2026,10:45:00 AM,0,0.3038,12.314
1/21/2026,11:00:00 AM,0,0.3042,12.315
1/21/2026,11:15:00 AM,0,0.3039,12.319
1/21/2026,11:30:00 AM,0,0.303,12.326
1/21/2026,11:45:00 AM,0,0.3036,12.335
1/21/2026,12:00:00 PM,0,0.3031,12.344
1/21/2026,12:15:00 PM,0,0.3047,12.355
1/21/2026,12:30:00 PM,0,0.3027,12.367
1/21/2026,12:45:00 PM,0,0.3039,12.379
1/21/2026,1:00:00 PM,0,0.3026,12.395
1/21/2026,1:15:00 PM,0,0.3051,12.409
1/21/2026,1:30:00 PM,0,0.3042,12.425
1/21/2026,1:45:00 PM,0,0.304,12.444
1/21/2026,2:00:00 PM,0,0.3024,12.463
1/21/2026,2:15:00 PM,0,0.3043,12.484
1/21/2026,2:30:00 PM,0,0.3049,12.51
1/21/2026,2:45:00 PM,0,0.3045,12.536
1/21/2026,3:00:00 PM,0,0.3049,12.563
1/21/2026,3:15:00 PM,0,0.3049,12.593
1/21/2026,3:30:00 PM,0,0.3022,12.626
1/21/2026,3:45:00 PM,0,0.303,12.659
1/21/2026,4:00:00 PM,0,0.3032,12.697
1/21/2026,4:15:00 PM,0,0.3029,12.737
1/21/2026,4:30:00 PM,0,0.3052,12.778
1/21/2026,4:45:00 PM,0,0.3057,12.822
1/21/2026,5:00:00 PM,0,0.3057,12.866
1/21/2026,5:15:00 PM,0,0.306,12.911
1/21/2026,5:30:00 PM,0,0.3055,12.956
1/21/2026,5:45:00 PM,0,0.304,13.001
1/21/2026,6:00:00 PM,0,0.303,13.047
1/21/2026,6:15:00 PM,0,0.3048,13.09
1/21/2026,6:30:00 PM,0,0.3046,13.133
1/21/2026,6:45:00 PM,0,0.3055,13.177
1/21/2026,7:00:00 PM,0,0.3041,13.218
1/21/2026,7:15:00 PM,0,0.3038,13.255
1/21/2026,7:30:00 PM,0,0.3036,13.289
1/21/2026,7:45:00 PM,0,0.302,13.321
1/21/2026,8:00:00 PM,0,0.3057,13.348
1/21/2026,8:15:00 PM,0,0.3044,13.372
1/21/2026,8:30:00 PM,0,0.3045,13.393
1/21/2026,8:45:00 PM,0,0.3057,13.412
1/21/2026,9:00:00 PM,0,0.3057,13.425
1/21/2026,9:15:00 PM,0,0.3054,13.435
1/21/2026,9:30:00 PM,0,0.3052,13.444
1/21/2026,9:45:00 PM,0,0.3058,13.451
1/21/2026,10:00:00 PM,0,0.3054,13.456
1/21/2026,10:15:00 PM,0,0.3051,13.458
1/21/2026,10:30:00 PM,0,0.3033,13.46
1/21/2026,10:45:00 PM,0,0.3042,13.46
1/21/2026,11:00:00 PM,0,0.3033,13.459
1/21/2026,11:15:00 PM,0,0.3037,13.456
1/21/2026,11:30:00 PM,0,0.3044,13.453
1/21/2026,11:45:00 PM,0,0.3037,13.448
1/22/2026,12:00:00 AM,0,0.3037,13.443
1/22/2026,12:15:00 AM,0,0.3036,13.434
1/22/2026,12:30:00 AM,0,0.3039,13.431
1/22/2026,12:45:00 AM,0,0.3039,13.423
1/22/2026,1:00:00 AM,0,0.3037,13.413
1/22/2026,1:15:00 AM,0,0.3033,13.405
1/22/2026,1:30:00 AM,0,0.3037,13.394
1/22/2026,1:45:00 AM,0,0.3045,13.385
1/22/2026,2:00:00 AM,0,0.3036,13.374
1/22/2026,2:15:00 AM,0,0.3042,13.364
1/22/2026,2:30:00 AM,0,0.3038,13.351
1/22/2026,2:45:00 AM,0,0.3037,13.341
1/22/2026,3:00:00 AM,0,0.3029,13.328
1/22/2026,3:15:00 AM,0,0.304,13.318
1/22/2026,3:30:00 AM,0,0.3041,13.306
1/22/2026,3:45:00 AM,0,0.3031,13.293
1/22/2026,4:00:00 AM,0,0.303,13.283
1/22/2026,4:15:00 AM,0,0.3035,13.271
1/22/2026,4:30:00 AM,0,0.3041,13.259
1/22/2026,4:45:00 AM,0,0.3025,13.246
1/22/2026,5:00:00 AM,0,0.3031,13.236
1/22/2026,5:15:00 AM,0,0.3026,13.224
1/22/2026,5:30:00 AM,0,0.3033,13.21
1/22/2026,5:45:00 AM,0,0.3029,13.199
1/22/2026,6:00:00 AM,0,0.3038,13.184
1/22/2026,6:15:00 AM,0,0.3026,13.17
1/22/2026,6:30:00 AM,0,0.3026,13.158
1/22/2026,6:45:00 AM,0,0.303,13.142
1/22/2026,7:00:00 AM,0,0.3031,13.13
1/22/2026,7:15:00 AM,0,0.3029,13.117
1/22/2026,7:30:00 AM,0,0.3021,13.105
1/22/2026,7:45:00 AM,0,0.3026,13.09
1/22/2026,8:00:00 AM,0,0.3031,13.078
1/22/2026,8:15:00 AM,0,0.3032,13.067
1/22/2026,8:30:00 AM,0,0.3032,13.055
1/22/2026,8:45:00 AM,0,0.3035,13.046
1/22/2026,9:00:00 AM,0,0.3038,13.033
1/22/2026,9:15:00 AM,0,0.3037,13.025
1/22/2026,9:30:00 AM,0,0.3057,13.016
1/22/2026,9:45:00 AM,0,0.3061,13.007
1/22/2026,10:00:00 AM,0,0.3049,13.002
1/22/2026,10:15:00 AM,0,0.3054,12.999
1/22/2026,10:30:00 AM,0,0.3072,12.993
1/22/2026,10:45:00 AM,0,0.305,12.994
1/22/2026,11:00:00 AM,0,0.306,12.995
1/22/2026,11:15:00 AM,0,0.306,12.997
1/22/2026,11:30:00 AM,0,0.3052,13
1/22/2026,11:45:00 AM,0,0.3054,13.004
1/22/2026,12:00:00 PM,0,0.305,13.008
1/22/2026,12:15:00 PM,0,0.3052,13.014
1/22/2026,12:30:00 PM,0,0.3057,13.021
1/22/2026,12:45:00 PM,0,0.3063,13.026
1/22/2026,1:00:00 PM,0,0.3046,13.029
1/22/2026,1:15:00 PM,0,0.3047,13.034
1/22/2026,1:30:00 PM,0,0.3053,13.037
1/22/2026,1:45:00 PM,0,0.3055,13.047
1/22/2026,2:00:00 PM,0,0.3051,13.057
1/22/2026,2:15:00 PM,0,0.3057,13.069
1/22/2026,2:30:00 PM,0,0.3053,13.083
1/22/2026,2:45:00 PM,0,0.3043,13.1
1/22/2026,3:00:00 PM,0,0.3042,13.124
1/22/2026,3:15:00 PM,0,0.3051,13.148
1/22/2026,3:30:00 PM,0,0.3056,13.18
1/22/2026,3:45:00 PM,0,0.3049,13.21
1/22/2026,4:00:00 PM,0,0.3047,13.247
1/22/2026,4:15:00 PM,0,0.305,13.286
1/22/2026,4:30:00 PM,0,0.3058,13.326
1/22/2026,4:45:00 PM,0,0.3063,13.371
1/22/2026,5:00:00 PM,0,0.3054,13.416
1/22/2026,5:15:00 PM,0,0.3046,13.462
1/22/2026,5:30:00 PM,0,0.3047,13.509
1/22/2026,5:45:00 PM,0,0.3043,13.556
1/22/2026,6:00:00 PM,0,0.3051,13.603
1/22/2026,6:15:00 PM,0,0.3048,13.65
1/22/2026,6:30:00 PM,0,0.3044,13.694
1/22/2026,6:45:00 PM,0,0.3032,13.736
1/22/2026,7:00:00 PM,0,0.3037,13.777
1/22/2026,7:15:00 PM,0,0.3031,13.814
1/22/2026,7:30:00 PM,0,0.3034,13.846
1/22/2026,7:45:00 PM,0,0.3035,13.873
1/22/2026,8:00:00 PM,0,0.3035,13.897
1/22/2026,8:15:00 PM,0,0.3031,13.914
1/22/2026,8:30:00 PM,0,0.3026,13.928
1/22/2026,8:45:00 PM,0,0.3029,13.939
1/22/2026,9:00:00 PM,0,0.3024,13.947
1/22/2026,9:15:00 PM,0,0.3026,13.95
1/22/2026,9:30:00 PM,0,0.3022,13.952
1/22/2026,9:45:00 PM,0,0.3028,13.949
1/22/2026,10:00:00 PM,0,0.3028,13.945
1/22/2026,10:15:00 PM,0,0.3028,13.938
1/22/2026,10:30:00 PM,0,0.3029,13.928
1/22/2026,10:45:00 PM,0,0.3018,13.915
1/22/2026,11:00:00 PM,0,0.3013,13.905
1/22/2026,11:15:00 PM,0,0.3022,13.889
1/22/2026,11:30:00 PM,0,0.3013,13.871
1/22/2026,11:45:00 PM,0,0.3021,13.855
1/23/2026,12:00:00 AM,0,0.3026,13.835
1/23/2026,12:15:00 AM,0,0.3023,13.815
1/23/2026,12:30:00 AM,0,0.302,13.795
1/23/2026,12:45:00 AM,0,0.3012,13.774
1/23/2026,1:00:00 AM,0,0.3016,13.752
1/23/2026,1:15:00 AM,0,0.3009,13.73
1/23/2026,1:30:00 AM,0,0.3014,13.71
1/23/2026,1:45:00 AM,0,0.3014,13.69
1/23/2026,2:00:00 AM,0,0.3013,13.669
1/23/2026,2:15:00 AM,0,0.3011,13.647
1/23/2026,2:30:00 AM,0,0.3007,13.629
1/23/2026,2:45:00 AM,0,0.3013,13.608
1/23/2026,3:00:00 AM,0,0.3007,13.588
1/23/2026,3:15:00 AM,0,0.3012,13.564
1/23/2026,3:30:00 AM,0,0.3013,13.543
1/23/2026,3:45:00 AM,0,0.3013,13.518
1/23/2026,4:00:00 AM,0,0.3011,13.495
1/23/2026,4:15:00 AM,0,0.3019,13.474
1/23/2026,4:30:00 AM,0,0.3018,13.451
1/23/2026,4:45:00 AM,0,0.3002,13.427
1/23/2026,5:00:00 AM,0,0.3005,13.402
1/23/2026,5:15:00 AM,0,0.3009,13.378
1/23/2026,5:30:00 AM,0,0.3006,13.352
1/23/2026,5:45:00 AM,0,0.3008,13.327
1/23/2026,6:00:00 AM,0,0.3007,13.298
1/23/2026,6:15:00 AM,0,0.3005,13.27
1/23/2026,6:30:00 AM,0,0.3006,13.245
1/23/2026,6:45:00 AM,0,0.3012,13.215
1/23/2026,7:00:00 AM,0,0.3003,13.188
1/23/2026,7:15:00 AM,0,0.301,13.163
1/23/2026,7:30:00 AM,0,0.3024,13.136
1/23/2026,7:45:00 AM,0,0.3043,13.109
1/23/2026,8:00:00 AM,0,0.3044,13.085
1/23/2026,8:15:00 AM,0,0.3037,13.063
1/23/2026,8:30:00 AM,0,0.3042,13.041
1/23/2026,8:45:00 AM,0,0.3024,13.023
1/23/2026,9:00:00 AM,0,0.3038,13.006
1/23/2026,9:15:00 AM,0,0.3025,12.992
1/23/2026,9:30:00 AM,0,0.3018,12.976
1/23/2026,9:45:00 AM,0,0.3014,12.966
1/23/2026,10:00:00 AM,0,0.3017,12.955
1/23/2026,10:15:00 AM,0,0.3012,12.942
1/23/2026,10:30:00 AM,0,0.2997,12.933
1/23/2026,10:45:00 AM,0,0.2975,12.928
1/23/2026,11:00:00 AM,0,0.3014,12.922
1/23/2026,11:15:00 AM,0,0.302,12.925
1/23/2026,11:30:00 AM,0,0.3022,12.933
1/23/2026,11:45:00 AM,0,0.3025,12.948
1/23/2026,12:00:00 PM,0,0.3022,12.958
1/23/2026,12:15:00 PM,0,0.303,12.959
1/23/2026,12:30:00 PM,0,0.3031,12.959
1/23/2026,12:45:00 PM,0,0.3028,12.955
1/23/2026,1:00:00 PM,0,0.3023,12.952
1/23/2026,1:15:00 PM,0,0.3024,12.946
1/23/2026,1:30:00 PM,0,0.3027,12.946
1/23/2026,1:45:00 PM,0,0.303,12.945
1/23/2026,2:00:00 PM,0,0.3036,12.948
1/23/2026,2:15:00 PM,0,0.3028,12.951
1/23/2026,2:30:00 PM,0,0.3041,12.962
1/23/2026,2:45:00 PM,0,0.3041,12.974
1/23/2026,3:00:00 PM,0,0.3036,12.99
1/23/2026,3:15:00 PM,0,0.3038,13.01
1/23/2026,3:30:00 PM,0,0.3027,13.038
1/23/2026,3:45:00 PM,0,0.303,13.07
1/23/2026,4:00:00 PM,0,0.3029,13.11
1/23/2026,4:15:00 PM,0,0.3026,13.154
1/23/2026,4:30:00 PM,0,0.303,13.206
1/23/2026,4:45:00 PM,0,0.3028,13.263
1/23/2026,5:00:00 PM,0,0.3027,13.325
1/23/2026,5:15:00 PM,0,0.3028,13.394
1/23/2026,5:30:00 PM,0,0.3027,13.46
1/23/2026,5:45:00 PM,0,0.302,13.535
1/23/2026,6:00:00 PM,0,0.3026,13.609
1/23/2026,6:15:00 PM,0,0.3031,13.683
1/23/2026,6:30:00 PM,0,0.3027,13.752
1/23/2026,6:45:00 PM,0,0.3021,13.814
1/23/2026,7:00:00 PM,0,0.3025,13.876
1/23/2026,7:15:00 PM,0,0.3025,13.931
1/23/2026,7:30:00 PM,0,0.3032,13.978
1/23/2026,7:45:00 PM,0,0.3028,14.019
1/23/2026,8:00:00 PM,0,0.3024,14.055
1/23/2026,8:15:00 PM,0,0.3025,14.083
1/23/2026,8:30:00 PM,0,0.3026,14.104
1/23/2026,8:45:00 PM,0,0.3023,14.122
1/23/2026,9:00:00 PM,0,0.3022,14.132
1/23/2026,9:15:00 PM,0,0.3026,14.14
1/23/2026,9:30:00 PM,0,0.3027,14.143
1/23/2026,9:45:00 PM,0,0.3028,14.139
1/23/2026,10:00:00 PM,0,0.3025,14.136
1/23/2026,10:15:00 PM,0,0.3021,14.127
1/23/2026,10:30:00 PM,0,0.3023,14.118
1/23/2026,10:45:00 PM,0,0.3021,14.103
1/23/2026,11:00:00 PM,0,0.3021,14.09
1/23/2026,11:15:00 PM,0,0.3023,14.072
1/23/2026,11:30:00 PM,0,0.3025,14.054
1/23/2026,11:45:00 PM,0,0.3022,14.035
1/24/2026,12:00:00 AM,0,0.3026,14.016
1/24/2026,12:15:00 AM,0,0.3023,13.996
1/24/2026,12:30:00 AM,0,0.3017,13.976
1/24/2026,12:45:00 AM,0,0.3019,13.955
1/24/2026,1:00:00 AM,0,0.302,13.932
1/24/2026,1:15:00 AM,0,0.302,13.912
1/24/2026,1:30:00 AM,0,0.3015,13.89
1/24/2026,1:45:00 AM,0,0.302,13.867
1/24/2026,2:00:00 AM,0,0.3015,13.85
1/24/2026,2:15:00 AM,0,0.3012,13.826
1/24/2026,2:30:00 AM,0,0.3011,13.807
1/24/2026,2:45:00 AM,0,0.3012,13.784
1/24/2026,3:00:00 AM,0,0.3014,13.763
1/24/2026,3:15:00 AM,0,0.3009,13.743
1/24/2026,3:30:00 AM,0,0.3015,13.723
1/24/2026,3:45:00 AM,0,0.301,13.704
1/24/2026,4:00:00 AM,0,0.3026,13.687
1/24/2026,4:15:00 AM,0,0.3016,13.67
1/24/2026,4:30:00 AM,0,0.3016,13.652
1/24/2026,4:45:00 AM,0,0.3016,13.637
1/24/2026,5:00:00 AM,0,0.3018,13.624
1/24/2026,5:15:00 AM,0,0.3014,13.608
1/24/2026,5:30:00 AM,0,0.3014,13.594
1/24/2026,5:45:00 AM,0,0.3013,13.583
1/24/2026,6:00:00 AM,0,0.3011,13.571
1/24/2026,6:15:00 AM,0,0.3023,13.56
1/24/2026,6:30:00 AM,0,0.3015,13.549
1/24/2026,6:45:00 AM,0,0.3007,13.541
1/24/2026,7:00:00 AM,0,0.3013,13.531
1/24/2026,7:15:00 AM,0,0.3018,13.522
1/24/2026,7:30:00 AM,0,0.301,13.513
1/24/2026,7:45:00 AM,0,0.301,13.507
1/24/2026,8:00:00 AM,0,0.3008,13.499
1/24/2026,8:15:00 AM,0,0.3031,13.492
1/24/2026,8:30:00 AM,0,0.3017,13.487
1/24/2026,8:45:00 AM,0,0.3002,13.483
1/24/2026,9:00:00 AM,0,0.3026,13.479
1/24/2026,9:15:00 AM,0,0.3005,13.475
1/24/2026,9:30:00 AM,0,0.3013,13.475
1/24/2026,9:45:00 AM,0,0.3015,13.476
1/24/2026,10:00:00 AM,0,0.3014,13.473
1/24/2026,10:15:00 AM,0,0.2989,13.477
1/24/2026,10:30:00 AM,0,0.3007,13.477
1/24/2026,10:45:00 AM,0,0.3007,13.481
1/24/2026,11:00:00 AM,0,0.301,13.487
1/24/2026,11:15:00 AM,0,0.3011,13.492
1/24/2026,11:30:00 AM,0,0.3018,13.502
1/24/2026,11:45:00 AM,0,0.3012,13.52
1/24/2026,12:00:00 PM,0,0.3015,13.537
1/24/2026,12:15:00 PM,0,0.3021,13.551
1/24/2026,12:30:00 PM,0,0.3021,13.56
1/24/2026,12:45:00 PM,0,0.3022,13.569
1/24/2026,1:00:00 PM,0,0.3023,13.576
1/24/2026,1:15:00 PM,0,0.3013,13.581
1/24/2026,1:30:00 PM,0,0.3019,13.588
1/24/2026,1:45:00 PM,0,0.3018,13.593
1/24/2026,2:00:00 PM,0,0.3025,13.6
1/24/2026,2:15:00 PM,0,0.3029,13.611
1/24/2026,2:30:00 PM,0,0.3021,13.622
1/24/2026,2:45:00 PM,0,0.302,13.637
1/24/2026,3:00:00 PM,0,0.3018,13.649
1/24/2026,3:15:00 PM,0,0.302,13.669
1/24/2026,3:30:00 PM,0,0.302,13.691
1/24/2026,3:45:00 PM,0,0.3017,13.715
1/24/2026,4:00:00 PM,0,0.3021,13.749
1/24/2026,4:15:00 PM,0,0.3019,13.781
1/24/2026,4:30:00 PM,0,0.3024,13.823
1/24/2026,4:45:00 PM,0,0.3018,13.866
1/24/2026,5:00:00 PM,0,0.3015,13.912
1/24/2026,5:15:00 PM,0,0.3002,13.962
1/24/2026,5:30:00 PM,0,0.3008,14.013
1/24/2026,5:45:00 PM,0,0.3009,14.066
1/24/2026,6:00:00 PM,0,0.3005,14.121
1/24/2026,6:15:00 PM,0,0.3007,14.175
1/24/2026,6:30:00 PM,0,0.3006,14.226
1/24/2026,6:45:00 PM,0,0.301,14.275
1/24/2026,7:00:00 PM,0,0.3009,14.319
1/24/2026,7:15:00 PM,0,0.2991,14.357
1/24/2026,7:30:00 PM,0,0.2999,14.393
1/24/2026,7:45:00 PM,0,0.3011,14.419
1/24/2026,8:00:00 PM,0,0.3012,14.443
1/24/2026,8:15:00 PM,0,0.3011,14.459
1/24/2026,8:30:00 PM,0,0.3,14.469
1/24/2026,8:45:00 PM,0,0.2998,14.477
1/24/2026,9:00:00 PM,0,0.3001,14.479
1/24/2026,9:15:00 PM,0,0.3009,14.48
1/24/2026,9:30:00 PM,0,0.3004,14.473
1/24/2026,9:45:00 PM,0,0.3004,14.466
1/24/2026,10:00:00 PM,0,0.2999,14.454
1/24/2026,10:15:00 PM,0,0.3,14.439
1/24/2026,10:30:00 PM,0,0.3,14.423
1/24/2026,10:45:00 PM,0,0.3001,14.404
1/24/2026,11:00:00 PM,0,0.2998,14.377
1/24/2026,11:15:00 PM,0,0.2999,14.35
1/24/2026,11:30:00 PM,0,0.2994,14.318
1/24/2026,11:45:00 PM,0,0.2999,14.288
1/25/2026,12:00:00 AM,0,0.2991,14.254
1/25/2026,12:15:00 AM,0,0.2995,14.218
1/25/2026,12:30:00 AM,0,0.2994,14.184
1/25/2026,12:45:00 AM,0,0.2993,14.147
1/25/2026,1:00:00 AM,0,0.2987,14.11
1/25/2026,1:15:00 AM,0,0.2989,14.077
1/25/2026,1:30:00 AM,0,0.299,14.04
1/25/2026,1:45:00 AM,0,0.2985,14.004
1/25/2026,2:00:00 AM,0,0.2978,13.97
1/25/2026,2:15:00 AM,0,0.2979,13.932
1/25/2026,2:30:00 AM,0,0.2982,13.899
1/25/2026,2:45:00 AM,0,0.2984,13.861
1/25/2026,3:00:00 AM,0,0.2979,13.824
1/25/2026,3:15:00 AM,0,0.2976,13.787
1/25/2026,3:30:00 AM,0,0.2981,13.751
1/25/2026,3:45:00 AM,0,0.2981,13.713
1/25/2026,4:00:00 AM,0,0.2978,13.676
1/25/2026,4:15:00 AM,0,0.2971,13.637
1/25/2026,4:30:00 AM,0,0.2966,13.597
1/25/2026,4:45:00 AM,0,0.2971,13.56
1/25/2026,5:00:00 AM,0,0.297,13.518
1/25/2026,5:15:00 AM,0,0.2965,13.479
1/25/2026,5:30:00 AM,0,0.2976,13.442
1/25/2026,5:45:00 AM,0,0.2969,13.399
1/25/2026,6:00:00 AM,0,0.2974,13.362
1/25/2026,6:15:00 AM,0,0.2968,13.323
1/25/2026,6:30:00 AM,0,0.2965,13.283
1/25/2026,6:45:00 AM,0,0.2965,13.245
1/25/2026,7:00:00 AM,0,0.2969,13.203
1/25/2026,7:15:00 AM,0,0.2965,13.167
1/25/2026,7:30:00 AM,0,0.2971,13.126
1/25/2026,7:45:00 AM,0,0.2967,13.088
1/25/2026,8:00:00 AM,0,0.2964,13.046
1/25/2026,8:15:00 AM,0,0.2978,13.009
1/25/2026,8:30:00 AM,0,0.2976,12.975
1/25/2026,8:45:00 AM,0,0.2978,12.941
1/25/2026,9:00:00 AM,0,0.2979,12.908
1/25/2026,9:15:00 AM,0,0.2985,12.875
1/25/2026,9:30:00 AM,0,0.2992,12.844
1/25/2026,9:45:00 AM,0,0.298,12.815
1/25/2026,10:00:00 AM,0,0.2975,12.79
1/25/2026,10:15:00 AM,0,0.2975,12.763
1/25/2026,10:30:00 AM,0,0.2973,12.737
1/25/2026,10:45:00 AM,0,0.2975,12.715
1/25/2026,11:00:00 AM,0,0.2972,12.694
1/25/2026,11:15:00 AM,0,0.2966,12.679
1/25/2026,11:30:00 AM,0,0.297,12.665
1/25/2026,11:45:00 AM,0,0.2975,12.658
1/25/2026,12:00:00 PM,0,0.2977,12.65
1/25/2026,12:15:00 PM,0,0.2974,12.64
1/25/2026,12:30:00 PM,0,0.2984,12.628
1/25/2026,12:45:00 PM,0,0.2974,12.614
1/25/2026,1:00:00 PM,0,0.2975,12.605
1/25/2026,1:15:00 PM,0,0.2965,12.596
1/25/2026,1:30:00 PM,0,0.2971,12.59
1/25/2026,1:45:00 PM,0,0.2978,12.589
1/25/2026,2:00:00 PM,0,0.2969,12.592
1/25/2026,2:15:00 PM,0,0.2984,12.599
1/25/2026,2:30:00 PM,0,0.299,12.609
1/25/2026,2:45:00 PM,0,0.2975,12.625
1/25/2026,3:00:00 PM,0,0.2982,12.644
1/25/2026,3:15:00 PM,0,0.2984,12.665
1/25/2026,3:30:00 PM,0,0.297,12.691
1/25/2026,3:45:00 PM,0,0.2978,12.721
1/25/2026,4:00:00 PM,0,0.2971,12.752
1/25/2026,4:15:00 PM,0,0.2978,12.788
1/25/2026,4:30:00 PM,0,0.2983,12.827
1/25/2026,4:45:00 PM,0,0.2977,12.869
1/25/2026,5:00:00 PM,0,0.2971,12.916
1/25/2026,5:15:00 PM,0,0.2977,12.966
1/25/2026,5:30:00 PM,0,0.2979,13.021
1/25/2026,5:45:00 PM,0,0.2976,13.079
1/25/2026,6:00:00 PM,0,0.2977,13.138
1/25/2026,6:15:00 PM,0,0.298,13.198
1/25/2026,6:30:00 PM,0,0.2977,13.261
1/25/2026,6:45:00 PM,0,0.2973,13.322
1/25/2026,7:00:00 PM,0,0.2973,13.378
1/25/2026,7:15:00 PM,0,0.2975,13.433
1/25/2026,7:30:00 PM,0,0.297,13.482
1/25/2026,7:45:00 PM,0,0.298,13.526
1/25/2026,8:00:00 PM,0,0.2978,13.562
1/25/2026,8:15:00 PM,0,0.298,13.593
1/25/2026,8:30:00 PM,0,0.2976,13.617
1/25/2026,8:45:00 PM,0,0.2973,13.636
1/25/2026,9:00:00 PM,0,0.2969,13.651
1/25/2026,9:15:00 PM,0,0.2967,13.657
1/25/2026,9:30:00 PM,0,0.2974,13.664
1/25/2026,9:45:00 PM,0,0.2972,13.667
1/25/2026,10:00:00 PM,0,0.2969,13.666
1/25/2026,10:15:00 PM,0,0.2973,13.661
1/25/2026,10:30:00 PM,0,0.2968,13.652
1/25/2026,10:45:00 PM,0,0.2968,13.642
1/25/2026,11:00:00 PM,0,0.2966,13.624
1/25/2026,11:15:00 PM,0,0.2967,13.603
1/25/2026,11:30:00 PM,0,0.2967,13.577
1/25/2026,11:45:00 PM,0,0.2964,13.55
1/26/2026,12:00:00 AM,0,0.2965,13.519
1/26/2026,12:15:00 AM,0,0.2964,13.486
1/26/2026,12:30:00 AM,0,0.2962,13.451
1/26/2026,12:45:00 AM,0,0.2961,13.416
1/26/2026,1:00:00 AM,0,0.2963,13.377
1/26/2026,1:15:00 AM,0,0.2957,13.341
1/26/2026,1:30:00 AM,0,0.2962,13.305
1/26/2026,1:45:00 AM,0,0.296,13.268
1/26/2026,2:00:00 AM,0,0.2958,13.231
1/26/2026,2:15:00 AM,0,0.2954,13.198
1/26/2026,2:30:00 AM,0,0.2953,13.163
1/26/2026,2:45:00 AM,0,0.296,13.128
1/26/2026,3:00:00 AM,0,0.2954,13.095
1/26/2026,3:15:00 AM,0,0.2956,13.063
1/26/2026,3:30:00 AM,0,0.2957,13.031
1/26/2026,3:45:00 AM,0,0.2952,12.999
1/26/2026,4:00:00 AM,0,0.2959,12.969
1/26/2026,4:15:00 AM,0,0.2951,12.934
1/26/2026,4:30:00 AM,0,0.2953,12.901
1/26/2026,4:45:00 AM,0,0.2954,12.869
1/26/2026,5:00:00 AM,0,0.2953,12.838
1/26/2026,5:15:00 AM,0,0.2948,12.805
1/26/2026,5:30:00 AM,0,0.2953,12.773
1/26/2026,5:45:00 AM,0,0.2951,12.738
1/26/2026,6:00:00 AM,0,0.2949,12.709
1/26/2026,6:15:00 AM,0,0.2942,12.676
1/26/2026,6:30:00 AM,0,0.2951,12.646
1/26/2026,6:45:00 AM,0,0.2947,12.614
1/26/2026,7:00:00 AM,0,0.295,12.582
1/26/2026,7:15:00 AM,0,0.295,12.551
1/26/2026,7:30:00 AM,0,0.2955,12.521
1/26/2026,7:45:00 AM,0,0.2964,12.489
1/26/2026,8:00:00 AM,0,0.2997,12.46
1/26/2026,8:15:00 AM,0,0.2966,12.427
1/26/2026,8:30:00 AM,0,0.2956,12.401
1/26/2026,8:45:00 AM,0,0.3,12.374
1/26/2026,9:00:00 AM,0,0.2966,12.347
1/26/2026,9:15:00 AM,0,0.2957,12.323
1/26/2026,9:30:00 AM,0,0.2963,12.297
1/26/2026,9:45:00 AM,0,0.2949,12.278
1/26/2026,10:00:00 AM,0,0.2958,12.257
1/26/2026,10:15:00 AM,0,0.2951,12.235
1/26/2026,10:30:00 AM,0,0.2952,12.218
1/26/2026,10:45:00 AM,0,0.296,12.201
1/26/2026,11:00:00 AM,0,0.2966,12.188
1/26/2026,11:15:00 AM,0,0.2956,12.182
1/26/2026,11:30:00 AM,0,0.2958,12.182
1/26/2026,11:45:00 AM,0,0.2961,12.188
1/26/2026,12:00:00 PM,0,0.2971,12.189
1/26/2026,12:15:00 PM,0,0.297,12.188
1/26/2026,12:30:00 PM,0,0.2966,12.183
1/26/2026,12:45:00 PM,0,0.2973,12.178
1/26/2026,1:00:00 PM,0,0.2969,12.173
1/26/2026,1:15:00 PM,0,0.2968,12.166
1/26/2026,1:30:00 PM,0,0.297,12.16
1/26/2026,1:45:00 PM,0,0.2972,12.158
1/26/2026,2:00:00 PM,0,0.297,12.154
1/26/2026,2:15:00 PM,0,0.2972,12.153
1/26/2026,2:30:00 PM,0,0.2969,12.154
1/26/2026,2:45:00 PM,0,0.2964,12.161
1/26/2026,3:00:00 PM,0,0.2962,12.169
1/26/2026,3:15:00 PM,0,0.2962,12.181
1/26/2026,3:30:00 PM,0,0.2948,12.199
1/26/2026,3:45:00 PM,0,0.2953,12.218
1/26/2026,4:00:00 PM,0,0.2962,12.243
1/26/2026,4:15:00 PM,0,0.2958,12.27
1/26/2026,4:30:00 PM,0,0.2957,12.305
1/26/2026,4:45:00 PM,0,0.2958,12.339
1/26/2026,5:00:00 PM,0,0.2951,12.38
1/26/2026,5:15:00 PM,0,0.2944,12.428
1/26/2026,5:30:00 PM,0,0.2945,12.477
1/26/2026,5:45:00 PM,0,0.2953,12.532
1/26/2026,6:00:00 PM,0,0.2954,12.589
1/26/2026,6:15:00 PM,0,0.2958,12.647
1/26/2026,6:30:00 PM,0,0.2956,12.707
1/26/2026,6:45:00 PM,0,0.2957,12.767
1/26/2026,7:00:00 PM,0,0.2964,12.825
1/26/2026,7:15:00 PM,0,0.2961,12.877
1/26/2026,7:30:00 PM,0,0.2963,12.926
1/26/2026,7:45:00 PM,0,0.2964,12.967
1/26/2026,8:00:00 PM,0,0.2962,13.004
1/26/2026,8:15:00 PM,0,0.2961,13.033
1/26/2026,8:30:00 PM,0,0.2964,13.057
1/26/2026,8:45:00 PM,0,0.2962,13.074
1/26/2026,9:00:00 PM,0,0.2961,13.088
1/26/2026,9:15:00 PM,0,0.2961,13.096
1/26/2026,9:30:00 PM,0,0.2965,13.095
1/26/2026,9:45:00 PM,0,0.2962,13.091
1/26/2026,10:00:00 PM,0,0.2957,13.082
1/26/2026,10:15:00 PM,0,0.2955,13.063
1/26/2026,10:30:00 PM,0,0.2956,13.037
1/26/2026,10:45:00 PM,0,0.2952,13.009
1/26/2026,11:00:00 PM,0,0.2955,12.977
1/26/2026,11:15:00 PM,0,0.2951,12.943
1/26/2026,11:30:00 PM,0,0.2955,12.909
1/26/2026,11:45:00 PM,0,0.2953,12.872
1/27/2026,12:00:00 AM,0,0.2951,12.833
1/27/2026,12:15:00 AM,0,0.2945,12.794
1/27/2026,12:30:00 AM,0,0.2944,12.757
1/27/2026,12:45:00 AM,0,0.2941,12.716
1/27/2026,1:00:00 AM,0,0.2949,12.677
1/27/2026,1:15:00 AM,0,0.2946,12.64
1/27/2026,1:30:00 AM,0,0.2943,12.603
1/27/2026,1:45:00 AM,0,0.2939,12.565
1/27/2026,2:00:00 AM,0,0.2953,12.527
1/27/2026,2:15:00 AM,0,0.2943,12.487
1/27/2026,2:30:00 AM,0,0.2934,12.446
1/27/2026,2:45:00 AM,0,0.2939,12.406
1/27/2026,3:00:00 AM,0,0.2942,12.369
1/27/2026,3:15:00 AM,0,0.2935,12.33
1/27/2026,3:30:00 AM,0,0.2936,12.292
1/27/2026,3:45:00 AM,0,0.2933,12.252
1/27/2026,4:00:00 AM,0,0.2939,12.215
1/27/2026,4:15:00 AM,0,0.2938,12.178
1/27/2026,4:30:00 AM,0,0.2941,12.14
1/27/2026,4:45:00 AM,0,0.2935,12.103
1/27/2026,5:00:00 AM,0,0.2934,12.065
1/27/2026,5:15:00 AM,0,0.2936,12.029
1/27/2026,5:30:00 AM,0,0.2937,11.995
1/27/2026,5:45:00 AM,0,0.2935,11.958
1/27/2026,6:00:00 AM,0,0.2937,11.924
1/27/2026,6:15:00 AM,0,0.2934,11.885
1/27/2026,6:30:00 AM,0,0.2933,11.85
1/27/2026,6:45:00 AM,0,0.2936,11.814
1/27/2026,7:00:00 AM,0,0.293,11.778
1/27/2026,7:15:00 AM,0,0.2937,11.741
1/27/2026,7:30:00 AM,0,0.2976,11.705
1/27/2026,7:45:00 AM,0,0.2976,11.668
1/27/2026,8:00:00 AM,0,0.2984,11.632
1/27/2026,8:15:00 AM,0,0.2976,11.599
1/27/2026,8:30:00 AM,0,0.2956,11.566
1/27/2026,8:45:00 AM,0,0.2946,11.532
1/27/2026,9:00:00 AM,0,0.2941,11.5
1/27/2026,9:15:00 AM,0,0.2944,11.469
1/27/2026,9:30:00 AM,0,0.2938,11.439
1/27/2026,9:45:00 AM,0,0.2941,11.414
1/27/2026,10:00:00 AM,0,0.2939,11.387
1/27/2026,10:15:00 AM,0,0.2945,11.361
1/27/2026,10:30:00 AM,0,0.2947,11.336
1/27/2026,10:45:00 AM,0,0.2943,11.313
1/27/2026,11:00:00 AM,0,0.2938,11.291
1/27/2026,11:15:00 AM,0,0.2943,11.279
1/27/2026,11:30:00 AM,0,0.2948,11.271
1/27/2026,11:45:00 AM,0,0.2943,11.272
1/27/2026,12:00:00 PM,0,0.2955,11.267
1/27/2026,12:15:00 PM,0,0.2953,11.259
1/27/2026,12:30:00 PM,0,0.2959,11.246
1/27/2026,12:45:00 PM,0,0.2956,11.235
1/27/2026,1:00:00 PM,0,0.2963,11.225
1/27/2026,1:15:00 PM,0,0.2957,11.215
1/27/2026,1:30:00 PM,0,0.2958,11.204
1/27/2026,1:45:00 PM,0,0.2958,11.196
1/27/2026,2:00:00 PM,0,0.2952,11.189
1/27/2026,2:15:00 PM,0,0.2963,11.183
1/27/2026,2:30:00 PM,0,0.2963,11.18
1/27/2026,2:45:00 PM,0,0.2963,11.184
1/27/2026,3:00:00 PM,0,0.2962,11.192
1/27/2026,3:15:00 PM,0,0.2958,11.204
1/27/2026,3:30:00 PM,0,0.2969,11.223
1/27/2026,3:45:00 PM,0,0.2958,11.247
1/27/2026,4:00:00 PM,0,0.297,11.276
1/27/2026,4:15:00 PM,0,0.2971,11.309
1/27/2026,4:30:00 PM,0,0.2962,11.345
1/27/2026,4:45:00 PM,0,0.2962,11.385
1/27/2026,5:00:00 PM,0,0.2964,11.427
1/27/2026,5:15:00 PM,0,0.2956,11.475
1/27/2026,5:30:00 PM,0,0.296,11.525
1/27/2026,5:45:00 PM,0,0.2963,11.582
1/27/2026,6:00:00 PM,0,0.296,11.639
1/27/2026,6:15:00 PM,0,0.2955,11.703
1/27/2026,6:30:00 PM,0,0.2949,11.766
1/27/2026,6:45:00 PM,0,0.2948,11.834
1/27/2026,7:00:00 PM,0,0.2955,11.898
1/27/2026,7:15:00 PM,0,0.2958,11.962
1/27/2026,7:30:00 PM,0,0.2959,12.024
1/27/2026,7:45:00 PM,0,0.2958,12.08
1/27/2026,8:00:00 PM,0,0.2961,12.131
1/27/2026,8:15:00 PM,0,0.2963,12.175
1/27/2026,8:30:00 PM,0,0.2957,12.214
1/27/2026,8:45:00 PM,0,0.2953,12.244
1/27/2026,9:00:00 PM,0,0.2961,12.269
1/27/2026,9:15:00 PM,0,0.2958,12.292
1/27/2026,9:30:00 PM,0,0.2955,12.307
1/27/2026,9:45:00 PM,0,0.2951,12.319
1/27/2026,10:00:00 PM,0,0.2953,12.325
1/27/2026,10:15:00 PM,0,0.2954,12.329
1/27/2026,10:30:00 PM,0,0.295,12.33
1/27/2026,10:45:00 PM,0,0.2953,12.326
1/27/2026,11:00:00 PM,0,0.2952,12.316
1/27/2026,11:15:00 PM,0,0.2953,12.304
1/27/2026,11:30:00 PM,0,0.2951,12.285
1/27/2026,11:45:00 PM,0,0.2947,12.263
1/28/2026,12:00:00 AM,0,0.2949,12.24
1/28/2026,12:15:00 AM,0,0.2952,12.214
1/28/2026,12:30:00 AM,0,0.2955,12.183
1/28/2026,12:45:00 AM,0,0.2946,12.151
1/28/2026,1:00:00 AM,0,0.2946,12.12
1/28/2026,1:15:00 AM,0,0.2949,12.088
1/28/2026,1:30:00 AM,0,0.2948,12.056
1/28/2026,1:45:00 AM,0,0.2938,12.023
1/28/2026,2:00:00 AM,0,0.2941,11.992
1/28/2026,2:15:00 AM,0,0.2948,11.963
1/28/2026,2:30:00 AM,0,0.2943,11.932
1/28/2026,2:45:00 AM,0,0.2937,11.901
1/28/2026,3:00:00 AM,0,0.2942,11.872
1/28/2026,3:15:00 AM,0,0.2937,11.845
1/28/2026,3:30:00 AM,0,0.294,11.818
1/28/2026,3:45:00 AM,0,0.2939,11.793
1/28/2026,4:00:00 AM,0,0.2934,11.767
1/28/2026,4:15:00 AM,0,0.2936,11.743
1/28/2026,4:30:00 AM,0,0.2947,11.715
1/28/2026,4:45:00 AM,0,0.2939,11.691
1/28/2026,5:00:00 AM,0,0.2939,11.665
1/28/2026,5:15:00 AM,0,0.2934,11.638
1/28/2026,5:30:00 AM,0,0.2937,11.615
1/28/2026,5:45:00 AM,0,0.2933,11.59
1/28/2026,6:00:00 AM,0,0.294,11.566
1/28/2026,6:15:00 AM,0,0.2945,11.541
1/28/2026,6:30:00 AM,0,0.2941,11.516
1/28/2026,6:45:00 AM,0,0.2945,11.493
1/28/2026,7:00:00 AM,0,0.2941,11.469
1/28/2026,7:15:00 AM,0,0.2941,11.443
1/28/2026,7:30:00 AM,0,0.2946,11.419
1/28/2026,7:45:00 AM,0,0.2947,11.397
1/28/2026,8:00:00 AM,0,0.2957,11.374
1/28/2026,8:15:00 AM,0,0.2964,11.351
1/28/2026,8:30:00 AM,0,0.2975,11.331
1/28/2026,8:45:00 AM,0,0.2968,11.31
1/28/2026,9:00:00 AM,0,0.2957,11.292
1/28/2026,9:15:00 AM,0,0.2826,11.485
1/28/2026,9:30:00 AM,0,0.28,11.127
1/28/2026,9:45:00 AM,0,0.2791,11.078
1/28/2026,10:00:00 AM,0,0.279,11.057
1/28/2026,10:15:00 AM,0,0.2791,11.046
1/28/2026,10:30:00 AM,0,0.2785,11.039
1/28/2026,10:45:00 AM,0,0.2781,11.033
1/28/2026,11:00:00 AM,0,0.2784,11.029
1/28/2026,11:15:00 AM,0,0.2792,11.034
1/28/2026,11:30:00 AM,0,0.2787,11.047
1/28/2026,11:45:00 AM,0,0.2794,11.062
1/28/2026,12:00:00 PM,0,0.2781,11.068
1/28/2026,12:15:00 PM,0,0.2779,11.071
1/28/2026,12:30:00 PM,0,0.2786,11.076
1/28/2026,12:45:00 PM,0,0.279,11.08
1/28/2026,1:00:00 PM,0,0.2783,11.086
1/28/2026,1:15:00 PM,0,0.2774,11.095
1/28/2026,1:30:00 PM,0,0.2778,11.102
1/28/2026,1:45:00 PM,0,0.2779,11.114
1/28/2026,2:00:00 PM,0,0.2778,11.129
1/28/2026,2:15:00 PM,0,0.2782,11.147
1/28/2026,2:30:00 PM,0,0.2784,11.171
1/28/2026,2:45:00 PM,0,0.2782,11.194
1/28/2026,3:00:00 PM,0,0.2779,11.224
1/28/2026,3:15:00 PM,0,0.2786,11.257
1/28/2026,3:30:00 PM,0,0.2786,11.291
1/28/2026,3:45:00 PM,0,0.2791,11.33
1/28/2026,4:00:00 PM,0,0.2788,11.373
1/28/2026,4:15:00 PM,0,0.2791,11.419
1/28/2026,4:30:00 PM,0,0.2786,11.469
1/28/2026,4:45:00 PM,0,0.2787,11.523
1/28/2026,5:00:00 PM,0,0.2786,11.584
1/28/2026,5:15:00 PM,0,0.2784,11.653
1/28/2026,5:30:00 PM,0,0.278,11.724
1/28/2026,5:45:00 PM,0,0.2792,11.802
1/28/2026,6:00:00 PM,0,0.279,11.882
1/28/2026,6:15:00 PM,0,0.2787,11.966
1/28/2026,6:30:00 PM,0,0.2794,12.052
1/28/2026,6:45:00 PM,0,0.2782,12.136
1/28/2026,7:00:00 PM,0,0.2784,12.219
1/28/2026,7:15:00 PM,0,0.279,12.299
1/28/2026,7:30:00 PM,0,0.2799,12.373
1/28/2026,7:45:00 PM,0,0.2791,12.437
1/28/2026,8:00:00 PM,0,0.2791,12.497
1/28/2026,8:15:00 PM,0,0.2788,12.547
1/28/2026,8:30:00 PM,0,0.2785,12.588
1/28/2026,8:45:00 PM,0,0.2791,12.621
1/28/2026,9:00:00 PM,0,0.2792,12.645
1/28/2026,9:15:00 PM,0,0.2784,12.664
1/28/2026,9:30:00 PM,0,0.2789,12.676
1/28/2026,9:45:00 PM,0,0.2782,12.682
1/28/2026,10:00:00 PM,0,0.2779,12.684
1/28/2026,10:15:00 PM,0,0.2779,12.684
1/28/2026,10:30:00 PM,0,0.2783,12.676
1/28/2026,10:45:00 PM,0,0.2783,12.667
1/28/2026,11:00:00 PM,0,0.2782,12.657
1/28/2026,11:15:00 PM,0,0.2778,12.64
1/28/2026,11:30:00 PM,0,0.2788,12.621
1/28/2026,11:45:00 PM,0,0.2777,12.594
1/29/2026,12:00:00 AM,0,0.2775,12.562
1/29/2026,12:15:00 AM,0,0.2772,12.521
1/29/2026,12:30:00 AM,0,0.2765,12.478
1/29/2026,12:45:00 AM,0,0.2773,12.432
1/29/2026,1:00:00 AM,0,0.2761,12.389
1/29/2026,1:15:00 AM,0,0.2753,12.342
1/29/2026,1:30:00 AM,0,0.2782,12.297
1/29/2026,1:45:00 AM,0,0.2765,12.253
1/29/2026,2:00:00 AM,0,0.2764,12.204
1/29/2026,2:15:00 AM,0,0.2756,12.161
1/29/2026,2:30:00 AM,0,0.2761,12.118
1/29/2026,2:45:00 AM,0,0.2764,12.076
1/29/2026,3:00:00 AM,0,0.276,12.034
1/29/2026,3:15:00 AM,0,0.2762,11.991
1/29/2026,3:30:00 AM,0,0.2764,11.951
1/29/2026,3:45:00 AM,0,0.2767,11.907
1/29/2026,4:00:00 AM,0,0.2764,11.872
1/29/2026,4:15:00 AM,0,0.2762,11.831
1/29/2026,4:30:00 AM,0,0.2764,11.792
1/29/2026,4:45:00 AM,0,0.2755,11.749
1/29/2026,5:00:00 AM,0,0.2757,11.708
1/29/2026,5:15:00 AM,0,0.2755,11.667
1/29/2026,5:30:00 AM,0,0.2756,11.627
1/29/2026,5:45:00 AM,0,0.2758,11.588
1/29/2026,6:00:00 AM,0,0.2758,11.553
1/29/2026,6:15:00 AM,0,0.275,11.517
1/29/2026,6:30:00 AM,0,0.2757,11.48
1/29/2026,6:45:00 AM,0,0.2762,11.444
1/29/2026,7:00:00 AM,0,0.2747,11.41
1/29/2026,7:15:00 AM,0,0.2763,11.372
1/29/2026,7:30:00 AM,0,0.2762,11.338
1/29/2026,7:45:00 AM,0,0.2774,11.302
1/29/2026,8:00:00 AM,0,0.2805,11.27
1/29/2026,8:15:00 AM,0,0.2802,11.241
1/29/2026,8:30:00 AM,0,0.2791,11.213
1/29/2026,8:45:00 AM,0,0.2781,11.188
1/29/2026,9:00:00 AM,0,0.2765,11.164
1/29/2026,9:15:00 AM,0,0.2759,11.147
1/29/2026,9:30:00 AM,0,0.2745,11.136
1/29/2026,9:45:00 AM,0,0.2763,11.132
1/29/2026,10:00:00 AM,0,0.2747,11.131
1/29/2026,10:15:00 AM,0,0.276,11.13
1/29/2026,10:30:00 AM,0,0.2769,11.13
1/29/2026,10:45:00 AM,0,0.2766,11.132
1/29/2026,11:00:00 AM,0,0.276,11.136
1/29/2026,11:15:00 AM,0,0.2767,11.151
1/29/2026,11:30:00 AM,0,0.2758,11.172
1/29/2026,11:45:00 AM,0,0.2764,11.191
1/29/2026,12:00:00 PM,0,0.2767,11.197
1/29/2026,12:15:00 PM,0,0.2761,11.2
1/29/2026,12:30:00 PM,0,0.2771,11.195
1/29/2026,12:45:00 PM,0,0.2765,11.193
1/29/2026,1:00:00 PM,0,0.2765,11.192
1/29/2026,1:15:00 PM,0,0.2765,11.189
1/29/2026,1:30:00 PM,0,0.2771,11.185
1/29/2026,1:45:00 PM,0,0.2771,11.185
1/29/2026,2:00:00 PM,0,0.2778,11.186
1/29/2026,2:15:00 PM,0,0.2763,11.19
1/29/2026,2:30:00 PM,0,0.2776,11.201
1/29/2026,2:45:00 PM,0,0.2774,11.22
1/29/2026,3:00:00 PM,0,0.2777,11.244
1/29/2026,3:15:00 PM,0,0.2779,11.275
1/29/2026,3:30:00 PM,0,0.2786,11.311
1/29/2026,3:45:00 PM,0,0.2786,11.348
1/29/2026,4:00:00 PM,0,0.2774,11.393
1/29/2026,4:15:00 PM,0,0.2781,11.445
1/29/2026,4:30:00 PM,0,0.2786,11.503
1/29/2026,4:45:00 PM,0,0.278,11.568
1/29/2026,5:00:00 PM,0,0.2778,11.641
1/29/2026,5:15:00 PM,0,0.2773,11.72
1/29/2026,5:30:00 PM,0,0.2775,11.805
1/29/2026,5:45:00 PM,0,0.2778,11.895
1/29/2026,6:00:00 PM,0,0.2771,11.99
1/29/2026,6:15:00 PM,0,0.2781,12.086
1/29/2026,6:30:00 PM,0,0.2782,12.182
1/29/2026,6:45:00 PM,0,0.278,12.274
1/29/2026,7:00:00 PM,0,0.2784,12.365
1/29/2026,7:15:00 PM,0,0.2785,12.447
1/29/2026,7:30:00 PM,0,0.2786,12.524
1/29/2026,7:45:00 PM,0,0.278,12.592
1/29/2026,8:00:00 PM,0,0.2788,12.655
1/29/2026,8:15:00 PM,0,0.2773,12.702
1/29/2026,8:30:00 PM,0,0.277,12.746
1/29/2026,8:45:00 PM,0,0.2781,12.782
1/29/2026,9:00:00 PM,0,0.2775,12.807
1/29/2026,9:15:00 PM,0,0.2778,12.825
1/29/2026,9:30:00 PM,0,0.278,12.835
1/29/2026,9:45:00 PM,0,0.2772,12.841
1/29/2026,10:00:00 PM,0,0.2781,12.838
1/29/2026,10:15:00 PM,0,0.2772,12.834
1/29/2026,10:30:00 PM,0,0.2766,12.825
1/29/2026,10:45:00 PM,0,0.2769,12.817
1/29/2026,11:00:00 PM,0,0.2774,12.802
1/29/2026,11:15:00 PM,0,0.277,12.782
1/29/2026,11:30:00 PM,0,0.2768,12.759
1/29/2026,11:45:00 PM,0,0.2763,12.737
1/30/2026,12:00:00 AM,0,0.2762,12.705
1/30/2026,12:15:00 AM,0,0.276,12.669
1/30/2026,12:30:00 AM,0,0.2756,12.63
1/30/2026,12:45:00 AM,0,0.2752,12.586
1/30/2026,1:00:00 AM,0,0.275,12.542
1/30/2026,1:15:00 AM,0,0.2751,12.498
1/30/2026,1:30:00 AM,0,0.2763,12.455
1/30/2026,1:45:00 AM,0,0.2765,12.409
1/30/2026,2:00:00 AM,0,0.2758,12.371
1/30/2026,2:15:00 AM,0,0.2768,12.327
1/30/2026,2:30:00 AM,0,0.2765,12.287
1/30/2026,2:45:00 AM,0,0.2764,12.244
1/30/2026,3:00:00 AM,0,0.2759,12.201
1/30/2026,3:15:00 AM,0,0.276,12.156
1/30/2026,3:30:00 AM,0,0.2764,12.111
1/30/2026,3:45:00 AM,0,0.2758,12.067
1/30/2026,4:00:00 AM,0,0.2757,12.022
1/30/2026,4:15:00 AM,0,0.2763,11.979
1/30/2026,4:30:00 AM,0,0.2754,11.939
1/30/2026,4:45:00 AM,0,0.2754,11.903
1/30/2026,5:00:00 AM,0,0.2766,11.868
1/30/2026,5:15:00 AM,0,0.2756,11.83
1/30/2026,5:30:00 AM,0,0.2757,11.798
1/30/2026,5:45:00 AM,0,0.2756,11.765
1/30/2026,6:00:00 AM,0,0.2753,11.733
1/30/2026,6:15:00 AM,0,0.276,11.701
1/30/2026,6:30:00 AM,0,0.2752,11.669
1/30/2026,6:45:00 AM,0,0.2752,11.637
1/30/2026,7:00:00 AM,0,0.2753,11.606
1/30/2026,7:15:00 AM,0,0.2756,11.572
1/30/2026,7:30:00 AM,0,0.277,11.543
1/30/2026,7:45:00 AM,0,0.2783,11.518
1/30/2026,8:00:00 AM,0,0.28,11.492
1/30/2026,8:15:00 AM,0,0.2807,11.468
1/30/2026,8:30:00 AM,0,0.2782,11.446
1/30/2026,8:45:00 AM,0,0.2774,11.431
1/30/2026,9:00:00 AM,0,0.2766,11.416
1/30/2026,9:15:00 AM,0,0.2768,11.403
1/30/2026,9:30:00 AM,0,0.2753,11.393
1/30/2026,9:45:00 AM,0,0.2756,11.387
1/30/2026,10:00:00 AM,0,0.2753,11.375
1/30/2026,10:15:00 AM,0,0.276,11.366
1/30/2026,10:30:00 AM,0,0.2761,11.359
1/30/2026,10:45:00 AM,0,0.2742,11.353
1/30/2026,11:00:00 AM,0,0.2772,11.351
1/30/2026,11:15:00 AM,0,0.277,11.36
1/30/2026,11:30:00 AM,0,0.277,11.375
1/30/2026,11:45:00 AM,0,0.277,11.393
1/30/2026,12:00:00 PM,0,0.2767,11.4
1/30/2026,12:15:00 PM,0,0.2766,11.404
1/30/2026,12:30:00 PM,0,0.2773,11.408
1/30/2026,12:45:00 PM,0,0.2769,11.412
1/30/2026,1:00:00 PM,0,0.276,11.418
1/30/2026,1:15:00 PM,0,0.2775,11.424
1/30/2026,1:30:00 PM,0,0.2777,11.432
1/30/2026,1:45:00 PM,0,0.2782,11.441
1/30/2026,2:00:00 PM,0,0.2774,11.455
1/30/2026,2:15:00 PM,0,0.2778,11.468
1/30/2026,2:30:00 PM,0,0.2773,11.489
1/30/2026,2:45:00 PM,0,0.2774,11.511
1/30/2026,3:00:00 PM,0,0.2783,11.536
1/30/2026,3:15:00 PM,0,0.2776,11.565
1/30/2026,3:30:00 PM,0,0.2782,11.596
1/30/2026,3:45:00 PM,0,0.2781,11.633
1/30/2026,4:00:00 PM,0,0.2769,11.672
1/30/2026,4:15:00 PM,0,0.2778,11.716
1/30/2026,4:30:00 PM,0,0.2773,11.766
1/30/2026,4:45:00 PM,0,0.277,11.82
1/30/2026,5:00:00 PM,0,0.2774,11.882
1/30/2026,5:15:00 PM,0,0.2775,11.95
1/30/2026,5:30:00 PM,0,0.278,12.023
1/30/2026,5:45:00 PM,0,0.2776,12.101
1/30/2026,6:00:00 PM,0,0.2774,12.182
1/30/2026,6:15:00 PM,0,0.2779,12.272
1/30/2026,6:30:00 PM,0,0.2784,12.364
1/30/2026,6:45:00 PM,0,0.279,12.451
1/30/2026,7:00:00 PM,0,0.2792,12.543
1/30/2026,7:15:00 PM,0,0.2795,12.622
1/30/2026,7:30:00 PM,0,0.2794,12.694
1/30/2026,7:45:00 PM,0,0.2801,12.758
1/30/2026,8:00:00 PM,0,0.2793,12.816
1/30/2026,8:15:00 PM,0,0.2794,12.863
1/30/2026,8:30:00 PM,0,0.279,12.901
1/30/2026,8:45:00 PM,0,0.2791,12.931
1/30/2026,9:00:00 PM,0,0.2789,12.957
1/30/2026,9:15:00 PM,0,0.2785,12.974
1/30/2026,9:30:00 PM,0,0.2788,12.988
1/30/2026,9:45:00 PM,0,0.2785,12.995
1/30/2026,10:00:00 PM,0,0.2781,12.999
1/30/2026,10:15:00 PM,0,0.2781,12.995
1/30/2026,10:30:00 PM,0,0.2771,12.992
1/30/2026,10:45:00 PM,0,0.2776,12.984
1/30/2026,11:00:00 PM,0,0.2777,12.973
1/30/2026,11:15:00 PM,0,0.2776,12.962
1/30/2026,11:30:00 PM,0,0.2773,12.947
1/30/2026,11:45:00 PM,0,0.2773,12.93
1/31/2026,12:00:00 AM,0,0.2777,12.911
1/31/2026,12:15:00 AM,0,0.2771,12.889
1/31/2026,12:30:00 AM,0,0.2773,12.863
1/31/2026,12:45:00 AM,0,0.2773,12.831
1/31/2026,1:00:00 AM,0,0.2768,12.796
1/31/2026,1:15:00 AM,0,0.2769,12.756
1/31/2026,1:30:00 AM,0,0.277,12.717
1/31/2026,1:45:00 AM,0,0.2755,12.674
1/31/2026,2:00:00 AM,0,0.2771,12.631
1/31/2026,2:15:00 AM,0,0.2771,12.592
1/31/2026,2:30:00 AM,0,0.276,12.55
1/31/2026,2:45:00 AM,0,0.2765,12.509
1/31/2026,3:00:00 AM,0,0.2764,12.467
1/31/2026,3:15:00 AM,0,0.2767,12.424
1/31/2026,3:30:00 AM,0,0.2765,12.387
1/31/2026,3:45:00 AM,0,0.2759,12.344
1/31/2026,4:00:00 AM,0,0.2762,12.297
1/31/2026,4:15:00 AM,0,0.2761,12.252
1/31/2026,4:30:00 AM,0,0.2761,12.21
1/31/2026,4:45:00 AM,0,0.2764,12.174
1/31/2026,5:00:00 AM,0,0.276,12.136
1/31/2026,5:15:00 AM,0,0.2755,12.103
1/31/2026,5:30:00 AM,0,0.2752,12.066
1/31/2026,5:45:00 AM,0,0.2751,12.035
1/31/2026,6:00:00 AM,0,0.2752,11.999
1/31/2026,6:15:00 AM,0,0.2756,11.969
1/31/2026,6:30:00 AM,0,0.275,11.938
1/31/2026,6:45:00 AM,0,0.275,11.904
1/31/2026,7:00:00 AM,0,0.2751,11.872
1/31/2026,7:15:00 AM,0,0.2755,11.836
1/31/2026,7:30:00 AM,0,0.2775,11.806
1/31/2026,7:45:00 AM,0,0.2795,11.773
1/31/2026,8:00:00 AM,0,0.28,11.749
1/31/2026,8:15:00 AM,0,0.2797,11.724
1/31/2026,8:30:00 AM,0,0.2774,11.699
1/31/2026,8:45:00 AM,0,0.2766,11.678
1/31/2026,9:00:00 AM,0,0.2758,11.657
1/31/2026,9:15:00 AM,0,0.2755,11.641
1/31/2026,9:30:00 AM,0,0.2773,11.629
1/31/2026,9:45:00 AM,0,0.2759,11.62
1/31/2026,10:00:00 AM,0,0.2759,11.612
1/31/2026,10:15:00 AM,0,0.2757,11.604
1/31/2026,10:30:00 AM,0,0.2763,11.601
1/31/2026,10:45:00 AM,0,0.2764,11.603
1/31/2026,11:00:00 AM,0,0.2766,11.608
1/31/2026,11:15:00 AM,0,0.2766,11.619
1/31/2026,11:30:00 AM,0,0.2767,11.64
1/31/2026,11:45:00 AM,0,0.2773,11.659
1/31/2026,12:00:00 PM,0,0.2775,11.667
1/31/2026,12:15:00 PM,0,0.2778,11.67
1/31/2026,12:30:00 PM,0,0.2774,11.674
1/31/2026,12:45:00 PM,0,0.2773,11.678
1/31/2026,1:00:00 PM,0,0.2778,11.682
1/31/2026,1:15:00 PM,0,0.2774,11.687
1/31/2026,1:30:00 PM,0,0.2773,11.694
1/31/2026,1:45:00 PM,0,0.2775,11.7
1/31/2026,2:00:00 PM,0,0.2776,11.711
1/31/2026,2:15:00 PM,0,0.2778,11.724
1/31/2026,2:30:00 PM,0,0.2782,11.742
1/31/2026,2:45:00 PM,0,0.2779,11.762
1/31/2026,3:00:00 PM,0,0.2779,11.787
1/31/2026,3:15:00 PM,0,0.2781,11.816
1/31/2026,3:30:00 PM,0,0.278,11.847
1/31/2026,3:45:00 PM,0,0.2785,11.888
1/31/2026,4:00:00 PM,0,0.2781,11.929
1/31/2026,4:15:00 PM,0,0.2783,11.979
1/31/2026,4:30:00 PM,0,0.2785,12.034
1/31/2026,4:45:00 PM,0,0.2778,12.095
1/31/2026,5:00:00 PM,0,0.2783,12.159
1/31/2026,5:15:00 PM,0,0.2784,12.227
1/31/2026,5:30:00 PM,0,0.2778,12.301
1/31/2026,5:45:00 PM,0,0.2781,12.378
1/31/2026,6:00:00 PM,0,0.2784,12.461
1/31/2026,6:15:00 PM,0,0.2777,12.546
1/31/2026,6:30:00 PM,0,0.2775,12.634
1/31/2026,6:45:00 PM,0,0.2779,12.724
1/31/2026,7:00:00 PM,0,0.2782,12.812
1/31/2026,7:15:00 PM,0,0.2782,12.899
1/31/2026,7:30:00 PM,0,0.2777,12.977
1/31/2026,7:45:00 PM,0,0.2782,13.05
1/31/2026,8:00:00 PM,0,0.278,13.111
1/31/2026,8:15:00 PM,0,0.2782,13.165
1/31/2026,8:30:00 PM,0,0.2784,13.21
1/31/2026,8:45:00 PM,0,0.2772,13.247
1/31/2026,9:00:00 PM,0,0.2777,13.277
1/31/2026,9:15:00 PM,0,0.2775,13.3
1/31/2026,9:30:00 PM,0,0.2777,13.313
1/31/2026,9:45:00 PM,0,0.278,13.323
1/31/2026,10:00:00 PM,0,0.2773,13.327
1/31/2026,10:15:00 PM,0,0.2782,13.326
1/31/2026,10:30:00 PM,0,0.2768,13.319
1/31/2026,10:45:00 PM,0,0.2767,13.312
1/31/2026,11:00:00 PM,0,0.2765,13.299
1/31/2026,11:15:00 PM,0,0.2768,13.284
1/31/2026,11:30:00 PM,0,0.2766,13.266
1/31/2026,11:45:00 PM,0,0.2766,13.245
2/1/2026,12:00:00 AM,0,0.2763,13.222
2/1/2026,12:15:00 AM,0,0.2765,13.197
2/1/2026,12:30:00 AM,0,0.2763,13.17
2/1/2026,12:45:00 AM,0,0.2769,13.139
2/1/2026,1:00:00 AM,0,0.277,13.102
2/1/2026,1:15:00 AM,0,0.276,13.062
2/1/2026,1:30:00 AM,0,0.2765,13.02
2/1/2026,1:45:00 AM,0,0.2758,12.973
2/1/2026,2:00:00 AM,0,0.2769,12.931
2/1/2026,2:15:00 AM,0,0.2761,12.888
2/1/2026,2:30:00 AM,0,0.2767,12.845
2/1/2026,2:45:00 AM,0,0.276,12.803
2/1/2026,3:00:00 AM,0,0.2758,12.761
2/1/2026,3:15:00 AM,0,0.2759,12.715
2/1/2026,3:30:00 AM,0,0.276,12.673
2/1/2026,3:45:00 AM,0,0.2766,12.633
2/1/2026,4:00:00 AM,0,0.2762,12.591
2/1/2026,4:15:00 AM,0,0.2757,12.549
2/1/2026,4:30:00 AM,0,0.2756,12.508
2/1/2026,4:45:00 AM,0,0.2763,12.466
2/1/2026,5:00:00 AM,0,0.2758,12.427
2/1/2026,5:15:00 AM,0,0.2754,12.391
2/1/2026,5:30:00 AM,0,0.2757,12.351
2/1/2026,5:45:00 AM,0,0.2768,12.318
2/1/2026,6:00:00 AM,0,0.2764,12.279
2/1/2026,6:15:00 AM,0,0.2759,12.245
2/1/2026,6:30:00 AM,0,0.2751,12.21
2/1/2026,6:45:00 AM,0,0.2759,12.174
2/1/2026,7:00:00 AM,0,0.2758,12.14
2/1/2026,7:15:00 AM,0,0.2751,12.109
2/1/2026,7:30:00 AM,0,0.2774,12.075
2/1/2026,7:45:00 AM,0,0.2787,12.043
2/1/2026,8:00:00 AM,0,0.2789,12.006
2/1/2026,8:15:00 AM,0,0.278,11.971
2/1/2026,8:30:00 AM,0,0.278,11.941
2/1/2026,8:45:00 AM,0,0.2776,11.913
2/1/2026,9:00:00 AM,0,0.2763,11.895
2/1/2026,9:15:00 AM,0,0.2759,11.88
2/1/2026,9:30:00 AM,0,0.2763,11.875
2/1/2026,9:45:00 AM,0,0.2762,11.874
2/1/2026,10:00:00 AM,0,0.277,11.877
2/1/2026,10:15:00 AM,0,0.2762,11.879
2/1/2026,10:30:00 AM,0,0.2766,11.89
2/1/2026,10:45:00 AM,0,0.277,11.899
2/1/2026,11:00:00 AM,0,0.277,11.911
2/1/2026,11:15:00 AM,0,0.2775,11.923
2/1/2026,11:30:00 AM,0,0.2761,11.941
2/1/2026,11:45:00 AM,0,0.2773,11.959
2/1/2026,12:00:00 PM,0,0.2767,11.971
2/1/2026,12:15:00 PM,0,0.2768,11.979
2/1/2026,12:30:00 PM,0,0.277,11.987
2/1/2026,12:45:00 PM,0,0.2771,11.995
2/1/2026,1:00:00 PM,0,0.2779,12.002
2/1/2026,1:15:00 PM,0,0.2783,12.011
2/1/2026,1:30:00 PM,0,0.2768,12.019
2/1/2026,1:45:00 PM,0,0.2771,12.028
2/1/2026,2:00:00 PM,0,0.2778,12.037
2/1/2026,2:15:00 PM,0,0.2777,12.049
2/1/2026,2:30:00 PM,0,0.2768,12.063
2/1/2026,2:45:00 PM,0,0.2783,12.077
2/1/2026,3:00:00 PM,0,0.2773,12.094
2/1/2026,3:15:00 PM,0,0.2776,12.113
2/1/2026,3:30:00 PM,0,0.2778,12.138
2/1/2026,3:45:00 PM,0,0.2773,12.164
2/1/2026,4:00:00 PM,0,0.2773,12.197
2/1/2026,4:15:00 PM,0,0.2777,12.234
2/1/2026,4:30:00 PM,0,0.2771,12.28
2/1/2026,4:45:00 PM,0,0.2763,12.329
2/1/2026,5:00:00 PM,0,0.2774,12.384
2/1/2026,5:15:00 PM,0,0.2767,12.444
2/1/2026,5:30:00 PM,0,0.276,12.506
2/1/2026,5:45:00 PM,0,0.2768,12.577
2/1/2026,6:00:00 PM,0,0.2768,12.652
2/1/2026,6:15:00 PM,0,0.2771,12.728
2/1/2026,6:30:00 PM,0,0.2775,12.806
2/1/2026,6:45:00 PM,0,0.2783,12.883
2/1/2026,7:00:00 PM,0,0.2783,12.965
2/1/2026,7:15:00 PM,0,0.2785,13.042
2/1/2026,7:30:00 PM,0,0.2785,13.119
2/1/2026,7:45:00 PM,0,0.2779,13.188
2/1/2026,8:00:00 PM,0,0.2777,13.252
2/1/2026,8:15:00 PM,0,0.2783,13.31
2/1/2026,8:30:00 PM,0,0.2782,13.361
2/1/2026,8:45:00 PM,0,0.2789,13.403
2/1/2026,9:00:00 PM,0,0.2782,13.439
2/1/2026,9:15:00 PM,0,0.2778,13.469
2/1/2026,9:30:00 PM,0,0.2777,13.49
2/1/2026,9:45:00 PM,0,0.2775,13.509
2/1/2026,10:00:00 PM,0,0.2776,13.519
2/1/2026,10:15:00 PM,0,0.2785,13.528
2/1/2026,10:30:00 PM,0,0.2774,13.53
2/1/2026,10:45:00 PM,0,0.2773,13.53
2/1/2026,11:00:00 PM,0,0.2771,13.527
2/1/2026,11:15:00 PM,0,0.2774,13.518
2/1/2026,11:30:00 PM,0,0.2768,13.508
2/1/2026,11:45:00 PM,0,0.2766,13.496
2/2/2026,12:00:00 AM,0,0.2776,13.482
2/2/2026,12:15:00 AM,0,0.276,13.466
2/2/2026,12:30:00 AM,0,0.276,13.448
2/2/2026,12:45:00 AM,0,0.2766,13.427
2/2/2026,1:00:00 AM,0,0.2763,13.404
2/2/2026,1:15:00 AM,0,0.2762,13.381
2/2/2026,1:30:00 AM,0,0.2762,13.355
2/2/2026,1:45:00 AM,0,0.2766,13.326
2/2/2026,2:00:00 AM,0,0.2764,13.295
2/2/2026,2:15:00 AM,0,0.2766,13.259
2/2/2026,2:30:00 AM,0,0.2768,13.222
2/2/2026,2:45:00 AM,0,0.2769,13.185
2/2/2026,3:00:00 AM,0,0.2763,13.145
2/2/2026,3:15:00 AM,0,0.2766,13.104
2/2/2026,3:30:00 AM,0,0.2765,13.065
2/2/2026,3:45:00 AM,0,0.2764,13.024
2/2/2026,4:00:00 AM,0,0.2764,12.983
2/2/2026,4:15:00 AM,0,0.2762,12.942
2/2/2026,4:30:00 AM,0,0.2763,12.906
2/2/2026,4:45:00 AM,0,0.276,12.866
2/2/2026,5:00:00 AM,0,0.2755,12.826
2/2/2026,5:15:00 AM,0,0.2762,12.783
2/2/2026,5:30:00 AM,0,0.2756,12.746
2/2/2026,5:45:00 AM,0,0.2765,12.707
2/2/2026,6:00:00 AM,0,0.2758,12.668
2/2/2026,6:15:00 AM,0,0.2758,12.631
2/2/2026,6:30:00 AM,0,0.2765,12.599
2/2/2026,6:45:00 AM,0,0.2754,12.563
2/2/2026,7:00:00 AM,0,0.2757,12.532
2/2/2026,7:15:00 AM,0,0.2759,12.5
2/2/2026,7:30:00 AM,0,0.2771,12.468
2/2/2026,7:45:00 AM,0,0.2796,12.441
2/2/2026,8:00:00 AM,0,0.2809,12.417
2/2/2026,8:15:00 AM,0,0.2794,12.393
2/2/2026,8:30:00 AM,0,0.2787,12.375
2/2/2026,8:45:00 AM,0,0.278,12.358
2/2/2026,9:00:00 AM,0,0.2752,12.345
2/2/2026,9:15:00 AM,0,0.2754,12.335
2/2/2026,9:30:00 AM,0,0.2764,12.326
2/2/2026,9:45:00 AM,0,0.2768,12.321
2/2/2026,10:00:00 AM,0,0.2765,12.313
2/2/2026,10:15:00 AM,0,0.2751,12.305
2/2/2026,10:30:00 AM,0,0.2764,12.3
2/2/2026,10:45:00 AM,0,0.2767,12.299
2/2/2026,11:00:00 AM,0,0.2764,12.303
2/2/2026,11:15:00 AM,0,0.2762,12.312
2/2/2026,11:30:00 AM,0,0.2778,12.326
2/2/2026,11:45:00 AM,0,0.2773,12.342
2/2/2026,12:00:00 PM,0,0.2774,12.354
2/2/2026,12:15:00 PM,0,0.277,12.361
2/2/2026,12:30:00 PM,0,0.2774,12.366
2/2/2026,12:45:00 PM,0,0.2779,12.37
2/2/2026,1:00:00 PM,0,0.2775,12.377
2/2/2026,1:15:00 PM,0,0.2772,12.381
2/2/2026,1:30:00 PM,0,0.2773,12.388
2/2/2026,1:45:00 PM,0,0.2772,12.397
2/2/2026,2:00:00 PM,0,0.2771,12.403
2/2/2026,2:15:00 PM,0,0.2777,12.413
2/2/2026,2:30:00 PM,0,0.2778,12.422
2/2/2026,2:45:00 PM,0,0.2776,12.434
2/2/2026,3:00:00 PM,0,0.2773,12.45
2/2/2026,3:15:00 PM,0,0.2777,12.468
2/2/2026,3:30:00 PM,0,0.2778,12.487
2/2/2026,3:45:00 PM,0,0.2772,12.511
2/2/2026,4:00:00 PM,0,0.2777,12.538
2/2/2026,4:15:00 PM,0,0.2778,12.57
2/2/2026,4:30:00 PM,0,0.2774,12.606
2/2/2026,4:45:00 PM,0,0.2775,12.644
2/2/2026,5:00:00 PM,0,0.2772,12.684
2/2/2026,5:15:00 PM,0,0.2766,12.73
2/2/2026,5:30:00 PM,0,0.2759,12.778
2/2/2026,5:45:00 PM,0,0.2766,12.831
2/2/2026,6:00:00 PM,0,0.2764,12.884
2/2/2026,6:15:00 PM,0,0.2764,12.944
2/2/2026,6:30:00 PM,0,0.2765,13.007
2/2/2026,6:45:00 PM,0,0.2764,13.068
2/2/2026,7:00:00 PM,0,0.2775,13.136
2/2/2026,7:15:00 PM,0,0.2764,13.202
2/2/2026,7:30:00 PM,0,0.2766,13.269
2/2/2026,7:45:00 PM,0,0.2764,13.334
2/2/2026,8:00:00 PM,0,0.2769,13.395
2/2/2026,8:15:00 PM,0,0.277,13.45
2/2/2026,8:30:00 PM,0,0.2767,13.498
2/2/2026,8:45:00 PM,0,0.277,13.542
2/2/2026,9:00:00 PM,0,0.276,13.576
2/2/2026,9:15:00 PM,0,0.2766,13.603
2/2/2026,9:30:00 PM,0,0.2761,13.626
2/2/2026,9:45:00 PM,0,0.2766,13.641
2/2/2026,10:00:00 PM,0,0.2759,13.654
2/2/2026,10:15:00 PM,0,0.2753,13.662
2/2/2026,10:30:00 PM,0,0.2756,13.664
2/2/2026,10:45:00 PM,0,0.2762,13.66
2/2/2026,11:00:00 PM,0,0.2749,13.655
2/2/2026,11:15:00 PM,0,0.2753,13.645
2/2/2026,11:30:00 PM,0,0.2754,13.633
2/2/2026,11:45:00 PM,0,0.2757,13.618
2/3/2026,12:00:00 AM,0,0.2756,13.6
2/3/2026,12:15:00 AM,0,0.2748,13.581
2/3/2026,12:30:00 AM,0,0.2749,13.559
2/3/2026,12:45:00 AM,0,0.2752,13.533
2/3/2026,1:00:00 AM,0,0.2749,13.506
2/3/2026,1:15:00 AM,0,0.2748,13.469
2/3/2026,1:30:00 AM,0,0.275,13.43
2/3/2026,1:45:00 AM,0,0.2747,13.391
2/3/2026,2:00:00 AM,0,0.2749,13.347
2/3/2026,2:15:00 AM,0,0.2746,13.307
2/3/2026,2:30:00 AM,0,0.2757,13.267
2/3/2026,2:45:00 AM,0,0.2751,13.228
2/3/2026,3:00:00 AM,0,0.2744,13.187
2/3/2026,3:15:00 AM,0,0.275,13.148
2/3/2026,3:30:00 AM,0,0.2749,13.105
2/3/2026,3:45:00 AM,0,0.2748,13.064
2/3/2026,4:00:00 AM,0,0.2747,13.024
2/3/2026,4:15:00 AM,0,0.2751,12.98
2/3/2026,4:30:00 AM,0,0.2748,12.938
2/3/2026,4:45:00 AM,0,0.2743,12.896
2/3/2026,5:00:00 AM,0,0.2744,12.854
2/3/2026,5:15:00 AM,0,0.2748,12.815
2/3/2026,5:30:00 AM,0,0.2745,12.775
2/3/2026,5:45:00 AM,0,0.2736,12.737
2/3/2026,6:00:00 AM,0,0.2744,12.697
2/3/2026,6:15:00 AM,0,0.2745,12.66
2/3/2026,6:30:00 AM,0,0.2741,12.621
2/3/2026,6:45:00 AM,0,0.2746,12.583
2/3/2026,7:00:00 AM,0,0.2734,12.54
2/3/2026,7:15:00 AM,0,0.2737,12.486
2/3/2026,7:30:00 AM,0,0.2762,12.429
2/3/2026,7:45:00 AM,0,0.2774,12.37
2/3/2026,8:00:00 AM,0,0.2778,12.317
2/3/2026,8:15:00 AM,0,0.2774,12.267
2/3/2026,8:30:00 AM,0,0.2783,12.226
2/3/2026,8:45:00 AM,0,0.2749,12.191
2/3/2026,9:00:00 AM,0,0.2746,12.167
2/3/2026,9:15:00 AM,0,0.2736,12.15
2/3/2026,9:30:00 AM,0,0.2723,12.146
2/3/2026,9:45:00 AM,0,0.2739,12.149
2/3/2026,10:00:00 AM,0,0.2748,12.15
2/3/2026,10:15:00 AM,0,0.275,12.153
2/3/2026,10:30:00 AM,0,0.2751,12.16
2/3/2026,10:45:00 AM,0,0.2748,12.173
2/3/2026,11:00:00 AM,0,0.2751,12.189
2/3/2026,11:15:00 AM,0,0.2758,12.216
2/3/2026,11:30:00 AM,0,0.2761,12.241
2/3/2026,11:45:00 AM,0,0.276,12.268
2/3/2026,12:00:00 PM,0,0.2764,12.291
2/3/2026,12:15:00 PM,0,0.2765,12.308
2/3/2026,12:30:00 PM,0,0.2761,12.324
2/3/2026,12:45:00 PM,0,0.2762,12.339
2/3/2026,1:00:00 PM,0,0.276,12.352
2/3/2026,1:15:00 PM,0,0.2763,12.365
2/3/2026,1:30:00 PM,0,0.2762,12.379
2/3/2026,1:45:00 PM,0,0.2754,12.391
2/3/2026,2:00:00 PM,0,0.2762,12.404
2/3/2026,2:15:00 PM,0,0.2764,12.416
2/3/2026,2:30:00 PM,0,0.2751,12.433
2/3/2026,2:45:00 PM,0,0.2756,12.448
2/3/2026,3:00:00 PM,0,0.2759,12.462
2/3/2026,3:15:00 PM,0,0.2762,12.478
2/3/2026,3:30:00 PM,0,0.2751,12.498
2/3/2026,3:45:00 PM,0,0.276,12.517
2/3/2026,4:00:00 PM,0,0.2759,12.54
2/3/2026,4:15:00 PM,0,0.2758,12.57
2/3/2026,4:30:00 PM,0,0.2761,12.606
2/3/2026,4:45:00 PM,0,0.2753,12.642
2/3/2026,5:00:00 PM,0,0.2753,12.686
2/3/2026,5:15:00 PM,0,0.2751,12.735
2/3/2026,5:30:00 PM,0,0.2754,12.791
2/3/2026,5:45:00 PM,0,0.275,12.849
2/3/2026,6:00:00 PM,0,0.2745,12.915
2/3/2026,6:15:00 PM,0,0.2755,12.983
2/3/2026,6:30:00 PM,0,0.276,13.053
2/3/2026,6:45:00 PM,0,0.2765,13.125
2/3/2026,7:00:00 PM,0,0.2762,13.2
2/3/2026,7:15:00 PM,0,0.2771,13.274
2/3/2026,7:30:00 PM,0,0.2765,13.344
2/3/2026,7:45:00 PM,0,0.2769,13.413
2/3/2026,8:00:00 PM,0,0.2774,13.475
2/3/2026,8:15:00 PM,0,0.2773,13.526
2/3/2026,8:30:00 PM,0,0.2779,13.574
2/3/2026,8:45:00 PM,0,0.2781,13.614
2/3/2026,9:00:00 PM,0,0.2769,13.645
2/3/2026,9:15:00 PM,0,0.2775,13.671
2/3/2026,9:30:00 PM,0,0.2773,13.689
2/3/2026,9:45:00 PM,0,0.2772,13.704
2/3/2026,10:00:00 PM,0,0.2778,13.709
2/3/2026,10:15:00 PM,0,0.2773,13.714
2/3/2026,10:30:00 PM,0,0.2769,13.714
2/3/2026,10:45:00 PM,0,0.2766,13.709
2/3/2026,11:00:00 PM,0,0.2775,13.7
2/3/2026,11:15:00 PM,0,0.2772,13.69
2/3/2026,11:30:00 PM,0,0.2765,13.677
2/3/2026,11:45:00 PM,0,0.2771,13.663
2/4/2026,12:00:00 AM,0,0.2762,13.642
2/4/2026,12:15:00 AM,0,0.2761,13.618
2/4/2026,12:30:00 AM,0,0.2761,13.595
2/4/2026,12:45:00 AM,0,0.2756,13.568
2/4/2026,1:00:00 AM,0,0.2764,13.534
2/4/2026,1:15:00 AM,0,0.2765,13.498
2/4/2026,1:30:00 AM,0,0.2759,13.459
2/4/2026,1:45:00 AM,0,0.277,13.421
2/4/2026,2:00:00 AM,0,0.2764,13.381
2/4/2026,2:15:00 AM,0,0.2769,13.342
2/4/2026,2:30:00 AM,0,0.277,13.302
2/4/2026,2:45:00 AM,0,0.2769,13.26
2/4/2026,3:00:00 AM,0,0.2766,13.22
2/4/2026,3:15:00 AM,0,0.2762,13.178
2/4/2026,3:30:00 AM,0,0.2765,13.139
2/4/2026,3:45:00 AM,0,0.2763,13.093
2/4/2026,4:00:00 AM,0,0.2762,13.053
2/4/2026,4:15:00 AM,0,0.276,13.012
2/4/2026,4:30:00 AM,0,0.276,12.971
2/4/2026,4:45:00 AM,0,0.276,12.931
2/4/2026,5:00:00 AM,0,0.2754,12.889
2/4/2026,5:15:00 AM,0,0.276,12.852
2/4/2026,5:30:00 AM,0,0.2757,12.814
2/4/2026,5:45:00 AM,0,0.2758,12.773
2/4/2026,6:00:00 AM,0,0.2747,12.737
2/4/2026,6:15:00 AM,0,0.2752,12.706
2/4/2026,6:30:00 AM,0,0.2758,12.667
2/4/2026,6:45:00 AM,0,0.2747,12.63
2/4/2026,7:00:00 AM,0,0.2756,12.598
2/4/2026,7:15:00 AM,0,0.2758,12.562
2/4/2026,7:30:00 AM,0,0.2794,12.53
2/4/2026,7:45:00 AM,0,0.2804,12.497
2/4/2026,8:00:00 AM,0,0.2798,12.467
2/4/2026,8:15:00 AM,0,0.2789,12.442
2/4/2026,8:30:00 AM,0,0.2777,12.422
2/4/2026,8:45:00 AM,0,0.2713,12.405
2/4/2026,9:00:00 AM,0,0.2751,12.388
2/4/2026,9:15:00 AM,0,0.2754,12.372
2/4/2026,9:30:00 AM,0,0.2767,12.364
2/4/2026,9:45:00 AM,0,0.2755,12.357
2/4/2026,10:00:00 AM,0,0.2752,12.346
2/4/2026,10:15:00 AM,0,0.2763,12.339
2/4/2026,10:30:00 AM,0,0.2756,12.335
2/4/2026,10:45:00 AM,0,0.2758,12.34
2/4/2026,11:00:00 AM,0,0.2754,12.342
2/4/2026,11:15:00 AM,0,0.2763,12.354
2/4/2026,11:30:00 AM,0,0.2772,12.363
2/4/2026,11:45:00 AM,0,0.277,12.365
2/4/2026,12:00:00 PM,0,0.2773,12.37
2/4/2026,12:15:00 PM,0,0.2771,12.369
2/4/2026,12:30:00 PM,0,0.2769,12.371
2/4/2026,12:45:00 PM,0,0.2769,12.373
2/4/2026,1:00:00 PM,0,0.2768,12.375
2/4/2026,1:15:00 PM,0,0.2778,12.377
2/4/2026,1:30:00 PM,0,0.2771,12.38
2/4/2026,1:45:00 PM,0,0.2768,12.384
2/4/2026,2:00:00 PM,0,0.2774,12.389
2/4/2026,2:15:00 PM,0,0.2771,12.397
2/4/2026,2:30:00 PM,0,0.2766,12.405
2/4/2026,2:45:00 PM,0,0.2771,12.417
2/4/2026,3:00:00 PM,0,0.2771,12.431
2/4/2026,3:15:00 PM,0,0.276,12.447
2/4/2026,3:30:00 PM,0,0.2757,12.468
2/4/2026,3:45:00 PM,0,0.2755,12.491
2/4/2026,4:00:00 PM,0,0.2771,12.52
2/4/2026,4:15:00 PM,0,0.2765,12.551
2/4/2026,4:30:00 PM,0,0.2765,12.583
2/4/2026,4:45:00 PM,0,0.2755,12.624
2/4/2026,5:00:00 PM,0,0.2751,12.67
2/4/2026,5:15:00 PM,0,0.2746,12.719
2/4/2026,5:30:00 PM,0,0.2745,12.77
2/4/2026,5:45:00 PM,0,0.2746,12.825
2/4/2026,6:00:00 PM,0,0.274,12.884
2/4/2026,6:15:00 PM,0,0.2753,12.945
2/4/2026,6:30:00 PM,0,0.2758,13.009
2/4/2026,6:45:00 PM,0,0.2762,13.077
2/4/2026,7:00:00 PM,0,0.2759,13.145
2/4/2026,7:15:00 PM,0,0.2756,13.214
2/4/2026,7:30:00 PM,0,0.2753,13.282
2/4/2026,7:45:00 PM,0,0.2759,13.345
2/4/2026,8:00:00 PM,0,0.2767,13.407
2/4/2026,8:15:00 PM,0,0.2753,13.461
2/4/2026,8:30:00 PM,0,0.276,13.511
2/4/2026,8:45:00 PM,0,0.2755,13.554
2/4/2026,9:00:00 PM,0,0.2751,13.591
2/4/2026,9:15:00 PM,0,0.2757,13.62
2/4/2026,9:30:00 PM,0,0.2749,13.645
2/4/2026,9:45:00 PM,0,0.2756,13.666
2/4/2026,10:00:00 PM,0,0.275,13.678
2/4/2026,10:15:00 PM,0,0.2753,13.688
2/4/2026,10:30:00 PM,0,0.2754,13.69
2/4/2026,10:45:00 PM,0,0.275,13.694
2/4/2026,11:00:00 PM,0,0.275,13.69
2/4/2026,11:15:00 PM,0,0.2743,13.684
2/4/2026,11:30:00 PM,0,0.2753,13.675
2/4/2026,11:45:00 PM,0,0.2751,13.662
2/5/2026,12:00:00 AM,0,0.2743,13.647
2/5/2026,12:15:00 AM,0,0.2742,13.631
2/5/2026,12:30:00 AM,0,0.2739,13.613
2/5/2026,12:45:00 AM,0,0.2739,13.594
2/5/2026,1:00:00 AM,0,0.275,13.568
2/5/2026,1:15:00 AM,0,0.2737,13.54
2/5/2026,1:30:00 AM,0,0.2747,13.506
2/5/2026,1:45:00 AM,0,0.2752,13.468
2/5/2026,2:00:00 AM,0,0.2742,13.433
2/5/2026,2:15:00 AM,0,0.2743,13.395
2/5/2026,2:30:00 AM,0,0.2744,13.357
2/5/2026,2:45:00 AM,0,0.2748,13.317
2/5/2026,3:00:00 AM,0,0.2748,13.273
2/5/2026,3:15:00 AM,0,0.2753,13.23
2/5/2026,3:30:00 AM,0,0.2747,13.188
2/5/2026,3:45:00 AM,0,0.2757,13.143
2/5/2026,4:00:00 AM,0,0.275,13.096
2/5/2026,4:15:00 AM,0,0.2749,13.054
2/5/2026,4:30:00 AM,0,0.2744,13.013
2/5/2026,4:45:00 AM,0,0.2744,12.969
2/5/2026,5:00:00 AM,0,0.275,12.93
2/5/2026,5:15:00 AM,0,0.2754,12.886
2/5/2026,5:30:00 AM,0,0.2746,12.848
2/5/2026,5:45:00 AM,0,0.275,12.808
2/5/2026,6:00:00 AM,0,0.275,12.77
2/5/2026,6:15:00 AM,0,0.2744,12.731
2/5/2026,6:30:00 AM,0,0.2741,12.694
2/5/2026,6:45:00 AM,0,0.2745,12.66
2/5/2026,7:00:00 AM,0,0.2745,12.614
2/5/2026,7:15:00 AM,0,0.2753,12.552
2/5/2026,7:30:00 AM,0,0.2759,12.487
2/5/2026,7:45:00 AM,0,0.2777,12.425
2/5/2026,8:00:00 AM,0,0.2782,12.365
2/5/2026,8:15:00 AM,0,0.2773,12.312
2/5/2026,8:30:00 AM,0,0.2754,12.268
2/5/2026,8:45:00 AM,0,0.2758,12.231
2/5/2026,9:00:00 AM,0,0.2758,12.203
2/5/2026,9:15:00 AM,0,0.2776,12.186
2/5/2026,9:30:00 AM,0,0.2781,12.185
2/5/2026,9:45:00 AM,0,0.2761,12.193
2/5/2026,10:00:00 AM,0,0.2743,12.2
2/5/2026,10:15:00 AM,0,0.2755,12.211
2/5/2026,10:30:00 AM,0,0.2766,12.226
2/5/2026,10:45:00 AM,0,0.2741,12.244
2/5/2026,11:00:00 AM,0,0.274,12.263
2/5/2026,11:15:00 AM,0,0.2758,12.283
2/5/2026,11:30:00 AM,0,0.2764,12.296
2/5/2026,11:45:00 AM,0,0.2774,12.306
2/5/2026,12:00:00 PM,0,0.2761,12.315
2/5/2026,12:15:00 PM,0,0.2765,12.329
2/5/2026,12:30:00 PM,0,0.2761,12.344
2/5/2026,12:45:00 PM,0,0.2767,12.354
2/5/2026,1:00:00 PM,0,0.2776,12.367
2/5/2026,1:15:00 PM,0,0.2779,12.38
2/5/2026,1:30:00 PM,0,0.2785,12.39
2/5/2026,1:45:00 PM,0,0.2792,12.4
2/5/2026,2:00:00 PM,0,0.2777,12.413
2/5/2026,2:15:00 PM,0,0.2782,12.427
2/5/2026,2:30:00 PM,0,0.2786,12.445
2/5/2026,2:45:00 PM,0,0.2773,12.461
2/5/2026,3:00:00 PM,0,0.2771,12.486
2/5/2026,3:15:00 PM,0,0.278,12.509
2/5/2026,3:30:00 PM,0,0.2783,12.537
2/5/2026,3:45:00 PM,0,0.2793,12.572
2/5/2026,4:00:00 PM,0,0.2796,12.61
2/5/2026,4:15:00 PM,0,0.2773,12.653
2/5/2026,4:30:00 PM,0,0.2771,12.702
2/5/2026,4:45:00 PM,0,0.2774,12.752
2/5/2026,5:00:00 PM,0,0.2772,12.806
2/5/2026,5:15:00 PM,0,0.2777,12.863
2/5/2026,5:30:00 PM,0,0.2776,12.921
2/5/2026,5:45:00 PM,0,0.2776,12.979
2/5/2026,6:00:00 PM,0,0.2781,13.036
2/5/2026,6:15:00 PM,0,0.2776,13.092
2/5/2026,6:30:00 PM,0,0.2781,13.147
2/5/2026,6:45:00 PM,0,0.2774,13.201
2/5/2026,7:00:00 PM,0,0.2774,13.252
2/5/2026,7:15:00 PM,0,0.2788,13.303
2/5/2026,7:30:00 PM,0,0.2787,13.347
2/5/2026,7:45:00 PM,0,0.2794,13.386
2/5/2026,8:00:00 PM,0,0.278,13.423
2/5/2026,8:15:00 PM,0,0.2784,13.458
2/5/2026,8:30:00 PM,0,0.278,13.49
2/5/2026,8:45:00 PM,0,0.2768,13.52
2/5/2026,9:00:00 PM,0,0.2779,13.547
2/5/2026,9:15:00 PM,0,0.2773,13.571
2/5/2026,9:30:00 PM,0,0.2759,13.591
2/5/2026,9:45:00 PM,0,0.2771,13.609
2/5/2026,10:00:00 PM,0,0.2773,13.622
2/5/2026,10:15:00 PM,0,0.2773,13.634
2/5/2026,10:30:00 PM,0,0.2766,13.641
2/5/2026,10:45:00 PM,0,0.2774,13.645
2/5/2026,11:00:00 PM,0,0.2774,13.646
2/5/2026,11:15:00 PM,0,0.2763,13.644
2/5/2026,11:30:00 PM,0,0.2757,13.643
2/5/2026,11:45:00 PM,0,0.2756,13.637
2/6/2026,12:00:00 AM,0,0.2754,13.632
2/6/2026,12:15:00 AM,0,0.2765,13.621
2/6/2026,12:30:00 AM,0,0.2761,13.613
2/6/2026,12:45:00 AM,0,0.2759,13.6
2/6/2026,1:00:00 AM,0,0.2752,13.585
2/6/2026,1:15:00 AM,0,0.275,13.574
2/6/2026,1:30:00 AM,0,0.2752,13.559
2/6/2026,1:45:00 AM,0,0.2765,13.543
2/6/2026,2:00:00 AM,0,0.2758,13.524
2/6/2026,2:15:00 AM,0,0.2759,13.504
2/6/2026,2:30:00 AM,0,0.2757,13.484
2/6/2026,2:45:00 AM,0,0.2762,13.462
2/6/2026,3:00:00 AM,0,0.2764,13.435
2/6/2026,3:15:00 AM,0,0.2761,13.409
2/6/2026,3:30:00 AM,0,0.2769,13.383
2/6/2026,3:45:00 AM,0,0.2763,13.359
2/6/2026,4:00:00 AM,0,0.2759,13.335
2/6/2026,4:15:00 AM,0,0.2756,13.313
2/6/2026,4:30:00 AM,0,0.2756,13.295
2/6/2026,4:45:00 AM,0,0.276,13.275
2/6/2026,5:00:00 AM,0,0.2759,13.257
2/6/2026,5:15:00 AM,0,0.2757,13.239
2/6/2026,5:30:00 AM,0,0.2758,13.221
2/6/2026,5:45:00 AM,0,0.2758,13.202
2/6/2026,6:00:00 AM,0,0.2757,13.186
2/6/2026,6:15:00 AM,0,0.2756,13.168
2/6/2026,6:30:00 AM,0,0.2759,13.15
2/6/2026,6:45:00 AM,0,0.2761,13.133
2/6/2026,7:00:00 AM,0,0.275,13.117
2/6/2026,7:15:00 AM,0,0.2755,13.105
2/6/2026,7:30:00 AM,0,0.2758,13.094
2/6/2026,7:45:00 AM,0,0.2794,13.084
2/6/2026,8:00:00 AM,0,0.2764,13.076
2/6/2026,8:15:00 AM,0,0.278,13.066
2/6/2026,8:30:00 AM,0,0.276,13.061
2/6/2026,8:45:00 AM,0,0.2756,13.052
2/6/2026,9:00:00 AM,0,0.2746,13.048
2/6/2026,9:15:00 AM,0,0.2764,13.042
2/6/2026,9:30:00 AM,0,0.2758,13.041
2/6/2026,9:45:00 AM,0,0.2758,13.044
2/6/2026,10:00:00 AM,0,0.2762,13.045
2/6/2026,10:15:00 AM,0,0.276,13.048
2/6/2026,10:30:00 AM,0,0.2755,13.052
2/6/2026,10:45:00 AM,0,0.276,13.059
2/6/2026,11:00:00 AM,0,0.2765,13.065
2/6/2026,11:15:00 AM,0,0.2763,13.073
2/6/2026,11:30:00 AM,0,0.2767,13.083
2/6/2026,11:45:00 AM,0,0.2766,13.089
2/6/2026,12:00:00 PM,0,0.2765,13.098
2/6/2026,12:15:00 PM,0,0.2767,13.107
2/6/2026,12:30:00 PM,0,0.2777,13.112
2/6/2026,12:45:00 PM,0,0.2778,13.117
2/6/2026,1:00:00 PM,0,0.2785,13.126
2/6/2026,1:15:00 PM,0,0.278,13.136
2/6/2026,1:30:00 PM,0,0.2775,13.15
2/6/2026,1:45:00 PM,0,0.2781,13.167
2/6/2026,2:00:00 PM,0,0.2779,13.186
2/6/2026,2:15:00 PM,0,0.2777,13.212
2/6/2026,2:30:00 PM,0,0.278,13.24
2/6/2026,2:45:00 PM,0,0.2771,13.271
2/6/2026,3:00:00 PM,0,0.2783,13.306
2/6/2026,3:15:00 PM,0,0.278,13.342
2/6/2026,3:30:00 PM,0,0.2787,13.384
2/6/2026,3:45:00 PM,0,0.2781,13.425
2/6/2026,4:00:00 PM,0,0.2785,13.472
2/6/2026,4:15:00 PM,0,0.2781,13.516
2/6/2026,4:30:00 PM,0,0.2766,13.565
2/6/2026,4:45:00 PM,0,0.2773,13.613
2/6/2026,5:00:00 PM,0,0.2784,13.661
2/6/2026,5:15:00 PM,0,0.2785,13.71
2/6/2026,5:30:00 PM,0,0.2778,13.756
2/6/2026,5:45:00 PM,0,0.278,13.802
2/6/2026,6:00:00 PM,0,0.2779,13.845
2/6/2026,6:15:00 PM,0,0.2779,13.892
2/6/2026,6:30:00 PM,0,0.2781,13.938
2/6/2026,6:45:00 PM,0,0.278,13.983
2/6/2026,7:00:00 PM,0,0.2777,14.034
2/6/2026,7:15:00 PM,0,0.2778,14.082
2/6/2026,7:30:00 PM,0,0.2778,14.131
2/6/2026,7:45:00 PM,0,0.2775,14.181
2/6/2026,8:00:00 PM,0,0.2774,14.229
2/6/2026,8:15:00 PM,0,0.2765,14.279
2/6/2026,8:30:00 PM,0,0.2768,14.323
2/6/2026,8:45:00 PM,0,0.2773,14.371
2/6/2026,9:00:00 PM,0,0.277,14.408
2/6/2026,9:15:00 PM,0,0.2773,14.441
2/6/2026,9:30:00 PM,0,0.2765,14.466
2/6/2026,9:45:00 PM,0,0.2766,14.488
2/6/2026,10:00:00 PM,0,0.2761,14.507
2/6/2026,10:15:00 PM,0,0.2755,14.519
2/6/2026,10:30:00 PM,0,0.2767,14.53
2/6/2026,10:45:00 PM,0,0.2759,14.536
2/6/2026,11:00:00 PM,0,0.2755,14.538
2/6/2026,11:15:00 PM,0,0.2757,14.541
2/6/2026,11:30:00 PM,0,0.2762,14.539
2/6/2026,11:45:00 PM,0,0.2763,14.533
2/7/2026,12:00:00 AM,0,0.2758,14.524
2/7/2026,12:15:00 AM,0,0.2754,14.516
2/7/2026,12:30:00 AM,0,0.2757,14.508
2/7/2026,12:45:00 AM,0,0.2754,14.496
2/7/2026,1:00:00 AM,0,0.2759,14.483
2/7/2026,1:15:00 AM,0,0.2755,14.469
2/7/2026,1:30:00 AM,0,0.2756,14.453
2/7/2026,1:45:00 AM,0,0.2753,14.437
2/7/2026,2:00:00 AM,0,0.2753,14.417
2/7/2026,2:15:00 AM,0,0.2749,14.398
2/7/2026,2:30:00 AM,0,0.2749,14.375
2/7/2026,2:45:00 AM,0,0.2745,14.351
2/7/2026,3:00:00 AM,0,0.2757,14.326
2/7/2026,3:15:00 AM,0,0.274,14.3
2/7/2026,3:30:00 AM,0,0.2755,14.268
2/7/2026,3:45:00 AM,0,0.2754,14.236
2/7/2026,4:00:00 AM,0,0.2745,14.199
2/7/2026,4:15:00 AM,0,0.2744,14.165
2/7/2026,4:30:00 AM,0,0.2739,14.129
2/7/2026,4:45:00 AM,0,0.2734,14.097
2/7/2026,5:00:00 AM,0,0.2733,14.063
2/7/2026,5:15:00 AM,0,0.2737,14.031
2/7/2026,5:30:00 AM,0,0.2733,13.997
2/7/2026,5:45:00 AM,0,0.2733,13.962
2/7/2026,6:00:00 AM,0,0.2722,13.926
2/7/2026,6:15:00 AM,0,0.2736,13.894
2/7/2026,6:30:00 AM,0,0.2731,13.857
2/7/2026,6:45:00 AM,0,0.2718,13.82
2/7/2026,7:00:00 AM,0,0.2733,13.783
2/7/2026,7:15:00 AM,0,0.273,13.751
2/7/2026,7:30:00 AM,0,0.2736,13.717
2/7/2026,7:45:00 AM,0,0.276,13.689
2/7/2026,8:00:00 AM,0,0.2741,13.66
2/7/2026,8:15:00 AM,0,0.2797,13.638
2/7/2026,8:30:00 AM,0,0.2758,13.62
2/7/2026,8:45:00 AM,0,0.2764,13.605
2/7/2026,9:00:00 AM,0,0.2746,13.595
2/7/2026,9:15:00 AM,0,0.2749,13.587
2/7/2026,9:30:00 AM,0,0.2734,13.578
2/7/2026,9:45:00 AM,0,0.2725,13.575
2/7/2026,10:00:00 AM,0,0.2733,13.565
2/7/2026,10:15:00 AM,0,0.2746,13.559
2/7/2026,10:30:00 AM,0,0.2743,13.553
2/7/2026,10:45:00 AM,0,0.2739,13.555
2/7/2026,11:00:00 AM,0,0.2739,13.557
2/7/2026,11:15:00 AM,0,0.2751,13.56
2/7/2026,11:30:00 AM,0,0.2744,13.568
2/7/2026,11:45:00 AM,0,0.2752,13.572
2/7/2026,12:00:00 PM,0,0.2744,13.577
2/7/2026,12:15:00 PM,0,0.2759,13.578
2/7/2026,12:30:00 PM,0,0.2764,13.58
2/7/2026,12:45:00 PM,0,0.2761,13.581
2/7/2026,1:00:00 PM,0,0.2748,13.582
2/7/2026,1:15:00 PM,0,0.2755,13.585
2/7/2026,1:30:00 PM,0,0.2771,13.586
2/7/2026,1:45:00 PM,0,0.2758,13.586
2/7/2026,2:00:00 PM,0,0.2749,13.588
2/7/2026,2:15:00 PM,0,0.276,13.588
2/7/2026,2:30:00 PM,0,0.2763,13.592
2/7/2026,2:45:00 PM,0,0.2768,13.593
2/7/2026,3:00:00 PM,0,0.2765,13.6
2/7/2026,3:15:00 PM,0,0.2755,13.605
2/7/2026,3:30:00 PM,0,0.2761,13.612
2/7/2026,3:45:00 PM,0,0.2753,13.623
2/7/2026,4:00:00 PM,0,0.2747,13.637
2/7/2026,4:15:00 PM,0,0.2765,13.654
2/7/2026,4:30:00 PM,0,0.2735,13.674
2/7/2026,4:45:00 PM,0,0.2754,13.698
2/7/2026,5:00:00 PM,0,0.2742,13.726
2/7/2026,5:15:00 PM,0,0.2734,13.757
2/7/2026,5:30:00 PM,0,0.274,13.79
2/7/2026,5:45:00 PM,0,0.275,13.826
2/7/2026,6:00:00 PM,0,0.2754,13.865
2/7/2026,6:15:00 PM,0,0.2769,13.908
2/7/2026,6:30:00 PM,0,0.2744,13.952
2/7/2026,6:45:00 PM,0,0.275,14
2/7/2026,7:00:00 PM,0,0.2762,14.05
2/7/2026,7:15:00 PM,0,0.2763,14.097
2/7/2026,7:30:00 PM,0,0.2767,14.145
2/7/2026,7:45:00 PM,0,0.2761,14.192
2/7/2026,8:00:00 PM,0,0.2761,14.237
2/7/2026,8:15:00 PM,0,0.2764,14.276
2/7/2026,8:30:00 PM,0,0.2767,14.312
2/7/2026,8:45:00 PM,0,0.2765,14.342
2/7/2026,9:00:00 PM,0,0.2761,14.372
2/7/2026,9:15:00 PM,0,0.2751,14.395
2/7/2026,9:30:00 PM,0,0.277,14.416
2/7/2026,9:45:00 PM,0,0.2757,14.435
2/7/2026,10:00:00 PM,0,0.2762,14.449
2/7/2026,10:15:00 PM,0,0.2758,14.458
2/7/2026,10:30:00 PM,0,0.2764,14.464
2/7/2026,10:45:00 PM,0,0.2759,14.469
2/7/2026,11:00:00 PM,0,0.275,14.468
2/7/2026,11:15:00 PM,0,0.2754,14.467
2/7/2026,11:30:00 PM,0,0.2756,14.466
2/7/2026,11:45:00 PM,0,0.2751,14.458
2/8/2026,12:00:00 AM,0,0.2764,14.45
2/8/2026,12:15:00 AM,0,0.2764,14.439
2/8/2026,12:30:00 AM,0,0.2752,14.426
2/8/2026,12:45:00 AM,0,0.2765,14.41
2/8/2026,1:00:00 AM,0,0.2752,14.393
2/8/2026,1:15:00 AM,0,0.2734,14.372
2/8/2026,1:30:00 AM,0,0.2747,14.351
2/8/2026,1:45:00 AM,0,0.2739,14.328
2/8/2026,2:00:00 AM,0,0.2745,14.298
2/8/2026,2:15:00 AM,0,0.2752,14.265
2/8/2026,2:30:00 AM,0,0.2761,14.233
2/8/2026,2:45:00 AM,0,0.2753,14.197
2/8/2026,3:00:00 AM,0,0.274,14.159
2/8/2026,3:15:00 AM,0,0.275,14.118
2/8/2026,3:30:00 AM,0,0.2746,14.081
2/8/2026,3:45:00 AM,0,0.2754,14.042
2/8/2026,4:00:00 AM,0,0.2753,13.999
2/8/2026,4:15:00 AM,0,0.2754,13.955
2/8/2026,4:30:00 AM,0,0.2749,13.911
2/8/2026,4:45:00 AM,0,0.2742,13.867
2/8/2026,5:00:00 AM,0,0.2739,13.826
2/8/2026,5:15:00 AM,0,0.274,13.786
2/8/2026,5:30:00 AM,0,0.275,13.747
2/8/2026,5:45:00 AM,0,0.2751,13.711
2/8/2026,6:00:00 AM,0,0.2745,13.673
2/8/2026,6:15:00 AM,0,0.2741,13.636
2/8/2026,6:30:00 AM,0,0.2739,13.6
2/8/2026,6:45:00 AM,0,0.2744,13.564
2/8/2026,7:00:00 AM,0,0.2747,13.528
2/8/2026,7:15:00 AM,0,0.277,13.49
2/8/2026,7:30:00 AM,0,0.2793,13.453
2/8/2026,7:45:00 AM,0,0.2798,13.421
2/8/2026,8:00:00 AM,0,0.2782,13.391
2/8/2026,8:15:00 AM,0,0.2779,13.369
2/8/2026,8:30:00 AM,0,0.2757,13.336
2/8/2026,8:45:00 AM,0,0.2731,13.303
2/8/2026,9:00:00 AM,0,0.2731,13.278
2/8/2026,9:15:00 AM,0,0.2752,13.261
2/8/2026,9:30:00 AM,0,0.2752,13.245
2/8/2026,9:45:00 AM,0,0.2743,13.235
2/8/2026,10:00:00 AM,0,0.2725,13.229
2/8/2026,10:15:00 AM,0,0.2742,13.229
2/8/2026,10:30:00 AM,0,0.2741,13.231
2/8/2026,10:45:00 AM,0,0.2748,13.237
2/8/2026,11:00:00 AM,0,0.2741,13.248
2/8/2026,11:15:00 AM,0,0.274,13.266
2/8/2026,11:30:00 AM,0,0.275,13.284
2/8/2026,11:45:00 AM,0,0.2751,13.299
2/8/2026,12:00:00 PM,0,0.2746,13.308
2/8/2026,12:15:00 PM,0,0.275,13.318
2/8/2026,12:30:00 PM,0,0.276,13.329
2/8/2026,12:45:00 PM,0,0.276,13.339
2/8/2026,1:00:00 PM,0,0.2733,13.347
2/8/2026,1:15:00 PM,0,0.2755,13.355
2/8/2026,1:30:00 PM,0,0.2762,13.365
2/8/2026,1:45:00 PM,0,0.2755,13.372
2/8/2026,2:00:00 PM,0,0.2755,13.38
2/8/2026,2:15:00 PM,0,0.2755,13.389
2/8/2026,2:30:00 PM,0,0.2756,13.399
2/8/2026,2:45:00 PM,0,0.275,13.406
2/8/2026,3:00:00 PM,0,0.2754,13.414
2/8/2026,3:15:00 PM,0,0.2756,13.425
2/8/2026,3:30:00 PM,0,0.276,13.434
2/8/2026,3:45:00 PM,0,0.2762,13.446
2/8/2026,4:00:00 PM,0,0.2752,13.459
2/8/2026,4:15:00 PM,0,0.2754,13.473
2/8/2026,4:30:00 PM,0,0.2743,13.488
2/8/2026,4:45:00 PM,0,0.2745,13.506
2/8/2026,5:00:00 PM,0,0.273,13.528
2/8/2026,5:15:00 PM,0,0.2725,13.555
2/8/2026,5:30:00 PM,0,0.271,13.587
2/8/2026,5:45:00 PM,0,0.2727,13.623
2/8/2026,6:00:00 PM,0,0.2727,13.665
2/8/2026,6:15:00 PM,0,0.2738,13.709
2/8/2026,6:30:00 PM,0,0.2738,13.755
2/8/2026,6:45:00 PM,0,0.2752,13.806
2/8/2026,7:00:00 PM,0,0.2749,13.854
2/8/2026,7:15:00 PM,0,0.276,13.901
2/8/2026,7:30:00 PM,0,0.2747,13.95
2/8/2026,7:45:00 PM,0,0.2741,13.995
2/8/2026,8:00:00 PM,0,0.2749,14.036
2/8/2026,8:15:00 PM,0,0.2735,14.075
2/8/2026,8:30:00 PM,0,0.2737,14.113
2/8/2026,8:45:00 PM,0,0.2753,14.147
2/8/2026,9:00:00 PM,0,0.2754,14.178
2/8/2026,9:15:00 PM,0,0.2738,14.205
2/8/2026,9:30:00 PM,0,0.2728,14.231
2/8/2026,9:45:00 PM,0,0.275,14.253
2/8/2026,10:00:00 PM,0,0.2735,14.274
2/8/2026,10:15:00 PM,0,0.2728,14.29
2/8/2026,10:30:00 PM,0,0.2742,14.303
2/8/2026,10:45:00 PM,0,0.2736,14.315
2/8/2026,11:00:00 PM,0,0.2741,14.324
2/8/2026,11:15:00 PM,0,0.2747,14.33
2/8/2026,11:30:00 PM,0,0.2736,14.335
2/8/2026,11:45:00 PM,0,0.2743,14.335
2/9/2026,12:00:00 AM,0,0.2734,14.334
2/9/2026,12:15:00 AM,0,0.2729,14.331
2/9/2026,12:30:00 AM,0,0.2734,14.325
2/9/2026,12:45:00 AM,0,0.2735,14.317
2/9/2026,1:00:00 AM,0,0.2738,14.309
2/9/2026,1:15:00 AM,0,0.273,14.295
2/9/2026,1:30:00 AM,0,0.2737,14.281
2/9/2026,1:45:00 AM,0,0.273,14.265
2/9/2026,2:00:00 AM,0,0.2725,14.247
2/9/2026,2:15:00 AM,0,0.2719,14.227
2/9/2026,2:30:00 AM,0,0.2718,14.207
2/9/2026,2:45:00 AM,0,0.2729,14.181
2/9/2026,3:00:00 AM,0,0.2724,14.154
2/9/2026,3:15:00 AM,0,0.2721,14.121
2/9/2026,3:30:00 AM,0,0.2718,14.089
2/9/2026,3:45:00 AM,0,0.2721,14.055
2/9/2026,4:00:00 AM,0,0.2714,14.019
2/9/2026,4:15:00 AM,0,0.2713,13.983
2/9/2026,4:30:00 AM,0,0.2715,13.946
2/9/2026,4:45:00 AM,0,0.2716,13.912
2/9/2026,5:00:00 AM,0,0.2721,13.878
2/9/2026,5:15:00 AM,0,0.2718,13.847
2/9/2026,5:30:00 AM,0,0.2718,13.816
2/9/2026,5:45:00 AM,0,0.2717,13.787
2/9/2026,6:00:00 AM,0,0.2717,13.758
2/9/2026,6:15:00 AM,0,0.2723,13.728
2/9/2026,6:30:00 AM,0,0.2718,13.696
2/9/2026,6:45:00 AM,0,0.2706,13.667
2/9/2026,7:00:00 AM,0,0.2721,13.639
2/9/2026,7:15:00 AM,0,0.2719,13.607
2/9/2026,7:30:00 AM,0,0.2719,13.581
2/9/2026,7:45:00 AM,0,0.2771,13.556
2/9/2026,8:00:00 AM,0,0.2774,13.539
2/9/2026,8:15:00 AM,0,0.2756,13.523
2/9/2026,8:30:00 AM,0,0.2742,13.51
2/9/2026,8:45:00 AM,0,0.2739,13.502
2/9/2026,9:00:00 AM,0,0.2713,13.492
2/9/2026,9:15:00 AM,0,0.2731,13.484
2/9/2026,9:30:00 AM,0,0.2728,13.48
2/9/2026,9:45:00 AM,0,0.2731,13.479
2/9/2026,10:00:00 AM,0,0.2731,13.474
2/9/2026,10:15:00 AM,0,0.2733,13.47
2/9/2026,10:30:00 AM,0,0.2735,13.464
2/9/2026,10:45:00 AM,0,0.2742,13.46
2/9/2026,11:00:00 AM,0,0.2738,13.459
2/9/2026,11:15:00 AM,0,0.2746,13.464
2/9/2026,11:30:00 AM,0,0.2746,13.47
2/9/2026,11:45:00 AM,0,0.2749,13.476
2/9/2026,12:00:00 PM,0,0.2742,13.48
2/9/2026,12:15:00 PM,0,0.2751,13.486
2/9/2026,12:30:00 PM,0,0.2752,13.493
2/9/2026,12:45:00 PM,0,0.2753,13.499
2/9/2026,1:00:00 PM,0,0.2751,13.505
2/9/2026,1:15:00 PM,0,0.2754,13.513
2/9/2026,1:30:00 PM,0,0.2762,13.519
2/9/2026,1:45:00 PM,0,0.2757,13.526
2/9/2026,2:00:00 PM,0,0.2759,13.535
2/9/2026,2:15:00 PM,0,0.2745,13.539
2/9/2026,2:30:00 PM,0,0.2745,13.548
2/9/2026,2:45:00 PM,0,0.2756,13.555
2/9/2026,3:00:00 PM,0,0.2761,13.559
2/9/2026,3:15:00 PM,0,0.2759,13.568
2/9/2026,3:30:00 PM,0,0.2758,13.575
2/9/2026,3:45:00 PM,0,0.2761,13.586
2/9/2026,4:00:00 PM,0,0.2765,13.601
2/9/2026,4:15:00 PM,0,0.2755,13.617
2/9/2026,4:30:00 PM,0,0.2755,13.638
2/9/2026,4:45:00 PM,0,0.2756,13.66
2/9/2026,5:00:00 PM,0,0.2753,13.686
2/9/2026,5:15:00 PM,0,0.2752,13.712
2/9/2026,5:30:00 PM,0,0.2752,13.741
2/9/2026,5:45:00 PM,0,0.2754,13.768
2/9/2026,6:00:00 PM,0,0.2756,13.798
2/9/2026,6:15:00 PM,0,0.2757,13.826
2/9/2026,6:30:00 PM,0,0.2756,13.855
2/9/2026,6:45:00 PM,0,0.2761,13.886
2/9/2026,7:00:00 PM,0,0.276,13.917
2/9/2026,7:15:00 PM,0,0.2758,13.946
2/9/2026,7:30:00 PM,0,0.2762,13.975
2/9/2026,7:45:00 PM,0,0.2761,14.004
2/9/2026,8:00:00 PM,0,0.2758,14.032
2/9/2026,8:15:00 PM,0,0.2764,14.062
2/9/2026,8:30:00 PM,0,0.2762,14.089
2/9/2026,8:45:00 PM,0,0.2764,14.116
2/9/2026,9:00:00 PM,0,0.2778,14.143
2/9/2026,9:15:00 PM,0,0.2766,14.17
2/9/2026,9:30:00 PM,0,0.2758,14.194
2/9/2026,9:45:00 PM,0,0.2764,14.216
2/9/2026,10:00:00 PM,0,0.2764,14.239
2/9/2026,10:15:00 PM,0,0.2759,14.257
2/9/2026,10:30:00 PM,0,0.2763,14.276
2/9/2026,10:45:00 PM,0,0.2759,14.289
2/9/2026,11:00:00 PM,0,0.2763,14.3
2/9/2026,11:15:00 PM,0,0.276,14.308
2/9/2026,11:30:00 PM,0,0.2755,14.315
2/9/2026,11:45:00 PM,0,0.276,14.318
2/10/2026,12:00:00 AM,0,0.2759,14.322
2/10/2026,12:15:00 AM,0,0.276,14.324
2/10/2026,12:30:00 AM,0,0.2757,14.322
2/10/2026,12:45:00 AM,0,0.2758,14.321
2/10/2026,1:00:00 AM,0,0.2752,14.315
2/10/2026,1:15:00 AM,0,0.2748,14.308
2/10/2026,1:30:00 AM,0,0.2759,14.303
2/10/2026,1:45:00 AM,0,0.2764,14.295
2/10/2026,2:00:00 AM,0,0.2753,14.285
2/10/2026,2:15:00 AM,0,0.2756,14.277
2/10/2026,2:30:00 AM,0,0.2754,14.265
2/10/2026,2:45:00 AM,0,0.2746,14.254
2/10/2026,3:00:00 AM,0,0.2747,14.243
2/10/2026,3:15:00 AM,0,0.2759,14.231
2/10/2026,3:30:00 AM,0,0.2743,14.22
2/10/2026,3:45:00 AM,0,0.2744,14.21
2/10/2026,4:00:00 AM,0,0.2759,14.199
2/10/2026,4:15:00 AM,0,0.2745,14.185
2/10/2026,4:30:00 AM,0,0.2753,14.177
2/10/2026,4:45:00 AM,0,0.2759,14.164
2/10/2026,5:00:00 AM,0,0.2752,14.154
2/10/2026,5:15:00 AM,0,0.2754,14.142
2/10/2026,5:30:00 AM,0,0.2753,14.13
2/10/2026,5:45:00 AM,0,0.2756,14.112
2/10/2026,6:00:00 AM,0,0.2754,14.099
2/10/2026,6:15:00 AM,0,0.2752,14.082
2/10/2026,6:30:00 AM,0,0.2752,14.07
2/10/2026,6:45:00 AM,0,0.2752,14.058
2/10/2026,7:00:00 AM,0,0.276,14.046
2/10/2026,7:15:00 AM,0,0.2753,14.034
2/10/2026,7:30:00 AM,0,0.2756,14.022
2/10/2026,7:45:00 AM,0,0.2759,14.012
2/10/2026,8:00:00 AM,0,0.2755,14
2/10/2026,8:15:00 AM,0,0.2755,13.991
2/10/2026,8:30:00 AM,0,0.2746,13.98
2/10/2026,8:45:00 AM,0,0.2764,13.972
2/10/2026,9:00:00 AM,0,0.2753,13.963
2/10/2026,9:15:00 AM,0,0.2755,13.956
2/10/2026,9:30:00 AM,0,0.2747,13.947
2/10/2026,9:45:00 AM,0,0.2756,13.939
2/10/2026,10:00:00 AM,0,0.2771,13.933
2/10/2026,10:15:00 AM,0,0.2766,13.926
2/10/2026,10:30:00 AM,0,0.2761,13.921
2/10/2026,10:45:00 AM,0,0.2767,13.918
2/10/2026,11:00:00 AM,0,0.276,13.913
2/10/2026,11:15:00 AM,0,0.2765,13.91
2/10/2026,11:30:00 AM,0,0.2782,13.908
2/10/2026,11:45:00 AM,0,0.2766,13.905
2/10/2026,12:00:00 PM,0,0.276,13.905
2/10/2026,12:15:00 PM,0,0.2777,13.904
2/10/2026,12:30:00 PM,0,0.2771,13.906
2/10/2026,12:45:00 PM,0,0.2768,13.908
2/10/2026,1:00:00 PM,0,0.2778,13.91
2/10/2026,1:15:00 PM,0,0.277,13.913
2/10/2026,1:30:00 PM,0,0.2766,13.919
2/10/2026,1:45:00 PM,0,0.2778,13.925
2/10/2026,2:00:00 PM,0,0.2777,13.935
2/10/2026,2:15:00 PM,0,0.2783,13.945
2/10/2026,2:30:00 PM,0,0.2771,13.955
2/10/2026,2:45:00 PM,0,0.2772,13.967
2/10/2026,3:00:00 PM,0,0.2774,13.98
2/10/2026,3:15:00 PM,0,0.2765,13.994
2/10/2026,3:30:00 PM,0,0.2766,14.009
2/10/2026,3:45:00 PM,0,0.2759,14.025
2/10/2026,4:00:00 PM,0,0.2755,14.041
2/10/2026,4:15:00 PM,0,0.2772,14.059
2/10/2026,4:30:00 PM,0,0.2771,14.079
2/10/2026,4:45:00 PM,0,0.2769,14.097
2/10/2026,5:00:00 PM,0,0.2773,14.116
2/10/2026,5:15:00 PM,0,0.2768,14.138
2/10/2026,5:30:00 PM,0,0.277,14.156
2/10/2026,5:45:00 PM,0,0.2769,14.175
2/10/2026,6:00:00 PM,0,0.2773,14.195
2/10/2026,6:15:00 PM,0,0.2777,14.218
2/10/2026,6:30:00 PM,0,0.3207,14.238
2/10/2026,6:45:00 PM,0,0.3424,14.259
2/10/2026,7:00:00 PM,0,0.3489,14.283
2/10/2026,7:15:00 PM,0,0.4106,14.307
2/10/2026,7:30:00 PM,0,0.5502,14.332
2/10/2026,7:45:00 PM,0,0.5672,14.366
2/10/2026,8:00:00 PM,0,0.5415,14.402
2/10/2026,8:15:00 PM,0,0.5312,14.436
2/10/2026,8:30:00 PM,0,0.5226,14.465
2/10/2026,8:45:00 PM,0,0.4926,14.489
2/10/2026,9:00:00 PM,0,0.4629,14.513
2/10/2026,9:15:00 PM,0,0.4448,14.533
2/10/2026,9:30:00 PM,0,0.4256,14.551
2/10/2026,9:45:00 PM,0,0.4068,14.566
2/10/2026,10:00:00 PM,0,0.3912,14.58
2/10/2026,10:15:00 PM,0,0.3783,14.592
2/10/2026,10:30:00 PM,0,0.3654,14.603
2/10/2026,10:45:00 PM,0,0.3562,14.613
2/10/2026,11:00:00 PM,0,0.3456,14.62
2/10/2026,11:15:00 PM,0,0.341,14.626
2/10/2026,11:30:00 PM,0,0.3367,14.632
2/10/2026,11:45:00 PM,0,0.3429,14.634
2/11/2026,12:00:00 AM,0,0.4929,14.637
2/11/2026,12:15:00 AM,0,0.4676,14.638
2/11/2026,12:30:00 AM,0,0.4243,14.635
2/11/2026,12:45:00 AM,0,0.3908,14.633
2/11/2026,1:00:00 AM,0,0.3707,14.63
2/11/2026,1:15:00 AM,0,0.356,14.627
2/11/2026,1:30:00 AM,0,0.3465,14.626
2/11/2026,1:45:00 AM,0,0.342,14.624
2/11/2026,2:00:00 AM,0,0.3385,14.621
2/11/2026,2:15:00 AM,0,0.3377,14.62
2/11/2026,2:30:00 AM,0,0.4112,14.618
2/11/2026,2:45:00 AM,0,0.5849,14.615
2/11/2026,3:00:00 AM,0,0.5352,14.607
2/11/2026,3:15:00 AM,0,0.4569,14.588
2/11/2026,3:30:00 AM,0,0.4197,14.568
2/11/2026,3:45:00 AM,0,0.4061,14.552
2/11/2026,4:00:00 AM,0,0.4117,14.535
2/11/2026,4:15:00 AM,0,0.401,14.521
2/11/2026,4:30:00 AM,0,0.389,14.51
2/11/2026,4:45:00 AM,0,0.3771,14.494
2/11/2026,5:00:00 AM,0,0.3672,14.485
2/11/2026,5:15:00 AM,0,0.3839,14.477
2/11/2026,5:30:00 AM,0,0.4056,14.469
2/11/2026,5:45:00 AM,0,0.4832,14.461
2/11/2026,6:00:00 AM,0,0.4587,14.454
2/11/2026,6:15:00 AM,0,0.4331,14.443
2/11/2026,6:30:00 AM,0,0.4118,14.425
2/11/2026,6:45:00 AM,0,0.396,14.404
2/11/2026,7:00:00 AM,0,0.3826,14.38
2/11/2026,7:15:00 AM,0,0.3721,14.356
2/11/2026,7:30:00 AM,0,0.3634,14.333
2/11/2026,7:45:00 AM,0,0.3554,14.311
2/11/2026,8:00:00 AM,0,0.349,14.289
2/11/2026,8:15:00 AM,0,0.3437,14.27
2/11/2026,8:30:00 AM,0,0.3392,14.251
2/11/2026,8:45:00 AM,0,0.334,14.232
2/11/2026,9:00:00 AM,0,0.3308,14.215
2/11/2026,9:15:00 AM,0,0.328,14.201
2/11/2026,9:30:00 AM,0,0.3245,14.192
2/11/2026,9:45:00 AM,0,0.3233,14.186
2/11/2026,10:00:00 AM,0,0.3206,14.183
2/11/2026,10:15:00 AM,0,0.3188,14.182
2/11/2026,10:30:00 AM,0,0.3168,14.185
2/11/2026,10:45:00 AM,0,0.3151,14.188
2/11/2026,11:00:00 AM,0,0.3133,14.195
2/11/2026,11:15:00 AM,0,0.3105,14.202
2/11/2026,11:30:00 AM,0,0.3108,14.21
2/11/2026,11:45:00 AM,0,0.3089,14.221
2/11/2026,12:00:00 PM,0,0.3085,14.23
2/11/2026,12:15:00 PM,0,0.3073,14.245
2/11/2026,12:30:00 PM,0,0.3059,14.261
2/11/2026,12:45:00 PM,0,0.3043,14.279
2/11/2026,1:00:00 PM,0,0.3032,14.306
2/11/2026,1:15:00 PM,0,0.3025,14.334
2/11/2026,1:30:00 PM,0,0.3022,14.371
2/11/2026,1:45:00 PM,0,0.3012,14.414
2/11/2026,2:00:00 PM,0,0.3009,14.46
2/11/2026,2:15:00 PM,0,0.3002,14.513
2/11/2026,2:30:00 PM,0,0.2992,14.569
2/11/2026,2:45:00 PM,0,0.2992,14.63
2/11/2026,3:00:00 PM,0,0.2986,14.693
2/11/2026,3:15:00 PM,0,0.298,14.761
2/11/2026,3:30:00 PM,0,0.2971,14.828
2/11/2026,3:45:00 PM,0,0.2968,14.893
2/11/2026,4:00:00 PM,0,0.2967,14.958
2/11/2026,4:15:00 PM,0,0.2958,15.021
2/11/2026,4:30:00 PM,0,0.2953,15.083
2/11/2026,4:45:00 PM,0,0.2948,15.144
2/11/2026,5:00:00 PM,0,0.2947,15.202
2/11/2026,5:15:00 PM,0,0.2939,15.259
2/11/2026,5:30:00 PM,0,0.2921,15.316
2/11/2026,5:45:00 PM,0,0.2919,15.368
2/11/2026,6:00:00 PM,0,0.2916,15.416
2/11/2026,6:15:00 PM,0,0.2912,15.464
2/11/2026,6:30:00 PM,0,0.2912,15.503
2/11/2026,6:45:00 PM,0,0.2909,15.542
2/11/2026,7:00:00 PM,0,0.2906,15.573
2/11/2026,7:15:00 PM,0,0.2907,15.598
2/11/2026,7:30:00 PM,0,0.2904,15.621
2/11/2026,7:45:00 PM,0,0.2918,15.636
2/11/2026,8:00:00 PM,0,0.2917,15.647
2/11/2026,8:15:00 PM,0,0.2924,15.65
2/11/2026,8:30:00 PM,0,0.2925,15.653
2/11/2026,8:45:00 PM,0,0.2923,15.65
2/11/2026,9:00:00 PM,0,0.2915,15.645
2/11/2026,9:15:00 PM,0,0.2913,15.634
2/11/2026,9:30:00 PM,0,0.2911,15.622
2/11/2026,9:45:00 PM,0,0.2901,15.604
2/11/2026,10:00:00 PM,0,0.2905,15.589
2/11/2026,10:15:00 PM,0,0.29,15.567
2/11/2026,10:30:00 PM,0,0.2904,15.545
2/11/2026,10:45:00 PM,0,0.2891,15.522
2/11/2026,11:00:00 PM,0,0.2888,15.494
2/11/2026,11:15:00 PM,0,0.2891,15.466
2/11/2026,11:30:00 PM,0,0.2889,15.436
2/11/2026,11:45:00 PM,0,0.2892,15.4
2/12/2026,12:00:00 AM,0,0.2888,15.361
2/12/2026,12:15:00 AM,0,0.2886,15.314
2/12/2026,12:30:00 AM,0,0.2887,15.261
2/12/2026,12:45:00 AM,0,0.288,15.202
2/12/2026,1:00:00 AM,0,0.2877,15.145
2/12/2026,1:15:00 AM,0,0.2874,15.088
2/12/2026,1:30:00 AM,0,0.2871,15.032
2/12/2026,1:45:00 AM,0,0.2871,14.973
2/12/2026,2:00:00 AM,0,0.2862,14.916
2/12/2026,2:15:00 AM,0,0.2862,14.855
2/12/2026,2:30:00 AM,0,0.2865,14.792
2/12/2026,2:45:00 AM,0,0.2854,14.733
2/12/2026,3:00:00 AM,0,0.2854,14.674
2/12/2026,3:15:00 AM,0,0.2855,14.616
2/12/2026,3:30:00 AM,0,0.2852,14.56
2/12/2026,3:45:00 AM,0,0.2845,14.507
2/12/2026,4:00:00 AM,0,0.2844,14.448
2/12/2026,4:15:00 AM,0,0.2844,14.394
2/12/2026,4:30:00 AM,0,0.2844,14.336
2/12/2026,4:45:00 AM,0,0.2841,14.277
2/12/2026,5:00:00 AM,0,0.284,14.219
2/12/2026,5:15:00 AM,0,0.284,14.161
2/12/2026,5:30:00 AM,0,0.2834,14.104
2/12/2026,5:45:00 AM,0,0.2841,14.045
2/12/2026,6:00:00 AM,0,0.2837,13.991
2/12/2026,6:15:00 AM,0,0.283,13.933
2/12/2026,6:30:00 AM,0,0.2836,13.879
2/12/2026,6:45:00 AM,0,0.2833,13.825
2/12/2026,7:00:00 AM,0,0.2827,13.774
2/12/2026,7:15:00 AM,0,0.2856,13.717
2/12/2026,7:30:00 AM,0,0.2877,13.666
2/12/2026,7:45:00 AM,0,0.2873,13.615
2/12/2026,8:00:00 AM,0,0.2863,13.566
2/12/2026,8:15:00 AM,0,0.2862,13.523
2/12/2026,8:30:00 AM,0,0.2844,13.482
2/12/2026,8:45:00 AM,0,0.2832,13.444
2/12/2026,9:00:00 AM,0,0.2832,13.41
2/12/2026,9:15:00 AM,0,0.2843,13.379
2/12/2026,9:30:00 AM,0,0.2844,13.352
2/12/2026,9:45:00 AM,0,0.284,13.326
2/12/2026,10:00:00 AM,0,0.2839,13.299
2/12/2026,10:15:00 AM,0,0.2836,13.27
2/12/2026,10:30:00 AM,0,0.2837,13.247
2/12/2026,10:45:00 AM,0,0.2828,13.228
2/12/2026,11:00:00 AM,0,0.2831,13.215
2/12/2026,11:15:00 AM,0,0.2833,13.207
2/12/2026,11:30:00 AM,0,0.2834,13.197
2/12/2026,11:45:00 AM,0,0.2836,13.188
2/12/2026,12:00:00 PM,0,0.284,13.179
2/12/2026,12:15:00 PM,0,0.2834,13.171
2/12/2026,12:30:00 PM,0,0.2835,13.162
2/12/2026,12:45:00 PM,0,0.2831,13.159
2/12/2026,1:00:00 PM,0,0.2836,13.154
2/12/2026,1:15:00 PM,0,0.2842,13.147
2/12/2026,1:30:00 PM,0,0.284,13.145
2/12/2026,1:45:00 PM,0,0.2833,13.14
2/12/2026,2:00:00 PM,0,0.2828,13.138
2/12/2026,2:15:00 PM,0,0.2837,13.139
2/12/2026,2:30:00 PM,0,0.2838,13.139
2/12/2026,2:45:00 PM,0,0.2833,13.139
2/12/2026,3:00:00 PM,0,0.2833,13.143
2/12/2026,3:15:00 PM,0,0.2829,13.142
2/12/2026,3:30:00 PM,0,0.2828,13.145
2/12/2026,3:45:00 PM,0,0.2829,13.149
2/12/2026,4:00:00 PM,0,0.2827,13.152
2/12/2026,4:15:00 PM,0,0.2824,13.163
2/12/2026,4:30:00 PM,0,0.2827,13.185
2/12/2026,4:45:00 PM,0,0.282,13.215
2/12/2026,5:00:00 PM,0,0.282,13.25
2/12/2026,5:15:00 PM,0,0.2815,13.291
2/12/2026,5:30:00 PM,0,0.2812,13.335
2/12/2026,5:45:00 PM,0,0.2809,13.382
2/12/2026,6:00:00 PM,0,0.282,13.431
2/12/2026,6:15:00 PM,0,0.2809,13.485
2/12/2026,6:30:00 PM,0,0.2822,13.541
2/12/2026,6:45:00 PM,0,0.2827,13.596
2/12/2026,7:00:00 PM,0,0.2828,13.654
2/12/2026,7:15:00 PM,0,0.2825,13.71
2/12/2026,7:30:00 PM,0,0.2824,13.765
2/12/2026,7:45:00 PM,0,0.2821,13.813
2/12/2026,8:00:00 PM,0,0.283,13.859
2/12/2026,8:15:00 PM,0,0.282,13.898
2/12/2026,8:30:00 PM,0,0.2819,13.935
2/12/2026,8:45:00 PM,0,0.2818,13.968
2/12/2026,9:00:00 PM,0,0.2816,13.994
2/12/2026,9:15:00 PM,0,0.2821,14.016
2/12/2026,9:30:00 PM,0,0.2823,14.036
2/12/2026,9:45:00 PM,0,0.2816,14.045
2/12/2026,10:00:00 PM,0,0.2816,14.056
2/12/2026,10:15:00 PM,0,0.2812,14.06
2/12/2026,10:30:00 PM,0,0.2808,14.06
2/12/2026,10:45:00 PM,0,0.2806,14.057
2/12/2026,11:00:00 PM,0,0.2809,14.05
2/12/2026,11:15:00 PM,0,0.281,14.039
2/12/2026,11:30:00 PM,0,0.281,14.025
2/12/2026,11:45:00 PM,0,0.2808,14.003
2/13/2026,12:00:00 AM,0,0.2804,13.978
2/13/2026,12:15:00 AM,0,0.2808,13.955
2/13/2026,12:30:00 AM,0,0.2804,13.929
2/13/2026,12:45:00 AM,0,0.2804,13.904
2/13/2026,1:00:00 AM,0,0.2802,13.881
2/13/2026,1:15:00 AM,0,0.2798,13.856
2/13/2026,1:30:00 AM,0,0.2799,13.838
2/13/2026,1:45:00 AM,0,0.2796,13.818
2/13/2026,2:00:00 AM,0,0.2804,13.793
2/13/2026,2:15:00 AM,0,0.2798,13.77
2/13/2026,2:30:00 AM,0,0.2795,13.747
2/13/2026,2:45:00 AM,0,0.2795,13.721
2/13/2026,3:00:00 AM,0,0.2793,13.701
2/13/2026,3:15:00 AM,0,0.2787,13.682
2/13/2026,3:30:00 AM,0,0.2792,13.663
2/13/2026,3:45:00 AM,0,0.2787,13.642
2/13/2026,4:00:00 AM,0,0.2791,13.623
2/13/2026,4:15:00 AM,0,0.279,13.602
2/13/2026,4:30:00 AM,0,0.2786,13.58
2/13/2026,4:45:00 AM,0,0.2788,13.555
2/13/2026,5:00:00 AM,0,0.2787,13.531
2/13/2026,5:15:00 AM,0,0.2788,13.506
2/13/2026,5:30:00 AM,0,0.2793,13.481
2/13/2026,5:45:00 AM,0,0.2788,13.454
2/13/2026,6:00:00 AM,0,0.2788,13.425
2/13/2026,6:15:00 AM,0,0.278,13.396
2/13/2026,6:30:00 AM,0,0.2784,13.365
2/13/2026,6:45:00 AM,0,0.2776,13.339
2/13/2026,7:00:00 AM,0,0.278,13.31
2/13/2026,7:15:00 AM,0,0.2807,13.272
2/13/2026,7:30:00 AM,0,0.2821,13.241
2/13/2026,7:45:00 AM,0,0.2827,13.209
2/13/2026,8:00:00 AM,0,0.2827,13.177
2/13/2026,8:15:00 AM,0,0.2814,13.142
2/13/2026,8:30:00 AM,0,0.2797,13.112
2/13/2026,8:45:00 AM,0,0.2792,13.086
2/13/2026,9:00:00 AM,0,0.2788,13.061
2/13/2026,9:15:00 AM,0,0.2792,13.037
2/13/2026,9:30:00 AM,0,0.279,13.017
2/13/2026,9:45:00 AM,0,0.2792,12.991
2/13/2026,10:00:00 AM,0,0.2784,12.966
2/13/2026,10:15:00 AM,0,0.2797,12.943
2/13/2026,10:30:00 AM,0,0.2791,12.921
2/13/2026,10:45:00 AM,0,0.2798,12.905
2/13/2026,11:00:00 AM,0,0.28,12.887
2/13/2026,11:15:00 AM,0,0.2794,12.878
2/13/2026,11:30:00 AM,0,0.2795,12.869
2/13/2026,11:45:00 AM,0,0.2792,12.856
2/13/2026,12:00:00 PM,0,0.2791,12.841
2/13/2026,12:15:00 PM,0,0.2797,12.831
2/13/2026,12:30:00 PM,0,0.2783,12.819
2/13/2026,12:45:00 PM,0,0.2779,12.812
2/13/2026,1:00:00 PM,0,0.2794,12.808
2/13/2026,1:15:00 PM,0,0.2795,12.803
2/13/2026,1:30:00 PM,0,0.279,12.801
2/13/2026,1:45:00 PM,0,0.2789,12.799
2/13/2026,2:00:00 PM,0,0.2786,12.801
2/13/2026,2:15:00 PM,0,0.2792,12.803
2/13/2026,2:30:00 PM,0,0.2794,12.804
2/13/2026,2:45:00 PM,0,0.2787,12.807
2/13/2026,3:00:00 PM,0,0.2781,12.812
2/13/2026,3:15:00 PM,0,0.2787,12.816
2/13/2026,3:30:00 PM,0,0.2791,12.818
2/13/2026,3:45:00 PM,0,0.2787,12.822
2/13/2026,4:00:00 PM,0,0.2783,12.824
2/13/2026,4:15:00 PM,0,0.2787,12.826
2/13/2026,4:30:00 PM,0,0.2771,12.832
2/13/2026,4:45:00 PM,0,0.2763,12.837
2/13/2026,5:00:00 PM,0,0.2781,12.847
2/13/2026,5:15:00 PM,0,0.2776,12.866
2/13/2026,5:30:00 PM,0,0.2778,12.903
2/13/2026,5:45:00 PM,0,0.2771,12.944
2/13/2026,6:00:00 PM,0,0.2783,12.993
2/13/2026,6:15:00 PM,0,0.2777,13.042
2/13/2026,6:30:00 PM,0,0.2785,13.096
2/13/2026,6:45:00 PM,0,0.2779,13.15
2/13/2026,7:00:00 PM,0,0.2796,13.203
2/13/2026,7:15:00 PM,0,0.2781,13.261
2/13/2026,7:30:00 PM,0,0.2785,13.317
2/13/2026,7:45:00 PM,0,0.2785,13.368
2/13/2026,8:00:00 PM,0,0.2789,13.419
2/13/2026,8:15:00 PM,0,0.2796,13.47
2/13/2026,8:30:00 PM,0,0.2792,13.517
2/13/2026,8:45:00 PM,0,0.2779,13.559
2/13/2026,9:00:00 PM,0,0.2784,13.606
2/13/2026,9:15:00 PM,0,0.2779,13.645
2/13/2026,9:30:00 PM,0,0.277,13.683
2/13/2026,9:45:00 PM,0,0.2784,13.718
2/13/2026,10:00:00 PM,0,0.2781,13.748
2/13/2026,10:15:00 PM,0,0.2787,13.773
2/13/2026,10:30:00 PM,0,0.2783,13.795
2/13/2026,10:45:00 PM,0,0.2777,13.814
2/13/2026,11:00:00 PM,0,0.2773,13.829
2/13/2026,11:15:00 PM,0,0.2774,13.839
2/13/2026,11:30:00 PM,0,0.2777,13.848
2/13/2026,11:45:00 PM,0,0.277,13.851
2/14/2026,12:00:00 AM,0,0.2775,13.852
2/14/2026,12:15:00 AM,0,0.2777,13.85
2/14/2026,12:30:00 AM,0,0.2773,13.845
2/14/2026,12:45:00 AM,0,0.2778,13.838
2/14/2026,1:00:00 AM,0,0.2773,13.828
2/14/2026,1:15:00 AM,0,0.2766,13.816
2/14/2026,1:30:00 AM,0,0.2763,13.803
2/14/2026,1:45:00 AM,0,0.2763,13.78
2/14/2026,2:00:00 AM,0,0.2773,13.747
2/14/2026,2:15:00 AM,0,0.2773,13.718
2/14/2026,2:30:00 AM,0,0.277,13.693
2/14/2026,2:45:00 AM,0,0.2764,13.673
2/14/2026,3:00:00 AM,0,0.2767,13.662
2/14/2026,3:15:00 AM,0,0.2765,13.65
2/14/2026,3:30:00 AM,0,0.2767,13.643
2/14/2026,3:45:00 AM,0,0.2759,13.638
2/14/2026,4:00:00 AM,0,0.276,13.635
2/14/2026,4:15:00 AM,0,0.276,13.627
2/14/2026,4:30:00 AM,0,0.2754,13.623
2/14/2026,4:45:00 AM,0,0.2759,13.619
2/14/2026,5:00:00 AM,0,0.2753,13.614
2/14/2026,5:15:00 AM,0,0.2754,13.609
2/14/2026,5:30:00 AM,0,0.2761,13.604
2/14/2026,5:45:00 AM,0,0.2764,13.596
2/14/2026,6:00:00 AM,0,0.2753,13.588
2/14/2026,6:15:00 AM,0,0.2756,13.575
2/14/2026,6:30:00 AM,0,0.2754,13.564
2/14/2026,6:45:00 AM,0,0.2751,13.551
2/14/2026,7:00:00 AM,0,0.2753,13.535
2/14/2026,7:15:00 AM,0,0.2785,13.52
2/14/2026,7:30:00 AM,0,0.2786,13.501
2/14/2026,7:45:00 AM,0,0.278,13.479
2/14/2026,8:00:00 AM,0,0.2789,13.468
2/14/2026,8:15:00 AM,0,0.2767,13.456
2/14/2026,8:30:00 AM,0,0.2771,13.451
2/14/2026,8:45:00 AM,0,0.2761,13.442
2/14/2026,9:00:00 AM,0,0.2776,13.43
2/14/2026,9:15:00 AM,0,0.2766,13.42
2/14/2026,9:30:00 AM,0,0.2771,13.408
2/14/2026,9:45:00 AM,0,0.2761,13.398
2/14/2026,10:00:00 AM,0,0.2768,13.386
2/14/2026,10:15:00 AM,0,0.2762,13.373
2/14/2026,10:30:00 AM,0,0.2764,13.364
2/14/2026,10:45:00 AM,0,0.2768,13.354
2/14/2026,11:00:00 AM,0,0.2761,13.346
2/14/2026,11:15:00 AM,0,0.2762,13.34
2/14/2026,11:30:00 AM,0,0.2766,13.338
2/14/2026,11:45:00 AM,0,0.2758,13.334
2/14/2026,12:00:00 PM,0,0.2763,13.332
2/14/2026,12:15:00 PM,0,0.276,13.327
2/14/2026,12:30:00 PM,0,0.2773,13.327
2/14/2026,12:45:00 PM,0,0.2776,13.325
2/14/2026,1:00:00 PM,0,0.2772,13.322
2/14/2026,1:15:00 PM,0,0.277,13.324
2/14/2026,1:30:00 PM,0,0.2765,13.324
2/14/2026,1:45:00 PM,0,0.2763,13.327
2/14/2026,2:00:00 PM,0,0.2768,13.332
2/14/2026,2:15:00 PM,0,0.2767,13.338
2/14/2026,2:30:00 PM,0,0.2767,13.341
2/14/2026,2:45:00 PM,0,0.2771,13.346
2/14/2026,3:00:00 PM,0,0.2769,13.349
2/14/2026,3:15:00 PM,0,0.2761,13.351
2/14/2026,3:30:00 PM,0,0.278,13.356
2/14/2026,3:45:00 PM,0,0.2762,13.358
2/14/2026,4:00:00 PM,0,0.2769,13.367
2/14/2026,4:15:00 PM,0,0.277,13.379
2/14/2026,4:30:00 PM,0,0.2777,13.392
2/14/2026,4:45:00 PM,0,0.2776,13.411
2/14/2026,5:00:00 PM,0,0.2764,13.43
2/14/2026,5:15:00 PM,0,0.2768,13.452
2/14/2026,5:30:00 PM,0,0.2763,13.476
2/14/2026,5:45:00 PM,0,0.2767,13.502
2/14/2026,6:00:00 PM,0,0.2763,13.528
2/14/2026,6:15:00 PM,0,0.2769,13.559
2/14/2026,6:30:00 PM,0,0.2764,13.591
2/14/2026,6:45:00 PM,0,0.2763,13.619
2/14/2026,7:00:00 PM,0,0.2765,13.649
2/14/2026,7:15:00 PM,0,0.2766,13.681
2/14/2026,7:30:00 PM,0,0.2761,13.711
2/14/2026,7:45:00 PM,0,0.2768,13.742
2/14/2026,8:00:00 PM,0,0.2764,13.769
2/14/2026,8:15:00 PM,0,0.2764,13.794
2/14/2026,8:30:00 PM,0,0.2762,13.819
2/14/2026,8:45:00 PM,0,0.2765,13.842
2/14/2026,9:00:00 PM,0,0.2762,13.866
2/14/2026,9:15:00 PM,0,0.2765,13.886
2/14/2026,9:30:00 PM,0,0.2766,13.906
2/14/2026,9:45:00 PM,0,0.2766,13.924
2/14/2026,10:00:00 PM,0,0.2764,13.944
2/14/2026,10:15:00 PM,0,0.2762,13.96
2/14/2026,10:30:00 PM,0,0.2758,13.974
2/14/2026,10:45:00 PM,0,0.2761,13.988
2/14/2026,11:00:00 PM,0,0.2754,14.001
2/14/2026,11:15:00 PM,0,0.2758,14.011
2/14/2026,11:30:00 PM,0,0.2757,14.021
2/14/2026,11:45:00 PM,0,0.2756,14.031
2/15/2026,12:00:00 AM,0,0.2761,14.034
2/15/2026,12:15:00 AM,0,0.2761,14.039
2/15/2026,12:30:00 AM,0,0.2754,14.04
2/15/2026,12:45:00 AM,0,0.2753,14.04
2/15/2026,1:00:00 AM,0,0.2759,14.038
2/15/2026,1:15:00 AM,0,0.2757,14.036
2/15/2026,1:30:00 AM,0,0.2761,14.032
2/15/2026,1:45:00 AM,0,0.2754,14.027
2/15/2026,2:00:00 AM,0,0.2757,14.022
2/15/2026,2:15:00 AM,0,0.2755,14.018
2/15/2026,2:30:00 AM,0,0.2748,14.01
2/15/2026,2:45:00 AM,0,0.2764,14.003
2/15/2026,3:00:00 AM,0,0.2753,13.994
2/15/2026,3:15:00 AM,0,0.2757,13.987
2/15/2026,3:30:00 AM,0,0.2755,13.979
2/15/2026,3:45:00 AM,0,0.2759,13.97
2/15/2026,4:00:00 AM,0,0.2758,13.96
2/15/2026,4:15:00 AM,0,0.2758,13.951
2/15/2026,4:30:00 AM,0,0.2753,13.936
2/15/2026,4:45:00 AM,0,0.2752,13.923
2/15/2026,5:00:00 AM,0,0.2746,13.908
2/15/2026,5:15:00 AM,0,0.2747,13.893
2/15/2026,5:30:00 AM,0,0.2752,13.878
2/15/2026,5:45:00 AM,0,0.2755,13.866
2/15/2026,6:00:00 AM,0,0.2752,13.855
2/15/2026,6:15:00 AM,0,0.2748,13.846
2/15/2026,6:30:00 AM,0,0.275,13.838
2/15/2026,6:45:00 AM,0,0.2749,13.827
2/15/2026,7:00:00 AM,0,0.2752,13.821
2/15/2026,7:15:00 AM,0,0.275,13.812
2/15/2026,7:30:00 AM,0,0.275,13.806
2/15/2026,7:45:00 AM,0,0.275,13.796
2/15/2026,8:00:00 AM,0,0.2752,13.788
2/15/2026,8:15:00 AM,0,0.2753,13.781
2/15/2026,8:30:00 AM,0,0.2748,13.774
2/15/2026,8:45:00 AM,0,0.2752,13.765
2/15/2026,9:00:00 AM,0,0.2768,13.757
2/15/2026,9:15:00 AM,0,0.2761,13.754
2/15/2026,9:30:00 AM,0,0.2763,13.748
2/15/2026,9:45:00 AM,0,0.2764,13.749
2/15/2026,10:00:00 AM,0,0.2762,13.747
2/15/2026,10:15:00 AM,0,0.2767,13.744
2/15/2026,10:30:00 AM,0,0.2765,13.741
2/15/2026,10:45:00 AM,0,0.2757,13.742
2/15/2026,11:00:00 AM,0,0.2766,13.744
2/15/2026,11:15:00 AM,0,0.2771,13.745
2/15/2026,11:30:00 AM,0,0.2764,13.747
2/15/2026,11:45:00 AM,0,0.2764,13.75
2/15/2026,12:00:00 PM,0,0.2765,13.751
2/15/2026,12:15:00 PM,0,0.2764,13.753
2/15/2026,12:30:00 PM,0,0.2774,13.755
2/15/2026,12:45:00 PM,0,0.2764,13.757
2/15/2026,1:00:00 PM,0,0.2765,13.76
2/15/2026,1:15:00 PM,0,0.2763,13.766
2/15/2026,1:30:00 PM,0,0.277,13.77
2/15/2026,1:45:00 PM,0,0.2768,13.774
2/15/2026,2:00:00 PM,0,0.2773,13.78
2/15/2026,2:15:00 PM,0,0.2769,13.784
2/15/2026,2:30:00 PM,0,0.2768,13.789
2/15/2026,2:45:00 PM,0,0.2769,13.796
2/15/2026,3:00:00 PM,0,0.277,13.804
2/15/2026,3:15:00 PM,0,0.2765,13.813
2/15/2026,3:30:00 PM,0,0.2764,13.823
2/15/2026,3:45:00 PM,0,0.2767,13.83
2/15/2026,4:00:00 PM,0,0.2761,13.842
2/15/2026,4:15:00 PM,0,0.2762,13.858
2/15/2026,4:30:00 PM,0,0.2756,13.872
2/15/2026,4:45:00 PM,0,0.2758,13.889
2/15/2026,5:00:00 PM,0,0.2755,13.903
2/15/2026,5:15:00 PM,0,0.276,13.925
2/15/2026,5:30:00 PM,0,0.2759,13.942
2/15/2026,5:45:00 PM,0,0.276,13.961
2/15/2026,6:00:00 PM,0,0.2763,13.981
2/15/2026,6:15:00 PM,0,0.2755,14.002
2/15/2026,6:30:00 PM,0,0.2756,14.025
2/15/2026,6:45:00 PM,0,0.276,14.046
2/15/2026,7:00:00 PM,0,0.2761,14.068
2/15/2026,7:15:00 PM,0,0.2759,14.09
2/15/2026,7:30:00 PM,0,0.2758,14.116
2/15/2026,7:45:00 PM,0,0.2762,14.138
2/15/2026,8:00:00 PM,0,0.2767,14.163
2/15/2026,8:15:00 PM,0,0.276,14.187
2/15/2026,8:30:00 PM,0,0.2765,14.21
2/15/2026,8:45:00 PM,0,0.2763,14.232
2/15/2026,9:00:00 PM,0,0.2764,14.251
2/15/2026,9:15:00 PM,0,0.2754,14.269
2/15/2026,9:30:00 PM,0,0.2761,14.287
2/15/2026,9:45:00 PM,0,0.2756,14.299
2/15/2026,10:00:00 PM,0,0.2758,14.315
2/15/2026,10:15:00 PM,0,0.2755,14.328
2/15/2026,10:30:00 PM,0,0.2765,14.336
2/15/2026,10:45:00 PM,0,0.276,14.345
2/15/2026,11:00:00 PM,0,0.2759,14.352
2/15/2026,11:15:00 PM,0,0.2761,14.356
2/15/2026,11:30:00 PM,0,0.2756,14.359
2/15/2026,11:45:00 PM,0,0.2761,14.361
2/16/2026,12:00:00 AM,0,0.2755,14.36
2/16/2026,12:15:00 AM,0,0.2761,14.359
2/16/2026,12:30:00 AM,0,0.2752,14.356
2/16/2026,12:45:00 AM,0,0.2754,14.353
2/16/2026,1:00:00 AM,0,0.275,14.345
2/16/2026,1:15:00 AM,0,0.2751,14.341
2/16/2026,1:30:00 AM,0,0.2759,14.332
2/16/2026,1:45:00 AM,0,0.2764,14.326
2/16/2026,2:00:00 AM,0,0.2748,14.317
2/16/2026,2:15:00 AM,0,0.2754,14.31
2/16/2026,2:30:00 AM,0,0.2762,14.3
2/16/2026,2:45:00 AM,0,0.2759,14.291
2/16/2026,3:00:00 AM,0,0.276,14.282
2/16/2026,3:15:00 AM,0,0.275,14.271
2/16/2026,3:30:00 AM,0,0.2759,14.261
2/16/2026,3:45:00 AM,0,0.2759,14.248
2/16/2026,4:00:00 AM,0,0.2758,14.238
2/16/2026,4:15:00 AM,0,0.2756,14.226
2/16/2026,4:30:00 AM,0,0.2758,14.211
2/16/2026,4:45:00 AM,0,0.2764,14.197
2/16/2026,5:00:00 AM,0,0.2754,14.18
2/16/2026,5:15:00 AM,0,0.2754,14.164
2/16/2026,5:30:00 AM,0,0.2762,14.151
2/16/2026,5:45:00 AM,0,0.275,14.133
2/16/2026,6:00:00 AM,0,0.2757,14.118
2/16/2026,6:15:00 AM,0,0.2768,14.102
2/16/2026,6:30:00 AM,0,0.2766,14.086
2/16/2026,6:45:00 AM,0,0.2771,14.072
2/16/2026,7:00:00 AM,0,0.326,14.059
2/16/2026,7:15:00 AM,0,0.3318,14.044
2/16/2026,7:30:00 AM,0,0.3345,14.026
2/16/2026,7:45:00 AM,0,0.3395,14.001
2/16/2026,8:00:00 AM,0,0.3435,13.963
2/16/2026,8:15:00 AM,0,0.3786,13.922
2/16/2026,8:30:00 AM,0,0.5247,13.891
2/16/2026,8:45:00 AM,0,0.5984,13.88
2/16/2026,9:00:00 AM,0,0.7881,13.872
2/16/2026,9:15:00 AM,0,0.8688,13.873
2/16/2026,9:30:00 AM,0,0.7945,13.883
2/16/2026,9:45:00 AM,0,0.7087,13.894
2/16/2026,10:00:00 AM,0,0.6269,13.903
2/16/2026,10:15:00 AM,0,0.5571,13.905
2/16/2026,10:30:00 AM,0,0.5046,13.909
2/16/2026,10:45:00 AM,0,0.4696,13.911
2/16/2026,11:00:00 AM,0,0.4624,13.918
2/16/2026,11:15:00 AM,0,0.4583,13.923
2/16/2026,11:30:00 AM,0,0.4367,13.929
2/16/2026,11:45:00 AM,0,0.4211,13.933
2/16/2026,12:00:00 PM,0,0.4036,13.944
2/16/2026,12:15:00 PM,0,0.3934,13.953
2/16/2026,12:30:00 PM,0,0.3835,13.962
2/16/2026,12:45:00 PM,0,0.3816,13.971
2/16/2026,1:00:00 PM,0,0.3931,13.981
2/16/2026,1:15:00 PM,0,0.4949,13.989
2/16/2026,1:30:00 PM,0,0.471,13.994
2/16/2026,1:45:00 PM,0,0.4398,13.999
2/16/2026,2:00:00 PM,0,0.4094,14.012
2/16/2026,2:15:00 PM,0,0.3898,14.028
2/16/2026,2:30:00 PM,0,0.3772,14.05
2/16/2026,2:45:00 PM,0,0.3677,14.074
2/16/2026,3:00:00 PM,0,0.3865,14.101
2/16/2026,3:15:00 PM,0,0.3818,14.13
2/16/2026,3:30:00 PM,0,0.3698,14.163
2/16/2026,3:45:00 PM,0,0.3638,14.198
2/16/2026,4:00:00 PM,0,0.3576,14.233
2/16/2026,4:15:00 PM,0,0.3516,14.269
2/16/2026,4:30:00 PM,0,0.3438,14.299
2/16/2026,4:45:00 PM,0,0.3396,14.329
2/16/2026,5:00:00 PM,0,0.336,14.354
2/16/2026,5:15:00 PM,0,0.3337,14.373
2/16/2026,5:30:00 PM,0,0.3293,14.386
2/16/2026,5:45:00 PM,0,0.3266,14.395
2/16/2026,6:00:00 PM,0,0.3238,14.398
2/16/2026,6:15:00 PM,0,0.3216,14.397
2/16/2026,6:30:00 PM,0,0.32,14.393
2/16/2026,6:45:00 PM,0,0.3186,14.386
2/16/2026,7:00:00 PM,0,0.3162,14.374
2/16/2026,7:15:00 PM,0,0.3162,14.36
2/16/2026,7:30:00 PM,0,0.3151,14.343
2/16/2026,7:45:00 PM,0,0.3132,14.321
2/16/2026,8:00:00 PM,0,0.3123,14.297
2/16/2026,8:15:00 PM,0,0.311,14.262
2/16/2026,8:30:00 PM,0,0.3095,14.227
2/16/2026,8:45:00 PM,0,0.3085,14.187
2/16/2026,9:00:00 PM,0,0.3075,14.145
2/16/2026,9:15:00 PM,0,0.3071,14.102
2/16/2026,9:30:00 PM,0,0.306,14.058
2/16/2026,9:45:00 PM,0,0.3044,14.013
2/16/2026,10:00:00 PM,0,0.3035,13.973
2/16/2026,10:15:00 PM,0,0.3035,13.933
2/16/2026,10:30:00 PM,0,0.3021,13.894
2/16/2026,10:45:00 PM,0,0.3018,13.857
2/16/2026,11:00:00 PM,0,0.3009,13.822
2/16/2026,11:15:00 PM,0,0.2998,13.786
2/16/2026,11:30:00 PM,0,0.2995,13.754
2/16/2026,11:45:00 PM,0,0.2982,13.719
2/17/2026,12:00:00 AM,0,0.298,13.688
2/17/2026,12:15:00 AM,0,0.2974,13.658
2/17/2026,12:30:00 AM,0,0.2969,13.627
2/17/2026,12:45:00 AM,0,0.2966,13.596
2/17/2026,1:00:00 AM,0,0.2959,13.564
2/17/2026,1:15:00 AM,0,0.2953,13.534
2/17/2026,1:30:00 AM,0,0.2961,13.505
2/17/2026,1:45:00 AM,0,0.2956,13.48
2/17/2026,2:00:00 AM,0,0.3099,13.454
2/17/2026,2:15:00 AM,0,0.323,13.428
2/17/2026,2:30:00 AM,0,0.324,13.397
2/17/2026,2:45:00 AM,0,0.3601,13.365
2/17/2026,3:00:00 AM,0,0.4528,13.323
2/17/2026,3:15:00 AM,0,0.4489,13.272
2/17/2026,3:30:00 AM,0,0.4132,13.215
2/17/2026,3:45:00 AM,0,0.3866,13.153
2/17/2026,4:00:00 AM,0,0.3691,13.102
2/17/2026,4:15:00 AM,0,0.3558,13.068
2/17/2026,4:30:00 AM,0,0.3464,13.044
2/17/2026,4:45:00 AM,0,0.348,13.031
2/17/2026,5:00:00 AM,0,0.349,13.024
2/17/2026,5:15:00 AM,0,0.3461,13.02
2/17/2026,5:30:00 AM,0,0.3422,13.021
2/17/2026,5:45:00 AM,0,0.3364,13.019
2/17/2026,6:00:00 AM,0,0.3306,13.021
2/17/2026,6:15:00 AM,0,0.3276,13.019
2/17/2026,6:30:00 AM,0,0.323,13.021
2/17/2026,6:45:00 AM,0,0.3202,13.021
2/17/2026,7:00:00 AM,0,0.3177,13.018
2/17/2026,7:15:00 AM,0,0.3151,13.014
2/17/2026,7:30:00 AM,0,0.3129,13.004
2/17/2026,7:45:00 AM,0,0.3115,12.99
2/17/2026,8:00:00 AM,0,0.3097,12.98
2/17/2026,8:15:00 AM,0,0.3082,12.968
2/17/2026,8:30:00 AM,0,0.3094,12.957
2/17/2026,8:45:00 AM,0,0.31,12.952
2/17/2026,9:00:00 AM,0,0.3046,12.946
2/17/2026,9:15:00 AM,0,0.3064,12.939
2/17/2026,9:30:00 AM,0,0.3023,12.937
2/17/2026,9:45:00 AM,0,0.3005,12.937
2/17/2026,10:00:00 AM,0,0.301,12.933
2/17/2026,10:15:00 AM,0,0.3036,12.935
2/17/2026,10:30:00 AM,0,0.3037,12.937
2/17/2026,10:45:00 AM,0,0.3046,12.941
2/17/2026,11:00:00 AM,0,0.303,12.947
2/17/2026,11:15:00 AM,0,0.3011,12.956
2/17/2026,11:30:00 AM,0,0.3008,12.966
2/17/2026,11:45:00 AM,0,0.2991,12.973
2/17/2026,12:00:00 PM,0,0.2986,12.981
2/17/2026,12:15:00 PM,0,0.2984,12.992
2/17/2026,12:30:00 PM,0,0.2982,13
2/17/2026,12:45:00 PM,0,0.2972,13.015
2/17/2026,1:00:00 PM,0,0.2958,13.032
2/17/2026,1:15:00 PM,0,0.2955,13.06
2/17/2026,1:30:00 PM,0,0.2952,13.09
2/17/2026,1:45:00 PM,0,0.2936,13.123
2/17/2026,2:00:00 PM,0,0.2924,13.159
2/17/2026,2:15:00 PM,0,0.2927,13.202
2/17/2026,2:30:00 PM,0,0.2924,13.243
2/17/2026,2:45:00 PM,0,0.2929,13.289
2/17/2026,3:00:00 PM,0,0.2918,13.333
2/17/2026,3:15:00 PM,0,0.2915,13.376
2/17/2026,3:30:00 PM,0,0.2919,13.419
2/17/2026,3:45:00 PM,0,0.2922,13.464
2/17/2026,4:00:00 PM,0,0.2923,13.512
2/17/2026,4:15:00 PM,0,0.2922,13.557
2/17/2026,4:30:00 PM,0,0.2929,13.607
2/17/2026,4:45:00 PM,0,0.2925,13.655
2/17/2026,5:00:00 PM,0,0.2937,13.699
2/17/2026,5:15:00 PM,0,0.2923,13.747
2/17/2026,5:30:00 PM,0,0.2923,13.791
2/17/2026,5:45:00 PM,0,0.2941,13.838
2/17/2026,6:00:00 PM,0,0.2942,13.881
2/17/2026,6:15:00 PM,0,0.3113,13.924
2/17/2026,6:30:00 PM,0,0.3228,13.964
2/17/2026,6:45:00 PM,0,0.3237,14.003
2/17/2026,7:00:00 PM,0,0.3249,14.034
2/17/2026,7:15:00 PM,0,0.6243,14.058
2/17/2026,7:30:00 PM,0,0.6265,14.07
2/17/2026,7:45:00 PM,0,0.5406,14.035
2/17/2026,8:00:00 PM,0,0.4588,13.971
2/17/2026,8:15:00 PM,0,0.4193,13.898
2/17/2026,8:30:00 PM,0,0.4141,13.827
2/17/2026,8:45:00 PM,0,0.4106,13.77
2/17/2026,9:00:00 PM,0,0.4632,13.728
2/17/2026,9:15:00 PM,0,0.554,13.69
2/17/2026,9:30:00 PM,0,0.5465,13.657
2/17/2026,9:45:00 PM,0,0.4825,13.625
2/17/2026,10:00:00 PM,0,0.4447,13.602
2/17/2026,10:15:00 PM,0,0.8064,13.579
2/17/2026,10:30:00 PM,0,0.7926,13.508
2/17/2026,10:45:00 PM,0,0.7112,13.421
2/17/2026,11:00:00 PM,0,0.7487,13.328
2/17/2026,11:15:00 PM,0,0.687,13.247
2/17/2026,11:30:00 PM,0,0.6214,13.18
2/17/2026,11:45:00 PM,0,0.5789,13.13
2/18/2026,12:00:00 AM,0,0.5434,13.098
2/18/2026,12:15:00 AM,0,0.5124,13.074
2/18/2026,12:30:00 AM,0,0.5034,13.054
2/18/2026,12:45:00 AM,0,0.4907,13.037
2/18/2026,1:00:00 AM,0,0.4722,13.022
2/18/2026,1:15:00 AM,0,0.4498,13.009
2/18/2026,1:30:00 AM,0,0.4346,12.997
2/18/2026,1:45:00 AM,0,0.421,12.983
2/18/2026,2:00:00 AM,0,0.4106,12.972
2/18/2026,2:15:00 AM,0,0.403,12.958
2/18/2026,2:30:00 AM,0,0.4049,12.943
2/18/2026,2:45:00 AM,0,0.4067,12.928
2/18/2026,3:00:00 AM,0,0.4001,12.909
2/18/2026,3:15:00 AM,0,0.3925,12.888
2/18/2026,3:30:00 AM,0,0.3847,12.86
2/18/2026,3:45:00 AM,0,0.3751,12.828
2/18/2026,4:00:00 AM,0,0.3685,12.797
2/18/2026,4:15:00 AM,0,0.3635,12.762
2/18/2026,4:30:00 AM,0,0.3603,12.728
2/18/2026,4:45:00 AM,0,0.356,12.691
2/18/2026,5:00:00 AM,0,0.3536,12.662
2/18/2026,5:15:00 AM,0,0.3508,12.633
2/18/2026,5:30:00 AM,0,0.3471,12.606
2/18/2026,5:45:00 AM,0,0.3435,12.578
2/18/2026,6:00:00 AM,0,0.3416,12.553
2/18/2026,6:15:00 AM,0,0.3387,12.528
2/18/2026,6:30:00 AM,0,0.3355,12.503
2/18/2026,6:45:00 AM,0,0.3326,12.481
2/18/2026,7:00:00 AM,0,0.3313,12.46
2/18/2026,7:15:00 AM,0,0.3327,12.439
2/18/2026,7:30:00 AM,0,0.3298,12.422
2/18/2026,7:45:00 AM,0,0.3281,12.402
2/18/2026,8:00:00 AM,0,0.3277,12.384
2/18/2026,8:15:00 AM,0,0.3262,12.364
2/18/2026,8:30:00 AM,0,0.3236,12.344
2/18/2026,8:45:00 AM,0,0.3247,12.323
2/18/2026,9:00:00 AM,0,0.3217,12.307
2/18/2026,9:15:00 AM,0,0.3212,12.293
2/18/2026,9:30:00 AM,0,0.3192,12.276
2/18/2026,9:45:00 AM,0,0.319,12.265
2/18/2026,10:00:00 AM,0,0.3168,12.255
2/18/2026,10:15:00 AM,0,0.3151,12.249
2/18/2026,10:30:00 AM,0,0.3141,12.25
2/18/2026,10:45:00 AM,0,0.3145,12.255
2/18/2026,11:00:00 AM,0,0.314,12.261
2/18/2026,11:15:00 AM,0,0.3132,12.266
2/18/2026,11:30:00 AM,0,0.3122,12.272
2/18/2026,11:45:00 AM,0,0.3117,12.283
2/18/2026,12:00:00 PM,0,0.3107,12.292
2/18/2026,12:15:00 PM,0,0.3101,12.31
2/18/2026,12:30:00 PM,0,0.3093,12.333
2/18/2026,12:45:00 PM,0,0.3086,12.369
2/18/2026,1:00:00 PM,0,0.3087,12.414
2/18/2026,1:15:00 PM,0,0.3078,12.466
2/18/2026,1:30:00 PM,0,0.3073,12.523
2/18/2026,1:45:00 PM,0,0.3062,12.585
2/18/2026,2:00:00 PM,0,0.3058,12.654
2/18/2026,2:15:00 PM,0,0.305,12.726
2/18/2026,2:30:00 PM,0,0.3051,12.797
2/18/2026,2:45:00 PM,0,0.3049,12.876
2/18/2026,3:00:00 PM,0,0.3045,12.958
2/18/2026,3:15:00 PM,0,0.3045,13.041
2/18/2026,3:30:00 PM,0,0.3053,13.125
2/18/2026,3:45:00 PM,0,0.3045,13.207
2/18/2026,4:00:00 PM,0,0.304,13.288
2/18/2026,4:15:00 PM,0,0.304,13.364
2/18/2026,4:30:00 PM,0,0.3034,13.442
2/18/2026,4:45:00 PM,0,0.3028,13.51
2/18/2026,5:00:00 PM,0,0.302,13.579
2/18/2026,5:15:00 PM,0,0.302,13.638
2/18/2026,5:30:00 PM,0,0.3004,13.692
2/18/2026,5:45:00 PM,0,0.3001,13.737
2/18/2026,6:00:00 PM,0,0.3004,13.778
2/18/2026,6:15:00 PM,0,0.2998,13.813
2/18/2026,6:30:00 PM,0,0.2987,13.843
2/18/2026,6:45:00 PM,0,0.2974,13.87
2/18/2026,7:00:00 PM,0,0.2981,13.889
2/18/2026,7:15:00 PM,0,0.2975,13.906
2/18/2026,7:30:00 PM,0,0.2963,13.915
2/18/2026,7:45:00 PM,0,0.2961,13.923
2/18/2026,8:00:00 PM,0,0.2956,13.921
2/18/2026,8:15:00 PM,0,0.2954,13.918
2/18/2026,8:30:00 PM,0,0.2952,13.907
2/18/2026,8:45:00 PM,0,0.2947,13.896
2/18/2026,9:00:00 PM,0,0.2933,13.881
2/18/2026,9:15:00 PM,0,0.2929,13.861
2/18/2026,9:30:00 PM,0,0.2928,13.841
2/18/2026,9:45:00 PM,0,0.2929,13.81
2/18/2026,10:00:00 PM,0,0.2918,13.775
2/18/2026,10:15:00 PM,0,0.2919,13.732
2/18/2026,10:30:00 PM,0,0.2919,13.683
2/18/2026,10:45:00 PM,0,0.2916,13.632
2/18/2026,11:00:00 PM,0,0.2917,13.576
2/18/2026,11:15:00 PM,0,0.2911,13.517
2/18/2026,11:30:00 PM,0,0.291,13.46
2/18/2026,11:45:00 PM,0,0.2904,13.402
2/19/2026,12:00:00 AM,0,0.2902,13.342
2/19/2026,12:15:00 AM,0,0.2903,13.283
2/19/2026,12:30:00 AM,0,0.2895,13.221
2/19/2026,12:45:00 AM,0,0.2891,13.159
2/19/2026,1:00:00 AM,0,0.289,13.096
2/19/2026,1:15:00 AM,0,0.2888,13.03
2/19/2026,1:30:00 AM,0,0.289,12.972
2/19/2026,1:45:00 AM,0,0.289,12.909
2/19/2026,2:00:00 AM,0,0.2895,12.851
2/19/2026,2:15:00 AM,0,0.2883,12.795
2/19/2026,2:30:00 AM,0,0.2883,12.739
2/19/2026,2:45:00 AM,0,0.2876,12.688
2/19/2026,3:00:00 AM,0,0.2876,12.636
2/19/2026,3:15:00 AM,0,0.287,12.592
2/19/2026,3:30:00 AM,0,0.2872,12.547
2/19/2026,3:45:00 AM,0,0.2872,12.503
2/19/2026,4:00:00 AM,0,0.2866,12.464
2/19/2026,4:15:00 AM,0,0.2884,12.425
2/19/2026,4:30:00 AM,0,0.2878,12.385
2/19/2026,4:45:00 AM,0,0.2863,12.351
2/19/2026,5:00:00 AM,0,0.2868,12.316
2/19/2026,5:15:00 AM,0,0.2875,12.282
2/19/2026,5:30:00 AM,0,0.2875,12.25
2/19/2026,5:45:00 AM,0,0.287,12.219
2/19/2026,6:00:00 AM,0,0.2874,12.189
2/19/2026,6:15:00 AM,0,0.2869,12.159
2/19/2026,6:30:00 AM,0,0.2873,12.133
2/19/2026,6:45:00 AM,0,0.287,12.104
2/19/2026,7:00:00 AM,0,0.2876,12.075
2/19/2026,7:15:00 AM,0,0.2899,12.053
2/19/2026,7:30:00 AM,0,0.2923,12.028
2/19/2026,7:45:00 AM,0,0.3831,12.004
2/19/2026,8:00:00 AM,0,0.5135,11.967
2/19/2026,8:15:00 AM,0,0.6774,11.947
2/19/2026,8:30:00 AM,0,0.8464,11.926
2/19/2026,8:45:00 AM,0,0.9484,11.901
2/19/2026,9:00:00 AM,0,1.1837,11.865
2/19/2026,9:15:00 AM,0,1.482,11.807
2/19/2026,9:30:00 AM,0,1.3039,11.742
2/19/2026,9:45:00 AM,0,1.0456,11.701
2/19/2026,10:00:00 AM,0,0.8731,11.689
2/19/2026,10:15:00 AM,0,0.7765,11.696
2/19/2026,10:30:00 AM,0,0.7082,11.724
2/19/2026,10:45:00 AM,0,0.6721,11.764
2/19/2026,11:00:00 AM,0,0.6565,11.809
2/19/2026,11:15:00 AM,0,0.6212,11.861
2/19/2026,11:30:00 AM,0,0.5834,11.921
2/19/2026,11:45:00 AM,0,0.557,11.989
2/19/2026,12:00:00 PM,0,0.5403,12.061
2/19/2026,12:15:00 PM,0,0.5236,12.138
2/19/2026,12:30:00 PM,0,0.5018,12.213
2/19/2026,12:45:00 PM,0,0.4844,12.292
2/19/2026,1:00:00 PM,0,0.4693,12.371
2/19/2026,1:15:00 PM,0,0.4561,12.443
2/19/2026,1:30:00 PM,0,0.4467,12.51
2/19/2026,1:45:00 PM,0,0.4334,12.573
2/19/2026,2:00:00 PM,0,0.4253,12.636
2/19/2026,2:15:00 PM,0,0.4165,12.695
2/19/2026,2:30:00 PM,0,0.41,12.755
2/19/2026,2:45:00 PM,0,0.4072,12.81
2/19/2026,3:00:00 PM,0,0.3977,12.862
2/19/2026,3:15:00 PM,0,0.3912,12.911
2/19/2026,3:30:00 PM,0,0.3864,12.953
2/19/2026,3:45:00 PM,0,0.3821,12.994
2/19/2026,4:00:00 PM,0,0.3767,13.027
2/19/2026,4:15:00 PM,0,0.3729,13.059
2/19/2026,4:30:00 PM,0,0.3691,13.086
2/19/2026,4:45:00 PM,0,0.365,13.111
2/19/2026,5:00:00 PM,0,0.3625,13.13
2/19/2026,5:15:00 PM,0,0.3597,13.146
2/19/2026,5:30:00 PM,0,0.3554,13.158
2/19/2026,5:45:00 PM,0,0.3544,13.163
2/19/2026,6:00:00 PM,0,0.3514,13.161
2/19/2026,6:15:00 PM,0,0.3501,13.157
2/19/2026,6:30:00 PM,0,0.3484,13.142
2/19/2026,6:45:00 PM,0,0.3463,13.128
2/19/2026,7:00:00 PM,0,0.3433,13.105
2/19/2026,7:15:00 PM,0,0.3425,13.08
2/19/2026,7:30:00 PM,0,0.3414,13.05
2/19/2026,7:45:00 PM,0,0.3393,13.016
2/19/2026,8:00:00 PM,0,0.3389,12.982
2/19/2026,8:15:00 PM,0,0.3365,12.944
2/19/2026,8:30:00 PM,0,0.3363,12.908
2/19/2026,8:45:00 PM,0,0.3332,12.874
2/19/2026,9:00:00 PM,0,0.3321,12.835
2/19/2026,9:15:00 PM,0,0.3309,12.801
2/19/2026,9:30:00 PM,0,0.3299,12.765
2/19/2026,9:45:00 PM,0,0.3276,12.731
2/19/2026,10:00:00 PM,0,0.3274,12.699
2/19/2026,10:15:00 PM,0,0.3256,12.668
2/19/2026,10:30:00 PM,0,0.3246,12.636
2/19/2026,10:45:00 PM,0,0.3233,12.606
2/19/2026,11:00:00 PM,0,0.324,12.577
2/19/2026,11:15:00 PM,0,0.3236,12.545
2/19/2026,11:30:00 PM,0,0.3221,12.517
2/19/2026,11:45:00 PM,0,0.321,12.492
2/20/2026,12:00:00 AM,0,0.3208,12.465
2/20/2026,12:15:00 AM,0,0.3212,12.44
2/20/2026,12:30:00 AM,0,0.3201,12.414
2/20/2026,12:45:00 AM,0,0.3192,12.389
2/20/2026,1:00:00 AM,0,0.3191,12.366
2/20/2026,1:15:00 AM,0,0.318,12.344
2/20/2026,1:30:00 AM,0,0.3185,12.318
2/20/2026,1:45:00 AM,0,0.3172,12.294
2/20/2026,2:00:00 AM,0,0.3172,12.27
2/20/2026,2:15:00 AM,0,0.3154,12.247
2/20/2026,2:30:00 AM,0,0.317,12.226
2/20/2026,2:45:00 AM,0,0.3155,12.202
2/20/2026,3:00:00 AM,0,0.3145,12.181
2/20/2026,3:15:00 AM,0,0.3153,12.159
2/20/2026,3:30:00 AM,0,0.3127,12.138
2/20/2026,3:45:00 AM,0,0.3128,12.115
2/20/2026,4:00:00 AM,0,0.3126,12.093
2/20/2026,4:15:00 AM,0,0.3116,12.071
2/20/2026,4:30:00 AM,0,0.3109,12.048
2/20/2026,4:45:00 AM,0,0.3104,12.024
2/20/2026,5:00:00 AM,0,0.3089,12.002
2/20/2026,5:15:00 AM,0,0.3086,11.98
2/20/2026,5:30:00 AM,0,0.3082,11.953
2/20/2026,5:45:00 AM,0,0.3091,11.931
2/20/2026,6:00:00 AM,0,0.3087,11.906
2/20/2026,6:15:00 AM,0,0.3087,11.881
2/20/2026,6:30:00 AM,0,0.3092,11.858
2/20/2026,6:45:00 AM,0,0.3095,11.834
2/20/2026,7:00:00 AM,0,0.3087,11.811
2/20/2026,7:15:00 AM,0,0.3093,11.79
2/20/2026,7:30:00 AM,0,0.3087,11.764
2/20/2026,7:45:00 AM,0,0.3082,11.742
2/20/2026,8:00:00 AM,0,0.3075,11.716
2/20/2026,8:15:00 AM,0,0.3071,11.692
2/20/2026,8:30:00 AM,0,0.3075,11.668
2/20/2026,8:45:00 AM,0,0.3067,11.646
2/20/2026,9:00:00 AM,0,0.3058,11.627
2/20/2026,9:15:00 AM,0,0.3063,11.61
2/20/2026,9:30:00 AM,0,0.3065,11.593
2/20/2026,9:45:00 AM,0,0.3065,11.579
2/20/2026,10:00:00 AM,0,0.307,11.566
2/20/2026,10:15:00 AM,0,0.3069,11.558
2/20/2026,10:30:00 AM,0,0.3088,11.546
2/20/2026,10:45:00 AM,0,0.3056,11.538
2/20/2026,11:00:00 AM,0,0.3053,11.533
2/20/2026,11:15:00 AM,0,0.3037,11.533
2/20/2026,11:30:00 AM,0,0.3042,11.534
2/20/2026,11:45:00 AM,0,0.3043,11.54
2/20/2026,12:00:00 PM,0,0.3044,11.545
2/20/2026,12:15:00 PM,0,0.304,11.559
2/20/2026,12:30:00 PM,0,0.3036,11.574
2/20/2026,12:45:00 PM,0,0.3044,11.595
2/20/2026,1:00:00 PM,0,0.3036,11.619
2/20/2026,1:15:00 PM,0,0.3038,11.65
2/20/2026,1:30:00 PM,0,0.3034,11.683
2/20/2026,1:45:00 PM,0,0.3032,11.721
2/20/2026,2:00:00 PM,0,0.303,11.764
2/20/2026,2:15:00 PM,0,0.303,11.813
2/20/2026,2:30:00 PM,0,0.3036,11.867
2/20/2026,2:45:00 PM,0,0.3036,11.929
2/20/2026,3:00:00 PM,0,0.3024,11.997
2/20/2026,3:15:00 PM,0,0.3031,12.072
2/20/2026,3:30:00 PM,0,0.3032,12.155
2/20/2026,3:45:00 PM,0,0.3024,12.244
2/20/2026,4:00:00 PM,0,0.302,12.338
2/20/2026,4:15:00 PM,0,0.3016,12.43
2/20/2026,4:30:00 PM,0,0.3015,12.525
2/20/2026,4:45:00 PM,0,0.3015,12.618
2/20/2026,5:00:00 PM,0,0.3016,12.71
2/20/2026,5:15:00 PM,0,0.3011,12.795
2/20/2026,5:30:00 PM,0,0.2989,12.874
2/20/2026,5:45:00 PM,0,0.2982,12.946
2/20/2026,6:00:00 PM,0,0.2978,13.016
2/20/2026,6:15:00 PM,0,0.298,13.078
2/20/2026,6:30:00 PM,0,0.2983,13.134
2/20/2026,6:45:00 PM,0,0.2975,13.181
2/20/2026,7:00:00 PM,0,0.2979,13.222
2/20/2026,7:15:00 PM,0,0.2985,13.254
2/20/2026,7:30:00 PM,0,0.2969,13.281
2/20/2026,7:45:00 PM,0,0.2969,13.303
2/20/2026,8:00:00 PM,0,0.2968,13.319
2/20/2026,8:15:00 PM,0,0.2967,13.329
2/20/2026,8:30:00 PM,0,0.2964,13.337
2/20/2026,8:45:00 PM,0,0.2962,13.342
2/20/2026,9:00:00 PM,0,0.2962,13.343
2/20/2026,9:15:00 PM,0,0.2955,13.338
2/20/2026,9:30:00 PM,0,0.2956,13.334
2/20/2026,9:45:00 PM,0,0.2957,13.325
2/20/2026,10:00:00 PM,0,0.2951,13.311
2/20/2026,10:15:00 PM,0,0.2952,13.299
2/20/2026,10:30:00 PM,0,0.2951,13.281
2/20/2026,10:45:00 PM,0,0.2944,13.262
2/20/2026,11:00:00 PM,0,0.2948,13.236
2/20/2026,11:15:00 PM,0,0.2944,13.21
2/20/2026,11:30:00 PM,0,0.2947,13.178
2/20/2026,11:45:00 PM,0,0.2941,13.143
2/21/2026,12:00:00 AM,0,0.2939,13.106
2/21/2026,12:15:00 AM,0,0.2941,13.069
2/21/2026,12:30:00 AM,0,0.294,13.027
2/21/2026,12:45:00 AM,0,0.294,12.983
2/21/2026,1:00:00 AM,0,0.2937,12.936
2/21/2026,1:15:00 AM,0,0.2933,12.891
2/21/2026,1:30:00 AM,0,0.293,12.844
2/21/2026,1:45:00 AM,0,0.2929,12.798
2/21/2026,2:00:00 AM,0,0.2923,12.747
2/21/2026,2:15:00 AM,0,0.293,12.698
2/21/2026,2:30:00 AM,0,0.2931,12.647
2/21/2026,2:45:00 AM,0,0.2926,12.598
2/21/2026,3:00:00 AM,0,0.2918,12.547
2/21/2026,3:15:00 AM,0,0.2918,12.495
2/21/2026,3:30:00 AM,0,0.2937,12.444
2/21/2026,3:45:00 AM,0,0.2915,12.393
2/21/2026,4:00:00 AM,0,0.2923,12.342
2/21/2026,4:15:00 AM,0,0.2912,12.291
2/21/2026,4:30:00 AM,0,0.2911,12.24
2/21/2026,4:45:00 AM,0,0.2917,12.188
2/21/2026,5:00:00 AM,0,0.2908,12.137
2/21/2026,5:15:00 AM,0,0.2913,12.086
2/21/2026,5:30:00 AM,0,0.2911,12.034
2/21/2026,5:45:00 AM,0,0.2907,11.983
2/21/2026,6:00:00 AM,0,0.2902,11.936
2/21/2026,6:15:00 AM,0,0.2906,11.884
2/21/2026,6:30:00 AM,0,0.2904,11.835
2/21/2026,6:45:00 AM,0,0.2901,11.786
2/21/2026,7:00:00 AM,0,0.2916,11.74
2/21/2026,7:15:00 AM,0,0.2936,11.691
2/21/2026,7:30:00 AM,0,0.2963,11.645
2/21/2026,7:45:00 AM,0,0.2964,11.598
2/21/2026,8:00:00 AM,0,0.2947,11.554
2/21/2026,8:15:00 AM,0,0.293,11.514
2/21/2026,8:30:00 AM,0,0.2922,11.47
2/21/2026,8:45:00 AM,0,0.2911,11.434
2/21/2026,9:00:00 AM,0,0.2914,11.398
2/21/2026,9:15:00 AM,0,0.2917,11.362
2/21/2026,9:30:00 AM,0,0.2919,11.332
2/21/2026,9:45:00 AM,0,0.2902,11.303
2/21/2026,10:00:00 AM,0,0.2907,11.277
2/21/2026,10:15:00 AM,0,0.2908,11.251
2/21/2026,10:30:00 AM,0,0.2915,11.229
2/21/2026,10:45:00 AM,0,0.2908,11.211
2/21/2026,11:00:00 AM,0,0.2913,11.196
2/21/2026,11:15:00 AM,0,0.2912,11.186
2/21/2026,11:30:00 AM,0,0.2914,11.174
2/21/2026,11:45:00 AM,0,0.2917,11.164
2/21/2026,12:00:00 PM,0,0.2912,11.155
2/21/2026,12:15:00 PM,0,0.2913,11.147
2/21/2026,12:30:00 PM,0,0.2908,11.143
2/21/2026,12:45:00 PM,0,0.2907,11.139
2/21/2026,1:00:00 PM,0,0.2906,11.139
2/21/2026,1:15:00 PM,0,0.2905,11.139
2/21/2026,1:30:00 PM,0,0.2894,11.14
2/21/2026,1:45:00 PM,0,0.2904,11.143
2/21/2026,2:00:00 PM,0,0.2906,11.153
2/21/2026,2:15:00 PM,0,0.2913,11.169
2/21/2026,2:30:00 PM,0,0.2912,11.193
2/21/2026,2:45:00 PM,0,0.2916,11.224
2/21/2026,3:00:00 PM,0,0.292,11.264
2/21/2026,3:15:00 PM,0,0.2913,11.311
2/21/2026,3:30:00 PM,0,0.2918,11.364
2/21/2026,3:45:00 PM,0,0.2917,11.43
2/21/2026,4:00:00 PM,0,0.2916,11.504
2/21/2026,4:15:00 PM,0,0.2926,11.585
2/21/2026,4:30:00 PM,0,0.293,11.673
2/21/2026,4:45:00 PM,0,0.2928,11.764
2/21/2026,5:00:00 PM,0,0.2925,11.861
2/21/2026,5:15:00 PM,0,0.2924,11.961
2/21/2026,5:30:00 PM,0,0.291,12.06
2/21/2026,5:45:00 PM,0,0.2909,12.16
2/21/2026,6:00:00 PM,0,0.2906,12.256
2/21/2026,6:15:00 PM,0,0.2901,12.35
2/21/2026,6:30:00 PM,0,0.2901,12.44
2/21/2026,6:45:00 PM,0,0.2894,12.522
2/21/2026,7:00:00 PM,0,0.2893,12.6
2/21/2026,7:15:00 PM,0,0.2893,12.668
2/21/2026,7:30:00 PM,0,0.2898,12.73
2/21/2026,7:45:00 PM,0,0.2896,12.785
2/21/2026,8:00:00 PM,0,0.2886,12.833
2/21/2026,8:15:00 PM,0,0.2888,12.87
2/21/2026,8:30:00 PM,0,0.2888,12.903
2/21/2026,8:45:00 PM,0,0.2885,12.928
2/21/2026,9:00:00 PM,0,0.2885,12.948
2/21/2026,9:15:00 PM,0,0.2886,12.96
2/21/2026,9:30:00 PM,0,0.2882,12.967
2/21/2026,9:45:00 PM,0,0.2879,12.971
2/21/2026,10:00:00 PM,0,0.2881,12.966
2/21/2026,10:15:00 PM,0,0.288,12.96
2/21/2026,10:30:00 PM,0,0.287,12.95
2/21/2026,10:45:00 PM,0,0.287,12.934
2/21/2026,11:00:00 PM,0,0.2869,12.916
2/21/2026,11:15:00 PM,0,0.2864,12.893
2/21/2026,11:30:00 PM,0,0.2869,12.869
2/21/2026,11:45:00 PM,0,0.2866,12.836
2/22/2026,12:00:00 AM,0,0.2867,12.801
2/22/2026,12:15:00 AM,0,0.286,12.766
2/22/2026,12:30:00 AM,0,0.2865,12.729
2/22/2026,12:45:00 AM,0,0.2862,12.695
2/22/2026,1:00:00 AM,0,0.2859,12.663
2/22/2026,1:15:00 AM,0,0.2864,12.635
2/22/2026,1:30:00 AM,0,0.2863,12.606
2/22/2026,1:45:00 AM,0,0.286,12.58
2/22/2026,2:00:00 AM,0,0.2862,12.554
2/22/2026,2:15:00 AM,0,0.2861,12.526
2/22/2026,2:30:00 AM,0,0.2859,12.498
2/22/2026,2:45:00 AM,0,0.2858,12.466
2/22/2026,3:00:00 AM,0,0.2862,12.439
2/22/2026,3:15:00 AM,0,0.2857,12.407
2/22/2026,3:30:00 AM,0,0.2858,12.374
2/22/2026,3:45:00 AM,0,0.2861,12.342
2/22/2026,4:00:00 AM,0,0.2857,12.309
2/22/2026,4:15:00 AM,0,0.2852,12.273
2/22/2026,4:30:00 AM,0,0.2857,12.237
2/22/2026,4:45:00 AM,0,0.2855,12.198
2/22/2026,5:00:00 AM,0,0.2859,12.16
2/22/2026,5:15:00 AM,0,0.2852,12.122
2/22/2026,5:30:00 AM,0,0.2852,12.082
2/22/2026,5:45:00 AM,0,0.2853,12.043
2/22/2026,6:00:00 AM,0,0.2854,12.004
2/22/2026,6:15:00 AM,0,0.2849,11.963
2/22/2026,6:30:00 AM,0,0.2854,11.922
2/22/2026,6:45:00 AM,0,0.2851,11.88
2/22/2026,7:00:00 AM,0,0.2871,11.84
2/22/2026,7:15:00 AM,0,0.289,11.798
2/22/2026,7:30:00 AM,0,0.2888,11.757
2/22/2026,7:45:00 AM,0,0.2873,11.714
2/22/2026,8:00:00 AM,0,0.2892,11.673
2/22/2026,8:15:00 AM,0,0.2865,11.631
2/22/2026,8:30:00 AM,0,0.2849,11.589
2/22/2026,8:45:00 AM,0,0.2843,11.548
2/22/2026,9:00:00 AM,0,0.2849,11.506
2/22/2026,9:15:00 AM,0,0.2848,11.472
2/22/2026,9:30:00 AM,0,0.2858,11.437
2/22/2026,9:45:00 AM,0,0.2857,11.409
2/22/2026,10:00:00 AM,0,0.2866,11.381
2/22/2026,10:15:00 AM,0,0.2867,11.352
2/22/2026,10:30:00 AM,0,0.2871,11.329
2/22/2026,10:45:00 AM,0,0.2865,11.31
2/22/2026,11:00:00 AM,0,0.2866,11.293
2/22/2026,11:15:00 AM,0,0.2852,11.278
2/22/2026,11:30:00 AM,0,0.2865,11.265
2/22/2026,11:45:00 AM,0,0.287,11.256
2/22/2026,12:00:00 PM,0,0.287,11.249
2/22/2026,12:15:00 PM,0,0.287,11.242
2/22/2026,12:30:00 PM,0,0.2872,11.239
2/22/2026,12:45:00 PM,0,0.2872,11.237
2/22/2026,1:00:00 PM,0,0.2868,11.235
2/22/2026,1:15:00 PM,0,0.2871,11.235
2/22/2026,1:30:00 PM,0,0.2869,11.236
2/22/2026,1:45:00 PM,0,0.2869,11.239
2/22/2026,2:00:00 PM,0,0.2865,11.242
2/22/2026,2:15:00 PM,0,0.2868,11.245
2/22/2026,2:30:00 PM,0,0.2866,11.258
2/22/2026,2:45:00 PM,0,0.2866,11.272
2/22/2026,3:00:00 PM,0,0.2867,11.292
2/22/2026,3:15:00 PM,0,0.2868,11.318
2/22/2026,3:30:00 PM,0,0.2866,11.352
2/22/2026,3:45:00 PM,0,0.286,11.386
2/22/2026,4:00:00 PM,0,0.2868,11.427
2/22/2026,4:15:00 PM,0,0.2868,11.475
2/22/2026,4:30:00 PM,0,0.2862,11.524
2/22/2026,4:45:00 PM,0,0.2869,11.582
2/22/2026,5:00:00 PM,0,0.2863,11.644
2/22/2026,5:15:00 PM,0,0.2865,11.713
2/22/2026,5:30:00 PM,0,0.2867,11.786
2/22/2026,5:45:00 PM,0,0.2855,11.863
2/22/2026,6:00:00 PM,0,0.2854,11.945
2/22/2026,6:15:00 PM,0,0.2851,12.028
2/22/2026,6:30:00 PM,0,0.2854,12.113
2/22/2026,6:45:00 PM,0,0.2849,12.201
2/22/2026,7:00:00 PM,0,0.2849,12.292
2/22/2026,7:15:00 PM,0,0.2847,12.387
2/22/2026,7:30:00 PM,0,0.2848,12.481
2/22/2026,7:45:00 PM,0,0.2852,12.576
2/22/2026,8:00:00 PM,0,0.2849,12.659
2/22/2026,8:15:00 PM,0,0.285,12.736
2/22/2026,8:30:00 PM,0,0.2855,12.802
2/22/2026,8:45:00 PM,0,0.2852,12.858
2/22/2026,9:00:00 PM,0,0.2848,12.91
2/22/2026,9:15:00 PM,0,0.2847,12.95
2/22/2026,9:30:00 PM,0,0.2848,12.983
2/22/2026,9:45:00 PM,0,0.2842,13.01
2/22/2026,10:00:00 PM,0,0.2841,13.029
2/22/2026,10:15:00 PM,0,0.2847,13.044
2/22/2026,10:30:00 PM,0,0.2843,13.055
2/22/2026,10:45:00 PM,0,0.2832,13.056
2/22/2026,11:00:00 PM,0,0.2842,13.057
2/22/2026,11:15:00 PM,0,0.2839,13.055
2/22/2026,11:30:00 PM,0,0.2842,13.046
2/22/2026,11:45:00 PM,0,0.2843,13.035
2/23/2026,12:00:00 AM,0,0.2839,13.021
2/23/2026,12:15:00 AM,0,0.2843,13.004
2/23/2026,12:30:00 AM,0,0.2836,12.984
2/23/2026,12:45:00 AM,0,0.2838,12.962
2/23/2026,1:00:00 AM,0,0.2836,12.935
2/23/2026,1:15:00 AM,0,0.2839,12.908
2/23/2026,1:30:00 AM,0,0.284,12.878
2/23/2026,1:45:00 AM,0,0.2843,12.85
2/23/2026,2:00:00 AM,0,0.2841,12.82
2/23/2026,2:15:00 AM,0,0.2832,12.788
2/23/2026,2:30:00 AM,0,0.2832,12.757
2/23/2026,2:45:00 AM,0,0.2835,12.725
2/23/2026,3:00:00 AM,0,0.2833,12.693
2/23/2026,3:15:00 AM,0,0.2835,12.66
2/23/2026,3:30:00 AM,0,0.2834,12.625
2/23/2026,3:45:00 AM,0,0.2828,12.59
2/23/2026,4:00:00 AM,0,0.2829,12.557
2/23/2026,4:15:00 AM,0,0.2828,12.526
2/23/2026,4:30:00 AM,0,0.2827,12.49
2/23/2026,4:45:00 AM,0,0.283,12.457
2/23/2026,5:00:00 AM,0,0.283,12.426
2/23/2026,5:15:00 AM,0,0.2831,12.392
2/23/2026,5:30:00 AM,0,0.2833,12.359
2/23/2026,5:45:00 AM,0,0.2829,12.326
2/23/2026,6:00:00 AM,0,0.283,12.293
2/23/2026,6:15:00 AM,0,0.2827,12.257
2/23/2026,6:30:00 AM,0,0.2829,12.223
2/23/2026,6:45:00 AM,0,0.2832,12.191
2/23/2026,7:00:00 AM,0,0.2839,12.155
2/23/2026,7:15:00 AM,0,0.2838,12.117
2/23/2026,7:30:00 AM,0,0.2863,12.083
2/23/2026,7:45:00 AM,0,0.2904,12.047
2/23/2026,8:00:00 AM,0,0.2882,12.012
2/23/2026,8:15:00 AM,0,0.2861,11.978
2/23/2026,8:30:00 AM,0,0.2861,11.944
2/23/2026,8:45:00 AM,0,0.2844,11.916
2/23/2026,9:00:00 AM,0,0.2846,11.885
2/23/2026,9:15:00 AM,0,0.2848,11.855
2/23/2026,9:30:00 AM,0,0.2852,11.829
2/23/2026,9:45:00 AM,0,0.2841,11.799
2/23/2026,10:00:00 AM,0,0.2854,11.776
2/23/2026,10:15:00 AM,0,0.2842,11.752
2/23/2026,10:30:00 AM,0,0.2846,11.731
2/23/2026,10:45:00 AM,0,0.2853,11.716
2/23/2026,11:00:00 AM,0,0.2855,11.705
2/23/2026,11:15:00 AM,0,0.2844,11.696
2/23/2026,11:30:00 AM,0,0.284,11.689
2/23/2026,11:45:00 AM,0,0.2854,11.686
2/23/2026,12:00:00 PM,0,0.2851,11.683
2/23/2026,12:15:00 PM,0,0.2843,11.682
2/23/2026,12:30:00 PM,0,0.285,11.685
2/23/2026,12:45:00 PM,0,0.2849,11.688
2/23/2026,1:00:00 PM,0,0.2847,11.692
2/23/2026,1:15:00 PM,0,0.2846,11.697
2/23/2026,1:30:00 PM,0,0.2848,11.703
2/23/2026,1:45:00 PM,0,0.2854,11.71
2/23/2026,2:00:00 PM,0,0.2854,11.717
2/23/2026,2:15:00 PM,0,0.285,11.727
2/23/2026,2:30:00 PM,0,0.2849,11.743
2/23/2026,2:45:00 PM,0,0.2846,11.762
2/23/2026,3:00:00 PM,0,0.2847,11.787
2/23/2026,3:15:00 PM,0,0.2848,11.816
2/23/2026,3:30:00 PM,0,0.2844,11.853
2/23/2026,3:45:00 PM,0,0.2852,11.894
2/23/2026,4:00:00 PM,0,0.2845,11.943
2/23/2026,4:15:00 PM,0,0.2845,11.997
2/23/2026,4:30:00 PM,0,0.2839,12.056
2/23/2026,4:45:00 PM,0,0.283,12.122
2/23/2026,5:00:00 PM,0,0.2835,12.189
2/23/2026,5:15:00 PM,0,0.2861,12.262
2/23/2026,5:30:00 PM,0,0.2849,12.334
2/23/2026,5:45:00 PM,0,0.2831,12.411
2/23/2026,6:00:00 PM,0,0.2836,12.485
2/23/2026,6:15:00 PM,0,0.2831,12.563
2/23/2026,6:30:00 PM,0,0.2834,12.641
2/23/2026,6:45:00 PM,0,0.2836,12.719
2/23/2026,7:00:00 PM,0,0.2837,12.799
2/23/2026,7:15:00 PM,0,0.285,12.878
2/23/2026,7:30:00 PM,0,0.2838,12.955
2/23/2026,7:45:00 PM,0,0.2839,13.032
2/23/2026,8:00:00 PM,0,0.2842,13.106
2/23/2026,8:15:00 PM,0,0.2836,13.172
2/23/2026,8:30:00 PM,0,0.2832,13.234
2/23/2026,8:45:00 PM,0,0.2834,13.288
2/23/2026,9:00:00 PM,0,0.2843,13.336
2/23/2026,9:15:00 PM,0,0.2837,13.378
2/23/2026,9:30:00 PM,0,0.2837,13.414
2/23/2026,9:45:00 PM,0,0.283,13.442
2/23/2026,10:00:00 PM,0,0.2833,13.466
2/23/2026,10:15:00 PM,0,0.2828,13.483
2/23/2026,10:30:00 PM,0,0.2828,13.497
2/23/2026,10:45:00 PM,0,0.2839,13.506
2/23/2026,11:00:00 PM,0,0.2833,13.51
2/23/2026,11:15:00 PM,0,0.2838,13.509
2/23/2026,11:30:00 PM,0,0.2825,13.507
2/23/2026,11:45:00 PM,0,0.2827,13.504
2/24/2026,12:00:00 AM,0,0.2823,13.497
2/24/2026,12:15:00 AM,0,0.2833,13.487
2/24/2026,12:30:00 AM,0,0.2824,13.471
2/24/2026,12:45:00 AM,0,0.2829,13.461
2/24/2026,1:00:00 AM,0,0.2823,13.445
2/24/2026,1:15:00 AM,0,0.2835,13.427
2/24/2026,1:30:00 AM,0,0.2829,13.409
2/24/2026,1:45:00 AM,0,0.2829,13.387
2/24/2026,2:00:00 AM,0,0.283,13.368
2/24/2026,2:15:00 AM,0,0.2828,13.345
2/24/2026,2:30:00 AM,0,0.283,13.325
2/24/2026,2:45:00 AM,0,0.2823,13.302
2/24/2026,3:00:00 AM,0,0.2824,13.279
2/24/2026,3:15:00 AM,0,0.2832,13.256
2/24/2026,3:30:00 AM,0,0.2829,13.236
2/24/2026,3:45:00 AM,0,0.283,13.212
2/24/2026,4:00:00 AM,0,0.2828,13.188
2/24/2026,4:15:00 AM,0,0.2827,13.163
2/24/2026,4:30:00 AM,0,0.2835,13.14
2/24/2026,4:45:00 AM,0,0.2833,13.114
2/24/2026,5:00:00 AM,0,0.2833,13.091
2/24/2026,5:15:00 AM,0,0.2833,13.064
2/24/2026,5:30:00 AM,0,0.2835,13.04
2/24/2026,5:45:00 AM,0,0.2826,13.015
2/24/2026,6:00:00 AM,0,0.2832,12.992
2/24/2026,6:15:00 AM,0,0.2837,12.966
2/24/2026,6:30:00 AM,0,0.2833,12.941
2/24/2026,6:45:00 AM,0,0.2827,12.915
2/24/2026,7:00:00 AM,0,0.2851,12.894
2/24/2026,7:15:00 AM,0,0.2863,12.872
2/24/2026,7:30:00 AM,0,0.289,12.85
2/24/2026,7:45:00 AM,0,0.2874,12.832
2/24/2026,8:00:00 AM,0,0.2873,12.815
2/24/2026,8:15:00 AM,0,0.2851,12.797
2/24/2026,8:30:00 AM,0,0.285,12.784
2/24/2026,8:45:00 AM,0,0.2842,12.768
2/24/2026,9:00:00 AM,0,0.2838,12.753
2/24/2026,9:15:00 AM,0,0.2833,12.741
2/24/2026,9:30:00 AM,0,0.2829,12.728
2/24/2026,9:45:00 AM,0,0.285,12.719
2/24/2026,10:00:00 AM,0,0.2853,12.711
2/24/2026,10:15:00 AM,0,0.2851,12.7
2/24/2026,10:30:00 AM,0,0.2849,12.698
2/24/2026,10:45:00 AM,0,0.2846,12.694
2/24/2026,11:00:00 AM,0,0.2841,12.693
2/24/2026,11:15:00 AM,0,0.2847,12.693
2/24/2026,11:30:00 AM,0,0.2859,12.697
2/24/2026,11:45:00 AM,0,0.2852,12.697
2/24/2026,12:00:00 PM,0,0.2857,12.704
2/24/2026,12:15:00 PM,0,0.2847,12.71
2/24/2026,12:30:00 PM,0,0.2843,12.716
2/24/2026,12:45:00 PM,0,0.2858,12.725
2/24/2026,1:00:00 PM,0,0.2852,12.733
2/24/2026,1:15:00 PM,0,0.2859,12.742
2/24/2026,1:30:00 PM,0,0.2863,12.754
2/24/2026,1:45:00 PM,0,0.2855,12.767
2/24/2026,2:00:00 PM,0,0.2855,12.783
2/24/2026,2:15:00 PM,0,0.2887,12.796
2/24/2026,2:30:00 PM,0,0.3042,12.798
2/24/2026,2:45:00 PM,0,0.3056,12.813
2/24/2026,3:00:00 PM,0,0.3068,12.832
2/24/2026,3:15:00 PM,0,0.3084,12.852
2/24/2026,3:30:00 PM,0,0.3075,12.878
2/24/2026,3:45:00 PM,0,0.3078,12.906
2/24/2026,4:00:00 PM,0,0.31,12.942
2/24/2026,4:15:00 PM,0,0.3103,12.989
2/24/2026,4:30:00 PM,0,0.3083,13.047
2/24/2026,4:45:00 PM,0,0.3065,13.116
2/24/2026,5:00:00 PM,0,0.3051,13.205
2/24/2026,5:15:00 PM,0,0.3032,13.297
2/24/2026,5:30:00 PM,0,0.3017,13.389
2/24/2026,5:45:00 PM,0,0.2995,13.486
2/24/2026,6:00:00 PM,0,0.299,13.58
2/24/2026,6:15:00 PM,0,0.2989,13.671
2/24/2026,6:30:00 PM,0,0.2981,13.758
2/24/2026,6:45:00 PM,0,0.2982,13.838
2/24/2026,7:00:00 PM,0,0.2985,13.914
2/24/2026,7:15:00 PM,0,0.2992,13.983
2/24/2026,7:30:00 PM,0,0.2983,14.055
2/24/2026,7:45:00 PM,0,0.2981,14.121
2/24/2026,8:00:00 PM,0,0.2985,14.185
2/24/2026,8:15:00 PM,0,0.2979,14.246
2/24/2026,8:30:00 PM,0,0.2974,14.301
2/24/2026,8:45:00 PM,0,0.2981,14.35
2/24/2026,9:00:00 PM,0,0.2988,14.391
2/24/2026,9:15:00 PM,0,0.2979,14.429
2/24/2026,9:30:00 PM,0,0.2972,14.459
2/24/2026,9:45:00 PM,0,0.2964,14.485
2/24/2026,10:00:00 PM,0,0.298,14.504
2/24/2026,10:15:00 PM,0,0.2979,14.517
2/24/2026,10:30:00 PM,0,0.2968,14.527
2/24/2026,10:45:00 PM,0,0.2962,14.534
2/24/2026,11:00:00 PM,0,0.2967,14.536
2/24/2026,11:15:00 PM,0,0.2968,14.537
2/24/2026,11:30:00 PM,0,0.2969,14.537
2/24/2026,11:45:00 PM,0,0.2974,14.53
2/25/2026,12:00:00 AM,0,0.2968,14.528
2/25/2026,12:15:00 AM,0,0.2973,14.519
2/25/2026,12:30:00 AM,0,0.2968,14.509
2/25/2026,12:45:00 AM,0,0.2966,14.499
2/25/2026,1:00:00 AM,0,0.2972,14.487
2/25/2026,1:15:00 AM,0,0.2968,14.474
2/25/2026,1:30:00 AM,0,0.2966,14.457
2/25/2026,1:45:00 AM,0,0.2968,14.442
2/25/2026,2:00:00 AM,0,0.2964,14.425
2/25/2026,2:15:00 AM,0,0.2965,14.407
2/25/2026,2:30:00 AM,0,0.2965,14.388
2/25/2026,2:45:00 AM,0,0.2967,14.367
2/25/2026,3:00:00 AM,0,0.2971,14.345
2/25/2026,3:15:00 AM,0,0.2961,14.325
2/25/2026,3:30:00 AM,0,0.2969,14.303
2/25/2026,3:45:00 AM,0,0.2966,14.282
2/25/2026,4:00:00 AM,0,0.2977,14.259
2/25/2026,4:15:00 AM,0,0.2965,14.235
2/25/2026,4:30:00 AM,0,0.2972,14.212
2/25/2026,4:45:00 AM,0,0.2974,14.191
2/25/2026,5:00:00 AM,0,0.2976,14.167
2/25/2026,5:15:00 AM,0,0.2969,14.142
2/25/2026,5:30:00 AM,0,0.2972,14.119
2/25/2026,5:45:00 AM,0,0.2973,14.096
2/25/2026,6:00:00 AM,0,0.2962,14.074
2/25/2026,6:15:00 AM,0,0.2964,14.049
2/25/2026,6:30:00 AM,0,0.297,14.004
2/25/2026,6:45:00 AM,0,0.2968,13.957
2/25/2026,7:00:00 AM,0,0.3001,13.951
2/25/2026,7:15:00 AM,0,0.3001,13.942
2/25/2026,7:30:00 AM,0,0.3014,13.924
2/25/2026,7:45:00 AM,0,0.3012,13.905
2/25/2026,8:00:00 AM,0,0.2979,13.877
2/25/2026,8:15:00 AM,0,0.2991,13.858
2/25/2026,8:30:00 AM,0,0.2972,13.84
2/25/2026,8:45:00 AM,0,0.3002,13.815
2/25/2026,9:00:00 AM,0,0.3084,13.766
2/25/2026,9:15:00 AM,0,0.3268,13.735
2/25/2026,9:30:00 AM,0,0.3255,13.726
2/25/2026,9:45:00 AM,0,0.325,13.711
2/25/2026,10:00:00 AM,0,0.3287,13.7
2/25/2026,10:15:00 AM,0,0.3279,13.685
2/25/2026,10:30:00 AM,0,0.328,13.676
2/25/2026,10:45:00 AM,0,0.3276,13.663
2/25/2026,11:00:00 AM,0,0.3281,13.649
2/25/2026,11:15:00 AM,0,0.328,13.642
2/25/2026,11:30:00 AM,0,0.328,13.633
2/25/2026,11:45:00 AM,0,0.3287,13.624
2/25/2026,12:00:00 PM,0,0.3271,13.617
2/25/2026,12:15:00 PM,0,0.3291,13.61
2/25/2026,12:30:00 PM,0,0.3281,13.601
2/25/2026,12:45:00 PM,0,0.3278,13.597
2/25/2026,1:00:00 PM,0,0.3264,13.592
2/25/2026,1:15:00 PM,0,0.3272,13.588
2/25/2026,1:30:00 PM,0,0.3267,13.586
2/25/2026,1:45:00 PM,0,0.3264,13.584
2/25/2026,2:00:00 PM,0,0.3269,13.582
2/25/2026,2:15:00 PM,0,0.3273,13.583
2/25/2026,2:30:00 PM,0,0.3274,13.584
2/25/2026,2:45:00 PM,0,0.3269,13.587
2/25/2026,3:00:00 PM,0,0.3264,13.591
2/25/2026,3:15:00 PM,0,0.3268,13.598
2/25/2026,3:30:00 PM,0,0.3265,13.603
2/25/2026,3:45:00 PM,0,0.327,13.611
2/25/2026,4:00:00 PM,0,0.3273,13.625
2/25/2026,4:15:00 PM,0,0.3266,13.636
2/25/2026,4:30:00 PM,0,0.3259,13.654
2/25/2026,4:45:00 PM,0,0.3269,13.673
2/25/2026,5:00:00 PM,0,0.3267,13.695
2/25/2026,5:15:00 PM,0,0.3263,13.717
2/25/2026,5:30:00 PM,0,0.3259,13.741
2/25/2026,5:45:00 PM,0,0.3269,13.768
2/25/2026,6:00:00 PM,0,0.3264,13.799
2/25/2026,6:15:00 PM,0,0.3259,13.832
2/25/2026,6:30:00 PM,0,0.3265,13.863
2/25/2026,6:45:00 PM,0,0.3268,13.901
2/25/2026,7:00:00 PM,0,0.3272,13.935
2/25/2026,7:15:00 PM,0,0.3268,13.978
2/25/2026,7:30:00 PM,0,0.3273,14.021
2/25/2026,7:45:00 PM,0,0.3271,14.065
2/25/2026,8:00:00 PM,0,0.3266,14.111
2/25/2026,8:15:00 PM,0,0.327,14.152
2/25/2026,8:30:00 PM,0,0.327,14.193
2/25/2026,8:45:00 PM,0,0.3271,14.239
2/25/2026,9:00:00 PM,0,0.3265,14.279
2/25/2026,9:15:00 PM,0,0.3271,14.319
2/25/2026,9:30:00 PM,0,0.3269,14.354
2/25/2026,9:45:00 PM,0,0.3268,14.389
2/25/2026,10:00:00 PM,0,0.3263,14.42
2/25/2026,10:15:00 PM,0,0.3266,14.446
2/25/2026,10:30:00 PM,0,0.327,14.474
2/25/2026,10:45:00 PM,0,0.327,14.499
2/25/2026,11:00:00 PM,0,0.3263,14.523
2/25/2026,11:15:00 PM,0,0.3271,14.538
2/25/2026,11:30:00 PM,0,0.3266,14.553
2/25/2026,11:45:00 PM,0,0.3267,14.563
2/26/2026,12:00:00 AM,0,0.3264,14.574
2/26/2026,12:15:00 AM,0,0.3274,14.583
2/26/2026,12:30:00 AM,0,0.3267,14.589
2/26/2026,12:45:00 AM,0,0.3266,14.595
2/26/2026,1:00:00 AM,0,0.327,14.594
2/26/2026,1:15:00 AM,0,0.3264,14.594
2/26/2026,1:30:00 AM,0,0.3258,14.594
2/26/2026,1:45:00 AM,0,0.3262,14.589
2/26/2026,2:00:00 AM,0,0.3261,14.581
2/26/2026,2:15:00 AM,0,0.3254,14.574
2/26/2026,2:30:00 AM,0,0.3267,14.566
2/26/2026,2:45:00 AM,0,0.327,14.558
2/26/2026,3:00:00 AM,0,0.3269,14.547
2/26/2026,3:15:00 AM,0,0.3265,14.536
2/26/2026,3:30:00 AM,0,0.3253,14.524
2/26/2026,3:45:00 AM,0,0.3261,14.511
2/26/2026,4:00:00 AM,0,0.3267,14.498
2/26/2026,4:15:00 AM,0,0.3273,14.477
2/26/2026,4:30:00 AM,0,0.3262,14.458
2/26/2026,4:45:00 AM,0,0.3269,14.453
2/26/2026,5:00:00 AM,0,0.3273,14.44
2/26/2026,5:15:00 AM,0,0.3271,14.425
2/26/2026,5:30:00 AM,0,0.3268,14.407
2/26/2026,5:45:00 AM,0,0.3274,14.392
2/26/2026,6:00:00 AM,0,0.3263,14.372
2/26/2026,6:15:00 AM,0,0.3275,14.356
2/26/2026,6:30:00 AM,0,0.3262,14.338
2/26/2026,6:45:00 AM,0,0.3273,14.321
2/26/2026,7:00:00 AM,0,0.3288,14.304
2/26/2026,7:15:00 AM,0,0.3278,14.286
2/26/2026,7:30:00 AM,0,0.3367,14.268
2/26/2026,7:45:00 AM,0,0.332,14.249
2/26/2026,8:00:00 AM,0,0.3272,14.233
2/26/2026,8:15:00 AM,0,0.3325,14.216
2/26/2026,8:30:00 AM,0,0.333,14.202
2/26/2026,8:45:00 AM,0,0.3323,14.183
2/26/2026,9:00:00 AM,0,0.3314,14.169
2/26/2026,9:15:00 AM,0,0.3315,14.152
2/26/2026,9:30:00 AM,0,0.331,14.137
2/26/2026,9:45:00 AM,0,0.3314,14.123
2/26/2026,10:00:00 AM,0,0.3296,14.11
2/26/2026,10:15:00 AM,0,0.3291,14.095
2/26/2026,10:30:00 AM,0,0.3295,14.083
2/26/2026,10:45:00 AM,0,0.3304,14.072
2/26/2026,11:00:00 AM,0,0.3294,14.062
2/26/2026,11:15:00 AM,0,0.3299,14.055
2/26/2026,11:30:00 AM,0,0.3288,14.047
2/26/2026,11:45:00 AM,0,0.3284,14.039
2/26/2026,12:00:00 PM,0,0.3282,14.035
2/26/2026,12:15:00 PM,0,0.3288,14.029
2/26/2026,12:30:00 PM,0,0.328,14.025
2/26/2026,12:45:00 PM,0,0.3292,14.023
2/26/2026,1:00:00 PM,0,0.3285,14.02
2/26/2026,1:15:00 PM,0,0.3291,14.019
2/26/2026,1:30:00 PM,0,0.3285,14.02
2/26/2026,1:45:00 PM,0,0.3296,14.021
2/26/2026,2:00:00 PM,0,0.33,14.025
2/26/2026,2:15:00 PM,0,0.3284,14.028
2/26/2026,2:30:00 PM,0,0.3277,14.035
2/26/2026,2:45:00 PM,0,0.3277,14.041
2/26/2026,3:00:00 PM,0,0.3276,14.051
2/26/2026,3:15:00 PM,0,0.3285,14.059
2/26/2026,3:30:00 PM,0,0.3258,14.073
2/26/2026,3:45:00 PM,0,0.3256,14.084
2/26/2026,4:00:00 PM,0,0.3258,14.102
2/26/2026,4:15:00 PM,0,0.3255,14.121
2/26/2026,4:30:00 PM,0,0.327,14.138
2/26/2026,4:45:00 PM,0,0.3265,14.161
2/26/2026,5:00:00 PM,0,0.3252,14.186
2/26/2026,5:15:00 PM,0,0.326,14.214
2/26/2026,5:30:00 PM,0,0.3269,14.245
2/26/2026,5:45:00 PM,0,0.3267,14.278
2/26/2026,6:00:00 PM,0,0.3271,14.315
2/26/2026,6:15:00 PM,0,0.3268,14.351
2/26/2026,6:30:00 PM,0,0.3267,14.391
2/26/2026,6:45:00 PM,0,0.3265,14.429
2/26/2026,7:00:00 PM,0,0.3268,14.466
2/26/2026,7:15:00 PM,0,0.3274,14.505
2/26/2026,7:30:00 PM,0,0.3269,14.549
2/26/2026,7:45:00 PM,0,0.3272,14.59
2/26/2026,8:00:00 PM,0,0.3264,14.634
2/26/2026,8:15:00 PM,0,0.327,14.676
2/26/2026,8:30:00 PM,0,0.3266,14.715
2/26/2026,8:45:00 PM,0,0.3279,14.754
2/26/2026,9:00:00 PM,0,0.326,14.796
2/26/2026,9:15:00 PM,0,0.3273,14.831
2/26/2026,9:30:00 PM,0,0.3263,14.867
2/26/2026,9:45:00 PM,0,0.3255,14.903
2/26/2026,10:00:00 PM,0,0.3272,14.937
2/26/2026,10:15:00 PM,0,0.3268,14.968
2/26/2026,10:30:00 PM,0,0.3259,14.996
2/26/2026,10:45:00 PM,0,0.326,15.019
2/26/2026,11:00:00 PM,0,0.326,15.041
2/26/2026,11:15:00 PM,0,0.3258,15.058
2/26/2026,11:30:00 PM,0,0.3256,15.073
2/26/2026,11:45:00 PM,0,0.3252,15.085
2/27/2026,12:00:00 AM,0,0.3259,15.099
2/27/2026,12:15:00 AM,0,0.3256,15.11
2/27/2026,12:30:00 AM,0,0.326,15.114
2/27/2026,12:45:00 AM,0,0.3262,15.118
2/27/2026,1:00:00 AM,0,0.3264,15.119
2/27/2026,1:15:00 AM,0,0.3255,15.116
2/27/2026,1:30:00 AM,0,0.3267,15.114
2/27/2026,1:45:00 AM,0,0.3264,15.114
2/27/2026,2:00:00 AM,0,0.3269,15.11
2/27/2026,2:15:00 AM,0,0.3258,15.107
2/27/2026,2:30:00 AM,0,0.326,15.098
2/27/2026,2:45:00 AM,0,0.3254,15.089
2/27/2026,3:00:00 AM,0,0.327,15.079
2/27/2026,3:15:00 AM,0,0.3263,15.067
2/27/2026,3:30:00 AM,0,0.3268,15.054
2/27/2026,3:45:00 AM,0,0.3264,15.043
2/27/2026,4:00:00 AM,0,0.3259,15.028
2/27/2026,4:15:00 AM,0,0.3263,15.013
2/27/2026,4:30:00 AM,0,0.3269,14.996
2/27/2026,4:45:00 AM,0,0.3269,14.979
2/27/2026,5:00:00 AM,0,0.3272,14.961
2/27/2026,5:15:00 AM,0,0.327,14.945
2/27/2026,5:30:00 AM,0,0.3257,14.927
2/27/2026,5:45:00 AM,0,0.3262,14.912
2/27/2026,6:00:00 AM,0,0.3267,14.887
2/27/2026,6:15:00 AM,0,0.3265,14.873
2/27/2026,6:30:00 AM,0,0.3264,14.853
2/27/2026,6:45:00 AM,0,0.3266,14.837
2/27/2026,7:00:00 AM,0,0.3314,14.817
2/27/2026,7:15:00 AM,0,0.3321,14.795
2/27/2026,7:30:00 AM,0,0.333,14.775
2/27/2026,7:45:00 AM,0,0.3345,14.754
2/27/2026,8:00:00 AM,0,0.3364,14.736
2/27/2026,8:15:00 AM,0,0.3299,14.714
2/27/2026,8:30:00 AM,0,0.3311,14.694
2/27/2026,8:45:00 AM,0,0.3337,14.672
2/27/2026,9:00:00 AM,0,0.3327,14.653
2/27/2026,9:15:00 AM,0,0.3311,14.633
2/27/2026,9:30:00 AM,0,0.3326,14.614
2/27/2026,9:45:00 AM,0,0.331,14.596
2/27/2026,10:00:00 AM,0,0.3315,14.575
2/27/2026,10:15:00 AM,0,0.3318,14.56
2/27/2026,10:30:00 AM,0,0.3319,14.544
2/27/2026,10:45:00 AM,0,0.3311,14.534
2/27/2026,11:00:00 AM,0,0.3314,14.52
2/27/2026,11:15:00 AM,0,0.3312,14.509
2/27/2026,11:30:00 AM,0,0.3304,14.499
2/27/2026,11:45:00 AM,0,0.3307,14.488
2/27/2026,12:00:00 PM,0,0.3304,14.481
2/27/2026,12:15:00 PM,0,0.33,14.474
2/27/2026,12:30:00 PM,0,0.3298,14.468
2/27/2026,12:45:00 PM,0,0.3287,14.464
2/27/2026,1:00:00 PM,0,0.3295,14.458
2/27/2026,1:15:00 PM,0,0.329,14.458
2/27/2026,1:30:00 PM,0,0.329,14.458
2/27/2026,1:45:00 PM,0,0.3286,14.456
2/27/2026,2:00:00 PM,0,0.3281,14.458
2/27/2026,2:15:00 PM,0,0.3297,14.461
2/27/2026,2:30:00 PM,0,0.3283,14.467
2/27/2026,2:45:00 PM,0,0.3283,14.474
2/27/2026,3:00:00 PM,0,0.3284,14.482
2/27/2026,3:15:00 PM,0,0.3283,14.495
2/27/2026,3:30:00 PM,0,0.3274,14.509
2/27/2026,3:45:00 PM,0,0.3263,14.528
2/27/2026,4:00:00 PM,0,0.3276,14.544
2/27/2026,4:15:00 PM,0,0.3284,14.565
2/27/2026,4:30:00 PM,0,0.328,14.59
2/27/2026,4:45:00 PM,0,0.3271,14.615
2/27/2026,5:00:00 PM,0,0.3274,14.646
2/27/2026,5:15:00 PM,0,0.3262,14.674
2/27/2026,5:30:00 PM,0,0.3253,14.709
2/27/2026,5:45:00 PM,0,0.3247,14.744
2/27/2026,6:00:00 PM,0,0.3253,14.781
2/27/2026,6:15:00 PM,0,0.3269,14.821
2/27/2026,6:30:00 PM,0,0.3265,14.858
2/27/2026,6:45:00 PM,0,0.3271,14.901
2/27/2026,7:00:00 PM,0,0.326,14.946
2/27/2026,7:15:00 PM,0,0.327,14.986
2/27/2026,7:30:00 PM,0,0.3265,15.031
2/27/2026,7:45:00 PM,0,0.3265,15.076
2/27/2026,8:00:00 PM,0,0.3267,15.119
2/27/2026,8:15:00 PM,0,0.3261,15.166
2/27/2026,8:30:00 PM,0,0.327,15.21
2/27/2026,8:45:00 PM,0,0.3265,15.255
2/27/2026,9:00:00 PM,0,0.326,15.292
2/27/2026,9:15:00 PM,0,0.3263,15.328
2/27/2026,9:30:00 PM,0,0.3261,15.361
2/27/2026,9:45:00 PM,0,0.326,15.396
2/27/2026,10:00:00 PM,0,0.3267,15.425
2/27/2026,10:15:00 PM,0,0.3259,15.455
2/27/2026,10:30:00 PM,0,0.3263,15.478
2/27/2026,10:45:00 PM,0,0.3265,15.5
2/27/2026,11:00:00 PM,0,0.3263,15.518
2/27/2026,11:15:00 PM,0,0.3268,15.531
2/27/2026,11:30:00 PM,0,0.3267,15.545
2/27/2026,11:45:00 PM,0,0.3261,15.553
2/28/2026,12:00:00 AM,0,0.3263,15.562
2/28/2026,12:15:00 AM,0,0.326,15.567
2/28/2026,12:30:00 AM,0,0.3262,15.569
2/28/2026,12:45:00 AM,0,0.3264,15.57
2/28/2026,1:00:00 AM,0,0.3262,15.567
2/28/2026,1:15:00 AM,0,0.326,15.561
2/28/2026,1:30:00 AM,0,0.3263,15.555
2/28/2026,1:45:00 AM,0,0.3264,15.547
2/28/2026,2:00:00 AM,0,0.3265,15.538
2/28/2026,2:15:00 AM,0,0.3267,15.525
2/28/2026,2:30:00 AM,0,0.3269,15.515
2/28/2026,2:45:00 AM,0,0.3264,15.501
2/28/2026,3:00:00 AM,0,0.3268,15.486
2/28/2026,3:15:00 AM,0,0.3263,15.472
2/28/2026,3:30:00 AM,0,0.326,15.456
2/28/2026,3:45:00 AM,0,0.3271,15.438
2/28/2026,4:00:00 AM,0,0.327,15.42
2/28/2026,4:15:00 AM,0,0.3274,15.402
2/28/2026,4:30:00 AM,0,0.328,15.382
2/28/2026,4:45:00 AM,0,0.3276,15.364
2/28/2026,5:00:00 AM,0,0.3276,15.346
2/28/2026,5:15:00 AM,0,0.3276,15.326
2/28/2026,5:30:00 AM,0,0.3276,15.307
2/28/2026,5:45:00 AM,0,0.3281,15.287
2/28/2026,6:00:00 AM,0,0.328,15.267
2/28/2026,6:15:00 AM,0,0.3281,15.247
2/28/2026,6:30:00 AM,0,0.3287,15.226
2/28/2026,6:45:00 AM,0,0.3285,15.208
2/28/2026,7:00:00 AM,0,0.3345,15.186
2/28/2026,7:15:00 AM,0,0.3307,15.166
2/28/2026,7:30:00 AM,0,0.3339,15.144
2/28/2026,7:45:00 AM,0,0.3343,15.123
2/28/2026,8:00:00 AM,0,0.3322,15.103
2/28/2026,8:15:00 AM,0,0.3351,15.081
2/28/2026,8:30:00 AM,0,0.3348,15.061
2/28/2026,8:45:00 AM,0,0.3336,15.041
2/28/2026,9:00:00 AM,0,0.3348,15.023
2/28/2026,9:15:00 AM,0,0.3325,15
2/28/2026,9:30:00 AM,0,0.3323,14.984
2/28/2026,9:45:00 AM,0,0.333,14.966
2/28/2026,10:00:00 AM,0,0.3323,14.949
2/28/2026,10:15:00 AM,0,0.3318,14.935
2/28/2026,10:30:00 AM,0,0.3319,14.916
2/28/2026,10:45:00 AM,0,0.3315,14.904
2/28/2026,11:00:00 AM,0,0.3302,14.893
2/28/2026,11:15:00 AM,0,0.33,14.884
2/28/2026,11:30:00 AM,0,0.329,14.875
2/28/2026,11:45:00 AM,0,0.328,14.865
2/28/2026,12:00:00 PM,0,0.3283,14.857
2/28/2026,12:15:00 PM,0,0.3289,14.851
2/28/2026,12:30:00 PM,0,0.3283,14.847
2/28/2026,12:45:00 PM,0,0.3296,14.844
2/28/2026,1:00:00 PM,0,0.3285,14.843
2/28/2026,1:15:00 PM,0,0.3287,14.845
2/28/2026,1:30:00 PM,0,0.3274,14.847
2/28/2026,1:45:00 PM,0,0.3278,14.85
2/28/2026,2:00:00 PM,0,0.328,14.854
2/28/2026,2:15:00 PM,0,0.3287,14.858
2/28/2026,2:30:00 PM,0,0.3287,14.864
2/28/2026,2:45:00 PM,0,0.3296,14.871
2/28/2026,3:00:00 PM,0,0.3293,14.881
2/28/2026,3:15:00 PM,0,0.3302,14.895
2/28/2026,3:30:00 PM,0,0.33,14.907
2/28/2026,3:45:00 PM,0,0.3286,14.923
2/28/2026,4:00:00 PM,0,0.3272,14.941
2/28/2026,4:15:00 PM,0,0.3283,14.959
2/28/2026,4:30:00 PM,0,0.3267,14.979
2/28/2026,4:45:00 PM,0,0.3267,14.998
2/28/2026,5:00:00 PM,0,0.3264,15.02
2/28/2026,5:15:00 PM,0,0.3259,15.044
2/28/2026,5:30:00 PM,0,0.3239,15.068
2/28/2026,5:45:00 PM,0,0.3247,15.092
2/28/2026,6:00:00 PM,0,0.3243,15.121
2/28/2026,6:15:00 PM,0,0.3266,15.146
2/28/2026,6:30:00 PM,0,0.3269,15.178
2/28/2026,6:45:00 PM,0,0.326,15.208
2/28/2026,7:00:00 PM,0,0.3259,15.241
2/28/2026,7:15:00 PM,0,0.3253,15.267
2/28/2026,7:30:00 PM,0,0.3261,15.304
2/28/2026,7:45:00 PM,0,0.3261,15.338
2/28/2026,8:00:00 PM,0,0.3264,15.374
2/28/2026,8:15:00 PM,0,0.3258,15.41
2/28/2026,8:30:00 PM,0,0.3257,15.449
2/28/2026,8:45:00 PM,0,0.3252,15.483
2/28/2026,9:00:00 PM,0,0.3255,15.516
2/28/2026,9:15:00 PM,0,0.3255,15.549
2/28/2026,9:30:00 PM,0,0.3258,15.58
2/28/2026,9:45:00 PM,0,0.3257,15.607
2/28/2026,10:00:00 PM,0,0.3252,15.635
2/28/2026,10:15:00 PM,0,0.3253,15.66
2/28/2026,10:30:00 PM,0,0.3253,15.681
2/28/2026,10:45:00 PM,0,0.3257,15.697
2/28/2026,11:00:00 PM,0,0.3255,15.713
2/28/2026,11:15:00 PM,0,0.3251,15.729
2/28/2026,11:30:00 PM,0,0.3257,15.742
2/28/2026,11:45:00 PM,0,0.3249,15.75
3/1/2026,12:00:00 AM,0,0.325,15.759
3/1/2026,12:15:00 AM,0,0.3246,15.762
3/1/2026,12:30:00 AM,0,0.3247,15.761
3/1/2026,12:45:00 AM,0,0.3262,15.766
3/1/2026,1:00:00 AM,0,0.3259,15.768
3/1/2026,1:15:00 AM,0,0.3254,15.766
3/1/2026,1:30:00 AM,0,0.3263,15.763
3/1/2026,1:45:00 AM,0,0.3251,15.759
3/1/2026,2:00:00 AM,0,0.3259,15.755
3/1/2026,2:15:00 AM,0,0.3244,15.743
3/1/2026,2:30:00 AM,0,0.3271,15.736
3/1/2026,2:45:00 AM,0,0.3252,15.726
3/1/2026,3:00:00 AM,0,0.326,15.715
3/1/2026,3:15:00 AM,0,0.3264,15.703
3/1/2026,3:30:00 AM,0,0.3246,15.688
3/1/2026,3:45:00 AM,0,0.3261,15.676
3/1/2026,4:00:00 AM,0,0.3248,15.662
3/1/2026,4:15:00 AM,0,0.3263,15.645
3/1/2026,4:30:00 AM,0,0.3263,15.627
3/1/2026,4:45:00 AM,0,0.3262,15.614
3/1/2026,5:00:00 AM,0,0.3261,15.595
3/1/2026,5:15:00 AM,0,0.326,15.579
3/1/2026,5:30:00 AM,0,0.3254,15.561
3/1/2026,5:45:00 AM,0,0.3256,15.545
3/1/2026,6:00:00 AM,0,0.3253,15.523
3/1/2026,6:15:00 AM,0,0.3265,15.507
3/1/2026,6:30:00 AM,0,0.3274,15.491
3/1/2026,6:45:00 AM,0,0.3266,15.472
3/1/2026,7:00:00 AM,0,0.3307,15.45
3/1/2026,7:15:00 AM,0,0.335,15.432
3/1/2026,7:30:00 AM,0,0.333,15.416
3/1/2026,7:45:00 AM,0,0.3317,15.395
3/1/2026,8:00:00 AM,0,0.3324,15.375
3/1/2026,8:15:00 AM,0,0.3305,15.352
3/1/2026,8:30:00 AM,0,0.3305,15.335
3/1/2026,8:45:00 AM,0,0.3304,15.316
3/1/2026,9:00:00 AM,0,0.3297,15.296
3/1/2026,9:15:00 AM,0,0.3285,15.276
3/1/2026,9:30:00 AM,0,0.33,15.257
3/1/2026,9:45:00 AM,0,0.3296,15.239
3/1/2026,10:00:00 AM,0,0.3298,15.224
3/1/2026,10:15:00 AM,0,0.3294,15.206
3/1/2026,10:30:00 AM,0,0.3293,15.191
3/1/2026,10:45:00 AM,0,0.329,15.176
3/1/2026,11:00:00 AM,0,0.3285,15.162
3/1/2026,11:15:00 AM,0,0.3295,15.152
3/1/2026,11:30:00 AM,0,0.3287,15.143
3/1/2026,11:45:00 AM,0,0.3296,15.133
3/1/2026,12:00:00 PM,0,0.3301,15.126
3/1/2026,12:15:00 PM,0,0.329,15.12
3/1/2026,12:30:00 PM,0,0.3295,15.116
3/1/2026,12:45:00 PM,0,0.3282,15.111
3/1/2026,1:00:00 PM,0,0.3287,15.111
3/1/2026,1:15:00 PM,0,0.3282,15.107
3/1/2026,1:30:00 PM,0,0.3274,15.106
3/1/2026,1:45:00 PM,0,0.328,15.108
3/1/2026,2:00:00 PM,0,0.3288,15.112
3/1/2026,2:15:00 PM,0,0.3283,15.115
3/1/2026,2:30:00 PM,0,0.3274,15.118
3/1/2026,2:45:00 PM,0,0.3273,15.123
3/1/2026,3:00:00 PM,0,0.3272,15.131
3/1/2026,3:15:00 PM,0,0.3272,15.136
3/1/2026,3:30:00 PM,0,0.3272,15.146
3/1/2026,3:45:00 PM,0,0.3263,15.159
3/1/2026,4:00:00 PM,0,0.3258,15.168
3/1/2026,4:15:00 PM,0,0.3262,15.18
3/1/2026,4:30:00 PM,0,0.325,15.192
3/1/2026,4:45:00 PM,0,0.3242,15.209
3/1/2026,5:00:00 PM,0,0.324,15.221
3/1/2026,5:15:00 PM,0,0.3258,15.241
3/1/2026,5:30:00 PM,0,0.3253,15.257
3/1/2026,5:45:00 PM,0,0.326,15.278
3/1/2026,6:00:00 PM,0,0.3267,15.301
3/1/2026,6:15:00 PM,0,0.3281,15.325
3/1/2026,6:30:00 PM,0,0.3276,15.35
3/1/2026,6:45:00 PM,0,0.3273,15.375
3/1/2026,7:00:00 PM,0,0.3273,15.405
3/1/2026,7:15:00 PM,0,0.3272,15.435
3/1/2026,7:30:00 PM,0,0.3271,15.466
3/1/2026,7:45:00 PM,0,0.3264,15.496
3/1/2026,8:00:00 PM,0,0.3261,15.528
3/1/2026,8:15:00 PM,0,0.3256,15.558
3/1/2026,8:30:00 PM,0,0.3258,15.59
3/1/2026,8:45:00 PM,0,0.3251,15.623
3/1/2026,9:00:00 PM,0,0.3256,15.654
3/1/2026,9:15:00 PM,0,0.3258,15.685
3/1/2026,9:30:00 PM,0,0.3256,15.713
3/1/2026,9:45:00 PM,0,0.3253,15.739
3/1/2026,10:00:00 PM,0,0.3252,15.768
3/1/2026,10:15:00 PM,0,0.3254,15.795
3/1/2026,10:30:00 PM,0,0.3251,15.822
3/1/2026,10:45:00 PM,0,0.3258,15.846
3/1/2026,11:00:00 PM,0,0.3253,15.871
3/1/2026,11:15:00 PM,0,0.3264,15.891
3/1/2026,11:30:00 PM,0,0.3254,15.91
3/1/2026,11:45:00 PM,0,0.3257,15.929
3/2/2026,12:00:00 AM,0,0.3256,15.945
3/2/2026,12:15:00 AM,0,0.3253,15.959
3/2/2026,12:30:00 AM,0,0.3247,15.971
3/2/2026,12:45:00 AM,0,0.3249,15.98
3/2/2026,1:00:00 AM,0,0.3252,15.987
3/2/2026,1:15:00 AM,0,0.3239,15.995
3/2/2026,1:30:00 AM,0,0.3254,15.998
3/2/2026,1:45:00 AM,0,0.3242,16.001
3/2/2026,2:00:00 AM,0,0.3252,16
3/2/2026,2:15:00 AM,0,0.3246,16
3/2/2026,2:30:00 AM,0,0.3249,15.996
3/2/2026,2:45:00 AM,0,0.3251,15.994
3/2/2026,3:00:00 AM,0,0.3253,15.99
3/2/2026,3:15:00 AM,0,0.3247,15.982
3/2/2026,3:30:00 AM,0,0.3241,15.976
3/2/2026,3:45:00 AM,0,0.3248,15.966
3/2/2026,4:00:00 AM,0,0.3247,15.957
3/2/2026,4:15:00 AM,0,0.3245,15.943
3/2/2026,4:30:00 AM,0,0.3255,15.934
3/2/2026,4:45:00 AM,0,0.3249,15.92
3/2/2026,5:00:00 AM,0,0.3243,15.912
3/2/2026,5:15:00 AM,0,0.3237,15.895
3/2/2026,5:30:00 AM,0,0.3242,15.879
3/2/2026,5:45:00 AM,0,0.3261,15.864
3/2/2026,6:00:00 AM,0,0.3251,15.846
3/2/2026,6:15:00 AM,0,0.326,15.833
3/2/2026,6:30:00 AM,0,0.3263,15.816
3/2/2026,6:45:00 AM,0,0.3267,15.8
3/2/2026,7:00:00 AM,0,0.3288,15.783
3/2/2026,7:15:00 AM,0,0.3315,15.765
3/2/2026,7:30:00 AM,0,0.333,15.744
3/2/2026,7:45:00 AM,0,0.3288,15.725
3/2/2026,8:00:00 AM,0,0.3288,15.704
3/2/2026,8:15:00 AM,0,0.3311,15.685
3/2/2026,8:30:00 AM,0,0.3308,15.666
3/2/2026,8:45:00 AM,0,0.3306,15.646
3/2/2026,9:00:00 AM,0,0.3289,15.623
3/2/2026,9:15:00 AM,0,0.332,15.599
3/2/2026,9:30:00 AM,0,0.3301,15.582
3/2/2026,9:45:00 AM,0,0.3295,15.564
3/2/2026,10:00:00 AM,0,0.3288,15.547
3/2/2026,10:15:00 AM,0,0.3288,15.527
3/2/2026,10:30:00 AM,0,0.3275,15.509
3/2/2026,10:45:00 AM,0,0.3281,15.491
3/2/2026,11:00:00 AM,0,0.3273,15.475
3/2/2026,11:15:00 AM,0,0.3269,15.46
3/2/2026,11:30:00 AM,0,0.3268,15.446
3/2/2026,11:45:00 AM,0,0.3266,15.433
3/2/2026,12:00:00 PM,0,0.3263,15.423
3/2/2026,12:15:00 PM,0,0.3273,15.408
3/2/2026,12:30:00 PM,0,0.327,15.401
3/2/2026,12:45:00 PM,0,0.3275,15.393
3/2/2026,1:00:00 PM,0,0.3274,15.383
3/2/2026,1:15:00 PM,0,0.3254,15.375
3/2/2026,1:30:00 PM,0,0.3268,15.371
3/2/2026,1:45:00 PM,0,0.3254,15.366
3/2/2026,2:00:00 PM,0,0.3263,15.36
3/2/2026,2:15:00 PM,0,0.3261,15.357
3/2/2026,2:30:00 PM,0,0.3259,15.355
3/2/2026,2:45:00 PM,0,0.3254,15.355
3/2/2026,3:00:00 PM,0,0.3261,15.358
3/2/2026,3:15:00 PM,0,0.3251,15.358
3/2/2026,3:30:00 PM,0,0.3261,15.36
3/2/2026,3:45:00 PM,0,0.3295,15.351
3/2/2026,4:00:00 PM,0,0.3349,15.344
3/2/2026,4:15:00 PM,0,0.3391,15.35
3/2/2026,4:30:00 PM,0,0.3387,15.364
3/2/2026,4:45:00 PM,0,0.3367,15.378
3/2/2026,5:00:00 PM,0,0.3345,15.39
3/2/2026,5:15:00 PM,0,0.3321,15.403
3/2/2026,5:30:00 PM,0,0.3302,15.412
3/2/2026,5:45:00 PM,0,0.3282,15.423
3/2/2026,6:00:00 PM,0,0.327,15.433
3/2/2026,6:15:00 PM,0,0.3266,15.444
3/2/2026,6:30:00 PM,0,0.3256,15.455
3/2/2026,6:45:00 PM,0,0.3252,15.465
3/2/2026,7:00:00 PM,0,0.3247,15.48
3/2/2026,7:15:00 PM,0,0.3237,15.492
3/2/2026,7:30:00 PM,0,0.324,15.505
3/2/2026,7:45:00 PM,0,0.324,15.519
3/2/2026,8:00:00 PM,0,0.3238,15.533
3/2/2026,8:15:00 PM,0,0.3241,15.545
3/2/2026,8:30:00 PM,0,0.3244,15.564
3/2/2026,8:45:00 PM,0,0.3241,15.58
3/2/2026,9:00:00 PM,0,0.3245,15.597
3/2/2026,9:15:00 PM,0,0.3244,15.612
3/2/2026,9:30:00 PM,0,0.3239,15.628
3/2/2026,9:45:00 PM,0,0.3238,15.642
3/2/2026,10:00:00 PM,0,0.3248,15.655
3/2/2026,10:15:00 PM,0,0.3244,15.67
3/2/2026,10:30:00 PM,0,0.3238,15.683
3/2/2026,10:45:00 PM,0,0.3244,15.692
3/2/2026,11:00:00 PM,0,0.3237,15.702
3/2/2026,11:15:00 PM,0,0.3235,15.712
3/2/2026,11:30:00 PM,0,0.3229,15.721
3/2/2026,11:45:00 PM,0,0.3227,15.724
3/3/2026,12:00:00 AM,0,0.3234,15.73
3/3/2026,12:15:00 AM,0,0.3222,15.732
3/3/2026,12:30:00 AM,0,0.3214,15.729
3/3/2026,12:45:00 AM,0,0.3219,15.728
3/3/2026,1:00:00 AM,0,0.3228,15.725
3/3/2026,1:15:00 AM,0,0.323,15.718
3/3/2026,1:30:00 AM,0,0.3228,15.711
3/3/2026,1:45:00 AM,0,0.3223,15.703
3/3/2026,2:00:00 AM,0,0.3223,15.695
3/3/2026,2:15:00 AM,0,0.322,15.682
3/3/2026,2:30:00 AM,0,0.3224,15.67
3/3/2026,2:45:00 AM,0,0.3228,15.658
3/3/2026,3:00:00 AM,0,0.3221,15.644
3/3/2026,3:15:00 AM,0,0.3217,15.63
3/3/2026,3:30:00 AM,0,0.3221,15.61
3/3/2026,3:45:00 AM,0,0.3225,15.596
3/3/2026,4:00:00 AM,0,0.3226,15.575
3/3/2026,4:15:00 AM,0,0.3228,15.558
3/3/2026,4:30:00 AM,0,0.3229,15.538
3/3/2026,4:45:00 AM,0,0.3227,15.517
3/3/2026,5:00:00 AM,0,0.3226,15.499
3/3/2026,5:15:00 AM,0,0.3229,15.481
3/3/2026,5:30:00 AM,0,0.3229,15.462
3/3/2026,5:45:00 AM,0,0.3224,15.442
3/3/2026,6:00:00 AM,0,0.3225,15.421
3/3/2026,6:15:00 AM,0,0.3236,15.401
3/3/2026,6:30:00 AM,0,0.324,15.381
3/3/2026,6:45:00 AM,0,0.3247,15.358
3/3/2026,7:00:00 AM,0,0.3295,15.338
3/3/2026,7:15:00 AM,0,0.3337,15.316
3/3/2026,7:30:00 AM,0,0.3363,15.292
3/3/2026,7:45:00 AM,0,0.3336,15.27
3/3/2026,8:00:00 AM,0,0.3338,15.247
3/3/2026,8:15:00 AM,0,0.3311,15.226
3/3/2026,8:30:00 AM,0,0.3309,15.202
3/3/2026,8:45:00 AM,0,0.3325,15.179
3/3/2026,9:00:00 AM,0,0.3333,15.155
3/3/2026,9:15:00 AM,0,0.3318,15.134
3/3/2026,9:30:00 AM,0,0.3326,15.109
3/3/2026,9:45:00 AM,0,0.3324,15.092
3/3/2026,10:00:00 AM,0,0.333,15.073
3/3/2026,10:15:00 AM,0,0.3314,15.052
3/3/2026,10:30:00 AM,0,0.3316,15.036
3/3/2026,10:45:00 AM,0,0.3297,15.021
3/3/2026,11:00:00 AM,0,0.331,15.007
3/3/2026,11:15:00 AM,0,0.331,14.992
3/3/2026,11:30:00 AM,0,0.3316,14.979
3/3/2026,11:45:00 AM,0,0.3301,14.968
3/3/2026,12:00:00 PM,0,0.3294,14.957
3/3/2026,12:15:00 PM,0,0.3295,14.946
3/3/2026,12:30:00 PM,0,0.3279,14.938
3/3/2026,12:45:00 PM,0,0.3281,14.933
3/3/2026,1:00:00 PM,0,0.3283,14.924
3/3/2026,1:15:00 PM,0,0.328,14.919
3/3/2026,1:30:00 PM,0,0.3244,14.915
3/3/2026,1:45:00 PM,0,0.3228,14.912
3/3/2026,2:00:00 PM,0,0.3206,14.908
3/3/2026,2:15:00 PM,0,0.3204,14.907
3/3/2026,2:30:00 PM,0,0.32,14.904
3/3/2026,2:45:00 PM,0,0.32,14.904
3/3/2026,3:00:00 PM,0,0.3181,14.903
3/3/2026,3:15:00 PM,0,0.3163,14.901
3/3/2026,3:30:00 PM,0,0.3151,14.903
3/3/2026,3:45:00 PM,0,0.3131,14.904
3/3/2026,4:00:00 PM,0,0.3121,14.907
