Serial_number:,,,,
2171461,,,,
Project ID:,,,,
,,,,
Location:,,,,
phelps,,,,
LEVEL,,,,
UNIT: m,,,,
Offset: 0.000000 m,,,,
TEMPERATURE,,,,
UNIT: °C,,,,
Date,Time,ms,LEVEL,TEMPERATURE
8/29/2025,10:00:00 AM,0,10.6178,18.179
8/29/2025,10:15:00 AM,0,10.6165,18.117
8/29/2025,10:30:00 AM,0,10.6153,18.104
8/29/2025,10:45:00 AM,0,10.6133,18.096
8/29/2025,11:00:00 AM,0,10.6122,18.095
8/29/2025,11:15:00 AM,0,10.6121,18.097
8/29/2025,11:30:00 AM,0,10.612,18.102
8/29/2025,11:45:00 AM,0,10.6093,18.106
8/29/2025,12:00:00 PM,0,10.6078,18.113
8/29/2025,12:15:00 PM,0,10.6052,18.119
8/29/2025,12:30:00 PM,0,10.6041,18.125
8/29/2025,12:45:00 PM,0,10.6028,18.133
8/29/2025,1:00:00 PM,0,10.6014,18.141
8/29/2025,1:15:00 PM,0,10.5993,18.148
8/29/2025,1:30:00 PM,0,10.5971,18.157
8/29/2025,1:45:00 PM,0,10.5966,18.168
8/29/2025,2:00:00 PM,0,10.5949,18.177
8/29/2025,2:15:00 PM,0,10.5932,18.186
8/29/2025,2:30:00 PM,0,10.5916,18.197
8/29/2025,2:45:00 PM,0,10.5896,18.208
8/29/2025,3:00:00 PM,0,10.5878,18.22
8/29/2025,3:15:00 PM,0,10.5868,18.232
8/29/2025,3:30:00 PM,0,10.5852,18.245
8/29/2025,3:45:00 PM,0,10.5844,18.257
8/29/2025,4:00:00 PM,0,10.5828,18.269
8/29/2025,4:15:00 PM,0,10.582,18.283
8/29/2025,4:30:00 PM,0,10.5805,18.298
8/29/2025,4:45:00 PM,0,10.578,18.313
8/29/2025,5:00:00 PM,0,10.5774,18.327
8/29/2025,5:15:00 PM,0,10.5764,18.341
8/29/2025,5:30:00 PM,0,10.5761,18.357
8/29/2025,5:45:00 PM,0,10.5743,18.37
8/29/2025,6:00:00 PM,0,10.5723,18.383
8/29/2025,6:15:00 PM,0,10.5716,18.398
8/29/2025,6:30:00 PM,0,10.5721,18.41
8/29/2025,6:45:00 PM,0,10.5725,18.424
8/29/2025,7:00:00 PM,0,10.5739,18.438
8/29/2025,7:15:00 PM,0,10.5754,18.452
8/29/2025,7:30:00 PM,0,10.5773,18.465
8/29/2025,7:45:00 PM,0,10.5781,18.481
8/29/2025,8:00:00 PM,0,10.5786,18.495
8/29/2025,8:15:00 PM,0,10.5786,18.51
8/29/2025,8:30:00 PM,0,10.5783,18.525
8/29/2025,8:45:00 PM,0,10.5782,18.539
8/29/2025,9:00:00 PM,0,10.5781,18.549
8/29/2025,9:15:00 PM,0,10.5782,18.561
8/29/2025,9:30:00 PM,0,10.578,18.573
8/29/2025,9:45:00 PM,0,10.5765,18.581
8/29/2025,10:00:00 PM,0,10.5772,18.588
8/29/2025,10:15:00 PM,0,10.5771,18.599
8/29/2025,10:30:00 PM,0,10.5775,18.607
8/29/2025,10:45:00 PM,0,10.5774,18.611
8/29/2025,11:00:00 PM,0,10.5772,18.618
8/29/2025,11:15:00 PM,0,10.5787,18.622
8/29/2025,11:30:00 PM,0,10.5778,18.629
8/29/2025,11:45:00 PM,0,10.5782,18.636
8/30/2025,12:00:00 AM,0,10.5774,18.64
8/30/2025,12:15:00 AM,0,10.5764,18.644
8/30/2025,12:30:00 AM,0,10.5755,18.647
8/30/2025,12:45:00 AM,0,10.5753,18.651
8/30/2025,1:00:00 AM,0,10.5762,18.653
8/30/2025,1:15:00 AM,0,10.5757,18.656
8/30/2025,1:30:00 AM,0,10.5756,18.656
8/30/2025,1:45:00 AM,0,10.5752,18.659
8/30/2025,2:00:00 AM,0,10.5753,18.66
8/30/2025,2:15:00 AM,0,10.5755,18.662
8/30/2025,2:30:00 AM,0,10.575,18.66
8/30/2025,2:45:00 AM,0,10.5746,18.661
8/30/2025,3:00:00 AM,0,10.573,18.659
8/30/2025,3:15:00 AM,0,10.5723,18.656
8/30/2025,3:30:00 AM,0,10.5724,18.651
8/30/2025,3:45:00 AM,0,10.5724,18.646
8/30/2025,4:00:00 AM,0,10.5716,18.637
8/30/2025,4:15:00 AM,0,10.5729,18.626
8/30/2025,4:30:00 AM,0,10.5744,18.609
8/30/2025,4:45:00 AM,0,10.575,18.596
8/30/2025,5:00:00 AM,0,10.5762,18.576
8/30/2025,5:15:00 AM,0,10.5805,18.556
8/30/2025,5:30:00 AM,0,10.5808,18.532
8/30/2025,5:45:00 AM,0,10.5822,18.507
8/30/2025,6:00:00 AM,0,10.5818,18.482
8/30/2025,6:15:00 AM,0,10.582,18.458
8/30/2025,6:30:00 AM,0,10.5816,18.433
8/30/2025,6:45:00 AM,0,10.5824,18.415
8/30/2025,7:00:00 AM,0,10.5835,18.406
8/30/2025,7:15:00 AM,0,10.5847,18.399
8/30/2025,7:30:00 AM,0,10.5847,18.395
8/30/2025,7:45:00 AM,0,10.5853,18.39
8/30/2025,8:00:00 AM,0,10.5847,18.384
8/30/2025,8:15:00 AM,0,10.5849,18.377
8/30/2025,8:30:00 AM,0,10.5849,18.371
8/30/2025,8:45:00 AM,0,10.5842,18.363
8/30/2025,9:00:00 AM,0,10.5844,18.359
8/30/2025,9:15:00 AM,0,10.5843,18.353
8/30/2025,9:30:00 AM,0,10.5849,18.348
8/30/2025,9:45:00 AM,0,10.5848,18.347
8/30/2025,10:00:00 AM,0,10.5846,18.345
8/30/2025,10:15:00 AM,0,10.584,18.345
8/30/2025,10:30:00 AM,0,10.5837,18.346
8/30/2025,10:45:00 AM,0,10.5823,18.347
8/30/2025,11:00:00 AM,0,10.5807,18.35
8/30/2025,11:15:00 AM,0,10.5792,18.352
8/30/2025,11:30:00 AM,0,10.5777,18.355
8/30/2025,11:45:00 AM,0,10.5752,18.361
8/30/2025,12:00:00 PM,0,10.5738,18.365
8/30/2025,12:15:00 PM,0,10.5719,18.37
8/30/2025,12:30:00 PM,0,10.5704,18.374
8/30/2025,12:45:00 PM,0,10.5692,18.382
8/30/2025,1:00:00 PM,0,10.567,18.389
8/30/2025,1:15:00 PM,0,10.5671,18.394
8/30/2025,1:30:00 PM,0,10.5664,18.402
8/30/2025,1:45:00 PM,0,10.5662,18.41
8/30/2025,2:00:00 PM,0,10.5641,18.419
8/30/2025,2:15:00 PM,0,10.5623,18.431
8/30/2025,2:30:00 PM,0,10.5613,18.439
8/30/2025,2:45:00 PM,0,10.5596,18.452
8/30/2025,3:00:00 PM,0,10.5577,18.463
8/30/2025,3:15:00 PM,0,10.5552,18.474
8/30/2025,3:30:00 PM,0,10.5533,18.487
8/30/2025,3:45:00 PM,0,10.552,18.501
8/30/2025,4:00:00 PM,0,10.5513,18.512
8/30/2025,4:15:00 PM,0,10.5508,18.528
8/30/2025,4:30:00 PM,0,10.5499,18.541
8/30/2025,4:45:00 PM,0,10.5494,18.557
8/30/2025,5:00:00 PM,0,10.5493,18.57
8/30/2025,5:15:00 PM,0,10.5504,18.585
8/30/2025,5:30:00 PM,0,10.551,18.598
8/30/2025,5:45:00 PM,0,10.5508,18.612
8/30/2025,6:00:00 PM,0,10.5503,18.629
8/30/2025,6:15:00 PM,0,10.5497,18.64
8/30/2025,6:30:00 PM,0,10.549,18.654
8/30/2025,6:45:00 PM,0,10.5492,18.669
8/30/2025,7:00:00 PM,0,10.5488,18.681
8/30/2025,7:15:00 PM,0,10.5495,18.695
8/30/2025,7:30:00 PM,0,10.5491,18.708
8/30/2025,7:45:00 PM,0,10.5496,18.719
8/30/2025,8:00:00 PM,0,10.5512,18.73
8/30/2025,8:15:00 PM,0,10.5524,18.743
8/30/2025,8:30:00 PM,0,10.5546,18.754
8/30/2025,8:45:00 PM,0,10.556,18.765
8/30/2025,9:00:00 PM,0,10.5568,18.775
8/30/2025,9:15:00 PM,0,10.557,18.784
8/30/2025,9:30:00 PM,0,10.5573,18.793
8/30/2025,9:45:00 PM,0,10.5578,18.801
8/30/2025,10:00:00 PM,0,10.5586,18.809
8/30/2025,10:15:00 PM,0,10.5574,18.816
8/30/2025,10:30:00 PM,0,10.557,18.822
8/30/2025,10:45:00 PM,0,10.5559,18.827
8/30/2025,11:00:00 PM,0,10.5552,18.832
8/30/2025,11:15:00 PM,0,10.5546,18.836
8/30/2025,11:30:00 PM,0,10.5556,18.838
8/30/2025,11:45:00 PM,0,10.5557,18.84
8/31/2025,12:00:00 AM,0,10.5564,18.841
8/31/2025,12:15:00 AM,0,10.558,18.842
8/31/2025,12:30:00 AM,0,10.5594,18.838
8/31/2025,12:45:00 AM,0,10.5603,18.837
8/31/2025,1:00:00 AM,0,10.5616,18.834
8/31/2025,1:15:00 AM,0,10.5624,18.831
8/31/2025,1:30:00 AM,0,10.5626,18.826
8/31/2025,1:45:00 AM,0,10.562,18.82
8/31/2025,2:00:00 AM,0,10.5623,18.813
8/31/2025,2:15:00 AM,0,10.5625,18.806
8/31/2025,2:30:00 AM,0,10.5612,18.796
8/31/2025,2:45:00 AM,0,10.561,18.783
8/31/2025,3:00:00 AM,0,10.56,18.767
8/31/2025,3:15:00 AM,0,10.56,18.747
8/31/2025,3:30:00 AM,0,10.5618,18.724
8/31/2025,3:45:00 AM,0,10.5625,18.7
8/31/2025,4:00:00 AM,0,10.5636,18.677
8/31/2025,4:15:00 AM,0,10.5631,18.651
8/31/2025,4:30:00 AM,0,10.5622,18.631
8/31/2025,4:45:00 AM,0,10.5618,18.61
8/31/2025,5:00:00 AM,0,10.5628,18.587
8/31/2025,5:15:00 AM,0,10.5646,18.566
8/31/2025,5:30:00 AM,0,10.5671,18.54
8/31/2025,5:45:00 AM,0,10.5688,18.512
8/31/2025,6:00:00 AM,0,10.5708,18.484
8/31/2025,6:15:00 AM,0,10.5706,18.463
8/31/2025,6:30:00 AM,0,10.5715,18.447
8/31/2025,6:45:00 AM,0,10.5715,18.433
8/31/2025,7:00:00 AM,0,10.5711,18.428
8/31/2025,7:15:00 AM,0,10.5714,18.424
8/31/2025,7:30:00 AM,0,10.5712,18.418
8/31/2025,7:45:00 AM,0,10.5729,18.414
8/31/2025,8:00:00 AM,0,10.5729,18.409
8/31/2025,8:15:00 AM,0,10.573,18.402
8/31/2025,8:30:00 AM,0,10.5732,18.392
8/31/2025,8:45:00 AM,0,10.5738,18.388
8/31/2025,9:00:00 AM,0,10.5734,18.382
8/31/2025,9:15:00 AM,0,10.5725,18.374
8/31/2025,9:30:00 AM,0,10.5729,18.371
8/31/2025,9:45:00 AM,0,10.5735,18.366
8/31/2025,10:00:00 AM,0,10.5745,18.363
8/31/2025,10:15:00 AM,0,10.5744,18.361
8/31/2025,10:30:00 AM,0,10.5739,18.362
8/31/2025,10:45:00 AM,0,10.5729,18.365
8/31/2025,11:00:00 AM,0,10.5718,18.367
8/31/2025,11:15:00 AM,0,10.5708,18.372
8/31/2025,11:30:00 AM,0,10.5692,18.375
8/31/2025,11:45:00 AM,0,10.5683,18.378
8/31/2025,12:00:00 PM,0,10.5679,18.385
8/31/2025,12:15:00 PM,0,10.5671,18.39
8/31/2025,12:30:00 PM,0,10.5662,18.396
8/31/2025,12:45:00 PM,0,10.5663,18.403
8/31/2025,1:00:00 PM,0,10.5652,18.41
8/31/2025,1:15:00 PM,0,10.564,18.417
8/31/2025,1:30:00 PM,0,10.5632,18.426
8/31/2025,1:45:00 PM,0,10.5605,18.434
8/31/2025,2:00:00 PM,0,10.5587,18.442
8/31/2025,2:15:00 PM,0,10.5568,18.452
8/31/2025,2:30:00 PM,0,10.5566,18.464
8/31/2025,2:45:00 PM,0,10.5572,18.475
8/31/2025,3:00:00 PM,0,10.5574,18.485
8/31/2025,3:15:00 PM,0,10.5565,18.499
8/31/2025,3:30:00 PM,0,10.5548,18.511
8/31/2025,3:45:00 PM,0,10.5538,18.525
8/31/2025,4:00:00 PM,0,10.5546,18.539
8/31/2025,4:15:00 PM,0,10.554,18.555
8/31/2025,4:30:00 PM,0,10.5532,18.569
8/31/2025,4:45:00 PM,0,10.5528,18.584
8/31/2025,5:00:00 PM,0,10.5532,18.598
8/31/2025,5:15:00 PM,0,10.5534,18.612
8/31/2025,5:30:00 PM,0,10.5534,18.627
8/31/2025,5:45:00 PM,0,10.5528,18.642
8/31/2025,6:00:00 PM,0,10.5526,18.656
8/31/2025,6:15:00 PM,0,10.553,18.669
8/31/2025,6:30:00 PM,0,10.5526,18.683
8/31/2025,6:45:00 PM,0,10.5531,18.698
8/31/2025,7:00:00 PM,0,10.554,18.712
8/31/2025,7:15:00 PM,0,10.554,18.724
8/31/2025,7:30:00 PM,0,10.5545,18.739
8/31/2025,7:45:00 PM,0,10.5561,18.752
8/31/2025,8:00:00 PM,0,10.5572,18.763
8/31/2025,8:15:00 PM,0,10.5582,18.777
8/31/2025,8:30:00 PM,0,10.5589,18.79
8/31/2025,8:45:00 PM,0,10.5593,18.802
8/31/2025,9:00:00 PM,0,10.5579,18.814
8/31/2025,9:15:00 PM,0,10.5562,18.826
8/31/2025,9:30:00 PM,0,10.5569,18.838
8/31/2025,9:45:00 PM,0,10.5573,18.849
8/31/2025,10:00:00 PM,0,10.5562,18.855
8/31/2025,10:15:00 PM,0,10.5562,18.862
8/31/2025,10:30:00 PM,0,10.5549,18.87
8/31/2025,10:45:00 PM,0,10.556,18.875
8/31/2025,11:00:00 PM,0,10.556,18.881
8/31/2025,11:15:00 PM,0,10.5565,18.887
8/31/2025,11:30:00 PM,0,10.5581,18.892
8/31/2025,11:45:00 PM,0,10.5586,18.896
9/1/2025,12:00:00 AM,0,10.5587,18.899
9/1/2025,12:15:00 AM,0,10.5583,18.9
9/1/2025,12:30:00 AM,0,10.5592,18.903
9/1/2025,12:45:00 AM,0,10.558,18.903
9/1/2025,1:00:00 AM,0,10.5584,18.903
9/1/2025,1:15:00 AM,0,10.5584,18.905
9/1/2025,1:30:00 AM,0,10.559,18.905
9/1/2025,1:45:00 AM,0,10.5587,18.904
9/1/2025,2:00:00 AM,0,10.5583,18.902
9/1/2025,2:15:00 AM,0,10.5589,18.903
9/1/2025,2:30:00 AM,0,10.5601,18.898
9/1/2025,2:45:00 AM,0,10.5609,18.898
9/1/2025,3:00:00 AM,0,10.5634,18.895
9/1/2025,3:15:00 AM,0,10.5642,18.889
9/1/2025,3:30:00 AM,0,10.5648,18.887
9/1/2025,3:45:00 AM,0,10.5657,18.886
9/1/2025,4:00:00 AM,0,10.5665,18.88
9/1/2025,4:15:00 AM,0,10.5678,18.877
9/1/2025,4:30:00 AM,0,10.5679,18.873
9/1/2025,4:45:00 AM,0,10.5677,18.867
9/1/2025,5:00:00 AM,0,10.5688,18.858
9/1/2025,5:15:00 AM,0,10.5679,18.849
9/1/2025,5:30:00 AM,0,10.5681,18.838
9/1/2025,5:45:00 AM,0,10.5689,18.826
9/1/2025,6:00:00 AM,0,10.5705,18.811
9/1/2025,6:15:00 AM,0,10.5711,18.793
9/1/2025,6:30:00 AM,0,10.5719,18.774
9/1/2025,6:45:00 AM,0,10.5729,18.765
9/1/2025,7:00:00 AM,0,10.5732,18.754
9/1/2025,7:15:00 AM,0,10.5735,18.746
9/1/2025,7:30:00 AM,0,10.5741,18.74
9/1/2025,7:45:00 AM,0,10.5751,18.732
9/1/2025,8:00:00 AM,0,10.574,18.728
9/1/2025,8:15:00 AM,0,10.5752,18.72
9/1/2025,8:30:00 AM,0,10.5748,18.713
9/1/2025,8:45:00 AM,0,10.5743,18.705
9/1/2025,9:00:00 AM,0,10.5754,18.7
9/1/2025,9:15:00 AM,0,10.5774,18.694
9/1/2025,9:30:00 AM,0,10.58,18.689
9/1/2025,9:45:00 AM,0,10.5806,18.686
9/1/2025,10:00:00 AM,0,10.5788,18.681
9/1/2025,10:15:00 AM,0,10.5772,18.679
9/1/2025,10:30:00 AM,0,10.5756,18.676
9/1/2025,10:45:00 AM,0,10.5744,18.674
9/1/2025,11:00:00 AM,0,10.5738,18.675
9/1/2025,11:15:00 AM,0,10.5723,18.674
9/1/2025,11:30:00 AM,0,10.5722,18.675
9/1/2025,11:45:00 AM,0,10.5723,18.679
9/1/2025,12:00:00 PM,0,10.5723,18.681
9/1/2025,12:15:00 PM,0,10.5724,18.685
9/1/2025,12:30:00 PM,0,10.5718,18.691
9/1/2025,12:45:00 PM,0,10.5701,18.697
9/1/2025,1:00:00 PM,0,10.5703,18.703
9/1/2025,1:15:00 PM,0,10.5693,18.71
9/1/2025,1:30:00 PM,0,10.5663,18.72
9/1/2025,1:45:00 PM,0,10.5653,18.728
9/1/2025,2:00:00 PM,0,10.567,18.74
9/1/2025,2:15:00 PM,0,10.5672,18.749
9/1/2025,2:30:00 PM,0,10.5669,18.761
9/1/2025,2:45:00 PM,0,10.5671,18.771
9/1/2025,3:00:00 PM,0,10.5673,18.782
9/1/2025,3:15:00 PM,0,10.567,18.797
9/1/2025,3:30:00 PM,0,10.5654,18.81
9/1/2025,3:45:00 PM,0,10.5636,18.821
9/1/2025,4:00:00 PM,0,10.5622,18.836
9/1/2025,4:15:00 PM,0,10.5609,18.85
9/1/2025,4:30:00 PM,0,10.5615,18.866
9/1/2025,4:45:00 PM,0,10.5607,18.879
9/1/2025,5:00:00 PM,0,10.5595,18.892
9/1/2025,5:15:00 PM,0,10.5577,18.904
9/1/2025,5:30:00 PM,0,10.5568,18.919
9/1/2025,5:45:00 PM,0,10.5563,18.932
9/1/2025,6:00:00 PM,0,10.5541,18.944
9/1/2025,6:15:00 PM,0,10.5553,18.963
9/1/2025,6:30:00 PM,0,10.5603,18.974
9/1/2025,6:45:00 PM,0,10.5617,18.984
9/1/2025,7:00:00 PM,0,10.5665,18.995
9/1/2025,7:15:00 PM,0,10.5651,19.006
9/1/2025,7:30:00 PM,0,10.5674,19.017
9/1/2025,7:45:00 PM,0,10.5703,19.03
9/1/2025,8:00:00 PM,0,10.5704,19.044
9/1/2025,8:15:00 PM,0,10.5692,19.058
9/1/2025,8:30:00 PM,0,10.5705,19.069
9/1/2025,8:45:00 PM,0,10.5725,19.084
9/1/2025,9:00:00 PM,0,10.5742,19.096
9/1/2025,9:15:00 PM,0,10.5777,19.111
9/1/2025,9:30:00 PM,0,10.577,19.122
9/1/2025,9:45:00 PM,0,10.5745,19.136
9/1/2025,10:00:00 PM,0,10.5751,19.148
9/1/2025,10:15:00 PM,0,10.5752,19.159
9/1/2025,10:30:00 PM,0,10.5757,19.168
9/1/2025,10:45:00 PM,0,10.5778,19.178
9/1/2025,11:00:00 PM,0,10.582,19.188
9/1/2025,11:15:00 PM,0,10.58,19.199
9/1/2025,11:30:00 PM,0,10.581,19.207
9/1/2025,11:45:00 PM,0,10.5824,19.216
9/2/2025,12:00:00 AM,0,10.5833,19.222
9/2/2025,12:15:00 AM,0,10.5839,19.226
9/2/2025,12:30:00 AM,0,10.5838,19.234
9/2/2025,12:45:00 AM,0,10.5815,19.235
9/2/2025,1:00:00 AM,0,10.5822,19.238
9/2/2025,1:15:00 AM,0,10.5818,19.24
9/2/2025,1:30:00 AM,0,10.5812,19.243
9/2/2025,1:45:00 AM,0,10.5826,19.245
9/2/2025,2:00:00 AM,0,10.5821,19.246
9/2/2025,2:15:00 AM,0,10.5801,19.244
9/2/2025,2:30:00 AM,0,10.5804,19.246
9/2/2025,2:45:00 AM,0,10.5796,19.247
9/2/2025,3:00:00 AM,0,10.5786,19.248
9/2/2025,3:15:00 AM,0,10.578,19.245
9/2/2025,3:30:00 AM,0,10.578,19.245
9/2/2025,3:45:00 AM,0,10.5779,19.242
9/2/2025,4:00:00 AM,0,10.5765,19.24
9/2/2025,4:15:00 AM,0,10.577,19.24
9/2/2025,4:30:00 AM,0,10.578,19.238
9/2/2025,4:45:00 AM,0,10.5778,19.234
9/2/2025,5:00:00 AM,0,10.5799,19.234
9/2/2025,5:15:00 AM,0,10.5795,19.23
9/2/2025,5:30:00 AM,0,10.5831,19.227
9/2/2025,5:45:00 AM,0,10.5862,19.227
9/2/2025,6:00:00 AM,0,10.5861,19.224
9/2/2025,6:15:00 AM,0,10.5875,19.222
9/2/2025,6:30:00 AM,0,10.5884,19.216
9/2/2025,6:45:00 AM,0,10.5891,19.215
9/2/2025,7:00:00 AM,0,10.5893,19.214
9/2/2025,7:15:00 AM,0,10.5895,19.208
9/2/2025,7:30:00 AM,0,10.5915,19.205
9/2/2025,7:45:00 AM,0,10.5915,19.2
9/2/2025,8:00:00 AM,0,10.5907,19.198
9/2/2025,8:15:00 AM,0,10.5905,19.194
9/2/2025,8:30:00 AM,0,10.5911,19.192
9/2/2025,8:45:00 AM,0,10.5911,19.186
9/2/2025,9:00:00 AM,0,10.5938,19.186
9/2/2025,9:15:00 AM,0,10.5958,19.183
9/2/2025,9:30:00 AM,0,10.5964,19.179
9/2/2025,9:45:00 AM,0,10.5975,19.175
9/2/2025,10:00:00 AM,0,10.5981,19.172
9/2/2025,10:15:00 AM,0,10.6012,19.172
9/2/2025,10:30:00 AM,0,10.6052,19.168
9/2/2025,10:45:00 AM,0,10.6055,19.167
9/2/2025,11:00:00 AM,0,10.608,19.164
9/2/2025,11:15:00 AM,0,10.6093,19.163
9/2/2025,11:30:00 AM,0,10.6085,19.162
9/2/2025,11:45:00 AM,0,10.6071,19.161
9/2/2025,12:00:00 PM,0,10.6043,19.164
9/2/2025,12:15:00 PM,0,10.6017,19.163
9/2/2025,12:30:00 PM,0,10.5988,19.164
9/2/2025,12:45:00 PM,0,10.5931,19.165
9/2/2025,1:00:00 PM,0,10.5916,19.165
9/2/2025,1:15:00 PM,0,10.5877,19.17
9/2/2025,1:30:00 PM,0,10.5845,19.173
9/2/2025,1:45:00 PM,0,10.5825,19.176
9/2/2025,2:00:00 PM,0,10.5808,19.179
9/2/2025,2:15:00 PM,0,10.5779,19.187
9/2/2025,2:30:00 PM,0,10.5772,19.192
9/2/2025,2:45:00 PM,0,10.5754,19.196
9/2/2025,3:00:00 PM,0,10.5738,19.199
9/2/2025,3:15:00 PM,0,10.573,19.208
9/2/2025,3:30:00 PM,0,10.5718,19.213
9/2/2025,3:45:00 PM,0,10.5711,19.218
9/2/2025,4:00:00 PM,0,10.569,19.227
9/2/2025,4:15:00 PM,0,10.5692,19.23
9/2/2025,4:30:00 PM,0,10.5693,19.238
9/2/2025,4:45:00 PM,0,10.5694,19.248
9/2/2025,5:00:00 PM,0,10.5695,19.255
9/2/2025,5:15:00 PM,0,10.5681,19.262
9/2/2025,5:30:00 PM,0,10.5681,19.268
9/2/2025,5:45:00 PM,0,10.565,19.275
9/2/2025,6:00:00 PM,0,10.5635,19.283
9/2/2025,6:15:00 PM,0,10.5637,19.288
9/2/2025,6:30:00 PM,0,10.5643,19.293
9/2/2025,6:45:00 PM,0,10.5659,19.299
9/2/2025,7:00:00 PM,0,10.5646,19.305
9/2/2025,7:15:00 PM,0,10.5654,19.309
9/2/2025,7:30:00 PM,0,10.5658,19.315
9/2/2025,7:45:00 PM,0,10.5676,19.321
9/2/2025,8:00:00 PM,0,10.5678,19.326
9/2/2025,8:15:00 PM,0,10.5689,19.332
9/2/2025,8:30:00 PM,0,10.5696,19.342
9/2/2025,8:45:00 PM,0,10.5709,19.343
9/2/2025,9:00:00 PM,0,10.5713,19.348
9/2/2025,9:15:00 PM,0,10.5711,19.353
9/2/2025,9:30:00 PM,0,10.5701,19.358
9/2/2025,9:45:00 PM,0,10.5737,19.356
9/2/2025,10:00:00 PM,0,10.6851,19.356
9/2/2025,10:15:00 PM,0,10.6791,19.364
9/2/2025,10:30:00 PM,0,10.6658,19.374
9/2/2025,10:45:00 PM,0,10.6531,19.41
9/2/2025,11:00:00 PM,0,10.6408,19.49
9/2/2025,11:15:00 PM,0,10.6317,19.587
9/2/2025,11:30:00 PM,0,10.6233,19.566
9/2/2025,11:45:00 PM,0,10.6174,19.542
9/3/2025,12:00:00 AM,0,10.6119,19.529
9/3/2025,12:15:00 AM,0,10.6073,19.528
9/3/2025,12:30:00 AM,0,10.6088,19.529
9/3/2025,12:45:00 AM,0,10.6068,19.534
9/3/2025,1:00:00 AM,0,10.6064,19.535
9/3/2025,1:15:00 AM,0,10.6043,19.537
9/3/2025,1:30:00 AM,0,10.6034,19.539
9/3/2025,1:45:00 AM,0,10.602,19.539
9/3/2025,2:00:00 AM,0,10.6019,19.538
9/3/2025,2:15:00 AM,0,10.6016,19.535
9/3/2025,2:30:00 AM,0,10.6005,19.53
9/3/2025,2:45:00 AM,0,10.5992,19.524
9/3/2025,3:00:00 AM,0,10.5987,19.518
9/3/2025,3:15:00 AM,0,10.6035,19.496
9/3/2025,3:30:00 AM,0,10.6197,19.495
9/3/2025,3:45:00 AM,0,10.6175,19.49
9/3/2025,4:00:00 AM,0,10.6142,19.477
9/3/2025,4:15:00 AM,0,10.6109,19.466
9/3/2025,4:30:00 AM,0,10.6114,19.454
9/3/2025,4:45:00 AM,0,10.6166,19.445
9/3/2025,5:00:00 AM,0,10.6127,19.437
9/3/2025,5:15:00 AM,0,10.6122,19.426
9/3/2025,5:30:00 AM,0,10.6117,19.417
9/3/2025,5:45:00 AM,0,10.6119,19.411
9/3/2025,6:00:00 AM,0,10.613,19.402
9/3/2025,6:15:00 AM,0,10.6123,19.394
9/3/2025,6:30:00 AM,0,10.6141,19.388
9/3/2025,6:45:00 AM,0,10.612,19.377
9/3/2025,7:00:00 AM,0,10.6122,19.366
9/3/2025,7:15:00 AM,0,10.6113,19.355
9/3/2025,7:30:00 AM,0,10.6106,19.346
9/3/2025,7:45:00 AM,0,10.6095,19.336
9/3/2025,8:00:00 AM,0,10.6079,19.329
9/3/2025,8:15:00 AM,0,10.6078,19.319
9/3/2025,8:30:00 AM,0,10.6061,19.314
9/3/2025,8:45:00 AM,0,10.6036,19.307
9/3/2025,9:00:00 AM,0,10.6028,19.304
9/3/2025,9:15:00 AM,0,10.602,19.3
9/3/2025,9:30:00 AM,0,10.6007,19.297
9/3/2025,9:45:00 AM,0,10.6,19.297
9/3/2025,10:00:00 AM,0,10.597,19.296
9/3/2025,10:15:00 AM,0,10.596,19.294
9/3/2025,10:30:00 AM,0,10.5957,19.293
9/3/2025,10:45:00 AM,0,10.5935,19.294
9/3/2025,11:00:00 AM,0,10.5922,19.296
9/3/2025,11:15:00 AM,0,10.5924,19.298
9/3/2025,11:30:00 AM,0,10.5909,19.3
9/3/2025,11:45:00 AM,0,10.5894,19.305
9/3/2025,12:00:00 PM,0,10.5884,19.311
9/3/2025,12:15:00 PM,0,10.5877,19.314
9/3/2025,12:30:00 PM,0,10.5866,19.321
9/3/2025,12:45:00 PM,0,10.5857,19.328
9/3/2025,1:00:00 PM,0,10.5841,19.333
9/3/2025,1:15:00 PM,0,10.5809,19.339
9/3/2025,1:30:00 PM,0,10.5785,19.346
9/3/2025,1:45:00 PM,0,10.576,19.351
9/3/2025,2:00:00 PM,0,10.5746,19.357
9/3/2025,2:15:00 PM,0,10.5733,19.363
9/3/2025,2:30:00 PM,0,10.571,19.372
9/3/2025,2:45:00 PM,0,10.5689,19.377
9/3/2025,3:00:00 PM,0,10.5669,19.385
9/3/2025,3:15:00 PM,0,10.5655,19.393
9/3/2025,3:30:00 PM,0,10.5636,19.401
9/3/2025,3:45:00 PM,0,10.5634,19.409
9/3/2025,4:00:00 PM,0,10.5631,19.418
9/3/2025,4:15:00 PM,0,10.5624,19.426
9/3/2025,4:30:00 PM,0,10.5621,19.437
9/3/2025,4:45:00 PM,0,10.5612,19.447
9/3/2025,5:00:00 PM,0,10.5612,19.456
9/3/2025,5:15:00 PM,0,10.5599,19.466
9/3/2025,5:30:00 PM,0,10.5598,19.475
9/3/2025,5:45:00 PM,0,10.5602,19.483
9/3/2025,6:00:00 PM,0,10.5597,19.495
9/3/2025,6:15:00 PM,0,10.5603,19.501
9/3/2025,6:30:00 PM,0,10.56,19.51
9/3/2025,6:45:00 PM,0,10.5598,19.519
9/3/2025,7:00:00 PM,0,10.5604,19.525
9/3/2025,7:15:00 PM,0,10.5619,19.534
9/3/2025,7:30:00 PM,0,10.5628,19.541
9/3/2025,7:45:00 PM,0,10.5639,19.551
9/3/2025,8:00:00 PM,0,10.564,19.562
9/3/2025,8:15:00 PM,0,10.5643,19.57
9/3/2025,8:30:00 PM,0,10.5642,19.583
9/3/2025,8:45:00 PM,0,10.5644,19.59
9/3/2025,9:00:00 PM,0,10.5636,19.6
9/3/2025,9:15:00 PM,0,10.5644,19.606
9/3/2025,9:30:00 PM,0,10.5638,19.615
9/3/2025,9:45:00 PM,0,10.5626,19.621
9/3/2025,10:00:00 PM,0,10.5618,19.626
9/3/2025,10:15:00 PM,0,10.5626,19.632
9/3/2025,10:30:00 PM,0,10.5621,19.637
9/3/2025,10:45:00 PM,0,10.5623,19.637
9/3/2025,11:00:00 PM,0,10.5614,19.64
9/3/2025,11:15:00 PM,0,10.5617,19.642
9/3/2025,11:30:00 PM,0,10.5625,19.645
9/3/2025,11:45:00 PM,0,10.5617,19.646
9/4/2025,12:00:00 AM,0,10.5617,19.647
9/4/2025,12:15:00 AM,0,10.5691,19.619
9/4/2025,12:30:00 AM,0,10.5855,19.542
9/4/2025,12:45:00 AM,0,10.5929,19.539
9/4/2025,1:00:00 AM,0,10.5943,19.57
9/4/2025,1:15:00 AM,0,10.5948,19.594
9/4/2025,1:30:00 AM,0,10.5945,19.612
9/4/2025,1:45:00 AM,0,10.5932,19.626
9/4/2025,2:00:00 AM,0,10.5939,19.632
9/4/2025,2:15:00 AM,0,10.5936,19.639
9/4/2025,2:30:00 AM,0,10.593,19.643
9/4/2025,2:45:00 AM,0,10.5925,19.648
9/4/2025,3:00:00 AM,0,10.5912,19.656
9/4/2025,3:15:00 AM,0,10.5893,19.664
9/4/2025,3:30:00 AM,0,10.586,19.672
9/4/2025,3:45:00 AM,0,10.5832,19.679
9/4/2025,4:00:00 AM,0,10.5798,19.683
9/4/2025,4:15:00 AM,0,10.5784,19.686
9/4/2025,4:30:00 AM,0,10.5767,19.687
9/4/2025,4:45:00 AM,0,10.5755,19.69
9/4/2025,5:00:00 AM,0,10.5749,19.687
9/4/2025,5:15:00 AM,0,10.5747,19.687
9/4/2025,5:30:00 AM,0,10.576,19.687
9/4/2025,5:45:00 AM,0,10.5759,19.684
9/4/2025,6:00:00 AM,0,10.5758,19.68
9/4/2025,6:15:00 AM,0,10.5767,19.677
9/4/2025,6:30:00 AM,0,10.5776,19.674
9/4/2025,6:45:00 AM,0,10.5772,19.665
9/4/2025,7:00:00 AM,0,10.5774,19.659
9/4/2025,7:15:00 AM,0,10.5771,19.654
9/4/2025,7:30:00 AM,0,10.5772,19.646
9/4/2025,7:45:00 AM,0,10.5783,19.638
9/4/2025,8:00:00 AM,0,10.5782,19.634
9/4/2025,8:15:00 AM,0,10.5779,19.627
9/4/2025,8:30:00 AM,0,10.5774,19.621
9/4/2025,8:45:00 AM,0,10.5753,19.614
9/4/2025,9:00:00 AM,0,10.5751,19.61
9/4/2025,9:15:00 AM,0,10.5748,19.605
9/4/2025,9:30:00 AM,0,10.5738,19.602
9/4/2025,9:45:00 AM,0,10.5736,19.601
9/4/2025,10:00:00 AM,0,10.5737,19.594
9/4/2025,10:15:00 AM,0,10.5742,19.591
9/4/2025,10:30:00 AM,0,10.5734,19.592
9/4/2025,10:45:00 AM,0,10.572,19.592
9/4/2025,11:00:00 AM,0,10.5693,19.592
9/4/2025,11:15:00 AM,0,10.568,19.592
9/4/2025,11:30:00 AM,0,10.5666,19.591
9/4/2025,11:45:00 AM,0,10.5661,19.592
9/4/2025,12:00:00 PM,0,10.5661,19.592
9/4/2025,12:15:00 PM,0,10.5651,19.592
9/4/2025,12:30:00 PM,0,10.5632,19.594
9/4/2025,12:45:00 PM,0,10.5614,19.593
9/4/2025,1:00:00 PM,0,10.5577,19.593
9/4/2025,1:15:00 PM,0,10.5552,19.595
9/4/2025,1:30:00 PM,0,10.5526,19.597
9/4/2025,1:45:00 PM,0,10.5504,19.595
9/4/2025,2:00:00 PM,0,10.548,19.599
9/4/2025,2:15:00 PM,0,10.5459,19.598
9/4/2025,2:30:00 PM,0,10.5435,19.602
9/4/2025,2:45:00 PM,0,10.5412,19.606
9/4/2025,3:00:00 PM,0,10.5386,19.607
9/4/2025,3:15:00 PM,0,10.5365,19.61
9/4/2025,3:30:00 PM,0,10.5351,19.613
9/4/2025,3:45:00 PM,0,10.5329,19.616
9/4/2025,4:00:00 PM,0,10.5329,19.619
9/4/2025,4:15:00 PM,0,10.5312,19.623
9/4/2025,4:30:00 PM,0,10.53,19.629
9/4/2025,4:45:00 PM,0,10.5281,19.635
9/4/2025,5:00:00 PM,0,10.5257,19.637
9/4/2025,5:15:00 PM,0,10.5244,19.644
9/4/2025,5:30:00 PM,0,10.5246,19.648
9/4/2025,5:45:00 PM,0,10.5232,19.654
9/4/2025,6:00:00 PM,0,10.5221,19.657
9/4/2025,6:15:00 PM,0,10.5233,19.662
9/4/2025,6:30:00 PM,0,10.5237,19.666
9/4/2025,6:45:00 PM,0,10.5243,19.669
9/4/2025,7:00:00 PM,0,10.5258,19.674
9/4/2025,7:15:00 PM,0,10.5251,19.676
9/4/2025,7:30:00 PM,0,10.5256,19.683
9/4/2025,7:45:00 PM,0,10.5273,19.692
9/4/2025,8:00:00 PM,0,10.5282,19.7
9/4/2025,8:15:00 PM,0,10.5281,19.705
9/4/2025,8:30:00 PM,0,10.5275,19.71
9/4/2025,8:45:00 PM,0,10.5284,19.714
9/4/2025,9:00:00 PM,0,10.5298,19.718
9/4/2025,9:15:00 PM,0,10.5294,19.719
9/4/2025,9:30:00 PM,0,10.5296,19.721
9/4/2025,9:45:00 PM,0,10.5275,19.72
9/4/2025,10:00:00 PM,0,10.5279,19.722
9/4/2025,10:15:00 PM,0,10.5274,19.721
9/4/2025,10:30:00 PM,0,10.5297,19.721
9/4/2025,10:45:00 PM,0,10.5318,19.719
9/4/2025,11:00:00 PM,0,10.5304,19.721
9/4/2025,11:15:00 PM,0,10.5301,19.719
9/4/2025,11:30:00 PM,0,10.5311,19.718
9/4/2025,11:45:00 PM,0,10.5346,19.714
9/5/2025,12:00:00 AM,0,10.542,19.697
9/5/2025,12:15:00 AM,0,10.5472,19.684
9/5/2025,12:30:00 AM,0,10.5516,19.681
9/5/2025,12:45:00 AM,0,10.5544,19.682
9/5/2025,1:00:00 AM,0,10.5553,19.685
9/5/2025,1:15:00 AM,0,10.5558,19.688
9/5/2025,1:30:00 AM,0,10.5552,19.689
9/5/2025,1:45:00 AM,0,10.5556,19.688
9/5/2025,2:00:00 AM,0,10.556,19.686
9/5/2025,2:15:00 AM,0,10.5557,19.685
9/5/2025,2:30:00 AM,0,10.5559,19.682
9/5/2025,2:45:00 AM,0,10.5557,19.68
9/5/2025,3:00:00 AM,0,10.5562,19.675
9/5/2025,3:15:00 AM,0,10.5556,19.672
9/5/2025,3:30:00 AM,0,10.5533,19.665
9/5/2025,3:45:00 AM,0,10.552,19.661
9/5/2025,4:00:00 AM,0,10.5529,19.657
9/5/2025,4:15:00 AM,0,10.5521,19.651
9/5/2025,4:30:00 AM,0,10.553,19.646
9/5/2025,4:45:00 AM,0,10.5547,19.641
9/5/2025,5:00:00 AM,0,10.5554,19.635
9/5/2025,5:15:00 AM,0,10.5562,19.627
9/5/2025,5:30:00 AM,0,10.5586,19.62
9/5/2025,5:45:00 AM,0,10.5581,19.609
9/5/2025,6:00:00 AM,0,10.559,19.597
9/5/2025,6:15:00 AM,0,10.5601,19.584
9/5/2025,6:30:00 AM,0,10.5599,19.572
9/5/2025,6:45:00 AM,0,10.5615,19.563
9/5/2025,7:00:00 AM,0,10.5621,19.556
9/5/2025,7:15:00 AM,0,10.5633,19.548
9/5/2025,7:30:00 AM,0,10.5631,19.54
9/5/2025,7:45:00 AM,0,10.5623,19.533
9/5/2025,8:00:00 AM,0,10.5629,19.528
9/5/2025,8:15:00 AM,0,10.5641,19.523
9/5/2025,8:30:00 AM,0,10.5649,19.515
9/5/2025,8:45:00 AM,0,10.5659,19.511
9/5/2025,9:00:00 AM,0,10.5657,19.505
9/5/2025,9:15:00 AM,0,10.5664,19.504
9/5/2025,9:30:00 AM,0,10.566,19.499
9/5/2025,9:45:00 AM,0,10.567,19.492
9/5/2025,10:00:00 AM,0,10.5677,19.49
9/5/2025,10:15:00 AM,0,10.5655,19.488
9/5/2025,10:30:00 AM,0,10.5655,19.484
9/5/2025,10:45:00 AM,0,10.5658,19.483
9/5/2025,11:00:00 AM,0,10.5663,19.479
9/5/2025,11:15:00 AM,0,10.5662,19.477
9/5/2025,11:30:00 AM,0,10.5656,19.472
9/5/2025,11:45:00 AM,0,10.5624,19.473
9/5/2025,12:00:00 PM,0,10.5597,19.471
9/5/2025,12:15:00 PM,0,10.5566,19.469
9/5/2025,12:30:00 PM,0,10.5534,19.467
9/5/2025,12:45:00 PM,0,10.5523,19.467
9/5/2025,1:00:00 PM,0,10.5513,19.467
9/5/2025,1:15:00 PM,0,10.5492,19.463
9/5/2025,1:30:00 PM,0,10.5465,19.467
9/5/2025,1:45:00 PM,0,10.5468,19.469
9/5/2025,2:00:00 PM,0,10.5466,19.47
9/5/2025,2:15:00 PM,0,10.5457,19.472
9/5/2025,2:30:00 PM,0,10.5433,19.475
9/5/2025,2:45:00 PM,0,10.5419,19.479
9/5/2025,3:00:00 PM,0,10.542,19.484
9/5/2025,3:15:00 PM,0,10.542,19.491
9/5/2025,3:30:00 PM,0,10.541,19.497
9/5/2025,3:45:00 PM,0,10.541,19.503
9/5/2025,4:00:00 PM,0,10.54,19.512
9/5/2025,4:15:00 PM,0,10.5391,19.519
9/5/2025,4:30:00 PM,0,10.538,19.528
9/5/2025,4:45:00 PM,0,10.5372,19.534
9/5/2025,5:00:00 PM,0,10.5364,19.539
9/5/2025,5:15:00 PM,0,10.5347,19.547
9/5/2025,5:30:00 PM,0,10.535,19.554
9/5/2025,5:45:00 PM,0,10.5337,19.56
9/5/2025,6:00:00 PM,0,10.5326,19.567
9/5/2025,6:15:00 PM,0,10.5318,19.573
9/5/2025,6:30:00 PM,0,10.5307,19.578
9/5/2025,6:45:00 PM,0,10.532,19.581
9/5/2025,7:00:00 PM,0,10.5319,19.587
9/5/2025,7:15:00 PM,0,10.5339,19.592
9/5/2025,7:30:00 PM,0,10.5346,19.596
9/5/2025,7:45:00 PM,0,10.5361,19.596
9/5/2025,8:00:00 PM,0,10.5375,19.597
9/5/2025,8:15:00 PM,0,10.5393,19.597
9/5/2025,8:30:00 PM,0,10.5399,19.596
9/5/2025,8:45:00 PM,0,10.5402,19.593
9/5/2025,9:00:00 PM,0,10.5418,19.586
9/5/2025,9:15:00 PM,0,10.5425,19.579
9/5/2025,9:30:00 PM,0,10.543,19.573
9/5/2025,9:45:00 PM,0,10.5417,19.563
9/5/2025,10:00:00 PM,0,10.5422,19.552
9/5/2025,10:15:00 PM,0,10.5441,19.543
9/5/2025,10:30:00 PM,0,10.5455,19.534
9/5/2025,10:45:00 PM,0,10.5457,19.524
9/5/2025,11:00:00 PM,0,10.5473,19.517
9/5/2025,11:15:00 PM,0,10.5476,19.504
9/5/2025,11:30:00 PM,0,10.5478,19.492
9/5/2025,11:45:00 PM,0,10.5484,19.479
9/6/2025,12:00:00 AM,0,10.5496,19.467
9/6/2025,12:15:00 AM,0,10.5512,19.454
9/6/2025,12:30:00 AM,0,10.5524,19.442
9/6/2025,12:45:00 AM,0,10.5524,19.43
9/6/2025,1:00:00 AM,0,10.5527,19.42
9/6/2025,1:15:00 AM,0,10.5546,19.406
9/6/2025,1:30:00 AM,0,10.5566,19.393
9/6/2025,1:45:00 AM,0,10.5571,19.38
9/6/2025,2:00:00 AM,0,10.5569,19.363
9/6/2025,2:15:00 AM,0,10.5577,19.352
9/6/2025,2:30:00 AM,0,10.5583,19.341
9/6/2025,2:45:00 AM,0,10.5601,19.329
9/6/2025,3:00:00 AM,0,10.5595,19.317
9/6/2025,3:15:00 AM,0,10.5607,19.311
9/6/2025,3:30:00 AM,0,10.5615,19.299
9/6/2025,3:45:00 AM,0,10.5636,19.294
9/6/2025,4:00:00 AM,0,10.5661,19.286
9/6/2025,4:15:00 AM,0,10.5675,19.277
9/6/2025,4:30:00 AM,0,10.5693,19.266
9/6/2025,4:45:00 AM,0,10.5717,19.257
9/6/2025,5:00:00 AM,0,10.5739,19.246
9/6/2025,5:15:00 AM,0,10.5751,19.233
9/6/2025,5:30:00 AM,0,10.5754,19.219
9/6/2025,5:45:00 AM,0,10.5765,19.201
9/6/2025,6:00:00 AM,0,10.5769,19.18
9/6/2025,6:15:00 AM,0,10.5789,19.159
9/6/2025,6:30:00 AM,0,10.5809,19.144
9/6/2025,6:45:00 AM,0,10.5843,19.132
9/6/2025,7:00:00 AM,0,10.5867,19.123
9/6/2025,7:15:00 AM,0,10.5881,19.119
9/6/2025,7:30:00 AM,0,10.5888,19.113
9/6/2025,7:45:00 AM,0,10.5908,19.108
9/6/2025,8:00:00 AM,0,10.5912,19.104
9/6/2025,8:15:00 AM,0,10.5925,19.1
9/6/2025,8:30:00 AM,0,10.5923,19.097
9/6/2025,8:45:00 AM,0,10.5939,19.094
9/6/2025,9:00:00 AM,0,10.5953,19.091
9/6/2025,9:15:00 AM,0,10.5966,19.091
9/6/2025,9:30:00 AM,0,10.598,19.095
9/6/2025,9:45:00 AM,0,10.5971,19.095
9/6/2025,10:00:00 AM,0,10.5965,19.096
9/6/2025,10:15:00 AM,0,10.5986,19.095
9/6/2025,10:30:00 AM,0,10.5986,19.095
9/6/2025,10:45:00 AM,0,10.5988,19.094
9/6/2025,11:00:00 AM,0,10.5987,19.094
9/6/2025,11:15:00 AM,0,10.5987,19.094
9/6/2025,11:30:00 AM,0,10.5975,19.095
9/6/2025,11:45:00 AM,0,10.5958,19.096
9/6/2025,12:00:00 PM,0,10.595,19.096
9/6/2025,12:15:00 PM,0,10.5944,19.098
9/6/2025,12:30:00 PM,0,10.5935,19.101
9/6/2025,12:45:00 PM,0,10.5923,19.101
9/6/2025,1:00:00 PM,0,10.5905,19.104
9/6/2025,1:15:00 PM,0,10.589,19.107
9/6/2025,1:30:00 PM,0,10.5883,19.112
9/6/2025,1:45:00 PM,0,10.5869,19.113
9/6/2025,2:00:00 PM,0,10.5839,19.115
9/6/2025,2:15:00 PM,0,10.5833,19.118
9/6/2025,2:30:00 PM,0,10.5823,19.122
9/6/2025,2:45:00 PM,0,10.581,19.126
9/6/2025,3:00:00 PM,0,10.5812,19.13
9/6/2025,3:15:00 PM,0,10.5802,19.136
9/6/2025,3:30:00 PM,0,10.5793,19.141
9/6/2025,3:45:00 PM,0,10.5787,19.146
9/6/2025,4:00:00 PM,0,10.5783,19.15
9/6/2025,4:15:00 PM,0,10.5785,19.155
9/6/2025,4:30:00 PM,0,10.5774,19.162
9/6/2025,4:45:00 PM,0,10.5775,19.17
9/6/2025,5:00:00 PM,0,10.5781,19.176
9/6/2025,5:15:00 PM,0,10.5778,19.182
9/6/2025,5:30:00 PM,0,10.5772,19.189
9/6/2025,5:45:00 PM,0,10.5768,19.194
9/6/2025,6:00:00 PM,0,10.5752,19.201
9/6/2025,6:15:00 PM,0,10.5747,19.206
9/6/2025,6:30:00 PM,0,10.5747,19.212
9/6/2025,6:45:00 PM,0,10.5752,19.218
9/6/2025,7:00:00 PM,0,10.5765,19.223
9/6/2025,7:15:00 PM,0,10.5784,19.228
9/6/2025,7:30:00 PM,0,10.5807,19.232
9/6/2025,7:45:00 PM,0,10.5828,19.238
9/6/2025,8:00:00 PM,0,10.5837,19.242
9/6/2025,8:15:00 PM,0,10.5848,19.243
9/6/2025,8:30:00 PM,0,10.5855,19.246
9/6/2025,8:45:00 PM,0,10.5869,19.247
9/6/2025,9:00:00 PM,0,10.5869,19.244
9/6/2025,9:15:00 PM,0,10.5866,19.242
9/6/2025,9:30:00 PM,0,10.5866,19.236
9/6/2025,9:45:00 PM,0,10.5877,19.225
9/6/2025,10:00:00 PM,0,10.5873,19.208
9/6/2025,10:15:00 PM,0,10.5868,19.189
9/6/2025,10:30:00 PM,0,10.5873,19.171
9/6/2025,10:45:00 PM,0,10.5888,19.144
9/6/2025,11:00:00 PM,0,10.5891,19.119
9/6/2025,11:15:00 PM,0,10.5899,19.094
9/6/2025,11:30:00 PM,0,10.5893,19.068
9/6/2025,11:45:00 PM,0,10.5891,19.043
9/7/2025,12:00:00 AM,0,10.5896,19.017
9/7/2025,12:15:00 AM,0,10.5895,18.99
9/7/2025,12:30:00 AM,0,10.5898,18.96
9/7/2025,12:45:00 AM,0,10.5892,18.929
9/7/2025,1:00:00 AM,0,10.59,18.899
9/7/2025,1:15:00 AM,0,10.5885,18.864
9/7/2025,1:30:00 AM,0,10.5885,18.831
9/7/2025,1:45:00 AM,0,10.5896,18.79
9/7/2025,2:00:00 AM,0,10.5899,18.75
9/7/2025,2:15:00 AM,0,10.5898,18.708
9/7/2025,2:30:00 AM,0,10.5898,18.668
9/7/2025,2:45:00 AM,0,10.5895,18.63
9/7/2025,3:00:00 AM,0,10.5905,18.591
9/7/2025,3:15:00 AM,0,10.5913,18.558
9/7/2025,3:30:00 AM,0,10.5925,18.523
9/7/2025,3:45:00 AM,0,10.5927,18.487
9/7/2025,4:00:00 AM,0,10.5933,18.456
9/7/2025,4:15:00 AM,0,10.5957,18.432
9/7/2025,4:30:00 AM,0,10.598,18.409
9/7/2025,4:45:00 AM,0,10.5996,18.386
9/7/2025,5:00:00 AM,0,10.601,18.363
9/7/2025,5:15:00 AM,0,10.6022,18.337
9/7/2025,5:30:00 AM,0,10.6035,18.31
9/7/2025,5:45:00 AM,0,10.604,18.284
9/7/2025,6:00:00 AM,0,10.6053,18.258
9/7/2025,6:15:00 AM,0,10.6075,18.237
9/7/2025,6:30:00 AM,0,10.609,18.221
9/7/2025,6:45:00 AM,0,10.6102,18.204
9/7/2025,7:00:00 AM,0,10.6106,18.189
9/7/2025,7:15:00 AM,0,10.6123,18.176
9/7/2025,7:30:00 AM,0,10.6139,18.17
9/7/2025,7:45:00 AM,0,10.6152,18.159
9/7/2025,8:00:00 AM,0,10.6158,18.153
9/7/2025,8:15:00 AM,0,10.6175,18.144
9/7/2025,8:30:00 AM,0,10.6188,18.134
9/7/2025,8:45:00 AM,0,10.6194,18.131
9/7/2025,9:00:00 AM,0,10.6218,18.125
9/7/2025,9:15:00 AM,0,10.6226,18.126
9/7/2025,9:30:00 AM,0,10.6234,18.124
9/7/2025,9:45:00 AM,0,10.6237,18.125
9/7/2025,10:00:00 AM,0,10.6237,18.128
9/7/2025,10:15:00 AM,0,10.6231,18.131
9/7/2025,10:30:00 AM,0,10.6228,18.137
9/7/2025,10:45:00 AM,0,10.6222,18.142
9/7/2025,11:00:00 AM,0,10.6221,18.154
9/7/2025,11:15:00 AM,0,10.6206,18.162
9/7/2025,11:30:00 AM,0,10.6211,18.175
9/7/2025,11:45:00 AM,0,10.6203,18.188
9/7/2025,12:00:00 PM,0,10.6197,18.201
9/7/2025,12:15:00 PM,0,10.6177,18.21
9/7/2025,12:30:00 PM,0,10.6165,18.221
9/7/2025,12:45:00 PM,0,10.6166,18.233
9/7/2025,1:00:00 PM,0,10.6158,18.247
9/7/2025,1:15:00 PM,0,10.6153,18.26
9/7/2025,1:30:00 PM,0,10.6134,18.273
9/7/2025,1:45:00 PM,0,10.6123,18.286
9/7/2025,2:00:00 PM,0,10.6107,18.299
9/7/2025,2:15:00 PM,0,10.6083,18.313
9/7/2025,2:30:00 PM,0,10.6069,18.326
9/7/2025,2:45:00 PM,0,10.6055,18.343
9/7/2025,3:00:00 PM,0,10.6044,18.357
9/7/2025,3:15:00 PM,0,10.6027,18.373
9/7/2025,3:30:00 PM,0,10.6002,18.385
9/7/2025,3:45:00 PM,0,10.5988,18.403
9/7/2025,4:00:00 PM,0,10.5979,18.417
9/7/2025,4:15:00 PM,0,10.5964,18.432
9/7/2025,4:30:00 PM,0,10.5959,18.448
9/7/2025,4:45:00 PM,0,10.5949,18.462
9/7/2025,5:00:00 PM,0,10.5937,18.475
9/7/2025,5:15:00 PM,0,10.5915,18.489
9/7/2025,5:30:00 PM,0,10.5903,18.502
9/7/2025,5:45:00 PM,0,10.59,18.516
9/7/2025,6:00:00 PM,0,10.5898,18.53
9/7/2025,6:15:00 PM,0,10.5897,18.542
9/7/2025,6:30:00 PM,0,10.5917,18.558
9/7/2025,6:45:00 PM,0,10.5925,18.57
9/7/2025,7:00:00 PM,0,10.5939,18.583
9/7/2025,7:15:00 PM,0,10.5947,18.596
9/7/2025,7:30:00 PM,0,10.5966,18.608
9/7/2025,7:45:00 PM,0,10.5981,18.619
9/7/2025,8:00:00 PM,0,10.5997,18.63
9/7/2025,8:15:00 PM,0,10.6009,18.642
9/7/2025,8:30:00 PM,0,10.6024,18.651
9/7/2025,8:45:00 PM,0,10.6031,18.664
9/7/2025,9:00:00 PM,0,10.6038,18.674
9/7/2025,9:15:00 PM,0,10.6043,18.685
9/7/2025,9:30:00 PM,0,10.6048,18.695
9/7/2025,9:45:00 PM,0,10.6054,18.704
9/7/2025,10:00:00 PM,0,10.6053,18.712
9/7/2025,10:15:00 PM,0,10.605,18.72
9/7/2025,10:30:00 PM,0,10.6041,18.726
9/7/2025,10:45:00 PM,0,10.6041,18.733
9/7/2025,11:00:00 PM,0,10.6044,18.737
9/7/2025,11:15:00 PM,0,10.6051,18.738
9/7/2025,11:30:00 PM,0,10.6054,18.736
9/7/2025,11:45:00 PM,0,10.6058,18.727
9/8/2025,12:00:00 AM,0,10.6057,18.71
9/8/2025,12:15:00 AM,0,10.6059,18.69
9/8/2025,12:30:00 AM,0,10.6056,18.669
9/8/2025,12:45:00 AM,0,10.6046,18.642
9/8/2025,1:00:00 AM,0,10.6044,18.614
9/8/2025,1:15:00 AM,0,10.6027,18.59
9/8/2025,1:30:00 AM,0,10.6023,18.562
9/8/2025,1:45:00 AM,0,10.6017,18.531
9/8/2025,2:00:00 AM,0,10.6009,18.504
9/8/2025,2:15:00 AM,0,10.6006,18.472
9/8/2025,2:30:00 AM,0,10.6015,18.444
9/8/2025,2:45:00 AM,0,10.6015,18.416
9/8/2025,3:00:00 AM,0,10.6012,18.384
9/8/2025,3:15:00 AM,0,10.6007,18.356
9/8/2025,3:30:00 AM,0,10.5999,18.325
9/8/2025,3:45:00 AM,0,10.5997,18.296
9/8/2025,4:00:00 AM,0,10.6013,18.27
9/8/2025,4:15:00 AM,0,10.6017,18.246
9/8/2025,4:30:00 AM,0,10.6016,18.219
9/8/2025,4:45:00 AM,0,10.6023,18.195
9/8/2025,5:00:00 AM,0,10.6024,18.174
9/8/2025,5:15:00 AM,0,10.6034,18.15
9/8/2025,5:30:00 AM,0,10.6047,18.127
9/8/2025,5:45:00 AM,0,10.6054,18.106
9/8/2025,6:00:00 AM,0,10.6073,18.08
9/8/2025,6:15:00 AM,0,10.6088,18.053
9/8/2025,6:30:00 AM,0,10.6089,18.029
9/8/2025,6:45:00 AM,0,10.6097,18.019
9/8/2025,7:00:00 AM,0,10.6108,18.008
9/8/2025,7:15:00 AM,0,10.611,18.002
9/8/2025,7:30:00 AM,0,10.6118,17.996
9/8/2025,7:45:00 AM,0,10.6131,17.991
9/8/2025,8:00:00 AM,0,10.6138,17.992
9/8/2025,8:15:00 AM,0,10.6159,17.989
9/8/2025,8:30:00 AM,0,10.6166,17.986
9/8/2025,8:45:00 AM,0,10.6171,17.981
9/8/2025,9:00:00 AM,0,10.6177,17.979
9/8/2025,9:15:00 AM,0,10.6181,17.978
9/8/2025,9:30:00 AM,0,10.6178,17.98
9/8/2025,9:45:00 AM,0,10.6178,17.983
9/8/2025,10:00:00 AM,0,10.6166,17.987
9/8/2025,10:15:00 AM,0,10.6165,17.994
9/8/2025,10:30:00 AM,0,10.6163,18.002
9/8/2025,10:45:00 AM,0,10.6162,18.012
9/8/2025,11:00:00 AM,0,10.6161,18.021
9/8/2025,11:15:00 AM,0,10.6141,18.034
9/8/2025,11:30:00 AM,0,10.6119,18.042
9/8/2025,11:45:00 AM,0,10.6096,18.055
9/8/2025,12:00:00 PM,0,10.6079,18.068
9/8/2025,12:15:00 PM,0,10.6057,18.08
9/8/2025,12:30:00 PM,0,10.6027,18.09
9/8/2025,12:45:00 PM,0,10.6001,18.104
9/8/2025,1:00:00 PM,0,10.5984,18.115
9/8/2025,1:15:00 PM,0,10.5971,18.129
9/8/2025,1:30:00 PM,0,10.5938,18.142
9/8/2025,1:45:00 PM,0,10.5921,18.154
9/8/2025,2:00:00 PM,0,10.588,18.166
9/8/2025,2:15:00 PM,0,10.5856,18.18
9/8/2025,2:30:00 PM,0,10.5842,18.196
9/8/2025,2:45:00 PM,0,10.582,18.209
9/8/2025,3:00:00 PM,0,10.5797,18.222
9/8/2025,3:15:00 PM,0,10.5768,18.236
9/8/2025,3:30:00 PM,0,10.5743,18.25
9/8/2025,3:45:00 PM,0,10.5718,18.264
9/8/2025,4:00:00 PM,0,10.5702,18.278
9/8/2025,4:15:00 PM,0,10.5684,18.293
9/8/2025,4:30:00 PM,0,10.5668,18.307
9/8/2025,4:45:00 PM,0,10.5659,18.32
9/8/2025,5:00:00 PM,0,10.5646,18.336
9/8/2025,5:15:00 PM,0,10.5635,18.35
9/8/2025,5:30:00 PM,0,10.5641,18.364
9/8/2025,5:45:00 PM,0,10.5633,18.379
9/8/2025,6:00:00 PM,0,10.5632,18.39
9/8/2025,6:15:00 PM,0,10.5632,18.405
9/8/2025,6:30:00 PM,0,10.5635,18.419
9/8/2025,6:45:00 PM,0,10.5635,18.431
9/8/2025,7:00:00 PM,0,10.5645,18.445
9/8/2025,7:15:00 PM,0,10.5667,18.458
9/8/2025,7:30:00 PM,0,10.5692,18.472
9/8/2025,7:45:00 PM,0,10.5705,18.484
9/8/2025,8:00:00 PM,0,10.5721,18.495
9/8/2025,8:15:00 PM,0,10.5719,18.509
9/8/2025,8:30:00 PM,0,10.5728,18.525
9/8/2025,8:45:00 PM,0,10.5744,18.539
9/8/2025,9:00:00 PM,0,10.5753,18.555
9/8/2025,9:15:00 PM,0,10.5754,18.567
9/8/2025,9:30:00 PM,0,10.5768,18.576
9/8/2025,9:45:00 PM,0,10.5768,18.591
9/8/2025,10:00:00 PM,0,10.5794,18.6
9/8/2025,10:15:00 PM,0,10.5933,18.594
9/8/2025,10:30:00 PM,0,10.6099,18.582
9/8/2025,10:45:00 PM,0,10.6135,18.593
9/8/2025,11:00:00 PM,0,10.6131,18.606
9/8/2025,11:15:00 PM,0,10.6102,18.62
9/8/2025,11:30:00 PM,0,10.6074,18.636
9/8/2025,11:45:00 PM,0,10.6055,18.651
9/9/2025,12:00:00 AM,0,10.6031,18.666
9/9/2025,12:15:00 AM,0,10.6012,18.68
9/9/2025,12:30:00 AM,0,10.5985,18.694
9/9/2025,12:45:00 AM,0,10.5954,18.701
9/9/2025,1:00:00 AM,0,10.5942,18.712
9/9/2025,1:15:00 AM,0,10.5923,18.719
9/9/2025,1:30:00 AM,0,10.5906,18.723
9/9/2025,1:45:00 AM,0,10.5885,18.73
9/9/2025,2:00:00 AM,0,10.5858,18.732
9/9/2025,2:15:00 AM,0,10.585,18.728
9/9/2025,2:30:00 AM,0,10.5828,18.72
9/9/2025,2:45:00 AM,0,10.5809,18.711
9/9/2025,3:00:00 AM,0,10.5788,18.701
9/9/2025,3:15:00 AM,0,10.5784,18.687
9/9/2025,3:30:00 AM,0,10.5778,18.668
9/9/2025,3:45:00 AM,0,10.5763,18.653
9/9/2025,4:00:00 AM,0,10.575,18.638
9/9/2025,4:15:00 AM,0,10.5736,18.614
9/9/2025,4:30:00 AM,0,10.5747,18.591
9/9/2025,4:45:00 AM,0,10.5749,18.568
9/9/2025,5:00:00 AM,0,10.5749,18.539
9/9/2025,5:15:00 AM,0,10.5747,18.514
9/9/2025,5:30:00 AM,0,10.5765,18.486
9/9/2025,5:45:00 AM,0,10.5775,18.458
9/9/2025,6:00:00 AM,0,10.5781,18.431
9/9/2025,6:15:00 AM,0,10.579,18.402
9/9/2025,6:30:00 AM,0,10.5787,18.377
9/9/2025,6:45:00 AM,0,10.5791,18.353
9/9/2025,7:00:00 AM,0,10.5796,18.337
9/9/2025,7:15:00 AM,0,10.5786,18.327
9/9/2025,7:30:00 AM,0,10.5788,18.324
9/9/2025,7:45:00 AM,0,10.5796,18.327
9/9/2025,8:00:00 AM,0,10.5805,18.334
9/9/2025,8:15:00 AM,0,10.5807,18.343
9/9/2025,8:30:00 AM,0,10.5816,18.353
9/9/2025,8:45:00 AM,0,10.582,18.361
9/9/2025,9:00:00 AM,0,10.5829,18.371
9/9/2025,9:15:00 AM,0,10.5828,18.383
9/9/2025,9:30:00 AM,0,10.5826,18.397
9/9/2025,9:45:00 AM,0,10.5837,18.415
9/9/2025,10:00:00 AM,0,10.5828,18.43
9/9/2025,10:15:00 AM,0,10.582,18.445
9/9/2025,10:30:00 AM,0,10.5817,18.46
9/9/2025,10:45:00 AM,0,10.5805,18.473
9/9/2025,11:00:00 AM,0,10.5789,18.485
9/9/2025,11:15:00 AM,0,10.5758,18.5
9/9/2025,11:30:00 AM,0,10.575,18.511
9/9/2025,11:45:00 AM,0,10.5738,18.519
9/9/2025,12:00:00 PM,0,10.5724,18.53
9/9/2025,12:15:00 PM,0,10.5712,18.535
9/9/2025,12:30:00 PM,0,10.5703,18.546
9/9/2025,12:45:00 PM,0,10.568,18.552
9/9/2025,1:00:00 PM,0,10.5659,18.558
9/9/2025,1:15:00 PM,0,10.5624,18.565
9/9/2025,1:30:00 PM,0,10.5594,18.571
9/9/2025,1:45:00 PM,0,10.5575,18.576
9/9/2025,2:00:00 PM,0,10.5551,18.582
9/9/2025,2:15:00 PM,0,10.5521,18.588
9/9/2025,2:30:00 PM,0,10.5495,18.594
9/9/2025,2:45:00 PM,0,10.5469,18.6
9/9/2025,3:00:00 PM,0,10.5446,18.605
9/9/2025,3:15:00 PM,0,10.543,18.612
9/9/2025,3:30:00 PM,0,10.5409,18.618
9/9/2025,3:45:00 PM,0,10.5391,18.626
9/9/2025,4:00:00 PM,0,10.5372,18.632
9/9/2025,4:15:00 PM,0,10.5357,18.64
9/9/2025,4:30:00 PM,0,10.5343,18.65
9/9/2025,4:45:00 PM,0,10.5341,18.657
9/9/2025,5:00:00 PM,0,10.5337,18.668
9/9/2025,5:15:00 PM,0,10.5332,18.675
9/9/2025,5:30:00 PM,0,10.5325,18.684
9/9/2025,5:45:00 PM,0,10.5327,18.693
9/9/2025,6:00:00 PM,0,10.5321,18.701
9/9/2025,6:15:00 PM,0,10.5333,18.708
9/9/2025,6:30:00 PM,0,10.5333,18.717
9/9/2025,6:45:00 PM,0,10.5332,18.724
9/9/2025,7:00:00 PM,0,10.5339,18.733
9/9/2025,7:15:00 PM,0,10.5371,18.741
9/9/2025,7:30:00 PM,0,10.5387,18.749
9/9/2025,7:45:00 PM,0,10.5387,18.759
9/9/2025,8:00:00 PM,0,10.5383,18.77
9/9/2025,8:15:00 PM,0,10.5395,18.776
9/9/2025,8:30:00 PM,0,10.5415,18.786
9/9/2025,8:45:00 PM,0,10.5431,18.794
9/9/2025,9:00:00 PM,0,10.5636,18.771
9/9/2025,9:15:00 PM,0,10.6152,18.775
9/9/2025,9:30:00 PM,0,10.6203,18.796
9/9/2025,9:45:00 PM,0,10.6181,18.819
9/9/2025,10:00:00 PM,0,10.615,18.846
9/9/2025,10:15:00 PM,0,10.6023,18.884
9/9/2025,10:30:00 PM,0,10.5929,18.924
9/9/2025,10:45:00 PM,0,10.5913,18.969
9/9/2025,11:00:00 PM,0,10.6032,19.012
9/9/2025,11:15:00 PM,0,10.6156,19.053
9/9/2025,11:30:00 PM,0,10.6046,19.093
9/9/2025,11:45:00 PM,0,10.5935,19.131
9/10/2025,12:00:00 AM,0,10.5983,19.165
9/10/2025,12:15:00 AM,0,10.6219,19.197
9/10/2025,12:30:00 AM,0,10.6079,19.228
9/10/2025,12:45:00 AM,0,10.5958,19.254
9/10/2025,1:00:00 AM,0,10.5891,19.285
9/10/2025,1:15:00 AM,0,10.5852,19.327
9/10/2025,1:30:00 AM,0,10.5829,19.37
9/10/2025,1:45:00 AM,0,10.5806,19.412
9/10/2025,2:00:00 AM,0,10.5767,19.448
9/10/2025,2:15:00 AM,0,10.5752,19.481
9/10/2025,2:30:00 AM,0,10.5726,19.506
9/10/2025,2:45:00 AM,0,10.5698,19.53
9/10/2025,3:00:00 AM,0,10.5676,19.544
9/10/2025,3:15:00 AM,0,10.5648,19.561
9/10/2025,3:30:00 AM,0,10.5632,19.572
9/10/2025,3:45:00 AM,0,10.5612,19.584
9/10/2025,4:00:00 AM,0,10.5586,19.592
9/10/2025,4:15:00 AM,0,10.5565,19.6
9/10/2025,4:30:00 AM,0,10.5552,19.603
9/10/2025,4:45:00 AM,0,10.5561,19.608
9/10/2025,5:00:00 AM,0,10.5591,19.61
9/10/2025,5:15:00 AM,0,10.561,19.612
9/10/2025,5:30:00 AM,0,10.5634,19.61
9/10/2025,5:45:00 AM,0,10.5661,19.61
9/10/2025,6:00:00 AM,0,10.5656,19.607
9/10/2025,6:15:00 AM,0,10.5651,19.601
9/10/2025,6:30:00 AM,0,10.568,19.597
9/10/2025,6:45:00 AM,0,10.5674,19.588
9/10/2025,7:00:00 AM,0,10.5677,19.584
9/10/2025,7:15:00 AM,0,10.5669,19.575
9/10/2025,7:30:00 AM,0,10.5678,19.569
9/10/2025,7:45:00 AM,0,10.5704,19.56
9/10/2025,8:00:00 AM,0,10.573,19.556
9/10/2025,8:15:00 AM,0,10.5729,19.547
9/10/2025,8:30:00 AM,0,10.5747,19.543
9/10/2025,8:45:00 AM,0,10.5758,19.539
9/10/2025,9:00:00 AM,0,10.577,19.535
9/10/2025,9:15:00 AM,0,10.5781,19.529
9/10/2025,9:30:00 AM,0,10.5788,19.528
9/10/2025,9:45:00 AM,0,10.5781,19.523
9/10/2025,10:00:00 AM,0,10.5785,19.52
9/10/2025,10:15:00 AM,0,10.5784,19.518
9/10/2025,10:30:00 AM,0,10.5779,19.515
9/10/2025,10:45:00 AM,0,10.5764,19.514
9/10/2025,11:00:00 AM,0,10.5755,19.512
9/10/2025,11:15:00 AM,0,10.5748,19.508
9/10/2025,11:30:00 AM,0,10.5749,19.509
9/10/2025,11:45:00 AM,0,10.5759,19.509
9/10/2025,12:00:00 PM,0,10.576,19.508
9/10/2025,12:15:00 PM,0,10.5759,19.509
9/10/2025,12:30:00 PM,0,10.576,19.509
9/10/2025,12:45:00 PM,0,10.5764,19.512
9/10/2025,1:00:00 PM,0,10.5754,19.512
9/10/2025,1:15:00 PM,0,10.5738,19.514
9/10/2025,1:30:00 PM,0,10.574,19.517
9/10/2025,1:45:00 PM,0,10.576,19.521
9/10/2025,2:00:00 PM,0,10.5815,19.525
9/10/2025,2:15:00 PM,0,10.5865,19.527
9/10/2025,2:30:00 PM,0,10.5902,19.533
9/10/2025,2:45:00 PM,0,10.593,19.541
9/10/2025,3:00:00 PM,0,10.5944,19.555
9/10/2025,3:15:00 PM,0,10.5962,19.572
9/10/2025,3:30:00 PM,0,10.5962,19.596
9/10/2025,3:45:00 PM,0,10.5988,19.612
9/10/2025,4:00:00 PM,0,10.6043,19.636
9/10/2025,4:15:00 PM,0,10.6068,19.664
9/10/2025,4:30:00 PM,0,10.6057,19.707
9/10/2025,4:45:00 PM,0,10.6027,19.768
9/10/2025,5:00:00 PM,0,10.6005,19.841
9/10/2025,5:15:00 PM,0,10.5984,19.925
9/10/2025,5:30:00 PM,0,10.5956,20.011
9/10/2025,5:45:00 PM,0,10.5927,20.091
9/10/2025,6:00:00 PM,0,10.5893,20.173
9/10/2025,6:15:00 PM,0,10.5873,20.251
9/10/2025,6:30:00 PM,0,10.5851,20.321
9/10/2025,6:45:00 PM,0,10.5843,20.383
9/10/2025,7:00:00 PM,0,10.5841,20.435
9/10/2025,7:15:00 PM,0,10.5824,20.486
9/10/2025,7:30:00 PM,0,10.5824,20.528
9/10/2025,7:45:00 PM,0,10.5812,20.562
9/10/2025,8:00:00 PM,0,10.5813,20.595
9/10/2025,8:15:00 PM,0,10.581,20.622
9/10/2025,8:30:00 PM,0,10.5814,20.643
9/10/2025,8:45:00 PM,0,10.5822,20.66
9/10/2025,9:00:00 PM,0,10.5824,20.674
9/10/2025,9:15:00 PM,0,10.582,20.686
9/10/2025,9:30:00 PM,0,10.5818,20.691
9/10/2025,9:45:00 PM,0,10.5817,20.697
9/10/2025,10:00:00 PM,0,10.5818,20.699
9/10/2025,10:15:00 PM,0,10.5813,20.698
9/10/2025,10:30:00 PM,0,10.5808,20.697
9/10/2025,10:45:00 PM,0,10.5799,20.689
9/10/2025,11:00:00 PM,0,10.5792,20.682
9/10/2025,11:15:00 PM,0,10.5789,20.673
9/10/2025,11:30:00 PM,0,10.5798,20.663
9/10/2025,11:45:00 PM,0,10.5793,20.652
9/11/2025,12:00:00 AM,0,10.5796,20.64
9/11/2025,12:15:00 AM,0,10.5792,20.627
9/11/2025,12:30:00 AM,0,10.5799,20.608
9/11/2025,12:45:00 AM,0,10.5803,20.591
9/11/2025,1:00:00 AM,0,10.5816,20.576
9/11/2025,1:15:00 AM,0,10.5814,20.555
9/11/2025,1:30:00 AM,0,10.5829,20.536
9/11/2025,1:45:00 AM,0,10.5828,20.52
9/11/2025,2:00:00 AM,0,10.5806,20.497
9/11/2025,2:15:00 AM,0,10.5815,20.477
9/11/2025,2:30:00 AM,0,10.5826,20.454
9/11/2025,2:45:00 AM,0,10.5815,20.431
9/11/2025,3:00:00 AM,0,10.5815,20.409
9/11/2025,3:15:00 AM,0,10.5829,20.385
9/11/2025,3:30:00 AM,0,10.583,20.361
9/11/2025,3:45:00 AM,0,10.5828,20.336
9/11/2025,4:00:00 AM,0,10.5836,20.312
9/11/2025,4:15:00 AM,0,10.5837,20.287
9/11/2025,4:30:00 AM,0,10.5852,20.259
9/11/2025,4:45:00 AM,0,10.5854,20.234
9/11/2025,5:00:00 AM,0,10.5865,20.203
9/11/2025,5:15:00 AM,0,10.5875,20.172
9/11/2025,5:30:00 AM,0,10.5889,20.141
9/11/2025,5:45:00 AM,0,10.5902,20.108
9/11/2025,6:00:00 AM,0,10.5912,20.071
9/11/2025,6:15:00 AM,0,10.5918,20.033
9/11/2025,6:30:00 AM,0,10.5908,19.999
9/11/2025,6:45:00 AM,0,10.5915,19.966
9/11/2025,7:00:00 AM,0,10.5928,19.933
9/11/2025,7:15:00 AM,0,10.5926,19.908
9/11/2025,7:30:00 AM,0,10.5916,19.88
9/11/2025,7:45:00 AM,0,10.5916,19.857
9/11/2025,8:00:00 AM,0,10.5931,19.834
9/11/2025,8:15:00 AM,0,10.5948,19.815
9/11/2025,8:30:00 AM,0,10.5954,19.798
9/11/2025,8:45:00 AM,0,10.5959,19.78
9/11/2025,9:00:00 AM,0,10.5963,19.765
9/11/2025,9:15:00 AM,0,10.597,19.749
9/11/2025,9:30:00 AM,0,10.5975,19.735
9/11/2025,9:45:00 AM,0,10.5984,19.724
9/11/2025,10:00:00 AM,0,10.5978,19.71
9/11/2025,10:15:00 AM,0,10.597,19.7
9/11/2025,10:30:00 AM,0,10.5949,19.686
9/11/2025,10:45:00 AM,0,10.5938,19.675
9/11/2025,11:00:00 AM,0,10.5926,19.666
9/11/2025,11:15:00 AM,0,10.5931,19.656
9/11/2025,11:30:00 AM,0,10.5916,19.651
9/11/2025,11:45:00 AM,0,10.59,19.644
9/11/2025,12:00:00 PM,0,10.5904,19.638
9/11/2025,12:15:00 PM,0,10.5906,19.63
9/11/2025,12:30:00 PM,0,10.5899,19.623
9/11/2025,12:45:00 PM,0,10.5886,19.62
9/11/2025,1:00:00 PM,0,10.5888,19.617
9/11/2025,1:15:00 PM,0,10.5865,19.613
9/11/2025,1:30:00 PM,0,10.5841,19.609
9/11/2025,1:45:00 PM,0,10.5825,19.606
9/11/2025,2:00:00 PM,0,10.5807,19.606
9/11/2025,2:15:00 PM,0,10.5791,19.607
9/11/2025,2:30:00 PM,0,10.5771,19.606
9/11/2025,2:45:00 PM,0,10.5754,19.607
9/11/2025,3:00:00 PM,0,10.5735,19.608
9/11/2025,3:15:00 PM,0,10.571,19.609
9/11/2025,3:30:00 PM,0,10.5681,19.612
9/11/2025,3:45:00 PM,0,10.566,19.614
9/11/2025,4:00:00 PM,0,10.5642,19.616
9/11/2025,4:15:00 PM,0,10.5629,19.622
9/11/2025,4:30:00 PM,0,10.5617,19.625
9/11/2025,4:45:00 PM,0,10.5608,19.63
9/11/2025,5:00:00 PM,0,10.5604,19.634
9/11/2025,5:15:00 PM,0,10.5597,19.638
9/11/2025,5:30:00 PM,0,10.5596,19.642
9/11/2025,5:45:00 PM,0,10.5586,19.647
9/11/2025,6:00:00 PM,0,10.5585,19.651
9/11/2025,6:15:00 PM,0,10.5584,19.655
9/11/2025,6:30:00 PM,0,10.5584,19.658
9/11/2025,6:45:00 PM,0,10.5588,19.662
9/11/2025,7:00:00 PM,0,10.5595,19.665
9/11/2025,7:15:00 PM,0,10.5628,19.669
9/11/2025,7:30:00 PM,0,10.5643,19.674
9/11/2025,7:45:00 PM,0,10.5654,19.676
9/11/2025,8:00:00 PM,0,10.5661,19.68
9/11/2025,8:15:00 PM,0,10.5675,19.68
9/11/2025,8:30:00 PM,0,10.5691,19.684
9/11/2025,8:45:00 PM,0,10.5679,19.683
9/11/2025,9:00:00 PM,0,10.5673,19.683
9/11/2025,9:15:00 PM,0,10.5666,19.684
9/11/2025,9:30:00 PM,0,10.5666,19.683
9/11/2025,9:45:00 PM,0,10.5654,19.681
9/11/2025,10:00:00 PM,0,10.5654,19.678
9/11/2025,10:15:00 PM,0,10.5668,19.674
9/11/2025,10:30:00 PM,0,10.5671,19.669
9/11/2025,10:45:00 PM,0,10.5665,19.663
9/11/2025,11:00:00 PM,0,10.5649,19.66
9/11/2025,11:15:00 PM,0,10.5656,19.655
9/11/2025,11:30:00 PM,0,10.5656,19.648
9/11/2025,11:45:00 PM,0,10.5654,19.64
9/12/2025,12:00:00 AM,0,10.5649,19.631
9/12/2025,12:15:00 AM,0,10.5642,19.625
9/12/2025,12:30:00 AM,0,10.5641,19.613
9/12/2025,12:45:00 AM,0,10.5631,19.604
9/12/2025,1:00:00 AM,0,10.5643,19.593
9/12/2025,1:15:00 AM,0,10.5648,19.576
9/12/2025,1:30:00 AM,0,10.5648,19.561
9/12/2025,1:45:00 AM,0,10.5649,19.544
9/12/2025,2:00:00 AM,0,10.5661,19.524
9/12/2025,2:15:00 AM,0,10.5649,19.509
9/12/2025,2:30:00 AM,0,10.5658,19.489
9/12/2025,2:45:00 AM,0,10.5662,19.47
9/12/2025,3:00:00 AM,0,10.5671,19.451
9/12/2025,3:15:00 AM,0,10.5678,19.431
9/12/2025,3:30:00 AM,0,10.5683,19.41
9/12/2025,3:45:00 AM,0,10.5682,19.387
9/12/2025,4:00:00 AM,0,10.569,19.36
9/12/2025,4:15:00 AM,0,10.5697,19.334
9/12/2025,4:30:00 AM,0,10.5696,19.305
9/12/2025,4:45:00 AM,0,10.5707,19.277
9/12/2025,5:00:00 AM,0,10.5717,19.247
9/12/2025,5:15:00 AM,0,10.5722,19.211
9/12/2025,5:30:00 AM,0,10.5743,19.168
9/12/2025,5:45:00 AM,0,10.5742,19.127
9/12/2025,6:00:00 AM,0,10.5761,19.096
9/12/2025,6:15:00 AM,0,10.577,19.066
9/12/2025,6:30:00 AM,0,10.5794,19.036
9/12/2025,6:45:00 AM,0,10.5811,19.01
9/12/2025,7:00:00 AM,0,10.5825,18.994
9/12/2025,7:15:00 AM,0,10.584,18.983
9/12/2025,7:30:00 AM,0,10.5854,18.973
9/12/2025,7:45:00 AM,0,10.5842,18.969
9/12/2025,8:00:00 AM,0,10.5849,18.962
9/12/2025,8:15:00 AM,0,10.5858,18.957
9/12/2025,8:30:00 AM,0,10.5872,18.951
9/12/2025,8:45:00 AM,0,10.5878,18.951
9/12/2025,9:00:00 AM,0,10.5876,18.952
9/12/2025,9:15:00 AM,0,10.5872,18.95
9/12/2025,9:30:00 AM,0,10.5866,18.955
9/12/2025,9:45:00 AM,0,10.5871,18.957
9/12/2025,10:00:00 AM,0,10.5868,18.954
9/12/2025,10:15:00 AM,0,10.5867,18.957
9/12/2025,10:30:00 AM,0,10.5868,18.956
9/12/2025,10:45:00 AM,0,10.5847,18.958
9/12/2025,11:00:00 AM,0,10.5835,18.962
9/12/2025,11:15:00 AM,0,10.5809,18.965
9/12/2025,11:30:00 AM,0,10.5781,18.967
9/12/2025,11:45:00 AM,0,10.5773,18.971
9/12/2025,12:00:00 PM,0,10.5765,18.976
9/12/2025,12:15:00 PM,0,10.5762,18.98
9/12/2025,12:30:00 PM,0,10.5752,18.985
9/12/2025,12:45:00 PM,0,10.5726,18.988
9/12/2025,1:00:00 PM,0,10.571,18.992
9/12/2025,1:15:00 PM,0,10.5693,18.996
9/12/2025,1:30:00 PM,0,10.5672,19.001
9/12/2025,1:45:00 PM,0,10.566,19.008
9/12/2025,2:00:00 PM,0,10.5645,19.012
9/12/2025,2:15:00 PM,0,10.5632,19.016
9/12/2025,2:30:00 PM,0,10.5617,19.021
9/12/2025,2:45:00 PM,0,10.5611,19.027
9/12/2025,3:00:00 PM,0,10.56,19.035
9/12/2025,3:15:00 PM,0,10.5597,19.04
9/12/2025,3:30:00 PM,0,10.5581,19.045
9/12/2025,3:45:00 PM,0,10.5572,19.053
9/12/2025,4:00:00 PM,0,10.5569,19.059
9/12/2025,4:15:00 PM,0,10.5561,19.068
9/12/2025,4:30:00 PM,0,10.5565,19.074
9/12/2025,4:45:00 PM,0,10.5557,19.083
9/12/2025,5:00:00 PM,0,10.556,19.092
9/12/2025,5:15:00 PM,0,10.5569,19.098
9/12/2025,5:30:00 PM,0,10.5574,19.105
9/12/2025,5:45:00 PM,0,10.5571,19.11
9/12/2025,6:00:00 PM,0,10.5575,19.119
9/12/2025,6:15:00 PM,0,10.5578,19.128
9/12/2025,6:30:00 PM,0,10.5583,19.135
9/12/2025,6:45:00 PM,0,10.5589,19.141
9/12/2025,7:00:00 PM,0,10.5596,19.148
9/12/2025,7:15:00 PM,0,10.56,19.155
9/12/2025,7:30:00 PM,0,10.5604,19.161
9/12/2025,7:45:00 PM,0,10.5606,19.165
9/12/2025,8:00:00 PM,0,10.5611,19.171
9/12/2025,8:15:00 PM,0,10.5606,19.178
9/12/2025,8:30:00 PM,0,10.5612,19.181
9/12/2025,8:45:00 PM,0,10.5616,19.187
9/12/2025,9:00:00 PM,0,10.5634,19.191
9/12/2025,9:15:00 PM,0,10.563,19.194
9/12/2025,9:30:00 PM,0,10.5621,19.193
9/12/2025,9:45:00 PM,0,10.5618,19.192
9/12/2025,10:00:00 PM,0,10.5619,19.189
9/12/2025,10:15:00 PM,0,10.5611,19.186
9/12/2025,10:30:00 PM,0,10.5593,19.18
9/12/2025,10:45:00 PM,0,10.5592,19.177
9/12/2025,11:00:00 PM,0,10.5582,19.171
9/12/2025,11:15:00 PM,0,10.5566,19.167
9/12/2025,11:30:00 PM,0,10.5558,19.159
9/12/2025,11:45:00 PM,0,10.5553,19.152
9/13/2025,12:00:00 AM,0,10.5554,19.143
9/13/2025,12:15:00 AM,0,10.5547,19.137
9/13/2025,12:30:00 AM,0,10.555,19.127
9/13/2025,12:45:00 AM,0,10.5557,19.119
9/13/2025,1:00:00 AM,0,10.5563,19.106
9/13/2025,1:15:00 AM,0,10.5577,19.093
9/13/2025,1:30:00 AM,0,10.5575,19.077
9/13/2025,1:45:00 AM,0,10.5585,19.061
9/13/2025,2:00:00 AM,0,10.56,19.044
9/13/2025,2:15:00 AM,0,10.561,19.024
9/13/2025,2:30:00 AM,0,10.561,19.002
9/13/2025,2:45:00 AM,0,10.5616,18.98
9/13/2025,3:00:00 AM,0,10.5617,18.954
9/13/2025,3:15:00 AM,0,10.5616,18.934
9/13/2025,3:30:00 AM,0,10.5619,18.91
9/13/2025,3:45:00 AM,0,10.5621,18.889
9/13/2025,4:00:00 AM,0,10.563,18.869
9/13/2025,4:15:00 AM,0,10.5647,18.847
9/13/2025,4:30:00 AM,0,10.5644,18.826
9/13/2025,4:45:00 AM,0,10.5658,18.807
9/13/2025,5:00:00 AM,0,10.5677,18.787
9/13/2025,5:15:00 AM,0,10.569,18.765
9/13/2025,5:30:00 AM,0,10.5697,18.746
9/13/2025,5:45:00 AM,0,10.5705,18.724
9/13/2025,6:00:00 AM,0,10.5706,18.702
9/13/2025,6:15:00 AM,0,10.5728,18.683
9/13/2025,6:30:00 AM,0,10.5742,18.663
9/13/2025,6:45:00 AM,0,10.5744,18.648
9/13/2025,7:00:00 AM,0,10.5748,18.641
9/13/2025,7:15:00 AM,0,10.5739,18.635
9/13/2025,7:30:00 AM,0,10.5739,18.634
9/13/2025,7:45:00 AM,0,10.5737,18.635
9/13/2025,8:00:00 AM,0,10.5744,18.633
9/13/2025,8:15:00 AM,0,10.5757,18.633
9/13/2025,8:30:00 AM,0,10.578,18.629
9/13/2025,8:45:00 AM,0,10.5798,18.63
9/13/2025,9:00:00 AM,0,10.5812,18.629
9/13/2025,9:15:00 AM,0,10.5819,18.627
9/13/2025,9:30:00 AM,0,10.5803,18.628
9/13/2025,9:45:00 AM,0,10.5795,18.631
9/13/2025,10:00:00 AM,0,10.5784,18.636
9/13/2025,10:15:00 AM,0,10.5781,18.642
9/13/2025,10:30:00 AM,0,10.5795,18.647
9/13/2025,10:45:00 AM,0,10.5809,18.655
9/13/2025,11:00:00 AM,0,10.5803,18.663
9/13/2025,11:15:00 AM,0,10.5793,18.669
9/13/2025,11:30:00 AM,0,10.5777,18.674
9/13/2025,11:45:00 AM,0,10.5772,18.682
9/13/2025,12:00:00 PM,0,10.576,18.692
9/13/2025,12:15:00 PM,0,10.5749,18.697
9/13/2025,12:30:00 PM,0,10.5724,18.701
9/13/2025,12:45:00 PM,0,10.5706,18.707
9/13/2025,1:00:00 PM,0,10.5682,18.713
9/13/2025,1:15:00 PM,0,10.5657,18.717
9/13/2025,1:30:00 PM,0,10.5649,18.723
9/13/2025,1:45:00 PM,0,10.5624,18.73
9/13/2025,2:00:00 PM,0,10.5606,18.736
9/13/2025,2:15:00 PM,0,10.5595,18.742
9/13/2025,2:30:00 PM,0,10.5594,18.747
9/13/2025,2:45:00 PM,0,10.5595,18.755
9/13/2025,3:00:00 PM,0,10.5581,18.76
9/13/2025,3:15:00 PM,0,10.5564,18.766
9/13/2025,3:30:00 PM,0,10.554,18.772
9/13/2025,3:45:00 PM,0,10.5533,18.778
9/13/2025,4:00:00 PM,0,10.5531,18.784
9/13/2025,4:15:00 PM,0,10.5522,18.792
9/13/2025,4:30:00 PM,0,10.5505,18.795
9/13/2025,4:45:00 PM,0,10.5501,18.803
9/13/2025,5:00:00 PM,0,10.5486,18.811
9/13/2025,5:15:00 PM,0,10.5462,18.816
9/13/2025,5:30:00 PM,0,10.5442,18.823
9/13/2025,5:45:00 PM,0,10.543,18.829
9/13/2025,6:00:00 PM,0,10.5414,18.835
9/13/2025,6:15:00 PM,0,10.5409,18.842
9/13/2025,6:30:00 PM,0,10.5413,18.848
9/13/2025,6:45:00 PM,0,10.5415,18.851
9/13/2025,7:00:00 PM,0,10.543,18.859
9/13/2025,7:15:00 PM,0,10.5445,18.864
9/13/2025,7:30:00 PM,0,10.545,18.868
9/13/2025,7:45:00 PM,0,10.544,18.873
9/13/2025,8:00:00 PM,0,10.5441,18.878
9/13/2025,8:15:00 PM,0,10.543,18.882
9/13/2025,8:30:00 PM,0,10.5453,18.886
9/13/2025,8:45:00 PM,0,10.5476,18.891
9/13/2025,9:00:00 PM,0,10.5481,18.893
9/13/2025,9:15:00 PM,0,10.5478,18.897
9/13/2025,9:30:00 PM,0,10.5477,18.899
9/13/2025,9:45:00 PM,0,10.548,18.9
9/13/2025,10:00:00 PM,0,10.5473,18.902
9/13/2025,10:15:00 PM,0,10.5486,18.904
9/13/2025,10:30:00 PM,0,10.5492,18.902
9/13/2025,10:45:00 PM,0,10.5526,18.902
9/13/2025,11:00:00 PM,0,10.5522,18.904
9/13/2025,11:15:00 PM,0,10.5517,18.902
9/13/2025,11:30:00 PM,0,10.5505,18.9
9/13/2025,11:45:00 PM,0,10.5509,18.901
9/14/2025,12:00:00 AM,0,10.5504,18.9
9/14/2025,12:15:00 AM,0,10.5502,18.898
9/14/2025,12:30:00 AM,0,10.55,18.895
9/14/2025,12:45:00 AM,0,10.5511,18.894
9/14/2025,1:00:00 AM,0,10.5501,18.892
9/14/2025,1:15:00 AM,0,10.5495,18.89
9/14/2025,1:30:00 AM,0,10.5475,18.885
9/14/2025,1:45:00 AM,0,10.5469,18.879
9/14/2025,2:00:00 AM,0,10.5465,18.862
9/14/2025,2:15:00 AM,0,10.5488,18.846
9/14/2025,2:30:00 AM,0,10.5496,18.828
9/14/2025,2:45:00 AM,0,10.5513,18.81
9/14/2025,3:00:00 AM,0,10.5506,18.788
9/14/2025,3:15:00 AM,0,10.5494,18.769
9/14/2025,3:30:00 AM,0,10.5485,18.753
9/14/2025,3:45:00 AM,0,10.5491,18.736
9/14/2025,4:00:00 AM,0,10.5497,18.717
9/14/2025,4:15:00 AM,0,10.551,18.698
9/14/2025,4:30:00 AM,0,10.5522,18.676
9/14/2025,4:45:00 AM,0,10.5527,18.66
9/14/2025,5:00:00 AM,0,10.5534,18.651
9/14/2025,5:15:00 AM,0,10.5556,18.645
9/14/2025,5:30:00 AM,0,10.5562,18.647
9/14/2025,5:45:00 AM,0,10.5569,18.641
9/14/2025,6:00:00 AM,0,10.5587,18.637
9/14/2025,6:15:00 AM,0,10.5607,18.639
9/14/2025,6:30:00 AM,0,10.5614,18.631
9/14/2025,6:45:00 AM,0,10.563,18.626
9/14/2025,7:00:00 AM,0,10.564,18.619
9/14/2025,7:15:00 AM,0,10.5644,18.618
9/14/2025,7:30:00 AM,0,10.5651,18.615
9/14/2025,7:45:00 AM,0,10.5662,18.609
9/14/2025,8:00:00 AM,0,10.5683,18.608
9/14/2025,8:15:00 AM,0,10.5687,18.605
9/14/2025,8:30:00 AM,0,10.5685,18.602
9/14/2025,8:45:00 AM,0,10.5698,18.598
9/14/2025,9:00:00 AM,0,10.5704,18.596
9/14/2025,9:15:00 AM,0,10.5709,18.591
9/14/2025,9:30:00 AM,0,10.5709,18.588
9/14/2025,9:45:00 AM,0,10.5696,18.583
9/14/2025,10:00:00 AM,0,10.5705,18.582
9/14/2025,10:15:00 AM,0,10.5704,18.578
9/14/2025,10:30:00 AM,0,10.5691,18.577
9/14/2025,10:45:00 AM,0,10.5684,18.576
9/14/2025,11:00:00 AM,0,10.5675,18.576
9/14/2025,11:15:00 AM,0,10.5674,18.58
9/14/2025,11:30:00 AM,0,10.5665,18.584
9/14/2025,11:45:00 AM,0,10.5657,18.586
9/14/2025,12:00:00 PM,0,10.5652,18.59
9/14/2025,12:15:00 PM,0,10.5633,18.596
9/14/2025,12:30:00 PM,0,10.5616,18.602
9/14/2025,12:45:00 PM,0,10.5594,18.609
9/14/2025,1:00:00 PM,0,10.5571,18.612
9/14/2025,1:15:00 PM,0,10.5542,18.618
9/14/2025,1:30:00 PM,0,10.5523,18.623
9/14/2025,1:45:00 PM,0,10.5518,18.629
9/14/2025,2:00:00 PM,0,10.5497,18.633
9/14/2025,2:15:00 PM,0,10.5497,18.64
9/14/2025,2:30:00 PM,0,10.5475,18.643
9/14/2025,2:45:00 PM,0,10.5462,18.646
9/14/2025,3:00:00 PM,0,10.5442,18.653
9/14/2025,3:15:00 PM,0,10.5437,18.658
9/14/2025,3:30:00 PM,0,10.5425,18.663
9/14/2025,3:45:00 PM,0,10.5421,18.669
9/14/2025,4:00:00 PM,0,10.541,18.674
9/14/2025,4:15:00 PM,0,10.5387,18.678
9/14/2025,4:30:00 PM,0,10.5374,18.685
9/14/2025,4:45:00 PM,0,10.5358,18.691
9/14/2025,5:00:00 PM,0,10.5346,18.697
9/14/2025,5:15:00 PM,0,10.5336,18.7
9/14/2025,5:30:00 PM,0,10.5335,18.706
9/14/2025,5:45:00 PM,0,10.532,18.71
9/14/2025,6:00:00 PM,0,10.5309,18.715
9/14/2025,6:15:00 PM,0,10.5301,18.719
9/14/2025,6:30:00 PM,0,10.5292,18.723
9/14/2025,6:45:00 PM,0,10.5281,18.728
9/14/2025,7:00:00 PM,0,10.5282,18.733
9/14/2025,7:15:00 PM,0,10.529,18.739
9/14/2025,7:30:00 PM,0,10.5294,18.742
9/14/2025,7:45:00 PM,0,10.5296,18.746
9/14/2025,8:00:00 PM,0,10.5309,18.75
9/14/2025,8:15:00 PM,0,10.5327,18.755
9/14/2025,8:30:00 PM,0,10.5335,18.757
9/14/2025,8:45:00 PM,0,10.5328,18.759
9/14/2025,9:00:00 PM,0,10.5331,18.762
9/14/2025,9:15:00 PM,0,10.5337,18.761
9/14/2025,9:30:00 PM,0,10.5345,18.764
9/14/2025,9:45:00 PM,0,10.5359,18.762
9/14/2025,10:00:00 PM,0,10.5369,18.764
9/14/2025,10:15:00 PM,0,10.538,18.761
9/14/2025,10:30:00 PM,0,10.5375,18.761
9/14/2025,10:45:00 PM,0,10.5377,18.759
9/14/2025,11:00:00 PM,0,10.5397,18.76
9/14/2025,11:15:00 PM,0,10.5413,18.758
9/14/2025,11:30:00 PM,0,10.5429,18.756
9/14/2025,11:45:00 PM,0,10.5434,18.756
9/15/2025,12:00:00 AM,0,10.5442,18.754
9/15/2025,12:15:00 AM,0,10.5431,18.755
9/15/2025,12:30:00 AM,0,10.5411,18.753
9/15/2025,12:45:00 AM,0,10.541,18.753
9/15/2025,1:00:00 AM,0,10.5417,18.754
9/15/2025,1:15:00 AM,0,10.5424,18.755
9/15/2025,1:30:00 AM,0,10.5421,18.755
9/15/2025,1:45:00 AM,0,10.5422,18.754
9/15/2025,2:00:00 AM,0,10.5409,18.754
9/15/2025,2:15:00 AM,0,10.5407,18.751
9/15/2025,2:30:00 AM,0,10.5406,18.751
9/15/2025,2:45:00 AM,0,10.5403,18.752
9/15/2025,3:00:00 AM,0,10.5403,18.75
9/15/2025,3:15:00 AM,0,10.5408,18.75
9/15/2025,3:30:00 AM,0,10.5404,18.751
9/15/2025,3:45:00 AM,0,10.5407,18.75
9/15/2025,4:00:00 AM,0,10.5411,18.747
9/15/2025,4:15:00 AM,0,10.5421,18.749
9/15/2025,4:30:00 AM,0,10.5432,18.75
9/15/2025,4:45:00 AM,0,10.5436,18.749
9/15/2025,5:00:00 AM,0,10.5451,18.748
9/15/2025,5:15:00 AM,0,10.5464,18.749
9/15/2025,5:30:00 AM,0,10.5479,18.749
9/15/2025,5:45:00 AM,0,10.5502,18.748
9/15/2025,6:00:00 AM,0,10.552,18.748
9/15/2025,6:15:00 AM,0,10.5544,18.748
9/15/2025,6:30:00 AM,0,10.556,18.747
9/15/2025,6:45:00 AM,0,10.5583,18.747
9/15/2025,7:00:00 AM,0,10.5595,18.745
9/15/2025,7:15:00 AM,0,10.5609,18.747
9/15/2025,7:30:00 AM,0,10.5615,18.744
9/15/2025,7:45:00 AM,0,10.5614,18.745
9/15/2025,8:00:00 AM,0,10.5614,18.747
9/15/2025,8:15:00 AM,0,10.5618,18.745
9/15/2025,8:30:00 AM,0,10.563,18.746
9/15/2025,8:45:00 AM,0,10.5642,18.746
9/15/2025,9:00:00 AM,0,10.5657,18.746
9/15/2025,9:15:00 AM,0,10.5665,18.748
9/15/2025,9:30:00 AM,0,10.5667,18.747
9/15/2025,9:45:00 AM,0,10.5672,18.747
9/15/2025,10:00:00 AM,0,10.5672,18.75
9/15/2025,10:15:00 AM,0,10.5675,18.749
9/15/2025,10:30:00 AM,0,10.5669,18.75
9/15/2025,10:45:00 AM,0,10.567,18.755
9/15/2025,11:00:00 AM,0,10.5665,18.755
9/15/2025,11:15:00 AM,0,10.5669,18.758
9/15/2025,11:30:00 AM,0,10.5661,18.761
9/15/2025,11:45:00 AM,0,10.5646,18.763
9/15/2025,12:00:00 PM,0,10.5629,18.767
9/15/2025,12:15:00 PM,0,10.5613,18.771
9/15/2025,12:30:00 PM,0,10.5607,18.774
9/15/2025,12:45:00 PM,0,10.5601,18.778
9/15/2025,1:00:00 PM,0,10.56,18.783
9/15/2025,1:15:00 PM,0,10.5586,18.786
9/15/2025,1:30:00 PM,0,10.5582,18.793
9/15/2025,1:45:00 PM,0,10.557,18.796
9/15/2025,2:00:00 PM,0,10.5574,18.8
9/15/2025,2:15:00 PM,0,10.5556,18.806
9/15/2025,2:30:00 PM,0,10.5534,18.814
9/15/2025,2:45:00 PM,0,10.5512,18.819
9/15/2025,3:00:00 PM,0,10.5507,18.825
9/15/2025,3:15:00 PM,0,10.5505,18.834
9/15/2025,3:30:00 PM,0,10.5497,18.841
9/15/2025,3:45:00 PM,0,10.5485,18.846
9/15/2025,4:00:00 PM,0,10.5477,18.853
9/15/2025,4:15:00 PM,0,10.5475,18.861
9/15/2025,4:30:00 PM,0,10.5462,18.868
9/15/2025,4:45:00 PM,0,10.5459,18.873
9/15/2025,5:00:00 PM,0,10.5444,18.881
9/15/2025,5:15:00 PM,0,10.5444,18.888
9/15/2025,5:30:00 PM,0,10.5428,18.896
9/15/2025,5:45:00 PM,0,10.5422,18.902
9/15/2025,6:00:00 PM,0,10.5422,18.908
9/15/2025,6:15:00 PM,0,10.5422,18.915
9/15/2025,6:30:00 PM,0,10.5428,18.92
9/15/2025,6:45:00 PM,0,10.5436,18.923
9/15/2025,7:00:00 PM,0,10.5444,18.93
9/15/2025,7:15:00 PM,0,10.5447,18.936
9/15/2025,7:30:00 PM,0,10.5462,18.941
9/15/2025,7:45:00 PM,0,10.5473,18.946
9/15/2025,8:00:00 PM,0,10.5475,18.951
9/15/2025,8:15:00 PM,0,10.5485,18.955
9/15/2025,8:30:00 PM,0,10.5492,18.957
9/15/2025,8:45:00 PM,0,10.5497,18.96
9/15/2025,9:00:00 PM,0,10.5518,18.964
9/15/2025,9:15:00 PM,0,10.5538,18.968
9/15/2025,9:30:00 PM,0,10.5553,18.967
9/15/2025,9:45:00 PM,0,10.5574,18.971
9/15/2025,10:00:00 PM,0,10.5586,18.971
9/15/2025,10:15:00 PM,0,10.5594,18.973
9/15/2025,10:30:00 PM,0,10.5613,18.975
9/15/2025,10:45:00 PM,0,10.5629,18.975
9/15/2025,11:00:00 PM,0,10.5644,18.976
9/15/2025,11:15:00 PM,0,10.5656,18.976
9/15/2025,11:30:00 PM,0,10.5666,18.975
9/15/2025,11:45:00 PM,0,10.5657,18.976
9/16/2025,12:00:00 AM,0,10.5667,18.976
9/16/2025,12:15:00 AM,0,10.566,18.976
9/16/2025,12:30:00 AM,0,10.5661,18.975
9/16/2025,12:45:00 AM,0,10.5664,18.973
9/16/2025,1:00:00 AM,0,10.5659,18.973
9/16/2025,1:15:00 AM,0,10.5662,18.969
9/16/2025,1:30:00 AM,0,10.5662,18.969
9/16/2025,1:45:00 AM,0,10.5663,18.967
9/16/2025,2:00:00 AM,0,10.5659,18.964
9/16/2025,2:15:00 AM,0,10.5652,18.959
9/16/2025,2:30:00 AM,0,10.5637,18.956
9/16/2025,2:45:00 AM,0,10.5616,18.954
9/16/2025,3:00:00 AM,0,10.5609,18.949
9/16/2025,3:15:00 AM,0,10.5611,18.946
9/16/2025,3:30:00 AM,0,10.5626,18.942
9/16/2025,3:45:00 AM,0,10.5645,18.935
9/16/2025,4:00:00 AM,0,10.5662,18.932
9/16/2025,4:15:00 AM,0,10.5682,18.929
9/16/2025,4:30:00 AM,0,10.5695,18.924
9/16/2025,4:45:00 AM,0,10.5715,18.922
9/16/2025,5:00:00 AM,0,10.5734,18.918
9/16/2025,5:15:00 AM,0,10.5752,18.917
9/16/2025,5:30:00 AM,0,10.577,18.909
9/16/2025,5:45:00 AM,0,10.5778,18.906
9/16/2025,6:00:00 AM,0,10.5801,18.903
9/16/2025,6:15:00 AM,0,10.5822,18.9
9/16/2025,6:30:00 AM,0,10.5848,18.898
9/16/2025,6:45:00 AM,0,10.5876,18.893
9/16/2025,7:00:00 AM,0,10.588,18.889
9/16/2025,7:15:00 AM,0,10.5867,18.886
9/16/2025,7:30:00 AM,0,10.5875,18.883
9/16/2025,7:45:00 AM,0,10.5874,18.878
9/16/2025,8:00:00 AM,0,10.5898,18.874
9/16/2025,8:15:00 AM,0,10.5917,18.874
9/16/2025,8:30:00 AM,0,10.5941,18.871
9/16/2025,8:45:00 AM,0,10.5968,18.872
9/16/2025,9:00:00 AM,0,10.5962,18.873
9/16/2025,9:15:00 AM,0,10.5962,18.871
9/16/2025,9:30:00 AM,0,10.5963,18.872
9/16/2025,9:45:00 AM,0,10.5947,18.873
9/16/2025,10:00:00 AM,0,10.5944,18.875
9/16/2025,10:15:00 AM,0,10.5926,18.876
9/16/2025,10:30:00 AM,0,10.5914,18.878
9/16/2025,10:45:00 AM,0,10.5916,18.879
9/16/2025,11:00:00 AM,0,10.5908,18.879
9/16/2025,11:15:00 AM,0,10.5907,18.879
9/16/2025,11:30:00 AM,0,10.5905,18.882
9/16/2025,11:45:00 AM,0,10.5884,18.88
9/16/2025,12:00:00 PM,0,10.5863,18.884
9/16/2025,12:15:00 PM,0,10.5843,18.883
9/16/2025,12:30:00 PM,0,10.584,18.884
9/16/2025,12:45:00 PM,0,10.5822,18.882
9/16/2025,1:00:00 PM,0,10.5819,18.885
9/16/2025,1:15:00 PM,0,10.5811,18.885
9/16/2025,1:30:00 PM,0,10.5806,18.886
9/16/2025,1:45:00 PM,0,10.579,18.887
9/16/2025,2:00:00 PM,0,10.5762,18.886
9/16/2025,2:15:00 PM,0,10.5713,18.888
9/16/2025,2:30:00 PM,0,10.5676,18.889
9/16/2025,2:45:00 PM,0,10.568,18.892
9/16/2025,3:00:00 PM,0,10.5676,18.894
9/16/2025,3:15:00 PM,0,10.568,18.897
9/16/2025,3:30:00 PM,0,10.5675,18.9
9/16/2025,3:45:00 PM,0,10.5671,18.902
9/16/2025,4:00:00 PM,0,10.5651,18.906
9/16/2025,4:15:00 PM,0,10.5646,18.91
9/16/2025,4:30:00 PM,0,10.5627,18.914
9/16/2025,4:45:00 PM,0,10.5647,18.919
9/16/2025,5:00:00 PM,0,10.5624,18.922
9/16/2025,5:15:00 PM,0,10.5611,18.928
9/16/2025,5:30:00 PM,0,10.5607,18.932
9/16/2025,5:45:00 PM,0,10.5596,18.938
9/16/2025,6:00:00 PM,0,10.5603,18.942
9/16/2025,6:15:00 PM,0,10.5596,18.95
9/16/2025,6:30:00 PM,0,10.5607,18.954
9/16/2025,6:45:00 PM,0,10.5611,18.957
9/16/2025,7:00:00 PM,0,10.5623,18.962
9/16/2025,7:15:00 PM,0,10.565,18.968
9/16/2025,7:30:00 PM,0,10.5678,18.972
9/16/2025,7:45:00 PM,0,10.5692,18.977
9/16/2025,8:00:00 PM,0,10.5702,18.98
9/16/2025,8:15:00 PM,0,10.5701,18.984
9/16/2025,8:30:00 PM,0,10.5697,18.988
9/16/2025,8:45:00 PM,0,10.5707,18.99
9/16/2025,9:00:00 PM,0,10.5723,18.995
9/16/2025,9:15:00 PM,0,10.572,18.997
9/16/2025,9:30:00 PM,0,10.5715,18.997
9/16/2025,9:45:00 PM,0,10.5716,19.001
9/16/2025,10:00:00 PM,0,10.5717,19.002
9/16/2025,10:15:00 PM,0,10.5722,19.005
9/16/2025,10:30:00 PM,0,10.5719,19.004
9/16/2025,10:45:00 PM,0,10.5714,19.005
9/16/2025,11:00:00 PM,0,10.5719,19.006
9/16/2025,11:15:00 PM,0,10.57,19.006
9/16/2025,11:30:00 PM,0,10.5689,19.005
9/16/2025,11:45:00 PM,0,10.5697,19.006
9/17/2025,12:00:00 AM,0,10.5722,19.005
9/17/2025,12:15:00 AM,0,10.5709,19.003
9/17/2025,12:30:00 AM,0,10.5689,18.999
9/17/2025,12:45:00 AM,0,10.5659,18.996
9/17/2025,1:00:00 AM,0,10.5628,18.99
9/17/2025,1:15:00 AM,0,10.5592,18.985
9/17/2025,1:30:00 AM,0,10.5591,18.979
9/17/2025,1:45:00 AM,0,10.5595,18.97
9/17/2025,2:00:00 AM,0,10.5602,18.966
9/17/2025,2:15:00 AM,0,10.5622,18.961
9/17/2025,2:30:00 AM,0,10.5625,18.954
9/17/2025,2:45:00 AM,0,10.5626,18.948
9/17/2025,3:00:00 AM,0,10.5634,18.945
9/17/2025,3:15:00 AM,0,10.562,18.939
9/17/2025,3:30:00 AM,0,10.563,18.936
9/17/2025,3:45:00 AM,0,10.559,18.931
9/17/2025,4:00:00 AM,0,10.5618,18.931
9/17/2025,4:15:00 AM,0,10.5604,18.928
9/17/2025,4:30:00 AM,0,10.5635,18.928
9/17/2025,4:45:00 AM,0,10.5673,18.926
9/17/2025,5:00:00 AM,0,10.5704,18.921
9/17/2025,5:15:00 AM,0,10.5714,18.917
9/17/2025,5:30:00 AM,0,10.5683,18.915
9/17/2025,5:45:00 AM,0,10.5686,18.913
9/17/2025,6:00:00 AM,0,10.573,18.906
9/17/2025,6:15:00 AM,0,10.5731,18.904
9/17/2025,6:30:00 AM,0,10.573,18.9
9/17/2025,6:45:00 AM,0,10.5723,18.901
9/17/2025,7:00:00 AM,0,10.5691,18.901
9/17/2025,7:15:00 AM,0,10.5708,18.902
9/17/2025,7:30:00 AM,0,10.5713,18.902
9/17/2025,7:45:00 AM,0,10.5723,18.904
9/17/2025,8:00:00 AM,0,10.5731,18.904
9/17/2025,8:15:00 AM,0,10.575,18.907
9/17/2025,8:30:00 AM,0,10.5743,18.908
9/17/2025,8:45:00 AM,0,10.5732,18.909
9/17/2025,9:00:00 AM,0,10.5729,18.909
9/17/2025,9:15:00 AM,0,10.573,18.909
9/17/2025,9:30:00 AM,0,10.5766,18.911
9/17/2025,9:45:00 AM,0,10.5809,18.916
9/17/2025,10:00:00 AM,0,10.5805,18.921
9/17/2025,10:15:00 AM,0,10.5792,18.924
9/17/2025,10:30:00 AM,0,10.5724,18.927
9/17/2025,10:45:00 AM,0,10.5689,18.93
9/17/2025,11:00:00 AM,0,10.5657,18.932
9/17/2025,11:15:00 AM,0,10.5618,18.931
9/17/2025,11:30:00 AM,0,10.557,18.933
9/17/2025,11:45:00 AM,0,10.5521,18.934
9/17/2025,12:00:00 PM,0,10.5519,18.935
9/17/2025,12:15:00 PM,0,10.548,18.935
9/17/2025,12:30:00 PM,0,10.5492,18.937
9/17/2025,12:45:00 PM,0,10.5496,18.937
9/17/2025,1:00:00 PM,0,10.5486,18.937
9/17/2025,1:15:00 PM,0,10.5486,18.941
9/17/2025,1:30:00 PM,0,10.5472,18.944
9/17/2025,1:45:00 PM,0,10.5471,18.948
9/17/2025,2:00:00 PM,0,10.5456,18.95
9/17/2025,2:15:00 PM,0,10.5453,18.954
9/17/2025,2:30:00 PM,0,10.546,18.958
9/17/2025,2:45:00 PM,0,10.5466,18.962
9/17/2025,3:00:00 PM,0,10.5463,18.969
9/17/2025,3:15:00 PM,0,10.5473,18.971
9/17/2025,3:30:00 PM,0,10.5464,18.978
9/17/2025,3:45:00 PM,0,10.5421,18.983
9/17/2025,4:00:00 PM,0,10.5411,18.988
9/17/2025,4:15:00 PM,0,10.5391,18.993
9/17/2025,4:30:00 PM,0,10.5391,19
9/17/2025,4:45:00 PM,0,10.5396,19.008
9/17/2025,5:00:00 PM,0,10.541,19.012
9/17/2025,5:15:00 PM,0,10.5413,19.02
9/17/2025,5:30:00 PM,0,10.5385,19.024
9/17/2025,5:45:00 PM,0,10.5354,19.028
9/17/2025,6:00:00 PM,0,10.5341,19.035
9/17/2025,6:15:00 PM,0,10.5337,19.04
9/17/2025,6:30:00 PM,0,10.5332,19.046
9/17/2025,6:45:00 PM,0,10.5336,19.049
9/17/2025,7:00:00 PM,0,10.5376,19.055
9/17/2025,7:15:00 PM,0,10.54,19.058
9/17/2025,7:30:00 PM,0,10.5472,19.064
9/17/2025,7:45:00 PM,0,10.5524,19.068
9/17/2025,8:00:00 PM,0,10.5536,19.074
9/17/2025,8:15:00 PM,0,10.5536,19.08
9/17/2025,8:30:00 PM,0,10.5536,19.086
9/17/2025,8:45:00 PM,0,10.5515,19.091
9/17/2025,9:00:00 PM,0,10.554,19.093
9/17/2025,9:15:00 PM,0,10.5556,19.098
9/17/2025,9:30:00 PM,0,10.5558,19.1
9/17/2025,9:45:00 PM,0,10.552,19.106
9/17/2025,10:00:00 PM,0,10.5507,19.106
9/17/2025,10:15:00 PM,0,10.5499,19.11
9/17/2025,10:30:00 PM,0,10.5485,19.112
9/17/2025,10:45:00 PM,0,10.5474,19.114
9/17/2025,11:00:00 PM,0,10.5477,19.116
9/17/2025,11:15:00 PM,0,10.5492,19.118
9/17/2025,11:30:00 PM,0,10.5512,19.119
9/17/2025,11:45:00 PM,0,10.5537,19.119
9/18/2025,12:00:00 AM,0,10.5573,19.121
9/18/2025,12:15:00 AM,0,10.5571,19.122
9/18/2025,12:30:00 AM,0,10.5552,19.123
9/18/2025,12:45:00 AM,0,10.5551,19.123
9/18/2025,1:00:00 AM,0,10.5512,19.127
9/18/2025,1:15:00 AM,0,10.5323,19.128
9/18/2025,1:30:00 AM,0,10.5345,19.127
9/18/2025,1:45:00 AM,0,10.5378,19.13
9/18/2025,2:00:00 AM,0,10.5363,19.13
9/18/2025,2:15:00 AM,0,10.5345,19.13
9/18/2025,2:30:00 AM,0,10.5414,19.13
9/18/2025,2:45:00 AM,0,10.5486,19.131
9/18/2025,3:00:00 AM,0,10.5511,19.132
9/18/2025,3:15:00 AM,0,10.5546,19.131
9/18/2025,3:30:00 AM,0,10.5559,19.132
9/18/2025,3:45:00 AM,0,10.5537,19.13
9/18/2025,4:00:00 AM,0,10.5529,19.128
9/18/2025,4:15:00 AM,0,10.5525,19.127
9/18/2025,4:30:00 AM,0,10.5491,19.127
9/18/2025,4:45:00 AM,0,10.5457,19.125
9/18/2025,5:00:00 AM,0,10.5406,19.124
9/18/2025,5:15:00 AM,0,10.5389,19.122
9/18/2025,5:30:00 AM,0,10.5373,19.118
9/18/2025,5:45:00 AM,0,10.5398,19.118
9/18/2025,6:00:00 AM,0,10.5424,19.114
9/18/2025,6:15:00 AM,0,10.5413,19.113
9/18/2025,6:30:00 AM,0,10.5425,19.11
9/18/2025,6:45:00 AM,0,10.5424,19.107
9/18/2025,7:00:00 AM,0,10.542,19.104
9/18/2025,7:15:00 AM,0,10.5427,19.104
9/18/2025,7:30:00 AM,0,10.5424,19.101
9/18/2025,7:45:00 AM,0,10.5379,19.098
9/18/2025,8:00:00 AM,0,10.5377,19.097
9/18/2025,8:15:00 AM,0,10.5403,19.096
9/18/2025,8:30:00 AM,0,10.5504,19.092
9/18/2025,8:45:00 AM,0,10.5566,19.09
9/18/2025,9:00:00 AM,0,10.5577,19.087
9/18/2025,9:15:00 AM,0,10.5571,19.084
9/18/2025,9:30:00 AM,0,10.5581,19.084
9/18/2025,9:45:00 AM,0,10.5573,19.084
9/18/2025,10:00:00 AM,0,10.5588,19.082
9/18/2025,10:15:00 AM,0,10.5588,19.08
9/18/2025,10:30:00 AM,0,10.5592,19.078
9/18/2025,10:45:00 AM,0,10.5594,19.078
9/18/2025,11:00:00 AM,0,10.5584,19.076
9/18/2025,11:15:00 AM,0,10.556,19.077
9/18/2025,11:30:00 AM,0,10.5549,19.076
9/18/2025,11:45:00 AM,0,10.5528,19.076
9/18/2025,12:00:00 PM,0,10.5514,19.076
9/18/2025,12:15:00 PM,0,10.5504,19.077
9/18/2025,12:30:00 PM,0,10.5484,19.077
9/18/2025,12:45:00 PM,0,10.5492,19.076
9/18/2025,1:00:00 PM,0,10.5473,19.075
9/18/2025,1:15:00 PM,0,10.5461,19.078
9/18/2025,1:30:00 PM,0,10.5445,19.077
9/18/2025,1:45:00 PM,0,10.5421,19.076
9/18/2025,2:00:00 PM,0,10.5418,19.078
9/18/2025,2:15:00 PM,0,10.5402,19.081
9/18/2025,2:30:00 PM,0,10.5376,19.079
9/18/2025,2:45:00 PM,0,10.5369,19.08
9/18/2025,3:00:00 PM,0,10.5387,19.079
9/18/2025,3:15:00 PM,0,10.5385,19.079
9/18/2025,3:30:00 PM,0,10.5398,19.08
9/18/2025,3:45:00 PM,0,10.5432,19.081
9/18/2025,4:00:00 PM,0,10.5429,19.082
9/18/2025,4:15:00 PM,0,10.5428,19.082
9/18/2025,4:30:00 PM,0,10.5426,19.084
9/18/2025,4:45:00 PM,0,10.5434,19.087
9/18/2025,5:00:00 PM,0,10.5447,19.089
9/18/2025,5:15:00 PM,0,10.5464,19.092
9/18/2025,5:30:00 PM,0,10.5459,19.094
9/18/2025,5:45:00 PM,0,10.5461,19.099
9/18/2025,6:00:00 PM,0,10.5451,19.101
9/18/2025,6:15:00 PM,0,10.5463,19.107
9/18/2025,6:30:00 PM,0,10.547,19.109
9/18/2025,6:45:00 PM,0,10.5485,19.114
9/18/2025,7:00:00 PM,0,10.5482,19.117
9/18/2025,7:15:00 PM,0,10.5489,19.119
9/18/2025,7:30:00 PM,0,10.5496,19.123
9/18/2025,7:45:00 PM,0,10.5517,19.126
9/18/2025,8:00:00 PM,0,10.5524,19.128
9/18/2025,8:15:00 PM,0,10.553,19.131
9/18/2025,8:30:00 PM,0,10.5524,19.133
9/18/2025,8:45:00 PM,0,10.5531,19.134
9/18/2025,9:00:00 PM,0,10.5532,19.136
9/18/2025,9:15:00 PM,0,10.5531,19.136
9/18/2025,9:30:00 PM,0,10.5553,19.135
9/18/2025,9:45:00 PM,0,10.5552,19.138
9/18/2025,10:00:00 PM,0,10.556,19.139
9/18/2025,10:15:00 PM,0,10.5559,19.14
9/18/2025,10:30:00 PM,0,10.5561,19.141
9/18/2025,10:45:00 PM,0,10.5568,19.14
9/18/2025,11:00:00 PM,0,10.5553,19.14
9/18/2025,11:15:00 PM,0,10.5547,19.139
9/18/2025,11:30:00 PM,0,10.5546,19.138
9/18/2025,11:45:00 PM,0,10.5535,19.14
9/19/2025,12:00:00 AM,0,10.5537,19.136
9/19/2025,12:15:00 AM,0,10.5534,19.138
9/19/2025,12:30:00 AM,0,10.5544,19.139
9/19/2025,12:45:00 AM,0,10.5545,19.135
9/19/2025,1:00:00 AM,0,10.5547,19.136
9/19/2025,1:15:00 AM,0,10.5551,19.135
9/19/2025,1:30:00 AM,0,10.5558,19.133
9/19/2025,1:45:00 AM,0,10.5563,19.133
9/19/2025,2:00:00 AM,0,10.5569,19.133
9/19/2025,2:15:00 AM,0,10.5575,19.13
9/19/2025,2:30:00 AM,0,10.5587,19.131
9/19/2025,2:45:00 AM,0,10.5588,19.129
9/19/2025,3:00:00 AM,0,10.5588,19.128
9/19/2025,3:15:00 AM,0,10.5613,19.126
9/19/2025,3:30:00 AM,0,10.5723,19.119
9/19/2025,3:45:00 AM,0,10.6248,19.121
9/19/2025,4:00:00 AM,0,10.6249,19.124
9/19/2025,4:15:00 AM,0,10.619,19.124
9/19/2025,4:30:00 AM,0,10.6129,19.126
9/19/2025,4:45:00 AM,0,10.6084,19.129
9/19/2025,5:00:00 AM,0,10.6044,19.138
9/19/2025,5:15:00 AM,0,10.6012,19.149
9/19/2025,5:30:00 AM,0,10.6021,19.165
9/19/2025,5:45:00 AM,0,10.6027,19.184
9/19/2025,6:00:00 AM,0,10.6019,19.204
9/19/2025,6:15:00 AM,0,10.6018,19.225
9/19/2025,6:30:00 AM,0,10.6011,19.247
9/19/2025,6:45:00 AM,0,10.601,19.266
9/19/2025,7:00:00 AM,0,10.6002,19.284
9/19/2025,7:15:00 AM,0,10.5988,19.301
9/19/2025,7:30:00 AM,0,10.5969,19.317
9/19/2025,7:45:00 AM,0,10.5962,19.33
9/19/2025,8:00:00 AM,0,10.5964,19.34
9/19/2025,8:15:00 AM,0,10.5969,19.354
9/19/2025,8:30:00 AM,0,10.5977,19.365
9/19/2025,8:45:00 AM,0,10.5963,19.374
9/19/2025,9:00:00 AM,0,10.5974,19.382
9/19/2025,9:15:00 AM,0,10.5974,19.39
9/19/2025,9:30:00 AM,0,10.5965,19.399
9/19/2025,9:45:00 AM,0,10.596,19.406
9/19/2025,10:00:00 AM,0,10.5952,19.411
9/19/2025,10:15:00 AM,0,10.5954,19.42
9/19/2025,10:30:00 AM,0,10.5934,19.423
9/19/2025,10:45:00 AM,0,10.5923,19.43
9/19/2025,11:00:00 AM,0,10.5914,19.435
9/19/2025,11:15:00 AM,0,10.5905,19.442
9/19/2025,11:30:00 AM,0,10.5884,19.446
9/19/2025,11:45:00 AM,0,10.5878,19.452
9/19/2025,12:00:00 PM,0,10.5864,19.457
9/19/2025,12:15:00 PM,0,10.5855,19.462
9/19/2025,12:30:00 PM,0,10.5845,19.467
9/19/2025,12:45:00 PM,0,10.5833,19.472
9/19/2025,1:00:00 PM,0,10.5817,19.479
9/19/2025,1:15:00 PM,0,10.5801,19.482
9/19/2025,1:30:00 PM,0,10.5781,19.487
9/19/2025,1:45:00 PM,0,10.5768,19.492
9/19/2025,2:00:00 PM,0,10.5754,19.495
9/19/2025,2:15:00 PM,0,10.5741,19.5
9/19/2025,2:30:00 PM,0,10.5745,19.502
9/19/2025,2:45:00 PM,0,10.5757,19.506
9/19/2025,3:00:00 PM,0,10.5756,19.509
9/19/2025,3:15:00 PM,0,10.5753,19.513
9/19/2025,3:30:00 PM,0,10.575,19.515
9/19/2025,3:45:00 PM,0,10.5747,19.52
9/19/2025,4:00:00 PM,0,10.5752,19.528
9/19/2025,4:15:00 PM,0,10.5753,19.537
9/19/2025,4:30:00 PM,0,10.5741,19.546
9/19/2025,4:45:00 PM,0,10.5748,19.554
9/19/2025,5:00:00 PM,0,10.5747,19.56
9/19/2025,5:15:00 PM,0,10.574,19.568
9/19/2025,5:30:00 PM,0,10.5733,19.578
9/19/2025,5:45:00 PM,0,10.5721,19.585
9/19/2025,6:00:00 PM,0,10.5717,19.592
9/19/2025,6:15:00 PM,0,10.5707,19.596
9/19/2025,6:30:00 PM,0,10.5698,19.604
9/19/2025,6:45:00 PM,0,10.5692,19.608
9/19/2025,7:00:00 PM,0,10.5696,19.613
9/19/2025,7:15:00 PM,0,10.5714,19.617
9/19/2025,7:30:00 PM,0,10.5727,19.625
9/19/2025,7:45:00 PM,0,10.5751,19.633
9/19/2025,8:00:00 PM,0,10.5755,19.64
9/19/2025,8:15:00 PM,0,10.5751,19.646
9/19/2025,8:30:00 PM,0,10.5745,19.653
9/19/2025,8:45:00 PM,0,10.5742,19.657
9/19/2025,9:00:00 PM,0,10.5739,19.662
9/19/2025,9:15:00 PM,0,10.574,19.667
9/19/2025,9:30:00 PM,0,10.5732,19.673
9/19/2025,9:45:00 PM,0,10.5734,19.673
9/19/2025,10:00:00 PM,0,10.5743,19.678
9/19/2025,10:15:00 PM,0,10.5756,19.678
9/19/2025,10:30:00 PM,0,10.5773,19.68
9/19/2025,10:45:00 PM,0,10.5769,19.681
9/19/2025,11:00:00 PM,0,10.5774,19.68
9/19/2025,11:15:00 PM,0,10.5772,19.679
9/19/2025,11:30:00 PM,0,10.5766,19.68
9/19/2025,11:45:00 PM,0,10.5767,19.677
9/20/2025,12:00:00 AM,0,10.5778,19.674
9/20/2025,12:15:00 AM,0,10.578,19.673
9/20/2025,12:30:00 AM,0,10.5778,19.669
9/20/2025,12:45:00 AM,0,10.5772,19.664
9/20/2025,1:00:00 AM,0,10.579,19.663
9/20/2025,1:15:00 AM,0,10.5789,19.658
9/20/2025,1:30:00 AM,0,10.5789,19.656
9/20/2025,1:45:00 AM,0,10.5794,19.653
9/20/2025,2:00:00 AM,0,10.5793,19.648
9/20/2025,2:15:00 AM,0,10.5801,19.644
9/20/2025,2:30:00 AM,0,10.5804,19.642
9/20/2025,2:45:00 AM,0,10.5801,19.637
9/20/2025,3:00:00 AM,0,10.5801,19.632
9/20/2025,3:15:00 AM,0,10.5804,19.63
9/20/2025,3:30:00 AM,0,10.5812,19.626
9/20/2025,3:45:00 AM,0,10.581,19.624
9/20/2025,4:00:00 AM,0,10.5815,19.62
9/20/2025,4:15:00 AM,0,10.5817,19.615
9/20/2025,4:30:00 AM,0,10.5829,19.613
9/20/2025,4:45:00 AM,0,10.5848,19.61
9/20/2025,5:00:00 AM,0,10.5864,19.607
9/20/2025,5:15:00 AM,0,10.5873,19.602
9/20/2025,5:30:00 AM,0,10.5891,19.599
9/20/2025,5:45:00 AM,0,10.591,19.595
9/20/2025,6:00:00 AM,0,10.592,19.591
9/20/2025,6:15:00 AM,0,10.5936,19.588
9/20/2025,6:30:00 AM,0,10.5943,19.584
9/20/2025,6:45:00 AM,0,10.5961,19.582
9/20/2025,7:00:00 AM,0,10.5982,19.579
9/20/2025,7:15:00 AM,0,10.5986,19.572
9/20/2025,7:30:00 AM,0,10.5996,19.57
9/20/2025,7:45:00 AM,0,10.6002,19.567
9/20/2025,8:00:00 AM,0,10.6013,19.563
9/20/2025,8:15:00 AM,0,10.6012,19.559
9/20/2025,8:30:00 AM,0,10.6033,19.555
9/20/2025,8:45:00 AM,0,10.6041,19.553
9/20/2025,9:00:00 AM,0,10.6062,19.547
9/20/2025,9:15:00 AM,0,10.6076,19.547
9/20/2025,9:30:00 AM,0,10.6077,19.542
9/20/2025,9:45:00 AM,0,10.6063,19.54
9/20/2025,10:00:00 AM,0,10.6066,19.535
9/20/2025,10:15:00 AM,0,10.6064,19.537
9/20/2025,10:30:00 AM,0,10.6051,19.531
9/20/2025,10:45:00 AM,0,10.6041,19.532
9/20/2025,11:00:00 AM,0,10.6038,19.527
9/20/2025,11:15:00 AM,0,10.6032,19.526
9/20/2025,11:30:00 AM,0,10.6024,19.524
9/20/2025,11:45:00 AM,0,10.602,19.525
9/20/2025,12:00:00 PM,0,10.6007,19.526
9/20/2025,12:15:00 PM,0,10.5975,19.525
9/20/2025,12:30:00 PM,0,10.5944,19.525
9/20/2025,12:45:00 PM,0,10.5927,19.525
9/20/2025,1:00:00 PM,0,10.5894,19.526
9/20/2025,1:15:00 PM,0,10.5882,19.527
9/20/2025,1:30:00 PM,0,10.5876,19.531
9/20/2025,1:45:00 PM,0,10.5869,19.532
9/20/2025,2:00:00 PM,0,10.5875,19.535
9/20/2025,2:15:00 PM,0,10.5868,19.535
9/20/2025,2:30:00 PM,0,10.585,19.538
9/20/2025,2:45:00 PM,0,10.5832,19.539
9/20/2025,3:00:00 PM,0,10.5813,19.542
9/20/2025,3:15:00 PM,0,10.5796,19.546
9/20/2025,3:30:00 PM,0,10.5787,19.55
9/20/2025,3:45:00 PM,0,10.5773,19.553
9/20/2025,4:00:00 PM,0,10.5761,19.555
9/20/2025,4:15:00 PM,0,10.5747,19.56
9/20/2025,4:30:00 PM,0,10.5738,19.564
9/20/2025,4:45:00 PM,0,10.5727,19.568
9/20/2025,5:00:00 PM,0,10.5719,19.574
9/20/2025,5:15:00 PM,0,10.5708,19.577
9/20/2025,5:30:00 PM,0,10.57,19.582
9/20/2025,5:45:00 PM,0,10.5699,19.586
9/20/2025,6:00:00 PM,0,10.569,19.593
9/20/2025,6:15:00 PM,0,10.5684,19.598
9/20/2025,6:30:00 PM,0,10.5681,19.602
9/20/2025,6:45:00 PM,0,10.5678,19.609
9/20/2025,7:00:00 PM,0,10.5678,19.613
9/20/2025,7:15:00 PM,0,10.5685,19.615
9/20/2025,7:30:00 PM,0,10.5686,19.62
9/20/2025,7:45:00 PM,0,10.5697,19.624
9/20/2025,8:00:00 PM,0,10.5698,19.628
9/20/2025,8:15:00 PM,0,10.5691,19.631
9/20/2025,8:30:00 PM,0,10.5697,19.635
9/20/2025,8:45:00 PM,0,10.5691,19.638
9/20/2025,9:00:00 PM,0,10.5696,19.64
9/20/2025,9:15:00 PM,0,10.5703,19.64
9/20/2025,9:30:00 PM,0,10.5704,19.645
9/20/2025,9:45:00 PM,0,10.5702,19.645
9/20/2025,10:00:00 PM,0,10.5702,19.646
9/20/2025,10:15:00 PM,0,10.57,19.645
9/20/2025,10:30:00 PM,0,10.5693,19.646
9/20/2025,10:45:00 PM,0,10.5692,19.647
9/20/2025,11:00:00 PM,0,10.5679,19.644
9/20/2025,11:15:00 PM,0,10.5676,19.645
9/20/2025,11:30:00 PM,0,10.5686,19.643
9/20/2025,11:45:00 PM,0,10.5695,19.641
9/21/2025,12:00:00 AM,0,10.5697,19.64
9/21/2025,12:15:00 AM,0,10.569,19.639
9/21/2025,12:30:00 AM,0,10.5688,19.639
9/21/2025,12:45:00 AM,0,10.5693,19.636
9/21/2025,1:00:00 AM,0,10.5687,19.635
9/21/2025,1:15:00 AM,0,10.5679,19.63
9/21/2025,1:30:00 AM,0,10.5662,19.628
9/21/2025,1:45:00 AM,0,10.5652,19.626
9/21/2025,2:00:00 AM,0,10.5642,19.623
9/21/2025,2:15:00 AM,0,10.5634,19.617
9/21/2025,2:30:00 AM,0,10.5636,19.615
9/21/2025,2:45:00 AM,0,10.5643,19.612
9/21/2025,3:00:00 AM,0,10.5636,19.608
9/21/2025,3:15:00 AM,0,10.5637,19.603
9/21/2025,3:30:00 AM,0,10.5628,19.599
9/21/2025,3:45:00 AM,0,10.5635,19.594
9/21/2025,4:00:00 AM,0,10.5641,19.588
9/21/2025,4:15:00 AM,0,10.5644,19.583
9/21/2025,4:30:00 AM,0,10.5658,19.576
9/21/2025,4:45:00 AM,0,10.5679,19.57
9/21/2025,5:00:00 AM,0,10.5716,19.562
9/21/2025,5:15:00 AM,0,10.5739,19.556
9/21/2025,5:30:00 AM,0,10.5763,19.549
9/21/2025,5:45:00 AM,0,10.5781,19.543
9/21/2025,6:00:00 AM,0,10.5806,19.533
9/21/2025,6:15:00 AM,0,10.5826,19.527
9/21/2025,6:30:00 AM,0,10.5835,19.519
9/21/2025,6:45:00 AM,0,10.5811,19.508
9/21/2025,7:00:00 AM,0,10.582,19.498
9/21/2025,7:15:00 AM,0,10.5828,19.488
9/21/2025,7:30:00 AM,0,10.5851,19.482
9/21/2025,7:45:00 AM,0,10.5839,19.472
9/21/2025,8:00:00 AM,0,10.5854,19.464
9/21/2025,8:15:00 AM,0,10.5852,19.458
9/21/2025,8:30:00 AM,0,10.5853,19.452
9/21/2025,8:45:00 AM,0,10.5851,19.442
9/21/2025,9:00:00 AM,0,10.5826,19.435
9/21/2025,9:15:00 AM,0,10.5827,19.43
9/21/2025,9:30:00 AM,0,10.5842,19.423
9/21/2025,9:45:00 AM,0,10.5855,19.417
9/21/2025,10:00:00 AM,0,10.5874,19.41
9/21/2025,10:15:00 AM,0,10.5897,19.402
9/21/2025,10:30:00 AM,0,10.59,19.394
9/21/2025,10:45:00 AM,0,10.5883,19.385
9/21/2025,11:00:00 AM,0,10.5865,19.379
9/21/2025,11:15:00 AM,0,10.5861,19.373
9/21/2025,11:30:00 AM,0,10.5847,19.366
9/21/2025,11:45:00 AM,0,10.5848,19.359
9/21/2025,12:00:00 PM,0,10.5846,19.355
9/21/2025,12:15:00 PM,0,10.5818,19.349
9/21/2025,12:30:00 PM,0,10.581,19.346
9/21/2025,12:45:00 PM,0,10.5791,19.343
9/21/2025,1:00:00 PM,0,10.5757,19.339
9/21/2025,1:15:00 PM,0,10.5727,19.337
9/21/2025,1:30:00 PM,0,10.5705,19.332
9/21/2025,1:45:00 PM,0,10.5699,19.33
9/21/2025,2:00:00 PM,0,10.5673,19.327
9/21/2025,2:15:00 PM,0,10.5647,19.327
9/21/2025,2:30:00 PM,0,10.5627,19.326
9/21/2025,2:45:00 PM,0,10.5603,19.324
9/21/2025,3:00:00 PM,0,10.5589,19.326
9/21/2025,3:15:00 PM,0,10.5568,19.323
9/21/2025,3:30:00 PM,0,10.5575,19.323
9/21/2025,3:45:00 PM,0,10.5558,19.326
9/21/2025,4:00:00 PM,0,10.5528,19.325
9/21/2025,4:15:00 PM,0,10.552,19.326
9/21/2025,4:30:00 PM,0,10.5513,19.327
9/21/2025,4:45:00 PM,0,10.5511,19.329
9/21/2025,5:00:00 PM,0,10.5512,19.33
9/21/2025,5:15:00 PM,0,10.5514,19.333
9/21/2025,5:30:00 PM,0,10.5503,19.333
9/21/2025,5:45:00 PM,0,10.5503,19.337
9/21/2025,6:00:00 PM,0,10.5494,19.338
9/21/2025,6:15:00 PM,0,10.551,19.34
9/21/2025,6:30:00 PM,0,10.5531,19.341
9/21/2025,6:45:00 PM,0,10.5537,19.343
9/21/2025,7:00:00 PM,0,10.555,19.343
9/21/2025,7:15:00 PM,0,10.5559,19.347
9/21/2025,7:30:00 PM,0,10.5573,19.35
9/21/2025,7:45:00 PM,0,10.5578,19.352
9/21/2025,8:00:00 PM,0,10.5581,19.356
9/21/2025,8:15:00 PM,0,10.5576,19.36
9/21/2025,8:30:00 PM,0,10.5584,19.363
9/21/2025,8:45:00 PM,0,10.5575,19.364
9/21/2025,9:00:00 PM,0,10.5583,19.366
9/21/2025,9:15:00 PM,0,10.5587,19.366
9/21/2025,9:30:00 PM,0,10.5594,19.369
9/21/2025,9:45:00 PM,0,10.5587,19.368
9/21/2025,10:00:00 PM,0,10.5575,19.368
9/21/2025,10:15:00 PM,0,10.5569,19.367
9/21/2025,10:30:00 PM,0,10.5572,19.367
9/21/2025,10:45:00 PM,0,10.5558,19.364
9/21/2025,11:00:00 PM,0,10.5544,19.363
9/21/2025,11:15:00 PM,0,10.5541,19.362
9/21/2025,11:30:00 PM,0,10.5522,19.361
9/21/2025,11:45:00 PM,0,10.5507,19.36
9/22/2025,12:00:00 AM,0,10.5497,19.357
9/22/2025,12:15:00 AM,0,10.5497,19.356
9/22/2025,12:30:00 AM,0,10.5507,19.352
9/22/2025,12:45:00 AM,0,10.5512,19.351
9/22/2025,1:00:00 AM,0,10.5513,19.35
9/22/2025,1:15:00 AM,0,10.5509,19.347
9/22/2025,1:30:00 AM,0,10.5488,19.344
9/22/2025,1:45:00 AM,0,10.5493,19.34
9/22/2025,2:00:00 AM,0,10.5498,19.338
9/22/2025,2:15:00 AM,0,10.5478,19.334
9/22/2025,2:30:00 AM,0,10.5473,19.333
9/22/2025,2:45:00 AM,0,10.5479,19.33
9/22/2025,3:00:00 AM,0,10.5472,19.326
9/22/2025,3:15:00 AM,0,10.5471,19.322
9/22/2025,3:30:00 AM,0,10.5476,19.318
9/22/2025,3:45:00 AM,0,10.5468,19.314
9/22/2025,4:00:00 AM,0,10.5468,19.313
9/22/2025,4:15:00 AM,0,10.5472,19.307
9/22/2025,4:30:00 AM,0,10.5492,19.305
9/22/2025,4:45:00 AM,0,10.5499,19.301
9/22/2025,5:00:00 AM,0,10.5523,19.299
9/22/2025,5:15:00 AM,0,10.5527,19.293
9/22/2025,5:30:00 AM,0,10.5521,19.293
9/22/2025,5:45:00 AM,0,10.5519,19.289
9/22/2025,6:00:00 AM,0,10.5548,19.287
9/22/2025,6:15:00 AM,0,10.5565,19.283
9/22/2025,6:30:00 AM,0,10.5578,19.283
9/22/2025,6:45:00 AM,0,10.5576,19.28
9/22/2025,7:00:00 AM,0,10.5571,19.276
9/22/2025,7:15:00 AM,0,10.5573,19.275
9/22/2025,7:30:00 AM,0,10.5561,19.272
9/22/2025,7:45:00 AM,0,10.5592,19.272
9/22/2025,8:00:00 AM,0,10.559,19.267
9/22/2025,8:15:00 AM,0,10.5614,19.267
9/22/2025,8:30:00 AM,0,10.5631,19.264
9/22/2025,8:45:00 AM,0,10.5642,19.263
9/22/2025,9:00:00 AM,0,10.5637,19.262
9/22/2025,9:15:00 AM,0,10.5653,19.261
9/22/2025,9:30:00 AM,0,10.5657,19.26
9/22/2025,9:45:00 AM,0,10.5651,19.257
9/22/2025,10:00:00 AM,0,10.5635,19.255
9/22/2025,10:15:00 AM,0,10.5622,19.255
9/22/2025,10:30:00 AM,0,10.5596,19.256
9/22/2025,10:45:00 AM,0,10.5581,19.253
9/22/2025,11:00:00 AM,0,10.5574,19.254
9/22/2025,11:15:00 AM,0,10.5561,19.253
9/22/2025,11:30:00 AM,0,10.5558,19.253
9/22/2025,11:45:00 AM,0,10.5546,19.253
9/22/2025,12:00:00 PM,0,10.5541,19.252
9/22/2025,12:15:00 PM,0,10.5532,19.25
9/22/2025,12:30:00 PM,0,10.5526,19.25
9/22/2025,12:45:00 PM,0,10.5506,19.251
9/22/2025,1:00:00 PM,0,10.5483,19.248
9/22/2025,1:15:00 PM,0,10.5463,19.249
9/22/2025,1:30:00 PM,0,10.5447,19.246
9/22/2025,1:45:00 PM,0,10.5429,19.249
9/22/2025,2:00:00 PM,0,10.5412,19.248
9/22/2025,2:15:00 PM,0,10.5398,19.251
9/22/2025,2:30:00 PM,0,10.538,19.252
9/22/2025,2:45:00 PM,0,10.5383,19.253
9/22/2025,3:00:00 PM,0,10.5376,19.254
9/22/2025,3:15:00 PM,0,10.5379,19.258
9/22/2025,3:30:00 PM,0,10.5363,19.259
9/22/2025,3:45:00 PM,0,10.5349,19.261
9/22/2025,4:00:00 PM,0,10.5327,19.263
9/22/2025,4:15:00 PM,0,10.5308,19.266
9/22/2025,4:30:00 PM,0,10.5316,19.269
9/22/2025,4:45:00 PM,0,10.5308,19.272
9/22/2025,5:00:00 PM,0,10.5313,19.276
9/22/2025,5:15:00 PM,0,10.5317,19.28
9/22/2025,5:30:00 PM,0,10.5324,19.283
9/22/2025,5:45:00 PM,0,10.5322,19.285
9/22/2025,6:00:00 PM,0,10.532,19.287
9/22/2025,6:15:00 PM,0,10.5321,19.29
9/22/2025,6:30:00 PM,0,10.5328,19.293
9/22/2025,6:45:00 PM,0,10.5327,19.295
9/22/2025,7:00:00 PM,0,10.5338,19.297
9/22/2025,7:15:00 PM,0,10.5342,19.297
9/22/2025,7:30:00 PM,0,10.5356,19.301
9/22/2025,7:45:00 PM,0,10.5371,19.301
9/22/2025,8:00:00 PM,0,10.5377,19.304
9/22/2025,8:15:00 PM,0,10.5383,19.304
9/22/2025,8:30:00 PM,0,10.5402,19.304
9/22/2025,8:45:00 PM,0,10.5402,19.306
9/22/2025,9:00:00 PM,0,10.5416,19.305
9/22/2025,9:15:00 PM,0,10.543,19.303
9/22/2025,9:30:00 PM,0,10.5416,19.301
9/22/2025,9:45:00 PM,0,10.5413,19.302
9/22/2025,10:00:00 PM,0,10.5395,19.302
9/22/2025,10:15:00 PM,0,10.5365,19.299
9/22/2025,10:30:00 PM,0,10.5367,19.297
9/22/2025,10:45:00 PM,0,10.5359,19.296
9/22/2025,11:00:00 PM,0,10.5359,19.294
9/22/2025,11:15:00 PM,0,10.5385,19.291
9/22/2025,11:30:00 PM,0,10.5395,19.29
9/22/2025,11:45:00 PM,0,10.5385,19.286
9/23/2025,12:00:00 AM,0,10.537,19.284
9/23/2025,12:15:00 AM,0,10.5387,19.281
9/23/2025,12:30:00 AM,0,10.5402,19.28
9/23/2025,12:45:00 AM,0,10.5396,19.274
9/23/2025,1:00:00 AM,0,10.539,19.273
9/23/2025,1:15:00 AM,0,10.5376,19.269
9/23/2025,1:30:00 AM,0,10.5359,19.264
9/23/2025,1:45:00 AM,0,10.5348,19.261
9/23/2025,2:00:00 AM,0,10.5334,19.258
9/23/2025,2:15:00 AM,0,10.5356,19.254
9/23/2025,2:30:00 AM,0,10.5352,19.251
9/23/2025,2:45:00 AM,0,10.5351,19.245
9/23/2025,3:00:00 AM,0,10.5346,19.243
9/23/2025,3:15:00 AM,0,10.5351,19.239
9/23/2025,3:30:00 AM,0,10.5347,19.234
9/23/2025,3:45:00 AM,0,10.5359,19.233
9/23/2025,4:00:00 AM,0,10.5372,19.231
9/23/2025,4:15:00 AM,0,10.5397,19.227
9/23/2025,4:30:00 AM,0,10.5392,19.225
9/23/2025,4:45:00 AM,0,10.5396,19.224
9/23/2025,5:00:00 AM,0,10.5401,19.218
9/23/2025,5:15:00 AM,0,10.5419,19.219
9/23/2025,5:30:00 AM,0,10.544,19.216
9/23/2025,5:45:00 AM,0,10.5451,19.214
9/23/2025,6:00:00 AM,0,10.5467,19.215
9/23/2025,6:15:00 AM,0,10.5493,19.211
9/23/2025,6:30:00 AM,0,10.5527,19.21
9/23/2025,6:45:00 AM,0,10.5541,19.209
9/23/2025,7:00:00 AM,0,10.5557,19.208
9/23/2025,7:15:00 AM,0,10.553,19.204
9/23/2025,7:30:00 AM,0,10.5543,19.203
9/23/2025,7:45:00 AM,0,10.5557,19.2
9/23/2025,8:00:00 AM,0,10.5553,19.2
9/23/2025,8:15:00 AM,0,10.5576,19.198
9/23/2025,8:30:00 AM,0,10.5564,19.198
9/23/2025,8:45:00 AM,0,10.5587,19.197
9/23/2025,9:00:00 AM,0,10.5592,19.196
9/23/2025,9:15:00 AM,0,10.5586,19.192
9/23/2025,9:30:00 AM,0,10.5576,19.191
9/23/2025,9:45:00 AM,0,10.5578,19.189
9/23/2025,10:00:00 AM,0,10.5577,19.19
9/23/2025,10:15:00 AM,0,10.5587,19.187
9/23/2025,10:30:00 AM,0,10.5582,19.189
9/23/2025,10:45:00 AM,0,10.5582,19.188
9/23/2025,11:00:00 AM,0,10.5595,19.187
9/23/2025,11:15:00 AM,0,10.559,19.183
9/23/2025,11:30:00 AM,0,10.5603,19.185
9/23/2025,11:45:00 AM,0,10.5587,19.185
9/23/2025,12:00:00 PM,0,10.5555,19.184
9/23/2025,12:15:00 PM,0,10.5541,19.184
9/23/2025,12:30:00 PM,0,10.5519,19.182
9/23/2025,12:45:00 PM,0,10.551,19.184
9/23/2025,1:00:00 PM,0,10.5504,19.183
9/23/2025,1:15:00 PM,0,10.5497,19.185
9/23/2025,1:30:00 PM,0,10.5495,19.184
9/23/2025,1:45:00 PM,0,10.5489,19.184
9/23/2025,2:00:00 PM,0,10.5483,19.186
9/23/2025,2:15:00 PM,0,10.5479,19.188
9/23/2025,2:30:00 PM,0,10.5481,19.19
9/23/2025,2:45:00 PM,0,10.5478,19.193
9/23/2025,3:00:00 PM,0,10.5459,19.192
9/23/2025,3:15:00 PM,0,10.5454,19.199
9/23/2025,3:30:00 PM,0,10.5452,19.2
9/23/2025,3:45:00 PM,0,10.5474,19.205
9/23/2025,4:00:00 PM,0,10.7672,19.205
9/23/2025,4:15:00 PM,0,10.7114,19.231
9/23/2025,4:30:00 PM,0,10.6696,19.314
9/23/2025,4:45:00 PM,0,10.6472,19.449
9/23/2025,5:00:00 PM,0,10.6341,19.617
9/23/2025,5:15:00 PM,0,10.6254,19.792
9/23/2025,5:30:00 PM,0,10.619,19.965
9/23/2025,5:45:00 PM,0,10.6134,20.125
9/23/2025,6:00:00 PM,0,10.6075,20.276
9/23/2025,6:15:00 PM,0,10.603,20.411
9/23/2025,6:30:00 PM,0,10.5994,20.529
9/23/2025,6:45:00 PM,0,10.5975,20.633
9/23/2025,7:00:00 PM,0,10.595,20.718
9/23/2025,7:15:00 PM,0,10.5988,20.793
9/23/2025,7:30:00 PM,0,10.5995,20.858
9/23/2025,7:45:00 PM,0,10.6001,20.914
9/23/2025,8:00:00 PM,0,10.5965,20.96
9/23/2025,8:15:00 PM,0,10.594,21.002
9/23/2025,8:30:00 PM,0,10.5929,21.034
9/23/2025,8:45:00 PM,0,10.5959,21.062
9/23/2025,9:00:00 PM,0,10.5992,21.082
9/23/2025,9:15:00 PM,0,10.5994,21.1
9/23/2025,9:30:00 PM,0,10.5998,21.111
9/23/2025,9:45:00 PM,0,10.5954,21.12
9/23/2025,10:00:00 PM,0,10.5923,21.123
9/23/2025,10:15:00 PM,0,10.6012,21.122
9/23/2025,10:30:00 PM,0,10.6794,21.106
9/23/2025,10:45:00 PM,0,10.8974,21.11
9/23/2025,11:00:00 PM,0,10.8509,21.098
9/23/2025,11:15:00 PM,0,10.8021,21.073
9/23/2025,11:30:00 PM,0,10.7562,21.044
9/23/2025,11:45:00 PM,0,10.7228,21.015
9/24/2025,12:00:00 AM,0,10.7006,20.984
9/24/2025,12:15:00 AM,0,10.6802,20.952
9/24/2025,12:30:00 AM,0,10.6676,20.917
9/24/2025,12:45:00 AM,0,10.6554,20.879
9/24/2025,1:00:00 AM,0,10.6551,20.842
9/24/2025,1:15:00 AM,0,10.6429,20.808
9/24/2025,1:30:00 AM,0,10.6306,20.774
9/24/2025,1:45:00 AM,0,10.6273,20.74
9/24/2025,2:00:00 AM,0,10.6281,20.706
9/24/2025,2:15:00 AM,0,10.6284,20.68
9/24/2025,2:30:00 AM,0,10.6292,20.649
9/24/2025,2:45:00 AM,0,10.627,20.622
9/24/2025,3:00:00 AM,0,10.6251,20.593
9/24/2025,3:15:00 AM,0,10.6197,20.569
9/24/2025,3:30:00 AM,0,10.6191,20.546
9/24/2025,3:45:00 AM,0,10.6182,20.524
9/24/2025,4:00:00 AM,0,10.6174,20.5
9/24/2025,4:15:00 AM,0,10.6194,20.483
9/24/2025,4:30:00 AM,0,10.6174,20.465
9/24/2025,4:45:00 AM,0,10.6183,20.449
9/24/2025,5:00:00 AM,0,10.6175,20.433
9/24/2025,5:15:00 AM,0,10.6161,20.418
9/24/2025,5:30:00 AM,0,10.6157,20.405
9/24/2025,5:45:00 AM,0,10.6137,20.392
9/24/2025,6:00:00 AM,0,10.6123,20.381
9/24/2025,6:15:00 AM,0,10.6128,20.367
9/24/2025,6:30:00 AM,0,10.6137,20.355
9/24/2025,6:45:00 AM,0,10.6146,20.345
9/24/2025,7:00:00 AM,0,10.6128,20.331
9/24/2025,7:15:00 AM,0,10.6123,20.321
9/24/2025,7:30:00 AM,0,10.6121,20.308
9/24/2025,7:45:00 AM,0,10.6137,20.3
9/24/2025,8:00:00 AM,0,10.6134,20.288
9/24/2025,8:15:00 AM,0,10.6154,20.282
9/24/2025,8:30:00 AM,0,10.6161,20.272
9/24/2025,8:45:00 AM,0,10.6177,20.264
9/24/2025,9:00:00 AM,0,10.618,20.253
9/24/2025,9:15:00 AM,0,10.6186,20.245
9/24/2025,9:30:00 AM,0,10.618,20.239
9/24/2025,9:45:00 AM,0,10.6162,20.23
9/24/2025,10:00:00 AM,0,10.6188,20.407
9/24/2025,10:15:00 AM,0,10.6188,20.306
9/24/2025,10:30:00 AM,0,10.6156,20.269
9/24/2025,10:45:00 AM,0,10.6131,20.25
9/24/2025,11:00:00 AM,0,10.6106,20.233
9/24/2025,11:15:00 AM,0,10.6091,20.22
9/24/2025,11:30:00 AM,0,10.6081,20.211
9/24/2025,11:45:00 AM,0,10.6072,20.204
9/24/2025,12:00:00 PM,0,10.606,20.2
9/24/2025,12:15:00 PM,0,10.6042,20.195
9/24/2025,12:30:00 PM,0,10.6033,20.192
9/24/2025,12:45:00 PM,0,10.6013,20.189
9/24/2025,1:00:00 PM,0,10.6004,20.19
9/24/2025,1:15:00 PM,0,10.6007,20.19
9/24/2025,1:30:00 PM,0,10.6002,20.192
9/24/2025,1:45:00 PM,0,10.5988,20.194
9/24/2025,2:00:00 PM,0,10.5982,20.199
9/24/2025,2:15:00 PM,0,10.5975,20.203
9/24/2025,2:30:00 PM,0,10.5972,20.21
9/24/2025,2:45:00 PM,0,10.5957,20.214
9/24/2025,3:00:00 PM,0,10.5959,20.221
9/24/2025,3:15:00 PM,0,10.5948,20.227
9/24/2025,3:30:00 PM,0,10.5944,20.235
9/24/2025,3:45:00 PM,0,10.5947,20.242
9/24/2025,4:00:00 PM,0,10.5951,20.25
9/24/2025,4:15:00 PM,0,10.5939,20.259
9/24/2025,4:30:00 PM,0,10.5933,20.265
9/24/2025,4:45:00 PM,0,10.5922,20.277
9/24/2025,5:00:00 PM,0,10.591,20.282
9/24/2025,5:15:00 PM,0,10.5902,20.291
9/24/2025,5:30:00 PM,0,10.5908,20.3
9/24/2025,5:45:00 PM,0,10.5903,20.31
9/24/2025,6:00:00 PM,0,10.59,20.318
9/24/2025,6:15:00 PM,0,10.5885,20.324
9/24/2025,6:30:00 PM,0,10.5876,20.333
9/24/2025,6:45:00 PM,0,10.5888,20.34
9/24/2025,7:00:00 PM,0,10.5908,20.343
9/24/2025,7:15:00 PM,0,10.5922,20.349
9/24/2025,7:30:00 PM,0,10.5923,20.352
9/24/2025,7:45:00 PM,0,10.5927,20.354
9/24/2025,8:00:00 PM,0,10.592,20.354
9/24/2025,8:15:00 PM,0,10.5918,20.354
9/24/2025,8:30:00 PM,0,10.5927,20.354
9/24/2025,8:45:00 PM,0,10.594,20.353
9/24/2025,9:00:00 PM,0,10.5927,20.35
9/24/2025,9:15:00 PM,0,10.5927,20.347
9/24/2025,9:30:00 PM,0,10.5927,20.343
9/24/2025,9:45:00 PM,0,10.5913,20.34
9/24/2025,10:00:00 PM,0,10.5899,20.336
9/24/2025,10:15:00 PM,0,10.5895,20.33
9/24/2025,10:30:00 PM,0,10.5904,20.326
9/24/2025,10:45:00 PM,0,10.59,20.32
9/24/2025,11:00:00 PM,0,10.5907,20.313
9/24/2025,11:15:00 PM,0,10.5895,20.308
9/24/2025,11:30:00 PM,0,10.589,20.302
9/24/2025,11:45:00 PM,0,10.5887,20.297
9/25/2025,12:00:00 AM,0,10.5889,20.29
9/25/2025,12:15:00 AM,0,10.5888,20.284
9/25/2025,12:30:00 AM,0,10.5898,20.276
9/25/2025,12:45:00 AM,0,10.5896,20.271
9/25/2025,1:00:00 AM,0,10.5903,20.265
9/25/2025,1:15:00 AM,0,10.5893,20.259
9/25/2025,1:30:00 AM,0,10.5896,20.252
9/25/2025,1:45:00 AM,0,10.59,20.245
9/25/2025,2:00:00 AM,0,10.5899,20.239
9/25/2025,2:15:00 AM,0,10.5911,20.234
9/25/2025,2:30:00 AM,0,10.5922,20.228
9/25/2025,2:45:00 AM,0,10.5921,20.222
9/25/2025,3:00:00 AM,0,10.5951,20.215
9/25/2025,3:15:00 AM,0,10.5962,20.211
9/25/2025,3:30:00 AM,0,10.5948,20.205
9/25/2025,3:45:00 AM,0,10.595,20.199
9/25/2025,4:00:00 AM,0,10.5947,20.192
9/25/2025,4:15:00 AM,0,10.5932,20.186
9/25/2025,4:30:00 AM,0,10.5927,20.18
9/25/2025,4:45:00 AM,0,10.5923,20.175
9/25/2025,5:00:00 AM,0,10.5943,20.17
9/25/2025,5:15:00 AM,0,10.5952,20.16
9/25/2025,5:30:00 AM,0,10.596,20.155
9/25/2025,5:45:00 AM,0,10.5957,20.15
9/25/2025,6:00:00 AM,0,10.5949,20.143
9/25/2025,6:15:00 AM,0,10.5975,20.136
9/25/2025,6:30:00 AM,0,10.5994,20.131
9/25/2025,6:45:00 AM,0,10.6018,20.122
9/25/2025,7:00:00 AM,0,10.6032,20.117
9/25/2025,7:15:00 AM,0,10.6047,20.11
9/25/2025,7:30:00 AM,0,10.6055,20.103
9/25/2025,7:45:00 AM,0,10.6062,20.097
9/25/2025,8:00:00 AM,0,10.6066,20.091
9/25/2025,8:15:00 AM,0,10.6069,20.085
9/25/2025,8:30:00 AM,0,10.6056,20.079
9/25/2025,8:45:00 AM,0,10.6064,20.073
9/25/2025,9:00:00 AM,0,10.6079,20.065
9/25/2025,9:15:00 AM,0,10.6069,20.06
9/25/2025,9:30:00 AM,0,10.6071,20.053
9/25/2025,9:45:00 AM,0,10.6069,20.047
9/25/2025,10:00:00 AM,0,10.6057,20.042
9/25/2025,10:15:00 AM,0,10.6056,20.038
9/25/2025,10:30:00 AM,0,10.606,20.032
9/25/2025,10:45:00 AM,0,10.6065,20.025
9/25/2025,11:00:00 AM,0,10.6067,20.02
9/25/2025,11:15:00 AM,0,10.6039,20.018
9/25/2025,11:30:00 AM,0,10.6014,20.011
9/25/2025,11:45:00 AM,0,10.598,20.009
9/25/2025,12:00:00 PM,0,10.5973,20.006
9/25/2025,12:15:00 PM,0,10.5976,20.001
9/25/2025,12:30:00 PM,0,10.5976,19.998
9/25/2025,12:45:00 PM,0,10.596,19.997
9/25/2025,1:00:00 PM,0,10.5934,19.994
9/25/2025,1:15:00 PM,0,10.5938,19.991
9/25/2025,1:30:00 PM,0,10.5924,19.99
9/25/2025,1:45:00 PM,0,10.5909,19.988
9/25/2025,2:00:00 PM,0,10.5903,19.987
9/25/2025,2:15:00 PM,0,10.5882,19.985
9/25/2025,2:30:00 PM,0,10.5859,19.985
9/25/2025,2:45:00 PM,0,10.5851,19.982
9/25/2025,3:00:00 PM,0,10.5844,19.983
9/25/2025,3:15:00 PM,0,10.5814,19.982
9/25/2025,3:30:00 PM,0,10.5793,19.983
9/25/2025,3:45:00 PM,0,10.5797,19.982
9/25/2025,4:00:00 PM,0,10.5789,19.983
9/25/2025,4:15:00 PM,0,10.5784,19.983
9/25/2025,4:30:00 PM,0,10.5771,19.98
9/25/2025,4:45:00 PM,0,10.5756,19.981
9/25/2025,5:00:00 PM,0,10.5738,19.986
9/25/2025,5:15:00 PM,0,10.5738,19.984
9/25/2025,5:30:00 PM,0,10.5741,19.983
9/25/2025,5:45:00 PM,0,10.5755,19.984
9/25/2025,6:00:00 PM,0,10.5727,19.982
9/25/2025,6:15:00 PM,0,10.5744,19.983
9/25/2025,6:30:00 PM,0,10.5736,19.982
9/25/2025,6:45:00 PM,0,10.5732,19.981
9/25/2025,7:00:00 PM,0,10.5729,19.981
9/25/2025,7:15:00 PM,0,10.5731,19.979
9/25/2025,7:30:00 PM,0,10.5752,19.978
9/25/2025,7:45:00 PM,0,10.5747,19.976
9/25/2025,8:00:00 PM,0,10.5748,19.969
9/25/2025,8:15:00 PM,0,10.5748,19.967
9/25/2025,8:30:00 PM,0,10.576,19.962
9/25/2025,8:45:00 PM,0,10.5759,19.957
9/25/2025,9:00:00 PM,0,10.5753,19.952
9/25/2025,9:15:00 PM,0,10.575,19.945
9/25/2025,9:30:00 PM,0,10.5747,19.941
9/25/2025,9:45:00 PM,0,10.5732,19.932
9/25/2025,10:00:00 PM,0,10.5709,19.928
9/25/2025,10:15:00 PM,0,10.5699,19.923
9/25/2025,10:30:00 PM,0,10.5692,19.916
9/25/2025,10:45:00 PM,0,10.5682,19.91
9/25/2025,11:00:00 PM,0,10.565,19.901
9/25/2025,11:15:00 PM,0,10.5621,19.898
9/25/2025,11:30:00 PM,0,10.5634,19.888
9/25/2025,11:45:00 PM,0,10.5629,19.881
9/26/2025,12:00:00 AM,0,10.5639,19.874
9/26/2025,12:15:00 AM,0,10.5635,19.866
9/26/2025,12:30:00 AM,0,10.5633,19.858
9/26/2025,12:45:00 AM,0,10.5655,19.85
9/26/2025,1:00:00 AM,0,10.5633,19.842
9/26/2025,1:15:00 AM,0,10.5631,19.834
9/26/2025,1:30:00 AM,0,10.5612,19.826
9/26/2025,1:45:00 AM,0,10.5593,19.816
9/26/2025,2:00:00 AM,0,10.559,19.806
9/26/2025,2:15:00 AM,0,10.561,19.798
9/26/2025,2:30:00 AM,0,10.56,19.79
9/26/2025,2:45:00 AM,0,10.5617,19.778
9/26/2025,3:00:00 AM,0,10.561,19.77
9/26/2025,3:15:00 AM,0,10.5588,19.758
9/26/2025,3:30:00 AM,0,10.5581,19.749
9/26/2025,3:45:00 AM,0,10.5571,19.738
9/26/2025,4:00:00 AM,0,10.5583,19.725
9/26/2025,4:15:00 AM,0,10.559,19.714
9/26/2025,4:30:00 AM,0,10.5603,19.705
9/26/2025,4:45:00 AM,0,10.5614,19.693
9/26/2025,5:00:00 AM,0,10.5625,19.683
9/26/2025,5:15:00 AM,0,10.565,19.671
9/26/2025,5:30:00 AM,0,10.5652,19.661
9/26/2025,5:45:00 AM,0,10.5665,19.651
9/26/2025,6:00:00 AM,0,10.568,19.639
9/26/2025,6:15:00 AM,0,10.5693,19.632
9/26/2025,6:30:00 AM,0,10.5699,19.623
9/26/2025,6:45:00 AM,0,10.5732,19.615
9/26/2025,7:00:00 AM,0,10.5738,19.609
9/26/2025,7:15:00 AM,0,10.5746,19.6
9/26/2025,7:30:00 AM,0,10.5748,19.592
9/26/2025,7:45:00 AM,0,10.5745,19.585
9/26/2025,8:00:00 AM,0,10.5761,19.578
9/26/2025,8:15:00 AM,0,10.5758,19.569
9/26/2025,8:30:00 AM,0,10.5761,19.563
9/26/2025,8:45:00 AM,0,10.577,19.555
9/26/2025,9:00:00 AM,0,10.5768,19.551
9/26/2025,9:15:00 AM,0,10.5778,19.546
9/26/2025,9:30:00 AM,0,10.5781,19.54
9/26/2025,9:45:00 AM,0,10.577,19.531
9/26/2025,10:00:00 AM,0,10.5774,19.528
9/26/2025,10:15:00 AM,0,10.5777,19.523
9/26/2025,10:30:00 AM,0,10.5766,19.518
9/26/2025,10:45:00 AM,0,10.5745,19.515
9/26/2025,11:00:00 AM,0,10.5735,19.51
9/26/2025,11:15:00 AM,0,10.5729,19.506
9/26/2025,11:30:00 AM,0,10.5719,19.503
9/26/2025,11:45:00 AM,0,10.5711,19.5
9/26/2025,12:00:00 PM,0,10.5696,19.496
9/26/2025,12:15:00 PM,0,10.5676,19.494
9/26/2025,12:30:00 PM,0,10.5666,19.494
9/26/2025,12:45:00 PM,0,10.5653,19.49
9/26/2025,1:00:00 PM,0,10.5644,19.49
9/26/2025,1:15:00 PM,0,10.5621,19.49
9/26/2025,1:30:00 PM,0,10.5619,19.488
9/26/2025,1:45:00 PM,0,10.5598,19.488
9/26/2025,2:00:00 PM,0,10.5581,19.488
9/26/2025,2:15:00 PM,0,10.5555,19.488
9/26/2025,2:30:00 PM,0,10.5551,19.488
9/26/2025,2:45:00 PM,0,10.5541,19.488
9/26/2025,3:00:00 PM,0,10.5531,19.491
9/26/2025,3:15:00 PM,0,10.5514,19.491
9/26/2025,3:30:00 PM,0,10.5511,19.494
9/26/2025,3:45:00 PM,0,10.5517,19.495
9/26/2025,4:00:00 PM,0,10.552,19.496
9/26/2025,4:15:00 PM,0,10.5508,19.499
9/26/2025,4:30:00 PM,0,10.5506,19.501
9/26/2025,4:45:00 PM,0,10.5509,19.504
9/26/2025,5:00:00 PM,0,10.5496,19.505
9/26/2025,5:15:00 PM,0,10.5518,19.508
9/26/2025,5:30:00 PM,0,10.5528,19.511
9/26/2025,5:45:00 PM,0,10.5533,19.513
9/26/2025,6:00:00 PM,0,10.5523,19.515
9/26/2025,6:15:00 PM,0,10.555,19.516
9/26/2025,6:30:00 PM,0,10.5563,19.517
9/26/2025,6:45:00 PM,0,10.5574,19.519
9/26/2025,7:00:00 PM,0,10.5589,19.524
9/26/2025,7:15:00 PM,0,10.5596,19.523
9/26/2025,7:30:00 PM,0,10.5609,19.524
9/26/2025,7:45:00 PM,0,10.5644,19.528
9/26/2025,8:00:00 PM,0,10.564,19.529
9/26/2025,8:15:00 PM,0,10.566,19.528
9/26/2025,8:30:00 PM,0,10.5672,19.53
9/26/2025,8:45:00 PM,0,10.5681,19.533
9/26/2025,9:00:00 PM,0,10.5692,19.532
9/26/2025,9:15:00 PM,0,10.5714,19.53
9/26/2025,9:30:00 PM,0,10.5694,19.532
9/26/2025,9:45:00 PM,0,10.5709,19.531
9/26/2025,10:00:00 PM,0,10.5707,19.532
9/26/2025,10:15:00 PM,0,10.5699,19.528
9/26/2025,10:30:00 PM,0,10.5724,19.527
9/26/2025,10:45:00 PM,0,10.5723,19.526
9/26/2025,11:00:00 PM,0,10.5702,19.525
9/26/2025,11:15:00 PM,0,10.5689,19.525
9/26/2025,11:30:00 PM,0,10.5668,19.524
9/26/2025,11:45:00 PM,0,10.566,19.521
9/27/2025,12:00:00 AM,0,10.5675,19.517
9/27/2025,12:15:00 AM,0,10.5659,19.518
9/27/2025,12:30:00 AM,0,10.5636,19.513
9/27/2025,12:45:00 AM,0,10.564,19.511
9/27/2025,1:00:00 AM,0,10.562,19.509
9/27/2025,1:15:00 AM,0,10.5628,19.508
9/27/2025,1:30:00 AM,0,10.5619,19.505
9/27/2025,1:45:00 AM,0,10.5618,19.503
9/27/2025,2:00:00 AM,0,10.5614,19.5
9/27/2025,2:15:00 AM,0,10.5619,19.497
9/27/2025,2:30:00 AM,0,10.5617,19.496
9/27/2025,2:45:00 AM,0,10.5615,19.493
9/27/2025,3:00:00 AM,0,10.5613,19.491
9/27/2025,3:15:00 AM,0,10.5594,19.49
9/27/2025,3:30:00 AM,0,10.5582,19.485
9/27/2025,3:45:00 AM,0,10.5587,19.484
9/27/2025,4:00:00 AM,0,10.5594,19.48
9/27/2025,4:15:00 AM,0,10.5599,19.478
9/27/2025,4:30:00 AM,0,10.5599,19.474
9/27/2025,4:45:00 AM,0,10.5608,19.473
9/27/2025,5:00:00 AM,0,10.5621,19.469
9/27/2025,5:15:00 AM,0,10.5628,19.466
9/27/2025,5:30:00 AM,0,10.564,19.463
9/27/2025,5:45:00 AM,0,10.5647,19.459
9/27/2025,6:00:00 AM,0,10.566,19.456
9/27/2025,6:15:00 AM,0,10.5671,19.455
9/27/2025,6:30:00 AM,0,10.5687,19.451
9/27/2025,6:45:00 AM,0,10.5691,19.449
9/27/2025,7:00:00 AM,0,10.5692,19.445
9/27/2025,7:15:00 AM,0,10.5699,19.444
9/27/2025,7:30:00 AM,0,10.5704,19.442
9/27/2025,7:45:00 AM,0,10.5708,19.438
9/27/2025,8:00:00 AM,0,10.5721,19.433
9/27/2025,8:15:00 AM,0,10.5732,19.432
9/27/2025,8:30:00 AM,0,10.5743,19.429
9/27/2025,8:45:00 AM,0,10.5752,19.426
9/27/2025,9:00:00 AM,0,10.5766,19.424
9/27/2025,9:15:00 AM,0,10.577,19.421
9/27/2025,9:30:00 AM,0,10.576,19.422
9/27/2025,9:45:00 AM,0,10.5756,19.416
9/27/2025,10:00:00 AM,0,10.5749,19.417
9/27/2025,10:15:00 AM,0,10.5753,19.413
9/27/2025,10:30:00 AM,0,10.5764,19.412
9/27/2025,10:45:00 AM,0,10.5757,19.411
9/27/2025,11:00:00 AM,0,10.575,19.409
9/27/2025,11:15:00 AM,0,10.575,19.41
9/27/2025,11:30:00 AM,0,10.5741,19.408
9/27/2025,11:45:00 AM,0,10.5746,19.406
9/27/2025,12:00:00 PM,0,10.5746,19.407
9/27/2025,12:15:00 PM,0,10.5744,19.407
9/27/2025,12:30:00 PM,0,10.5733,19.409
9/27/2025,12:45:00 PM,0,10.571,19.407
9/27/2025,1:00:00 PM,0,10.5714,19.407
9/27/2025,1:15:00 PM,0,10.571,19.41
9/27/2025,1:30:00 PM,0,10.57,19.41
9/27/2025,1:45:00 PM,0,10.5665,19.409
9/27/2025,2:00:00 PM,0,10.5669,19.411
9/27/2025,2:15:00 PM,0,10.5654,19.412
9/27/2025,2:30:00 PM,0,10.5655,19.414
9/27/2025,2:45:00 PM,0,10.5659,19.416
9/27/2025,3:00:00 PM,0,10.5664,19.415
9/27/2025,3:15:00 PM,0,10.5653,19.416
9/27/2025,3:30:00 PM,0,10.5632,19.419
9/27/2025,3:45:00 PM,0,10.5655,19.42
9/27/2025,4:00:00 PM,0,10.5625,19.422
9/27/2025,4:15:00 PM,0,10.5638,19.423
9/27/2025,4:30:00 PM,0,10.5641,19.425
9/27/2025,4:45:00 PM,0,10.5622,19.429
9/27/2025,5:00:00 PM,0,10.5611,19.429
9/27/2025,5:15:00 PM,0,10.5614,19.428
9/27/2025,5:30:00 PM,0,10.5623,19.433
9/27/2025,5:45:00 PM,0,10.5634,19.433
9/27/2025,6:00:00 PM,0,10.5647,19.435
9/27/2025,6:15:00 PM,0,10.5652,19.435
9/27/2025,6:30:00 PM,0,10.5653,19.436
9/27/2025,6:45:00 PM,0,10.5663,19.437
9/27/2025,7:00:00 PM,0,10.5679,19.438
9/27/2025,7:15:00 PM,0,10.5684,19.438
9/27/2025,7:30:00 PM,0,10.5691,19.441
9/27/2025,7:45:00 PM,0,10.5712,19.441
9/27/2025,8:00:00 PM,0,10.5735,19.437
9/27/2025,8:15:00 PM,0,10.5746,19.438
9/27/2025,8:30:00 PM,0,10.5773,19.436
9/27/2025,8:45:00 PM,0,10.5789,19.436
9/27/2025,9:00:00 PM,0,10.5789,19.437
9/27/2025,9:15:00 PM,0,10.5796,19.434
9/27/2025,9:30:00 PM,0,10.5804,19.433
9/27/2025,9:45:00 PM,0,10.581,19.432
9/27/2025,10:00:00 PM,0,10.5816,19.43
9/27/2025,10:15:00 PM,0,10.5819,19.429
9/27/2025,10:30:00 PM,0,10.5799,19.426
9/27/2025,10:45:00 PM,0,10.5797,19.425
9/27/2025,11:00:00 PM,0,10.5808,19.424
9/27/2025,11:15:00 PM,0,10.5791,19.419
9/27/2025,11:30:00 PM,0,10.579,19.418
9/27/2025,11:45:00 PM,0,10.5779,19.414
9/28/2025,12:00:00 AM,0,10.5787,19.414
9/28/2025,12:15:00 AM,0,10.5799,19.411
9/28/2025,12:30:00 AM,0,10.5797,19.407
9/28/2025,12:45:00 AM,0,10.5796,19.406
9/28/2025,1:00:00 AM,0,10.5803,19.401
9/28/2025,1:15:00 AM,0,10.5823,19.4
9/28/2025,1:30:00 AM,0,10.5829,19.397
9/28/2025,1:45:00 AM,0,10.5836,19.392
9/28/2025,2:00:00 AM,0,10.5831,19.391
9/28/2025,2:15:00 AM,0,10.5818,19.386
9/28/2025,2:30:00 AM,0,10.5823,19.382
9/28/2025,2:45:00 AM,0,10.582,19.378
9/28/2025,3:00:00 AM,0,10.583,19.376
9/28/2025,3:15:00 AM,0,10.5838,19.372
9/28/2025,3:30:00 AM,0,10.5844,19.366
9/28/2025,3:45:00 AM,0,10.5865,19.362
9/28/2025,4:00:00 AM,0,10.5877,19.357
9/28/2025,4:15:00 AM,0,10.5879,19.354
9/28/2025,4:30:00 AM,0,10.5877,19.35
9/28/2025,4:45:00 AM,0,10.5885,19.345
9/28/2025,5:00:00 AM,0,10.5913,19.341
9/28/2025,5:15:00 AM,0,10.5935,19.338
9/28/2025,5:30:00 AM,0,10.5955,19.335
9/28/2025,5:45:00 AM,0,10.5971,19.333
9/28/2025,6:00:00 AM,0,10.5991,19.328
9/28/2025,6:15:00 AM,0,10.5997,19.326
9/28/2025,6:30:00 AM,0,10.6011,19.321
9/28/2025,6:45:00 AM,0,10.6034,19.32
9/28/2025,7:00:00 AM,0,10.6053,19.317
9/28/2025,7:15:00 AM,0,10.6072,19.314
9/28/2025,7:30:00 AM,0,10.6074,19.311
9/28/2025,7:45:00 AM,0,10.6073,19.31
9/28/2025,8:00:00 AM,0,10.6087,19.306
9/28/2025,8:15:00 AM,0,10.6091,19.304
9/28/2025,8:30:00 AM,0,10.6105,19.303
9/28/2025,8:45:00 AM,0,10.6129,19.298
9/28/2025,9:00:00 AM,0,10.6149,19.297
9/28/2025,9:15:00 AM,0,10.6159,19.295
9/28/2025,9:30:00 AM,0,10.6154,19.292
9/28/2025,9:45:00 AM,0,10.6158,19.291
9/28/2025,10:00:00 AM,0,10.6155,19.29
9/28/2025,10:15:00 AM,0,10.6157,19.289
9/28/2025,10:30:00 AM,0,10.6151,19.287
9/28/2025,10:45:00 AM,0,10.6155,19.286
9/28/2025,11:00:00 AM,0,10.6145,19.285
9/28/2025,11:15:00 AM,0,10.6147,19.286
9/28/2025,11:30:00 AM,0,10.6131,19.282
9/28/2025,11:45:00 AM,0,10.6131,19.283
9/28/2025,12:00:00 PM,0,10.6134,19.283
9/28/2025,12:15:00 PM,0,10.6121,19.282
9/28/2025,12:30:00 PM,0,10.6106,19.281
9/28/2025,12:45:00 PM,0,10.6106,19.283
9/28/2025,1:00:00 PM,0,10.6106,19.283
9/28/2025,1:15:00 PM,0,10.6083,19.284
9/28/2025,1:30:00 PM,0,10.6068,19.284
9/28/2025,1:45:00 PM,0,10.606,19.286
9/28/2025,2:00:00 PM,0,10.6044,19.287
9/28/2025,2:15:00 PM,0,10.6014,19.288
9/28/2025,2:30:00 PM,0,10.6031,19.289
9/28/2025,2:45:00 PM,0,10.6021,19.29
9/28/2025,3:00:00 PM,0,10.6002,19.292
9/28/2025,3:15:00 PM,0,10.5998,19.293
9/28/2025,3:30:00 PM,0,10.5987,19.295
9/28/2025,3:45:00 PM,0,10.5953,19.297
9/28/2025,4:00:00 PM,0,10.5938,19.298
9/28/2025,4:15:00 PM,0,10.5934,19.301
9/28/2025,4:30:00 PM,0,10.5916,19.303
9/28/2025,4:45:00 PM,0,10.5933,19.307
9/28/2025,5:00:00 PM,0,10.5924,19.309
9/28/2025,5:15:00 PM,0,10.5935,19.313
9/28/2025,5:30:00 PM,0,10.5937,19.315
9/28/2025,5:45:00 PM,0,10.5936,19.316
9/28/2025,6:00:00 PM,0,10.592,19.319
9/28/2025,6:15:00 PM,0,10.5923,19.322
9/28/2025,6:30:00 PM,0,10.592,19.323
9/28/2025,6:45:00 PM,0,10.593,19.324
9/28/2025,7:00:00 PM,0,10.5938,19.327
9/28/2025,7:15:00 PM,0,10.5959,19.329
9/28/2025,7:30:00 PM,0,10.597,19.334
9/28/2025,7:45:00 PM,0,10.5975,19.333
9/28/2025,8:00:00 PM,0,10.5977,19.335
9/28/2025,8:15:00 PM,0,10.5984,19.334
9/28/2025,8:30:00 PM,0,10.5979,19.334
9/28/2025,8:45:00 PM,0,10.5994,19.333
9/28/2025,9:00:00 PM,0,10.5987,19.332
9/28/2025,9:15:00 PM,0,10.5992,19.327
9/28/2025,9:30:00 PM,0,10.5999,19.322
9/28/2025,9:45:00 PM,0,10.6002,19.319
9/28/2025,10:00:00 PM,0,10.6019,19.314
9/28/2025,10:15:00 PM,0,10.6023,19.305
9/28/2025,10:30:00 PM,0,10.6012,19.298
9/28/2025,10:45:00 PM,0,10.6002,19.289
9/28/2025,11:00:00 PM,0,10.6003,19.281
9/28/2025,11:15:00 PM,0,10.5981,19.273
9/28/2025,11:30:00 PM,0,10.5982,19.262
9/28/2025,11:45:00 PM,0,10.5972,19.249
9/29/2025,12:00:00 AM,0,10.5987,19.24
9/29/2025,12:15:00 AM,0,10.5996,19.232
9/29/2025,12:30:00 AM,0,10.5994,19.219
9/29/2025,12:45:00 AM,0,10.5986,19.208
9/29/2025,1:00:00 AM,0,10.5977,19.196
9/29/2025,1:15:00 AM,0,10.5975,19.186
9/29/2025,1:30:00 AM,0,10.5975,19.172
9/29/2025,1:45:00 AM,0,10.5962,19.158
9/29/2025,2:00:00 AM,0,10.596,19.145
9/29/2025,2:15:00 AM,0,10.5956,19.131
9/29/2025,2:30:00 AM,0,10.5947,19.114
9/29/2025,2:45:00 AM,0,10.5946,19.097
9/29/2025,3:00:00 AM,0,10.5943,19.08
9/29/2025,3:15:00 AM,0,10.5951,19.064
9/29/2025,3:30:00 AM,0,10.5947,19.049
9/29/2025,3:45:00 AM,0,10.5951,19.032
9/29/2025,4:00:00 AM,0,10.5954,19.012
9/29/2025,4:15:00 AM,0,10.5963,18.997
9/29/2025,4:30:00 AM,0,10.5972,18.979
9/29/2025,4:45:00 AM,0,10.5982,18.963
9/29/2025,5:00:00 AM,0,10.5988,18.947
9/29/2025,5:15:00 AM,0,10.5986,18.931
9/29/2025,5:30:00 AM,0,10.5979,18.915
9/29/2025,5:45:00 AM,0,10.5984,18.897
9/29/2025,6:00:00 AM,0,10.5996,18.881
9/29/2025,6:15:00 AM,0,10.6014,18.864
9/29/2025,6:30:00 AM,0,10.6042,18.848
9/29/2025,6:45:00 AM,0,10.6053,18.83
9/29/2025,7:00:00 AM,0,10.606,18.814
9/29/2025,7:15:00 AM,0,10.6044,18.799
9/29/2025,7:30:00 AM,0,10.6051,18.785
9/29/2025,7:45:00 AM,0,10.6068,18.776
9/29/2025,8:00:00 AM,0,10.6084,18.766
9/29/2025,8:15:00 AM,0,10.6086,18.756
9/29/2025,8:30:00 AM,0,10.6088,18.749
9/29/2025,8:45:00 AM,0,10.6094,18.741
9/29/2025,9:00:00 AM,0,10.6084,18.735
9/29/2025,9:15:00 AM,0,10.6074,18.728
9/29/2025,9:30:00 AM,0,10.6093,18.724
9/29/2025,9:45:00 AM,0,10.6076,18.717
9/29/2025,10:00:00 AM,0,10.6069,18.714
9/29/2025,10:15:00 AM,0,10.6073,18.708
9/29/2025,10:30:00 AM,0,10.6074,18.705
9/29/2025,10:45:00 AM,0,10.6062,18.7
9/29/2025,11:00:00 AM,0,10.6074,18.695
9/29/2025,11:15:00 AM,0,10.6071,18.692
9/29/2025,11:30:00 AM,0,10.6034,18.687
9/29/2025,11:45:00 AM,0,10.6012,18.684
9/29/2025,12:00:00 PM,0,10.6009,18.681
9/29/2025,12:15:00 PM,0,10.5983,18.679
9/29/2025,12:30:00 PM,0,10.5956,18.678
9/29/2025,12:45:00 PM,0,10.596,18.676
9/29/2025,1:00:00 PM,0,10.5868,18.673
9/29/2025,1:15:00 PM,0,10.5874,18.674
9/29/2025,1:30:00 PM,0,10.5894,18.673
9/29/2025,1:45:00 PM,0,10.5911,18.674
9/29/2025,2:00:00 PM,0,10.59,18.675
9/29/2025,2:15:00 PM,0,10.5906,18.676
9/29/2025,2:30:00 PM,0,10.5899,18.676
9/29/2025,2:45:00 PM,0,10.59,18.677
9/29/2025,3:00:00 PM,0,10.5903,18.678
9/29/2025,3:15:00 PM,0,10.5862,18.68
9/29/2025,3:30:00 PM,0,10.5856,18.681
9/29/2025,3:45:00 PM,0,10.586,18.684
9/29/2025,4:00:00 PM,0,10.5866,18.685
9/29/2025,4:15:00 PM,0,10.5872,18.686
9/29/2025,4:30:00 PM,0,10.5873,18.691
9/29/2025,4:45:00 PM,0,10.5861,18.69
9/29/2025,5:00:00 PM,0,10.5841,18.693
9/29/2025,5:15:00 PM,0,10.5822,18.694
9/29/2025,5:30:00 PM,0,10.5816,18.697
9/29/2025,5:45:00 PM,0,10.5809,18.699
9/29/2025,6:00:00 PM,0,10.5804,18.697
9/29/2025,6:15:00 PM,0,10.5809,18.702
9/29/2025,6:30:00 PM,0,10.5819,18.702
9/29/2025,6:45:00 PM,0,10.582,18.705
9/29/2025,7:00:00 PM,0,10.5815,18.705
9/29/2025,7:15:00 PM,0,10.5821,18.705
9/29/2025,7:30:00 PM,0,10.5798,18.706
9/29/2025,7:45:00 PM,0,10.5797,18.704
9/29/2025,8:00:00 PM,0,10.5812,18.704
9/29/2025,8:15:00 PM,0,10.5807,18.701
9/29/2025,8:30:00 PM,0,10.5816,18.696
9/29/2025,8:45:00 PM,0,10.5835,18.695
9/29/2025,9:00:00 PM,0,10.5823,18.688
9/29/2025,9:15:00 PM,0,10.5793,18.683
9/29/2025,9:30:00 PM,0,10.5834,18.676
9/29/2025,9:45:00 PM,0,10.5799,18.668
9/29/2025,10:00:00 PM,0,10.5791,18.66
9/29/2025,10:15:00 PM,0,10.5796,18.652
9/29/2025,10:30:00 PM,0,10.5831,18.644
9/29/2025,10:45:00 PM,0,10.5822,18.635
9/29/2025,11:00:00 PM,0,10.5838,18.624
9/29/2025,11:15:00 PM,0,10.5843,18.613
9/29/2025,11:30:00 PM,0,10.5844,18.603
9/29/2025,11:45:00 PM,0,10.5845,18.594
9/30/2025,12:00:00 AM,0,10.5857,18.584
9/30/2025,12:15:00 AM,0,10.5857,18.576
9/30/2025,12:30:00 AM,0,10.5866,18.566
9/30/2025,12:45:00 AM,0,10.5867,18.558
9/30/2025,1:00:00 AM,0,10.5873,18.549
9/30/2025,1:15:00 AM,0,10.5873,18.541
9/30/2025,1:30:00 AM,0,10.5881,18.531
9/30/2025,1:45:00 AM,0,10.5888,18.526
9/30/2025,2:00:00 AM,0,10.5877,18.517
9/30/2025,2:15:00 AM,0,10.5877,18.509
9/30/2025,2:30:00 AM,0,10.5868,18.501
9/30/2025,2:45:00 AM,0,10.5865,18.493
9/30/2025,3:00:00 AM,0,10.5885,18.484
9/30/2025,3:15:00 AM,0,10.5879,18.474
9/30/2025,3:30:00 AM,0,10.5893,18.458
9/30/2025,3:45:00 AM,0,10.5906,18.445
9/30/2025,4:00:00 AM,0,10.5915,18.431
9/30/2025,4:15:00 AM,0,10.5932,18.419
9/30/2025,4:30:00 AM,0,10.5929,18.404
9/30/2025,4:45:00 AM,0,10.5948,18.39
9/30/2025,5:00:00 AM,0,10.5949,18.377
9/30/2025,5:15:00 AM,0,10.5958,18.362
9/30/2025,5:30:00 AM,0,10.5975,18.347
9/30/2025,5:45:00 AM,0,10.5978,18.33
9/30/2025,6:00:00 AM,0,10.6001,18.313
9/30/2025,6:15:00 AM,0,10.6012,18.296
9/30/2025,6:30:00 AM,0,10.6018,18.282
9/30/2025,6:45:00 AM,0,10.6035,18.269
9/30/2025,7:00:00 AM,0,10.6045,18.257
9/30/2025,7:15:00 AM,0,10.606,18.244
9/30/2025,7:30:00 AM,0,10.6071,18.239
9/30/2025,7:45:00 AM,0,10.6093,18.233
9/30/2025,8:00:00 AM,0,10.6111,18.232
9/30/2025,8:15:00 AM,0,10.6125,18.229
9/30/2025,8:30:00 AM,0,10.6137,18.224
9/30/2025,8:45:00 AM,0,10.6146,18.223
9/30/2025,9:00:00 AM,0,10.6163,18.222
9/30/2025,9:15:00 AM,0,10.6171,18.219
9/30/2025,9:30:00 AM,0,10.6189,18.217
9/30/2025,9:45:00 AM,0,10.619,18.213
9/30/2025,10:00:00 AM,0,10.6192,18.211
9/30/2025,10:15:00 AM,0,10.6182,18.211
9/30/2025,10:30:00 AM,0,10.618,18.207
9/30/2025,10:45:00 AM,0,10.6167,18.207
9/30/2025,11:00:00 AM,0,10.6161,18.207
9/30/2025,11:15:00 AM,0,10.6148,18.204
9/30/2025,11:30:00 AM,0,10.6148,18.205
9/30/2025,11:45:00 AM,0,10.6137,18.207
9/30/2025,12:00:00 PM,0,10.6128,18.207
9/30/2025,12:15:00 PM,0,10.6111,18.208
9/30/2025,12:30:00 PM,0,10.6089,18.211
9/30/2025,12:45:00 PM,0,10.6074,18.213
9/30/2025,1:00:00 PM,0,10.605,18.218
9/30/2025,1:15:00 PM,0,10.6041,18.218
9/30/2025,1:30:00 PM,0,10.6037,18.223
9/30/2025,1:45:00 PM,0,10.6031,18.229
9/30/2025,2:00:00 PM,0,10.6024,18.231
9/30/2025,2:15:00 PM,0,10.6023,18.234
9/30/2025,2:30:00 PM,0,10.6018,18.241
9/30/2025,2:45:00 PM,0,10.5998,18.247
9/30/2025,3:00:00 PM,0,10.5985,18.25
9/30/2025,3:15:00 PM,0,10.5977,18.256
9/30/2025,3:30:00 PM,0,10.5969,18.263
9/30/2025,3:45:00 PM,0,10.5972,18.269
9/30/2025,4:00:00 PM,0,10.5969,18.273
9/30/2025,4:15:00 PM,0,10.5948,18.279
9/30/2025,4:30:00 PM,0,10.593,18.285
9/30/2025,4:45:00 PM,0,10.5916,18.289
9/30/2025,5:00:00 PM,0,10.5889,18.294
9/30/2025,5:15:00 PM,0,10.5881,18.3
9/30/2025,5:30:00 PM,0,10.5884,18.308
9/30/2025,5:45:00 PM,0,10.588,18.311
9/30/2025,6:00:00 PM,0,10.5881,18.316
9/30/2025,6:15:00 PM,0,10.5894,18.321
9/30/2025,6:30:00 PM,0,10.5884,18.326
9/30/2025,6:45:00 PM,0,10.5912,18.333
9/30/2025,7:00:00 PM,0,10.5921,18.337
9/30/2025,7:15:00 PM,0,10.5934,18.341
9/30/2025,7:30:00 PM,0,10.5941,18.346
9/30/2025,7:45:00 PM,0,10.5954,18.35
9/30/2025,8:00:00 PM,0,10.595,18.355
9/30/2025,8:15:00 PM,0,10.5952,18.358
9/30/2025,8:30:00 PM,0,10.5955,18.362
9/30/2025,8:45:00 PM,0,10.5955,18.365
9/30/2025,9:00:00 PM,0,10.5952,18.368
9/30/2025,9:15:00 PM,0,10.5955,18.371
9/30/2025,9:30:00 PM,0,10.5972,18.373
9/30/2025,9:45:00 PM,0,10.5983,18.375
9/30/2025,10:00:00 PM,0,10.599,18.379
9/30/2025,10:15:00 PM,0,10.5985,18.379
9/30/2025,10:30:00 PM,0,10.5971,18.38
9/30/2025,10:45:00 PM,0,10.5979,18.381
9/30/2025,11:00:00 PM,0,10.598,18.38
9/30/2025,11:15:00 PM,0,10.5978,18.377
9/30/2025,11:30:00 PM,0,10.5968,18.373
9/30/2025,11:45:00 PM,0,10.597,18.364
10/1/2025,12:00:00 AM,0,10.596,18.355
10/1/2025,12:15:00 AM,0,10.5967,18.345
10/1/2025,12:30:00 AM,0,10.5972,18.332
10/1/2025,12:45:00 AM,0,10.5981,18.321
10/1/2025,1:00:00 AM,0,10.5988,18.31
10/1/2025,1:15:00 AM,0,10.5992,18.298
10/1/2025,1:30:00 AM,0,10.5992,18.288
10/1/2025,1:45:00 AM,0,10.5981,18.272
10/1/2025,2:00:00 AM,0,10.5977,18.257
10/1/2025,2:15:00 AM,0,10.5984,18.239
10/1/2025,2:30:00 AM,0,10.5983,18.221
10/1/2025,2:45:00 AM,0,10.5981,18.195
10/1/2025,3:00:00 AM,0,10.5981,18.176
10/1/2025,3:15:00 AM,0,10.5985,18.16
10/1/2025,3:30:00 AM,0,10.5992,18.146
10/1/2025,3:45:00 AM,0,10.5994,18.125
10/1/2025,4:00:00 AM,0,10.6008,18.098
10/1/2025,4:15:00 AM,0,10.6012,18.074
10/1/2025,4:30:00 AM,0,10.6013,18.052
10/1/2025,4:45:00 AM,0,10.6015,18.03
10/1/2025,5:00:00 AM,0,10.6034,18.01
10/1/2025,5:15:00 AM,0,10.604,17.99
10/1/2025,5:30:00 AM,0,10.6052,17.974
10/1/2025,5:45:00 AM,0,10.6059,17.952
10/1/2025,6:00:00 AM,0,10.6059,17.933
10/1/2025,6:15:00 AM,0,10.6064,17.915
10/1/2025,6:30:00 AM,0,10.6067,17.896
10/1/2025,6:45:00 AM,0,10.6082,17.879
10/1/2025,7:00:00 AM,0,10.6101,17.865
10/1/2025,7:15:00 AM,0,10.6112,17.857
10/1/2025,7:30:00 AM,0,10.6117,17.853
10/1/2025,7:45:00 AM,0,10.6123,17.855
10/1/2025,8:00:00 AM,0,10.6131,17.855
10/1/2025,8:15:00 AM,0,10.6136,17.858
10/1/2025,8:30:00 AM,0,10.6148,17.859
10/1/2025,8:45:00 AM,0,10.6157,17.863
10/1/2025,9:00:00 AM,0,10.6171,17.865
10/1/2025,9:15:00 AM,0,10.6172,17.867
10/1/2025,9:30:00 AM,0,10.6168,17.869
10/1/2025,9:45:00 AM,0,10.6168,17.872
10/1/2025,10:00:00 AM,0,10.6173,17.876
10/1/2025,10:15:00 AM,0,10.6159,17.88
10/1/2025,10:30:00 AM,0,10.6149,17.881
10/1/2025,10:45:00 AM,0,10.6147,17.885
10/1/2025,11:00:00 AM,0,10.6145,17.892
10/1/2025,11:15:00 AM,0,10.6133,17.896
10/1/2025,11:30:00 AM,0,10.6112,17.901
10/1/2025,11:45:00 AM,0,10.61,17.905
10/1/2025,12:00:00 PM,0,10.6089,17.914
10/1/2025,12:15:00 PM,0,10.6066,17.919
10/1/2025,12:30:00 PM,0,10.6051,17.926
10/1/2025,12:45:00 PM,0,10.6029,17.934
10/1/2025,1:00:00 PM,0,10.6008,17.938
10/1/2025,1:15:00 PM,0,10.5993,17.946
10/1/2025,1:30:00 PM,0,10.5986,17.953
10/1/2025,1:45:00 PM,0,10.5994,17.961
10/1/2025,2:00:00 PM,0,10.5986,17.968
10/1/2025,2:15:00 PM,0,10.5989,17.973
10/1/2025,2:30:00 PM,0,10.5986,17.983
10/1/2025,2:45:00 PM,0,10.5972,17.989
10/1/2025,3:00:00 PM,0,10.597,17.995
10/1/2025,3:15:00 PM,0,10.5954,18
10/1/2025,3:30:00 PM,0,10.5943,18.007
10/1/2025,3:45:00 PM,0,10.5936,18.016
10/1/2025,4:00:00 PM,0,10.5937,18.021
10/1/2025,4:15:00 PM,0,10.5947,18.028
10/1/2025,4:30:00 PM,0,10.5938,18.032
10/1/2025,4:45:00 PM,0,10.5933,18.043
10/1/2025,5:00:00 PM,0,10.5928,18.05
10/1/2025,5:15:00 PM,0,10.5922,18.053
10/1/2025,5:30:00 PM,0,10.5925,18.06
10/1/2025,5:45:00 PM,0,10.5927,18.067
10/1/2025,6:00:00 PM,0,10.5932,18.072
10/1/2025,6:15:00 PM,0,10.5944,18.078
10/1/2025,6:30:00 PM,0,10.5938,18.083
10/1/2025,6:45:00 PM,0,10.5941,18.09
10/1/2025,7:00:00 PM,0,10.5942,18.095
10/1/2025,7:15:00 PM,0,10.5937,18.102
10/1/2025,7:30:00 PM,0,10.5947,18.106
10/1/2025,7:45:00 PM,0,10.596,18.112
10/1/2025,8:00:00 PM,0,10.5973,18.116
10/1/2025,8:15:00 PM,0,10.5987,18.121
10/1/2025,8:30:00 PM,0,10.5994,18.123
10/1/2025,8:45:00 PM,0,10.6003,18.125
10/1/2025,9:00:00 PM,0,10.5993,18.129
10/1/2025,9:15:00 PM,0,10.5996,18.127
10/1/2025,9:30:00 PM,0,10.6001,18.127
10/1/2025,9:45:00 PM,0,10.5991,18.119
10/1/2025,10:00:00 PM,0,10.5996,18.11
10/1/2025,10:15:00 PM,0,10.6009,18.097
10/1/2025,10:30:00 PM,0,10.6012,18.086
10/1/2025,10:45:00 PM,0,10.601,18.074
10/1/2025,11:00:00 PM,0,10.6006,18.068
10/1/2025,11:15:00 PM,0,10.6004,18.058
10/1/2025,11:30:00 PM,0,10.5998,18.043
10/1/2025,11:45:00 PM,0,10.5991,18.027
10/2/2025,12:00:00 AM,0,10.597,18.006
10/2/2025,12:15:00 AM,0,10.5964,17.992
10/2/2025,12:30:00 AM,0,10.5966,17.973
10/2/2025,12:45:00 AM,0,10.5945,17.954
10/2/2025,1:00:00 AM,0,10.5947,17.932
10/2/2025,1:15:00 AM,0,10.5938,17.913
10/2/2025,1:30:00 AM,0,10.5927,17.891
10/2/2025,1:45:00 AM,0,10.5917,17.876
10/2/2025,2:00:00 AM,0,10.5913,17.855
10/2/2025,2:15:00 AM,0,10.5907,17.836
10/2/2025,2:30:00 AM,0,10.5893,17.816
10/2/2025,2:45:00 AM,0,10.5895,17.797
10/2/2025,3:00:00 AM,0,10.59,17.777
10/2/2025,3:15:00 AM,0,10.5897,17.763
10/2/2025,3:30:00 AM,0,10.5896,17.748
10/2/2025,3:45:00 AM,0,10.5899,17.734
10/2/2025,4:00:00 AM,0,10.5907,17.72
10/2/2025,4:15:00 AM,0,10.5924,17.701
10/2/2025,4:30:00 AM,0,10.5934,17.681
10/2/2025,4:45:00 AM,0,10.5938,17.666
10/2/2025,5:00:00 AM,0,10.5957,17.652
10/2/2025,5:15:00 AM,0,10.5981,17.639
10/2/2025,5:30:00 AM,0,10.6001,17.622
10/2/2025,5:45:00 AM,0,10.6019,17.606
10/2/2025,6:00:00 AM,0,10.6033,17.588
10/2/2025,6:15:00 AM,0,10.6049,17.571
10/2/2025,6:30:00 AM,0,10.6054,17.551
10/2/2025,6:45:00 AM,0,10.6071,17.539
10/2/2025,7:00:00 AM,0,10.609,17.534
10/2/2025,7:15:00 AM,0,10.6099,17.533
10/2/2025,7:30:00 AM,0,10.6109,17.536
10/2/2025,7:45:00 AM,0,10.6116,17.541
10/2/2025,8:00:00 AM,0,10.6115,17.548
10/2/2025,8:15:00 AM,0,10.6129,17.551
10/2/2025,8:30:00 AM,0,10.6133,17.559
10/2/2025,8:45:00 AM,0,10.6126,17.566
10/2/2025,9:00:00 AM,0,10.6125,17.571
10/2/2025,9:15:00 AM,0,10.6123,17.576
10/2/2025,9:30:00 AM,0,10.6113,17.585
10/2/2025,9:45:00 AM,0,10.6102,17.592
10/2/2025,10:00:00 AM,0,10.6101,17.598
10/2/2025,10:15:00 AM,0,10.6104,17.605
10/2/2025,10:30:00 AM,0,10.6094,17.61
10/2/2025,10:45:00 AM,0,10.6098,17.615
10/2/2025,11:00:00 AM,0,10.6096,17.624
10/2/2025,11:15:00 AM,0,10.6094,17.631
10/2/2025,11:30:00 AM,0,10.6077,17.639
10/2/2025,11:45:00 AM,0,10.6066,17.65
10/2/2025,12:00:00 PM,0,10.6053,17.658
10/2/2025,12:15:00 PM,0,10.6023,17.667
10/2/2025,12:30:00 PM,0,10.6003,17.676
10/2/2025,12:45:00 PM,0,10.5992,17.683
10/2/2025,1:00:00 PM,0,10.5963,17.693
10/2/2025,1:15:00 PM,0,10.5933,17.701
10/2/2025,1:30:00 PM,0,10.5938,17.709
10/2/2025,1:45:00 PM,0,10.5945,17.717
10/2/2025,2:00:00 PM,0,10.5941,17.727
10/2/2025,2:15:00 PM,0,10.5947,17.735
10/2/2025,2:30:00 PM,0,10.594,17.743
10/2/2025,2:45:00 PM,0,10.5933,17.752
10/2/2025,3:00:00 PM,0,10.5939,17.762
10/2/2025,3:15:00 PM,0,10.5941,17.77
10/2/2025,3:30:00 PM,0,10.5938,17.78
10/2/2025,3:45:00 PM,0,10.5922,17.787
10/2/2025,4:00:00 PM,0,10.5892,17.799
10/2/2025,4:15:00 PM,0,10.5876,17.809
10/2/2025,4:30:00 PM,0,10.5875,17.816
10/2/2025,4:45:00 PM,0,10.5872,17.825
10/2/2025,5:00:00 PM,0,10.5882,17.834
10/2/2025,5:15:00 PM,0,10.5902,17.845
10/2/2025,5:30:00 PM,0,10.5916,17.854
10/2/2025,5:45:00 PM,0,10.5905,17.864
10/2/2025,6:00:00 PM,0,10.5905,17.871
10/2/2025,6:15:00 PM,0,10.5931,17.877
10/2/2025,6:30:00 PM,0,10.5932,17.886
10/2/2025,6:45:00 PM,0,10.5952,17.896
10/2/2025,7:00:00 PM,0,10.5938,17.905
10/2/2025,7:15:00 PM,0,10.596,17.913
10/2/2025,7:30:00 PM,0,10.5967,17.922
10/2/2025,7:45:00 PM,0,10.5975,17.927
10/2/2025,8:00:00 PM,0,10.5944,17.936
10/2/2025,8:15:00 PM,0,10.5948,17.943
10/2/2025,8:30:00 PM,0,10.5961,17.952
10/2/2025,8:45:00 PM,0,10.5977,17.96
10/2/2025,9:00:00 PM,0,10.5982,17.967
10/2/2025,9:15:00 PM,0,10.6002,17.974
10/2/2025,9:30:00 PM,0,10.6006,17.979
10/2/2025,9:45:00 PM,0,10.5991,17.987
10/2/2025,10:00:00 PM,0,10.6,17.995
10/2/2025,10:15:00 PM,0,10.5992,18
10/2/2025,10:30:00 PM,0,10.5982,18.004
10/2/2025,10:45:00 PM,0,10.5973,18.01
10/2/2025,11:00:00 PM,0,10.5977,18.012
10/2/2025,11:15:00 PM,0,10.5961,18.019
10/2/2025,11:30:00 PM,0,10.5963,18.023
10/2/2025,11:45:00 PM,0,10.5953,18.025
10/3/2025,12:00:00 AM,0,10.5957,18.028
10/3/2025,12:15:00 AM,0,10.595,18.03
10/3/2025,12:30:00 AM,0,10.5952,18.032
10/3/2025,12:45:00 AM,0,10.5944,18.03
10/3/2025,1:00:00 AM,0,10.594,18.03
10/3/2025,1:15:00 AM,0,10.5939,18.025
10/3/2025,1:30:00 AM,0,10.5949,18.019
10/3/2025,1:45:00 AM,0,10.5946,18.012
10/3/2025,2:00:00 AM,0,10.5944,18
10/3/2025,2:15:00 AM,0,10.5938,17.991
10/3/2025,2:30:00 AM,0,10.5934,17.98
10/3/2025,2:45:00 AM,0,10.5947,17.965
10/3/2025,3:00:00 AM,0,10.5935,17.956
10/3/2025,3:15:00 AM,0,10.5909,17.939
10/3/2025,3:30:00 AM,0,10.5909,17.923
10/3/2025,3:45:00 AM,0,10.5925,17.899
10/3/2025,4:00:00 AM,0,10.592,17.874
10/3/2025,4:15:00 AM,0,10.5926,17.85
10/3/2025,4:30:00 AM,0,10.5931,17.824
10/3/2025,4:45:00 AM,0,10.595,17.804
10/3/2025,5:00:00 AM,0,10.5958,17.777
10/3/2025,5:15:00 AM,0,10.5976,17.747
10/3/2025,5:30:00 AM,0,10.5977,17.719
10/3/2025,5:45:00 AM,0,10.5989,17.685
10/3/2025,6:00:00 AM,0,10.5986,17.655
10/3/2025,6:15:00 AM,0,10.5986,17.631
10/3/2025,6:30:00 AM,0,10.6,17.61
10/3/2025,6:45:00 AM,0,10.6028,17.587
10/3/2025,7:00:00 AM,0,10.6048,17.572
10/3/2025,7:15:00 AM,0,10.6031,17.564
10/3/2025,7:30:00 AM,0,10.6042,17.564
10/3/2025,7:45:00 AM,0,10.6048,17.563
10/3/2025,8:00:00 AM,0,10.6051,17.566
10/3/2025,8:15:00 AM,0,10.6036,17.569
10/3/2025,8:30:00 AM,0,10.6041,17.577
10/3/2025,8:45:00 AM,0,10.6033,17.583
10/3/2025,9:00:00 AM,0,10.6029,17.588
10/3/2025,9:15:00 AM,0,10.6037,17.594
10/3/2025,9:30:00 AM,0,10.6019,17.599
10/3/2025,9:45:00 AM,0,10.6021,17.608
10/3/2025,10:00:00 AM,0,10.6023,17.615
10/3/2025,10:15:00 AM,0,10.6017,17.621
10/3/2025,10:30:00 AM,0,10.6001,17.624
10/3/2025,10:45:00 AM,0,10.5981,17.627
10/3/2025,11:00:00 AM,0,10.5964,17.633
10/3/2025,11:15:00 AM,0,10.5946,17.639
10/3/2025,11:30:00 AM,0,10.5925,17.648
10/3/2025,11:45:00 AM,0,10.5911,17.656
10/3/2025,12:00:00 PM,0,10.5889,17.667
10/3/2025,12:15:00 PM,0,10.5867,17.676
10/3/2025,12:30:00 PM,0,10.5847,17.686
10/3/2025,12:45:00 PM,0,10.582,17.696
10/3/2025,1:00:00 PM,0,10.5803,17.702
10/3/2025,1:15:00 PM,0,10.5781,17.71
10/3/2025,1:30:00 PM,0,10.5757,17.715
10/3/2025,1:45:00 PM,0,10.5737,17.723
10/3/2025,2:00:00 PM,0,10.5722,17.73
10/3/2025,2:15:00 PM,0,10.5711,17.738
10/3/2025,2:30:00 PM,0,10.5715,17.744
10/3/2025,2:45:00 PM,0,10.5706,17.752
10/3/2025,3:00:00 PM,0,10.5706,17.76
10/3/2025,3:15:00 PM,0,10.5697,17.769
10/3/2025,3:30:00 PM,0,10.5696,17.777
10/3/2025,3:45:00 PM,0,10.5703,17.781
10/3/2025,4:00:00 PM,0,10.5694,17.787
10/3/2025,4:15:00 PM,0,10.5671,17.795
10/3/2025,4:30:00 PM,0,10.5665,17.801
10/3/2025,4:45:00 PM,0,10.5663,17.807
10/3/2025,5:00:00 PM,0,10.5678,17.815
10/3/2025,5:15:00 PM,0,10.569,17.819
10/3/2025,5:30:00 PM,0,10.5704,17.827
10/3/2025,5:45:00 PM,0,10.5708,17.831
10/3/2025,6:00:00 PM,0,10.5728,17.839
10/3/2025,6:15:00 PM,0,10.5749,17.84
10/3/2025,6:30:00 PM,0,10.5778,17.845
10/3/2025,6:45:00 PM,0,10.5805,17.838
10/3/2025,7:00:00 PM,0,10.5825,17.813
10/3/2025,7:15:00 PM,0,10.585,17.792
10/3/2025,7:30:00 PM,0,10.586,17.773
10/3/2025,7:45:00 PM,0,10.5869,17.754
10/3/2025,8:00:00 PM,0,10.5877,17.742
10/3/2025,8:15:00 PM,0,10.588,17.724
10/3/2025,8:30:00 PM,0,10.5858,17.702
10/3/2025,8:45:00 PM,0,10.5869,17.678
10/3/2025,9:00:00 PM,0,10.5883,17.659
10/3/2025,9:15:00 PM,0,10.5897,17.641
10/3/2025,9:30:00 PM,0,10.5905,17.62
10/3/2025,9:45:00 PM,0,10.588,17.6
10/3/2025,10:00:00 PM,0,10.5899,17.584
10/3/2025,10:15:00 PM,0,10.588,17.569
10/3/2025,10:30:00 PM,0,10.5847,17.553
10/3/2025,10:45:00 PM,0,10.583,17.536
10/3/2025,11:00:00 PM,0,10.5809,17.524
10/3/2025,11:15:00 PM,0,10.5799,17.513
10/3/2025,11:30:00 PM,0,10.5829,17.505
10/3/2025,11:45:00 PM,0,10.5844,17.497
10/4/2025,12:00:00 AM,0,10.5839,17.489
10/4/2025,12:15:00 AM,0,10.5832,17.479
10/4/2025,12:30:00 AM,0,10.582,17.468
10/4/2025,12:45:00 AM,0,10.5822,17.453
10/4/2025,1:00:00 AM,0,10.5828,17.44
10/4/2025,1:15:00 AM,0,10.5812,17.427
10/4/2025,1:30:00 AM,0,10.5791,17.414
10/4/2025,1:45:00 AM,0,10.5762,17.401
10/4/2025,2:00:00 AM,0,10.5748,17.39
10/4/2025,2:15:00 AM,0,10.5724,17.377
10/4/2025,2:30:00 AM,0,10.571,17.37
10/4/2025,2:45:00 AM,0,10.5701,17.36
10/4/2025,3:00:00 AM,0,10.5677,17.355
10/4/2025,3:15:00 AM,0,10.5684,17.345
10/4/2025,3:30:00 AM,0,10.5688,17.341
10/4/2025,3:45:00 AM,0,10.5658,17.331
10/4/2025,4:00:00 AM,0,10.5638,17.319
10/4/2025,4:15:00 AM,0,10.5645,17.31
10/4/2025,4:30:00 AM,0,10.5643,17.308
10/4/2025,4:45:00 AM,0,10.565,17.295
10/4/2025,5:00:00 AM,0,10.5663,17.285
10/4/2025,5:15:00 AM,0,10.5666,17.265
10/4/2025,5:30:00 AM,0,10.5685,17.243
10/4/2025,5:45:00 AM,0,10.57,17.219
10/4/2025,6:00:00 AM,0,10.5702,17.197
10/4/2025,6:15:00 AM,0,10.5699,17.174
10/4/2025,6:30:00 AM,0,10.5699,17.152
10/4/2025,6:45:00 AM,0,10.5729,17.138
10/4/2025,7:00:00 AM,0,10.5738,17.128
10/4/2025,7:15:00 AM,0,10.5743,17.123
10/4/2025,7:30:00 AM,0,10.5757,17.129
10/4/2025,7:45:00 AM,0,10.5761,17.138
10/4/2025,8:00:00 AM,0,10.5771,17.15
10/4/2025,8:15:00 AM,0,10.5773,17.16
10/4/2025,8:30:00 AM,0,10.5787,17.169
10/4/2025,8:45:00 AM,0,10.5793,17.179
10/4/2025,9:00:00 AM,0,10.5805,17.189
10/4/2025,9:15:00 AM,0,10.5812,17.198
10/4/2025,9:30:00 AM,0,10.5812,17.209
10/4/2025,9:45:00 AM,0,10.5809,17.218
10/4/2025,10:00:00 AM,0,10.5793,17.225
10/4/2025,10:15:00 AM,0,10.5789,17.231
10/4/2025,10:30:00 AM,0,10.5773,17.239
10/4/2025,10:45:00 AM,0,10.5771,17.245
10/4/2025,11:00:00 AM,0,10.5761,17.254
10/4/2025,11:15:00 AM,0,10.5756,17.263
10/4/2025,11:30:00 AM,0,10.5746,17.271
10/4/2025,11:45:00 AM,0,10.5727,17.283
10/4/2025,12:00:00 PM,0,10.5704,17.293
10/4/2025,12:15:00 PM,0,10.5673,17.304
10/4/2025,12:30:00 PM,0,10.5642,17.315
10/4/2025,12:45:00 PM,0,10.5628,17.325
10/4/2025,1:00:00 PM,0,10.5597,17.333
10/4/2025,1:15:00 PM,0,10.5576,17.341
10/4/2025,1:30:00 PM,0,10.5563,17.351
10/4/2025,1:45:00 PM,0,10.5547,17.359
10/4/2025,2:00:00 PM,0,10.5522,17.371
10/4/2025,2:15:00 PM,0,10.5492,17.38
10/4/2025,2:30:00 PM,0,10.5471,17.389
10/4/2025,2:45:00 PM,0,10.5454,17.396
10/4/2025,3:00:00 PM,0,10.5439,17.405
10/4/2025,3:15:00 PM,0,10.5416,17.414
10/4/2025,3:30:00 PM,0,10.5405,17.421
10/4/2025,3:45:00 PM,0,10.5392,17.43
10/4/2025,4:00:00 PM,0,10.5382,17.437
10/4/2025,4:15:00 PM,0,10.5373,17.448
10/4/2025,4:30:00 PM,0,10.5358,17.456
10/4/2025,4:45:00 PM,0,10.5356,17.464
10/4/2025,5:00:00 PM,0,10.5356,17.471
10/4/2025,5:15:00 PM,0,10.5341,17.48
10/4/2025,5:30:00 PM,0,10.5326,17.488
10/4/2025,5:45:00 PM,0,10.5311,17.495
10/4/2025,6:00:00 PM,0,10.5301,17.502
10/4/2025,6:15:00 PM,0,10.53,17.508
10/4/2025,6:30:00 PM,0,10.5305,17.52
10/4/2025,6:45:00 PM,0,10.532,17.528
10/4/2025,7:00:00 PM,0,10.5325,17.535
10/4/2025,7:15:00 PM,0,10.5321,17.545
10/4/2025,7:30:00 PM,0,10.5329,17.554
10/4/2025,7:45:00 PM,0,10.5329,17.563
10/4/2025,8:00:00 PM,0,10.5318,17.569
10/4/2025,8:15:00 PM,0,10.5324,17.577
10/4/2025,8:30:00 PM,0,10.5322,17.584
10/4/2025,8:45:00 PM,0,10.532,17.577
10/4/2025,9:00:00 PM,0,10.5321,17.554
10/4/2025,9:15:00 PM,0,10.5319,17.531
10/4/2025,9:30:00 PM,0,10.5315,17.509
10/4/2025,9:45:00 PM,0,10.5319,17.478
10/4/2025,10:00:00 PM,0,10.5305,17.448
10/4/2025,10:15:00 PM,0,10.5302,17.421
10/4/2025,10:30:00 PM,0,10.5285,17.39
10/4/2025,10:45:00 PM,0,10.5287,17.36
10/4/2025,11:00:00 PM,0,10.5294,17.329
10/4/2025,11:15:00 PM,0,10.5293,17.303
10/4/2025,11:30:00 PM,0,10.5287,17.274
10/4/2025,11:45:00 PM,0,10.5283,17.247
10/5/2025,12:00:00 AM,0,10.5286,17.224
10/5/2025,12:15:00 AM,0,10.5297,17.202
10/5/2025,12:30:00 AM,0,10.5306,17.177
10/5/2025,12:45:00 AM,0,10.5315,17.157
10/5/2025,1:00:00 AM,0,10.5306,17.138
10/5/2025,1:15:00 AM,0,10.5284,17.121
10/5/2025,1:30:00 AM,0,10.5269,17.1
10/5/2025,1:45:00 AM,0,10.5262,17.083
10/5/2025,2:00:00 AM,0,10.5262,17.064
10/5/2025,2:15:00 AM,0,10.5265,17.044
10/5/2025,2:30:00 AM,0,10.5263,17.022
10/5/2025,2:45:00 AM,0,10.5263,17.001
10/5/2025,3:00:00 AM,0,10.5257,16.978
10/5/2025,3:15:00 AM,0,10.5247,16.956
10/5/2025,3:30:00 AM,0,10.525,16.935
10/5/2025,3:45:00 AM,0,10.5247,16.914
10/5/2025,4:00:00 AM,0,10.525,16.893
10/5/2025,4:15:00 AM,0,10.525,16.869
10/5/2025,4:30:00 AM,0,10.5264,16.849
10/5/2025,4:45:00 AM,0,10.5269,16.83
10/5/2025,5:00:00 AM,0,10.5283,16.812
10/5/2025,5:15:00 AM,0,10.5279,16.787
10/5/2025,5:30:00 AM,0,10.5294,16.765
10/5/2025,5:45:00 AM,0,10.5307,16.752
10/5/2025,6:00:00 AM,0,10.5308,16.732
10/5/2025,6:15:00 AM,0,10.5324,16.71
10/5/2025,6:30:00 AM,0,10.5332,16.689
10/5/2025,6:45:00 AM,0,10.535,16.67
10/5/2025,7:00:00 AM,0,10.5372,16.658
10/5/2025,7:15:00 AM,0,10.5395,16.652
10/5/2025,7:30:00 AM,0,10.5401,16.657
10/5/2025,7:45:00 AM,0,10.5417,16.662
10/5/2025,8:00:00 AM,0,10.5424,16.671
10/5/2025,8:15:00 AM,0,10.5428,16.679
10/5/2025,8:30:00 AM,0,10.5435,16.689
10/5/2025,8:45:00 AM,0,10.5431,16.699
10/5/2025,9:00:00 AM,0,10.543,16.708
10/5/2025,9:15:00 AM,0,10.5425,16.721
10/5/2025,9:30:00 AM,0,10.5425,16.731
10/5/2025,9:45:00 AM,0,10.5432,16.741
10/5/2025,10:00:00 AM,0,10.5432,16.75
10/5/2025,10:15:00 AM,0,10.5415,16.759
10/5/2025,10:30:00 AM,0,10.5409,16.766
10/5/2025,10:45:00 AM,0,10.54,16.777
10/5/2025,11:00:00 AM,0,10.54,16.786
10/5/2025,11:15:00 AM,0,10.5379,16.796
10/5/2025,11:30:00 AM,0,10.5365,16.808
10/5/2025,11:45:00 AM,0,10.5356,16.821
10/5/2025,12:00:00 PM,0,10.5339,16.833
10/5/2025,12:15:00 PM,0,10.5314,16.845
10/5/2025,12:30:00 PM,0,10.53,16.855
10/5/2025,12:45:00 PM,0,10.5283,16.868
10/5/2025,1:00:00 PM,0,10.5268,16.879
10/5/2025,1:15:00 PM,0,10.5261,16.89
10/5/2025,1:30:00 PM,0,10.5249,16.899
10/5/2025,1:45:00 PM,0,10.5243,16.911
10/5/2025,2:00:00 PM,0,10.5228,16.92
10/5/2025,2:15:00 PM,0,10.5226,16.935
10/5/2025,2:30:00 PM,0,10.5223,16.948
10/5/2025,2:45:00 PM,0,10.5214,16.959
10/5/2025,3:00:00 PM,0,10.5218,16.969
10/5/2025,3:15:00 PM,0,10.521,16.977
10/5/2025,3:30:00 PM,0,10.5202,16.988
10/5/2025,3:45:00 PM,0,10.5193,16.998
10/5/2025,4:00:00 PM,0,10.5187,17.006
10/5/2025,4:15:00 PM,0,10.519,17.014
10/5/2025,4:30:00 PM,0,10.5189,17.024
10/5/2025,4:45:00 PM,0,10.5183,17.033
10/5/2025,5:00:00 PM,0,10.5182,17.042
10/5/2025,5:15:00 PM,0,10.5176,17.051
10/5/2025,5:30:00 PM,0,10.5184,17.059
10/5/2025,5:45:00 PM,0,10.5187,17.067
10/5/2025,6:00:00 PM,0,10.519,17.074
10/5/2025,6:15:00 PM,0,10.5189,17.084
10/5/2025,6:30:00 PM,0,10.5188,17.091
10/5/2025,6:45:00 PM,0,10.5195,17.1
10/5/2025,7:00:00 PM,0,10.5194,17.107
10/5/2025,7:15:00 PM,0,10.5202,17.112
10/5/2025,7:30:00 PM,0,10.5206,17.12
10/5/2025,7:45:00 PM,0,10.522,17.125
10/5/2025,8:00:00 PM,0,10.5233,17.129
10/5/2025,8:15:00 PM,0,10.5248,17.134
10/5/2025,8:30:00 PM,0,10.5259,17.137
10/5/2025,8:45:00 PM,0,10.527,17.119
10/5/2025,9:00:00 PM,0,10.5277,17.096
10/5/2025,9:15:00 PM,0,10.5286,17.071
10/5/2025,9:30:00 PM,0,10.5302,17.047
10/5/2025,9:45:00 PM,0,10.5305,17.022
10/5/2025,10:00:00 PM,0,10.5311,16.996
10/5/2025,10:15:00 PM,0,10.532,16.969
10/5/2025,10:30:00 PM,0,10.5325,16.942
10/5/2025,10:45:00 PM,0,10.5341,16.913
10/5/2025,11:00:00 PM,0,10.5346,16.884
10/5/2025,11:15:00 PM,0,10.5352,16.859
10/5/2025,11:30:00 PM,0,10.534,16.832
10/5/2025,11:45:00 PM,0,10.5343,16.808
10/6/2025,12:00:00 AM,0,10.534,16.786
10/6/2025,12:15:00 AM,0,10.5338,16.76
10/6/2025,12:30:00 AM,0,10.5335,16.736
10/6/2025,12:45:00 AM,0,10.5341,16.716
10/6/2025,1:00:00 AM,0,10.5339,16.701
10/6/2025,1:15:00 AM,0,10.5343,16.693
10/6/2025,1:30:00 AM,0,10.5336,16.692
10/6/2025,1:45:00 AM,0,10.5322,16.695
10/6/2025,2:00:00 AM,0,10.5314,16.701
10/6/2025,2:15:00 AM,0,10.531,16.707
10/6/2025,2:30:00 AM,0,10.5301,16.707
10/6/2025,2:45:00 AM,0,10.5287,16.709
10/6/2025,3:00:00 AM,0,10.5287,16.711
10/6/2025,3:15:00 AM,0,10.5284,16.708
10/6/2025,3:30:00 AM,0,10.5287,16.712
10/6/2025,3:45:00 AM,0,10.5292,16.709
10/6/2025,4:00:00 AM,0,10.5303,16.71
10/6/2025,4:15:00 AM,0,10.5313,16.711
10/6/2025,4:30:00 AM,0,10.5322,16.709
10/6/2025,4:45:00 AM,0,10.5341,16.711
10/6/2025,5:00:00 AM,0,10.5356,16.708
10/6/2025,5:15:00 AM,0,10.5377,16.71
10/6/2025,5:30:00 AM,0,10.5388,16.71
10/6/2025,5:45:00 AM,0,10.54,16.711
10/6/2025,6:00:00 AM,0,10.5408,16.711
10/6/2025,6:15:00 AM,0,10.5424,16.711
10/6/2025,6:30:00 AM,0,10.5436,16.712
10/6/2025,6:45:00 AM,0,10.5445,16.711
10/6/2025,7:00:00 AM,0,10.5457,16.714
10/6/2025,7:15:00 AM,0,10.5473,16.714
10/6/2025,7:30:00 AM,0,10.5486,16.717
10/6/2025,7:45:00 AM,0,10.5495,16.72
10/6/2025,8:00:00 AM,0,10.5504,16.721
10/6/2025,8:15:00 AM,0,10.5515,16.722
10/6/2025,8:30:00 AM,0,10.5517,16.727
10/6/2025,8:45:00 AM,0,10.5529,16.729
10/6/2025,9:00:00 AM,0,10.554,16.733
10/6/2025,9:15:00 AM,0,10.5539,16.735
10/6/2025,9:30:00 AM,0,10.554,16.739
10/6/2025,9:45:00 AM,0,10.554,16.744
10/6/2025,10:00:00 AM,0,10.5536,16.749
10/6/2025,10:15:00 AM,0,10.554,16.752
10/6/2025,10:30:00 AM,0,10.5535,16.761
10/6/2025,10:45:00 AM,0,10.5527,16.768
10/6/2025,11:00:00 AM,0,10.5518,16.774
10/6/2025,11:15:00 AM,0,10.5502,16.784
10/6/2025,11:30:00 AM,0,10.5499,16.791
10/6/2025,11:45:00 AM,0,10.5499,16.802
10/6/2025,12:00:00 PM,0,10.5489,16.812
10/6/2025,12:15:00 PM,0,10.5482,16.82
10/6/2025,12:30:00 PM,0,10.5479,16.832
10/6/2025,12:45:00 PM,0,10.5469,16.841
10/6/2025,1:00:00 PM,0,10.5451,16.85
10/6/2025,1:15:00 PM,0,10.544,16.862
10/6/2025,1:30:00 PM,0,10.5429,16.871
10/6/2025,1:45:00 PM,0,10.5419,16.882
10/6/2025,2:00:00 PM,0,10.5408,16.892
10/6/2025,2:15:00 PM,0,10.54,16.9
10/6/2025,2:30:00 PM,0,10.5393,16.911
10/6/2025,2:45:00 PM,0,10.5387,16.919
10/6/2025,3:00:00 PM,0,10.5374,16.928
10/6/2025,3:15:00 PM,0,10.5367,16.939
10/6/2025,3:30:00 PM,0,10.5357,16.947
10/6/2025,3:45:00 PM,0,10.5353,16.957
10/6/2025,4:00:00 PM,0,10.536,16.963
10/6/2025,4:15:00 PM,0,10.5372,16.97
10/6/2025,4:30:00 PM,0,10.5369,16.98
10/6/2025,4:45:00 PM,0,10.5376,16.989
10/6/2025,5:00:00 PM,0,10.5383,16.996
10/6/2025,5:15:00 PM,0,10.5385,17.001
10/6/2025,5:30:00 PM,0,10.5389,17.01
10/6/2025,5:45:00 PM,0,10.5387,17.017
10/6/2025,6:00:00 PM,0,10.5388,17.026
10/6/2025,6:15:00 PM,0,10.5386,17.031
10/6/2025,6:30:00 PM,0,10.5395,17.037
10/6/2025,6:45:00 PM,0,10.5399,17.042
10/6/2025,7:00:00 PM,0,10.5418,17.05
10/6/2025,7:15:00 PM,0,10.5427,17.051
10/6/2025,7:30:00 PM,0,10.5446,17.056
10/6/2025,7:45:00 PM,0,10.5468,17.061
10/6/2025,8:00:00 PM,0,10.5486,17.061
10/6/2025,8:15:00 PM,0,10.5503,17.061
10/6/2025,8:30:00 PM,0,10.5506,17.047
10/6/2025,8:45:00 PM,0,10.5514,17.029
10/6/2025,9:00:00 PM,0,10.5521,17.011
10/6/2025,9:15:00 PM,0,10.552,16.992
10/6/2025,9:30:00 PM,0,10.5521,16.977
10/6/2025,9:45:00 PM,0,10.553,16.96
10/6/2025,10:00:00 PM,0,10.554,16.943
10/6/2025,10:15:00 PM,0,10.5545,16.924
10/6/2025,10:30:00 PM,0,10.5547,16.898
10/6/2025,10:45:00 PM,0,10.555,16.876
10/6/2025,11:00:00 PM,0,10.5548,16.854
10/6/2025,11:15:00 PM,0,10.5555,16.832
10/6/2025,11:30:00 PM,0,10.5556,16.813
10/6/2025,11:45:00 PM,0,10.5571,16.799
10/7/2025,12:00:00 AM,0,10.5571,16.798
10/7/2025,12:15:00 AM,0,10.5567,16.796
10/7/2025,12:30:00 AM,0,10.5565,16.797
10/7/2025,12:45:00 AM,0,10.5564,16.795
10/7/2025,1:00:00 AM,0,10.5561,16.799
10/7/2025,1:15:00 AM,0,10.555,16.799
10/7/2025,1:30:00 AM,0,10.5538,16.802
10/7/2025,1:45:00 AM,0,10.5535,16.807
10/7/2025,2:00:00 AM,0,10.5533,16.809
10/7/2025,2:15:00 AM,0,10.5523,16.809
10/7/2025,2:30:00 AM,0,10.552,16.813
10/7/2025,2:45:00 AM,0,10.5515,16.816
10/7/2025,3:00:00 AM,0,10.5507,16.817
10/7/2025,3:15:00 AM,0,10.551,16.818
10/7/2025,3:30:00 AM,0,10.5506,16.82
10/7/2025,3:45:00 AM,0,10.5509,16.821
10/7/2025,4:00:00 AM,0,10.5517,16.821
10/7/2025,4:15:00 AM,0,10.552,16.823
10/7/2025,4:30:00 AM,0,10.552,16.826
10/7/2025,4:45:00 AM,0,10.5527,16.824
10/7/2025,5:00:00 AM,0,10.5535,16.823
10/7/2025,5:15:00 AM,0,10.5538,16.824
10/7/2025,5:30:00 AM,0,10.5548,16.824
10/7/2025,5:45:00 AM,0,10.5549,16.824
10/7/2025,6:00:00 AM,0,10.553,16.822
10/7/2025,6:15:00 AM,0,10.5528,16.824
10/7/2025,6:30:00 AM,0,10.5553,16.822
10/7/2025,6:45:00 AM,0,10.5575,16.825
10/7/2025,7:00:00 AM,0,10.5598,16.823
10/7/2025,7:15:00 AM,0,10.5618,16.823
10/7/2025,7:30:00 AM,0,10.5634,16.821
10/7/2025,7:45:00 AM,0,10.5662,16.823
10/7/2025,8:00:00 AM,0,10.5673,16.825
10/7/2025,8:15:00 AM,0,10.5684,16.828
10/7/2025,8:30:00 AM,0,10.5699,16.829
10/7/2025,8:45:00 AM,0,10.571,16.832
10/7/2025,9:00:00 AM,0,10.572,16.834
10/7/2025,9:15:00 AM,0,10.5729,16.836
10/7/2025,9:30:00 AM,0,10.573,16.837
10/7/2025,9:45:00 AM,0,10.5731,16.84
10/7/2025,10:00:00 AM,0,10.5735,16.842
10/7/2025,10:15:00 AM,0,10.5726,16.847
10/7/2025,10:30:00 AM,0,10.5718,16.852
10/7/2025,10:45:00 AM,0,10.5717,16.857
10/7/2025,11:00:00 AM,0,10.5709,16.864
10/7/2025,11:15:00 AM,0,10.5692,16.868
10/7/2025,11:30:00 AM,0,10.5675,16.875
10/7/2025,11:45:00 AM,0,10.5667,16.879
10/7/2025,12:00:00 PM,0,10.5657,16.889
10/7/2025,12:15:00 PM,0,10.5644,16.894
10/7/2025,12:30:00 PM,0,10.5644,16.902
10/7/2025,12:45:00 PM,0,10.5638,16.912
10/7/2025,1:00:00 PM,0,10.5626,16.919
10/7/2025,1:15:00 PM,0,10.5614,16.928
10/7/2025,1:30:00 PM,0,10.5614,16.933
10/7/2025,1:45:00 PM,0,10.561,16.942
10/7/2025,2:00:00 PM,0,10.561,16.949
10/7/2025,2:15:00 PM,0,10.56,16.957
10/7/2025,2:30:00 PM,0,10.5597,16.965
10/7/2025,2:45:00 PM,0,10.5588,16.972
10/7/2025,3:00:00 PM,0,10.5575,16.978
10/7/2025,3:15:00 PM,0,10.5568,16.984
10/7/2025,3:30:00 PM,0,10.5556,16.99
10/7/2025,3:45:00 PM,0,10.5546,16.995
10/7/2025,4:00:00 PM,0,10.554,17
10/7/2025,4:15:00 PM,0,10.5549,17.007
10/7/2025,4:30:00 PM,0,10.5547,17.012
10/7/2025,4:45:00 PM,0,10.5541,17.018
10/7/2025,5:00:00 PM,0,10.553,17.023
10/7/2025,5:15:00 PM,0,10.5536,17.027
10/7/2025,5:30:00 PM,0,10.5538,17.034
10/7/2025,5:45:00 PM,0,10.5527,17.041
10/7/2025,6:00:00 PM,0,10.5518,17.046
10/7/2025,6:15:00 PM,0,10.5516,17.051
10/7/2025,6:30:00 PM,0,10.5528,17.054
10/7/2025,6:45:00 PM,0,10.5544,17.058
10/7/2025,7:00:00 PM,0,10.555,17.064
10/7/2025,7:15:00 PM,0,10.5572,17.067
10/7/2025,7:30:00 PM,0,10.5601,17.071
10/7/2025,7:45:00 PM,0,10.562,17.072
10/7/2025,8:00:00 PM,0,10.5629,17.077
10/7/2025,8:15:00 PM,0,10.5638,17.069
10/7/2025,8:30:00 PM,0,10.5651,17.061
10/7/2025,8:45:00 PM,0,10.5658,17.046
10/7/2025,9:00:00 PM,0,10.5657,17.028
10/7/2025,9:15:00 PM,0,10.5646,17.005
10/7/2025,9:30:00 PM,0,10.5648,16.984
10/7/2025,9:45:00 PM,0,10.5656,16.961
10/7/2025,10:00:00 PM,0,10.5669,16.939
10/7/2025,10:15:00 PM,0,10.5671,16.911
10/7/2025,10:30:00 PM,0,10.5655,16.887
10/7/2025,10:45:00 PM,0,10.5657,16.865
10/7/2025,11:00:00 PM,0,10.5673,16.839
10/7/2025,11:15:00 PM,0,10.5676,16.817
10/7/2025,11:30:00 PM,0,10.567,16.791
10/7/2025,11:45:00 PM,0,10.5665,16.775
10/8/2025,12:00:00 AM,0,10.5671,16.76
10/8/2025,12:15:00 AM,0,10.5678,16.745
10/8/2025,12:30:00 AM,0,10.5684,16.734
10/8/2025,12:45:00 AM,0,10.5673,16.721
10/8/2025,1:00:00 AM,0,10.5682,16.708
10/8/2025,1:15:00 AM,0,10.5687,16.692
10/8/2025,1:30:00 AM,0,10.5669,16.677
10/8/2025,1:45:00 AM,0,10.565,16.661
10/8/2025,2:00:00 AM,0,10.5626,16.644
10/8/2025,2:15:00 AM,0,10.562,16.627
10/8/2025,2:30:00 AM,0,10.5626,16.61
10/8/2025,2:45:00 AM,0,10.5632,16.592
10/8/2025,3:00:00 AM,0,10.5649,16.574
10/8/2025,3:15:00 AM,0,10.5646,16.557
10/8/2025,3:30:00 AM,0,10.5636,16.545
10/8/2025,3:45:00 AM,0,10.5641,16.533
10/8/2025,4:00:00 AM,0,10.5638,16.52
10/8/2025,4:15:00 AM,0,10.5649,16.512
10/8/2025,4:30:00 AM,0,10.5646,16.505
10/8/2025,4:45:00 AM,0,10.5644,16.501
10/8/2025,5:00:00 AM,0,10.5663,16.492
10/8/2025,5:15:00 AM,0,10.5678,16.48
10/8/2025,5:30:00 AM,0,10.569,16.463
10/8/2025,5:45:00 AM,0,10.5705,16.454
10/8/2025,6:00:00 AM,0,10.5709,16.453
10/8/2025,6:15:00 AM,0,10.5708,16.454
10/8/2025,6:30:00 AM,0,10.5722,16.454
10/8/2025,6:45:00 AM,0,10.5729,16.456
10/8/2025,7:00:00 AM,0,10.5743,16.458
10/8/2025,7:15:00 AM,0,10.5747,16.46
10/8/2025,7:30:00 AM,0,10.5752,16.464
10/8/2025,7:45:00 AM,0,10.5762,16.465
10/8/2025,8:00:00 AM,0,10.5746,16.468
10/8/2025,8:15:00 AM,0,10.5745,16.472
10/8/2025,8:30:00 AM,0,10.5765,16.474
10/8/2025,8:45:00 AM,0,10.5782,16.48
10/8/2025,9:00:00 AM,0,10.5786,16.484
10/8/2025,9:15:00 AM,0,10.5808,16.486
10/8/2025,9:30:00 AM,0,10.5839,16.493
10/8/2025,9:45:00 AM,0,10.5841,16.5
10/8/2025,10:00:00 AM,0,10.5837,16.511
10/8/2025,10:15:00 AM,0,10.5817,16.524
10/8/2025,10:30:00 AM,0,10.5821,16.532
10/8/2025,10:45:00 AM,0,10.5809,16.54
10/8/2025,11:00:00 AM,0,10.5794,16.55
10/8/2025,11:15:00 AM,0,10.5787,16.56
10/8/2025,11:30:00 AM,0,10.577,16.571
10/8/2025,11:45:00 AM,0,10.5769,16.583
10/8/2025,12:00:00 PM,0,10.5754,16.593
10/8/2025,12:15:00 PM,0,10.575,16.604
10/8/2025,12:30:00 PM,0,10.5712,16.615
10/8/2025,12:45:00 PM,0,10.5699,16.627
10/8/2025,1:00:00 PM,0,10.5683,16.636
10/8/2025,1:15:00 PM,0,10.568,16.646
10/8/2025,1:30:00 PM,0,10.5668,16.655
10/8/2025,1:45:00 PM,0,10.5665,16.666
10/8/2025,2:00:00 PM,0,10.5652,16.676
10/8/2025,2:15:00 PM,0,10.5651,16.686
10/8/2025,2:30:00 PM,0,10.5649,16.698
10/8/2025,2:45:00 PM,0,10.5648,16.705
10/8/2025,3:00:00 PM,0,10.5637,16.716
10/8/2025,3:15:00 PM,0,10.5625,16.726
10/8/2025,3:30:00 PM,0,10.5629,16.736
10/8/2025,3:45:00 PM,0,10.5622,16.742
10/8/2025,4:00:00 PM,0,10.5628,16.752
10/8/2025,4:15:00 PM,0,10.5631,16.76
10/8/2025,4:30:00 PM,0,10.5631,16.767
10/8/2025,4:45:00 PM,0,10.562,16.775
10/8/2025,5:00:00 PM,0,10.5622,16.785
10/8/2025,5:15:00 PM,0,10.5629,16.791
10/8/2025,5:30:00 PM,0,10.563,16.799
10/8/2025,5:45:00 PM,0,10.563,16.806
10/8/2025,6:00:00 PM,0,10.5632,16.813
10/8/2025,6:15:00 PM,0,10.5633,16.82
10/8/2025,6:30:00 PM,0,10.5638,16.826
10/8/2025,6:45:00 PM,0,10.5646,16.833
10/8/2025,7:00:00 PM,0,10.5656,16.841
10/8/2025,7:15:00 PM,0,10.5665,16.844
10/8/2025,7:30:00 PM,0,10.5677,16.851
10/8/2025,7:45:00 PM,0,10.5681,16.857
10/8/2025,8:00:00 PM,0,10.5689,16.86
10/8/2025,8:15:00 PM,0,10.5687,16.866
10/8/2025,8:30:00 PM,0,10.5688,16.87
10/8/2025,8:45:00 PM,0,10.5697,16.871
10/8/2025,9:00:00 PM,0,10.5716,16.869
10/8/2025,9:15:00 PM,0,10.572,16.858
10/8/2025,9:30:00 PM,0,10.574,16.84
10/8/2025,9:45:00 PM,0,10.5756,16.823
10/8/2025,10:00:00 PM,0,10.5768,16.803
10/8/2025,10:15:00 PM,0,10.5763,16.779
10/8/2025,10:30:00 PM,0,10.5764,16.75
10/8/2025,10:45:00 PM,0,10.5764,16.721
10/8/2025,11:00:00 PM,0,10.5754,16.691
10/8/2025,11:15:00 PM,0,10.5742,16.657
10/8/2025,11:30:00 PM,0,10.5746,16.626
10/8/2025,11:45:00 PM,0,10.5739,16.594
10/9/2025,12:00:00 AM,0,10.5738,16.564
10/9/2025,12:15:00 AM,0,10.5732,16.536
10/9/2025,12:30:00 AM,0,10.5732,16.509
10/9/2025,12:45:00 AM,0,10.5731,16.483
10/9/2025,1:00:00 AM,0,10.5743,16.46
10/9/2025,1:15:00 AM,0,10.5751,16.437
10/9/2025,1:30:00 AM,0,10.5751,16.413
10/9/2025,1:45:00 AM,0,10.5734,16.392
10/9/2025,2:00:00 AM,0,10.5728,16.373
10/9/2025,2:15:00 AM,0,10.5724,16.353
10/9/2025,2:30:00 AM,0,10.5717,16.335
10/9/2025,2:45:00 AM,0,10.5714,16.308
10/9/2025,3:00:00 AM,0,10.5724,16.286
10/9/2025,3:15:00 AM,0,10.5719,16.263
10/9/2025,3:30:00 AM,0,10.5719,16.239
10/9/2025,3:45:00 AM,0,10.573,16.218
10/9/2025,4:00:00 AM,0,10.574,16.201
10/9/2025,4:15:00 AM,0,10.5746,16.183
10/9/2025,4:30:00 AM,0,10.576,16.159
10/9/2025,4:45:00 AM,0,10.5767,16.131
10/9/2025,5:00:00 AM,0,10.5767,16.107
10/9/2025,5:15:00 AM,0,10.5772,16.085
10/9/2025,5:30:00 AM,0,10.5778,16.058
10/9/2025,5:45:00 AM,0,10.5781,16.039
10/9/2025,6:00:00 AM,0,10.5786,16.015
10/9/2025,6:15:00 AM,0,10.5788,15.994
10/9/2025,6:30:00 AM,0,10.5794,15.977
10/9/2025,6:45:00 AM,0,10.5811,15.961
10/9/2025,7:00:00 AM,0,10.5815,15.949
10/9/2025,7:15:00 AM,0,10.5819,15.942
10/9/2025,7:30:00 AM,0,10.5827,15.941
10/9/2025,7:45:00 AM,0,10.5835,15.942
10/9/2025,8:00:00 AM,0,10.5838,15.947
10/9/2025,8:15:00 AM,0,10.5844,15.953
10/9/2025,8:30:00 AM,0,10.5855,15.96
10/9/2025,8:45:00 AM,0,10.5864,15.967
10/9/2025,9:00:00 AM,0,10.5862,15.975
10/9/2025,9:15:00 AM,0,10.5863,15.981
10/9/2025,9:30:00 AM,0,10.5851,15.985
10/9/2025,9:45:00 AM,0,10.5849,15.993
10/9/2025,10:00:00 AM,0,10.5838,16.002
10/9/2025,10:15:00 AM,0,10.5833,16.015
10/9/2025,10:30:00 AM,0,10.5822,16.021
10/9/2025,10:45:00 AM,0,10.5819,16.027
10/9/2025,11:00:00 AM,0,10.5806,16.037
10/9/2025,11:15:00 AM,0,10.5802,16.043
10/9/2025,11:30:00 AM,0,10.5791,16.055
10/9/2025,11:45:00 AM,0,10.5777,16.064
10/9/2025,12:00:00 PM,0,10.5773,16.075
10/9/2025,12:15:00 PM,0,10.575,16.089
10/9/2025,12:30:00 PM,0,10.5725,16.099
10/9/2025,12:45:00 PM,0,10.5706,16.113
10/9/2025,1:00:00 PM,0,10.5692,16.124
10/9/2025,1:15:00 PM,0,10.5681,16.135
10/9/2025,1:30:00 PM,0,10.5663,16.15
10/9/2025,1:45:00 PM,0,10.5654,16.161
10/9/2025,2:00:00 PM,0,10.5647,16.173
10/9/2025,2:15:00 PM,0,10.5642,16.184
10/9/2025,2:30:00 PM,0,10.5637,16.197
10/9/2025,2:45:00 PM,0,10.5616,16.207
10/9/2025,3:00:00 PM,0,10.5623,16.22
10/9/2025,3:15:00 PM,0,10.5627,16.231
10/9/2025,3:30:00 PM,0,10.5616,16.244
10/9/2025,3:45:00 PM,0,10.5611,16.254
10/9/2025,4:00:00 PM,0,10.5614,16.262
10/9/2025,4:15:00 PM,0,10.5614,16.273
10/9/2025,4:30:00 PM,0,10.5625,16.283
10/9/2025,4:45:00 PM,0,10.5617,16.293
10/9/2025,5:00:00 PM,0,10.562,16.305
10/9/2025,5:15:00 PM,0,10.5616,16.314
10/9/2025,5:30:00 PM,0,10.5602,16.323
10/9/2025,5:45:00 PM,0,10.5606,16.334
10/9/2025,6:00:00 PM,0,10.5609,16.342
10/9/2025,6:15:00 PM,0,10.5609,16.353
10/9/2025,6:30:00 PM,0,10.5615,16.361
10/9/2025,6:45:00 PM,0,10.5626,16.37
10/9/2025,7:00:00 PM,0,10.5651,16.378
10/9/2025,7:15:00 PM,0,10.5667,16.386
10/9/2025,7:30:00 PM,0,10.5681,16.394
10/9/2025,7:45:00 PM,0,10.5695,16.401
10/9/2025,8:00:00 PM,0,10.571,16.408
10/9/2025,8:15:00 PM,0,10.5727,16.415
10/9/2025,8:30:00 PM,0,10.5743,16.42
10/9/2025,8:45:00 PM,0,10.5774,16.426
10/9/2025,9:00:00 PM,0,10.5784,16.433
10/9/2025,9:15:00 PM,0,10.5787,16.437
10/9/2025,9:30:00 PM,0,10.5801,16.44
10/9/2025,9:45:00 PM,0,10.5805,16.43
10/9/2025,10:00:00 PM,0,10.5807,16.413
10/9/2025,10:15:00 PM,0,10.5803,16.395
10/9/2025,10:30:00 PM,0,10.5803,16.371
10/9/2025,10:45:00 PM,0,10.5799,16.345
10/9/2025,11:00:00 PM,0,10.5791,16.323
10/9/2025,11:15:00 PM,0,10.5793,16.297
10/9/2025,11:30:00 PM,0,10.5792,16.274
10/9/2025,11:45:00 PM,0,10.5787,16.249
10/10/2025,12:00:00 AM,0,10.578,16.226
10/10/2025,12:15:00 AM,0,10.5788,16.208
10/10/2025,12:30:00 AM,0,10.5765,16.186
10/10/2025,12:45:00 AM,0,10.5767,16.168
10/10/2025,1:00:00 AM,0,10.5761,16.147
10/10/2025,1:15:00 AM,0,10.5751,16.129
10/10/2025,1:30:00 AM,0,10.574,16.11
10/10/2025,1:45:00 AM,0,10.5718,16.086
10/10/2025,2:00:00 AM,0,10.5702,16.06
10/10/2025,2:15:00 AM,0,10.5677,16.036
10/10/2025,2:30:00 AM,0,10.5668,16.011
10/10/2025,2:45:00 AM,0,10.5663,15.988
10/10/2025,3:00:00 AM,0,10.5656,15.966
10/10/2025,3:15:00 AM,0,10.5643,15.947
10/10/2025,3:30:00 AM,0,10.5646,15.926
10/10/2025,3:45:00 AM,0,10.5642,15.907
10/10/2025,4:00:00 AM,0,10.5646,15.887
10/10/2025,4:15:00 AM,0,10.5645,15.866
10/10/2025,4:30:00 AM,0,10.565,15.843
10/10/2025,4:45:00 AM,0,10.5657,15.826
10/10/2025,5:00:00 AM,0,10.5663,15.806
10/10/2025,5:15:00 AM,0,10.5652,15.784
10/10/2025,5:30:00 AM,0,10.5667,15.762
10/10/2025,5:45:00 AM,0,10.5659,15.739
10/10/2025,6:00:00 AM,0,10.5661,15.718
10/10/2025,6:15:00 AM,0,10.5654,15.697
10/10/2025,6:30:00 AM,0,10.5655,15.676
10/10/2025,6:45:00 AM,0,10.5664,15.66
10/10/2025,7:00:00 AM,0,10.5673,15.648
10/10/2025,7:15:00 AM,0,10.5681,15.643
10/10/2025,7:30:00 AM,0,10.569,15.646
10/10/2025,7:45:00 AM,0,10.5689,15.653
10/10/2025,8:00:00 AM,0,10.5689,15.663
10/10/2025,8:15:00 AM,0,10.5696,15.674
10/10/2025,8:30:00 AM,0,10.5684,15.683
10/10/2025,8:45:00 AM,0,10.5684,15.69
10/10/2025,9:00:00 AM,0,10.5671,15.697
10/10/2025,9:15:00 AM,0,10.5674,15.708
10/10/2025,9:30:00 AM,0,10.5682,15.712
10/10/2025,9:45:00 AM,0,10.5674,15.722
10/10/2025,10:00:00 AM,0,10.5665,15.733
10/10/2025,10:15:00 AM,0,10.5661,15.748
10/10/2025,10:30:00 AM,0,10.5665,15.758
10/10/2025,10:45:00 AM,0,10.5663,15.766
10/10/2025,11:00:00 AM,0,10.5637,15.774
10/10/2025,11:15:00 AM,0,10.5622,15.784
10/10/2025,11:30:00 AM,0,10.561,15.795
10/10/2025,11:45:00 AM,0,10.5593,15.808
10/10/2025,12:00:00 PM,0,10.5577,15.819
10/10/2025,12:15:00 PM,0,10.556,15.833
10/10/2025,12:30:00 PM,0,10.5542,15.845
10/10/2025,12:45:00 PM,0,10.5509,15.858
10/10/2025,1:00:00 PM,0,10.5481,15.871
10/10/2025,1:15:00 PM,0,10.5455,15.885
10/10/2025,1:30:00 PM,0,10.5431,15.896
10/10/2025,1:45:00 PM,0,10.5418,15.909
10/10/2025,2:00:00 PM,0,10.5409,15.921
10/10/2025,2:15:00 PM,0,10.5384,15.932
10/10/2025,2:30:00 PM,0,10.5368,15.947
10/10/2025,2:45:00 PM,0,10.5349,15.958
10/10/2025,3:00:00 PM,0,10.533,15.97
10/10/2025,3:15:00 PM,0,10.5313,15.984
10/10/2025,3:30:00 PM,0,10.5304,15.994
10/10/2025,3:45:00 PM,0,10.5289,16.009
10/10/2025,4:00:00 PM,0,10.5284,16.018
10/10/2025,4:15:00 PM,0,10.5284,16.034
10/10/2025,4:30:00 PM,0,10.5281,16.045
10/10/2025,4:45:00 PM,0,10.5273,16.057
10/10/2025,5:00:00 PM,0,10.528,16.068
10/10/2025,5:15:00 PM,0,10.5288,16.082
10/10/2025,5:30:00 PM,0,10.5291,16.092
10/10/2025,5:45:00 PM,0,10.5306,16.102
10/10/2025,6:00:00 PM,0,10.5306,16.114
10/10/2025,6:15:00 PM,0,10.5308,16.124
10/10/2025,6:30:00 PM,0,10.5332,16.133
10/10/2025,6:45:00 PM,0,10.5339,16.147
10/10/2025,7:00:00 PM,0,10.5338,16.16
10/10/2025,7:15:00 PM,0,10.5343,16.171
10/10/2025,7:30:00 PM,0,10.5342,16.181
10/10/2025,7:45:00 PM,0,10.535,16.195
10/10/2025,8:00:00 PM,0,10.5357,16.205
10/10/2025,8:15:00 PM,0,10.5356,16.216
10/10/2025,8:30:00 PM,0,10.536,16.225
10/10/2025,8:45:00 PM,0,10.5363,16.236
10/10/2025,9:00:00 PM,0,10.5372,16.244
10/10/2025,9:15:00 PM,0,10.5372,16.253
10/10/2025,9:30:00 PM,0,10.5363,16.26
10/10/2025,9:45:00 PM,0,10.5365,16.266
10/10/2025,10:00:00 PM,0,10.5366,16.273
10/10/2025,10:15:00 PM,0,10.5361,16.278
10/10/2025,10:30:00 PM,0,10.5368,16.283
10/10/2025,10:45:00 PM,0,10.5382,16.29
10/10/2025,11:00:00 PM,0,10.5377,16.287
10/10/2025,11:15:00 PM,0,10.5374,16.275
10/10/2025,11:30:00 PM,0,10.5369,16.255
10/10/2025,11:45:00 PM,0,10.5371,16.235
10/11/2025,12:00:00 AM,0,10.5356,16.21
10/11/2025,12:15:00 AM,0,10.5335,16.186
10/11/2025,12:30:00 AM,0,10.5321,16.167
10/11/2025,12:45:00 AM,0,10.5327,16.144
10/11/2025,1:00:00 AM,0,10.5318,16.119
10/11/2025,1:15:00 AM,0,10.5306,16.096
10/11/2025,1:30:00 AM,0,10.5298,16.072
10/11/2025,1:45:00 AM,0,10.5281,16.048
10/11/2025,2:00:00 AM,0,10.5277,16.024
10/11/2025,2:15:00 AM,0,10.527,15.997
10/11/2025,2:30:00 AM,0,10.5268,15.968
10/11/2025,2:45:00 AM,0,10.5255,15.941
10/11/2025,3:00:00 AM,0,10.5257,15.912
10/11/2025,3:15:00 AM,0,10.5272,15.885
10/11/2025,3:30:00 AM,0,10.5249,15.86
10/11/2025,3:45:00 AM,0,10.524,15.841
10/11/2025,4:00:00 AM,0,10.5255,15.82
10/11/2025,4:15:00 AM,0,10.5233,15.8
10/11/2025,4:30:00 AM,0,10.5243,15.781
10/11/2025,4:45:00 AM,0,10.5242,15.762
10/11/2025,5:00:00 AM,0,10.5249,15.743
10/11/2025,5:15:00 AM,0,10.5256,15.731
10/11/2025,5:30:00 AM,0,10.5281,15.715
10/11/2025,5:45:00 AM,0,10.5282,15.702
10/11/2025,6:00:00 AM,0,10.5286,15.69
10/11/2025,6:15:00 AM,0,10.5298,15.679
10/11/2025,6:30:00 AM,0,10.531,15.667
10/11/2025,6:45:00 AM,0,10.5313,15.652
10/11/2025,7:00:00 AM,0,10.5317,15.648
10/11/2025,7:15:00 AM,0,10.5333,15.647
10/11/2025,7:30:00 AM,0,10.5342,15.652
10/11/2025,7:45:00 AM,0,10.5362,15.656
10/11/2025,8:00:00 AM,0,10.5365,15.665
10/11/2025,8:15:00 AM,0,10.5367,15.671
10/11/2025,8:30:00 AM,0,10.5379,15.678
10/11/2025,8:45:00 AM,0,10.5378,15.686
10/11/2025,9:00:00 AM,0,10.5386,15.693
10/11/2025,9:15:00 AM,0,10.5387,15.697
10/11/2025,9:30:00 AM,0,10.5368,15.705
10/11/2025,9:45:00 AM,0,10.5344,15.711
10/11/2025,10:00:00 AM,0,10.5339,15.724
10/11/2025,10:15:00 AM,0,10.5341,15.736
10/11/2025,10:30:00 AM,0,10.5341,15.745
10/11/2025,10:45:00 AM,0,10.5329,15.753
10/11/2025,11:00:00 AM,0,10.5319,15.762
10/11/2025,11:15:00 AM,0,10.5303,15.772
10/11/2025,11:30:00 AM,0,10.5295,15.785
10/11/2025,11:45:00 AM,0,10.5262,15.798
10/11/2025,12:00:00 PM,0,10.5241,15.806
10/11/2025,12:15:00 PM,0,10.5226,15.82
10/11/2025,12:30:00 PM,0,10.5203,15.833
10/11/2025,12:45:00 PM,0,10.5177,15.846
10/11/2025,1:00:00 PM,0,10.5137,15.859
10/11/2025,1:15:00 PM,0,10.5114,15.873
10/11/2025,1:30:00 PM,0,10.5094,15.886
10/11/2025,1:45:00 PM,0,10.5078,15.898
10/11/2025,2:00:00 PM,0,10.5079,15.91
10/11/2025,2:15:00 PM,0,10.5084,15.925
10/11/2025,2:30:00 PM,0,10.5079,15.938
10/11/2025,2:45:00 PM,0,10.508,15.949
10/11/2025,3:00:00 PM,0,10.5089,15.964
10/11/2025,3:15:00 PM,0,10.5092,15.975
10/11/2025,3:30:00 PM,0,10.5089,15.99
10/11/2025,3:45:00 PM,0,10.5095,16.001
10/11/2025,4:00:00 PM,0,10.5103,16.014
10/11/2025,4:15:00 PM,0,10.513,16.025
10/11/2025,4:30:00 PM,0,10.5136,16.039
10/11/2025,4:45:00 PM,0,10.5156,16.05
10/11/2025,5:00:00 PM,0,10.5172,16.063
10/11/2025,5:15:00 PM,0,10.5182,16.073
10/11/2025,5:30:00 PM,0,10.5188,16.086
10/11/2025,5:45:00 PM,0,10.5201,16.098
10/11/2025,6:00:00 PM,0,10.5204,16.108
10/11/2025,6:15:00 PM,0,10.5185,16.118
10/11/2025,6:30:00 PM,0,10.5195,16.13
10/11/2025,6:45:00 PM,0,10.5207,16.14
10/11/2025,7:00:00 PM,0,10.5216,16.151
10/11/2025,7:15:00 PM,0,10.523,16.162
10/11/2025,7:30:00 PM,0,10.5236,16.174
10/11/2025,7:45:00 PM,0,10.5252,16.18
10/11/2025,8:00:00 PM,0,10.5256,16.192
10/11/2025,8:15:00 PM,0,10.5235,16.201
10/11/2025,8:30:00 PM,0,10.5234,16.211
10/11/2025,8:45:00 PM,0,10.5236,16.217
10/11/2025,9:00:00 PM,0,10.5253,16.222
10/11/2025,9:15:00 PM,0,10.5245,16.228
10/11/2025,9:30:00 PM,0,10.5249,16.232
10/11/2025,9:45:00 PM,0,10.5244,16.234
10/11/2025,10:00:00 PM,0,10.5235,16.222
10/11/2025,10:15:00 PM,0,10.5231,16.207
10/11/2025,10:30:00 PM,0,10.5227,16.189
10/11/2025,10:45:00 PM,0,10.5216,16.17
10/11/2025,11:00:00 PM,0,10.5222,16.149
10/11/2025,11:15:00 PM,0,10.5207,16.127
10/11/2025,11:30:00 PM,0,10.5203,16.108
10/11/2025,11:45:00 PM,0,10.5212,16.097
10/12/2025,12:00:00 AM,0,10.5208,16.088
10/12/2025,12:15:00 AM,0,10.5195,16.081
10/12/2025,12:30:00 AM,0,10.5193,16.063
10/12/2025,12:45:00 AM,0,10.52,16.046
10/12/2025,1:00:00 AM,0,10.5213,16.021
10/12/2025,1:15:00 AM,0,10.5215,15.991
10/12/2025,1:30:00 AM,0,10.5205,15.956
10/12/2025,1:45:00 AM,0,10.5202,15.921
10/12/2025,2:00:00 AM,0,10.5199,15.882
10/12/2025,2:15:00 AM,0,10.5185,15.845
10/12/2025,2:30:00 AM,0,10.5189,15.811
10/12/2025,2:45:00 AM,0,10.5177,15.78
10/12/2025,3:00:00 AM,0,10.5172,15.752
10/12/2025,3:15:00 AM,0,10.5168,15.726
10/12/2025,3:30:00 AM,0,10.5164,15.706
10/12/2025,3:45:00 AM,0,10.5164,15.687
10/12/2025,4:00:00 AM,0,10.5154,15.665
10/12/2025,4:15:00 AM,0,10.5151,15.643
10/12/2025,4:30:00 AM,0,10.517,15.627
10/12/2025,4:45:00 AM,0,10.5182,15.605
10/12/2025,5:00:00 AM,0,10.52,15.586
10/12/2025,5:15:00 AM,0,10.5205,15.565
10/12/2025,5:30:00 AM,0,10.5214,15.538
10/12/2025,5:45:00 AM,0,10.5217,15.513
10/12/2025,6:00:00 AM,0,10.5207,15.491
10/12/2025,6:15:00 AM,0,10.5202,15.47
10/12/2025,6:30:00 AM,0,10.5213,15.446
10/12/2025,6:45:00 AM,0,10.5217,15.428
10/12/2025,7:00:00 AM,0,10.5221,15.409
10/12/2025,7:15:00 AM,0,10.5227,15.403
10/12/2025,7:30:00 AM,0,10.5235,15.4
10/12/2025,7:45:00 AM,0,10.5233,15.402
10/12/2025,8:00:00 AM,0,10.5229,15.41
10/12/2025,8:15:00 AM,0,10.5223,15.419
10/12/2025,8:30:00 AM,0,10.5229,15.431
10/12/2025,8:45:00 AM,0,10.5237,15.442
10/12/2025,9:00:00 AM,0,10.5246,15.455
10/12/2025,9:15:00 AM,0,10.5239,15.463
10/12/2025,9:30:00 AM,0,10.5217,15.472
10/12/2025,9:45:00 AM,0,10.5198,15.478
10/12/2025,10:00:00 AM,0,10.5191,15.491
10/12/2025,10:15:00 AM,0,10.5186,15.508
10/12/2025,10:30:00 AM,0,10.5181,15.517
10/12/2025,10:45:00 AM,0,10.5171,15.523
10/12/2025,11:00:00 AM,0,10.5156,15.534
10/12/2025,11:15:00 AM,0,10.5145,15.544
10/12/2025,11:30:00 AM,0,10.5116,15.555
10/12/2025,11:45:00 AM,0,10.5086,15.566
10/12/2025,12:00:00 PM,0,10.5084,15.578
10/12/2025,12:15:00 PM,0,10.5049,15.593
10/12/2025,12:30:00 PM,0,10.5025,15.602
10/12/2025,12:45:00 PM,0,10.5003,15.614
10/12/2025,1:00:00 PM,0,10.4989,15.625
10/12/2025,1:15:00 PM,0,10.4979,15.637
10/12/2025,1:30:00 PM,0,10.4966,15.65
10/12/2025,1:45:00 PM,0,10.4959,15.661
10/12/2025,2:00:00 PM,0,10.4943,15.674
10/12/2025,2:15:00 PM,0,10.4932,15.687
10/12/2025,2:30:00 PM,0,10.4926,15.699
10/12/2025,2:45:00 PM,0,10.4918,15.71
10/12/2025,3:00:00 PM,0,10.4905,15.721
10/12/2025,3:15:00 PM,0,10.489,15.734
10/12/2025,3:30:00 PM,0,10.4873,15.743
10/12/2025,3:45:00 PM,0,10.4866,15.755
10/12/2025,4:00:00 PM,0,10.4862,15.766
10/12/2025,4:15:00 PM,0,10.485,15.776
10/12/2025,4:30:00 PM,0,10.486,15.79
10/12/2025,4:45:00 PM,0,10.4854,15.8
10/12/2025,5:00:00 PM,0,10.4843,15.81
10/12/2025,5:15:00 PM,0,10.4829,15.82
10/12/2025,5:30:00 PM,0,10.481,15.831
10/12/2025,5:45:00 PM,0,10.48,15.842
10/12/2025,6:00:00 PM,0,10.4794,15.85
10/12/2025,6:15:00 PM,0,10.4791,15.86
10/12/2025,6:30:00 PM,0,10.4792,15.868
10/12/2025,6:45:00 PM,0,10.4803,15.879
10/12/2025,7:00:00 PM,0,10.4813,15.889
10/12/2025,7:15:00 PM,0,10.4808,15.897
10/12/2025,7:30:00 PM,0,10.4812,15.904
10/12/2025,7:45:00 PM,0,10.4819,15.913
10/12/2025,8:00:00 PM,0,10.4833,15.924
10/12/2025,8:15:00 PM,0,10.4844,15.931
10/12/2025,8:30:00 PM,0,10.4852,15.939
10/12/2025,8:45:00 PM,0,10.486,15.947
10/12/2025,9:00:00 PM,0,10.4874,15.951
10/12/2025,9:15:00 PM,0,10.4883,15.958
10/12/2025,9:30:00 PM,0,10.4878,15.961
10/12/2025,9:45:00 PM,0,10.4876,15.953
10/12/2025,10:00:00 PM,0,10.4884,15.94
10/12/2025,10:15:00 PM,0,10.4902,15.925
10/12/2025,10:30:00 PM,0,10.4909,15.915
10/12/2025,10:45:00 PM,0,10.4904,15.908
10/12/2025,11:00:00 PM,0,10.4912,15.904
10/12/2025,11:15:00 PM,0,10.4908,15.899
10/12/2025,11:30:00 PM,0,10.4915,15.891
10/12/2025,11:45:00 PM,0,10.4926,15.878
10/13/2025,12:00:00 AM,0,10.493,15.861
10/13/2025,12:15:00 AM,0,10.4939,15.836
10/13/2025,12:30:00 AM,0,10.4957,15.811
10/13/2025,12:45:00 AM,0,10.4975,15.789
10/13/2025,1:00:00 AM,0,10.4984,15.77
10/13/2025,1:15:00 AM,0,10.5,15.753
10/13/2025,1:30:00 AM,0,10.5014,15.733
10/13/2025,1:45:00 AM,0,10.5002,15.711
10/13/2025,2:00:00 AM,0,10.5012,15.692
10/13/2025,2:15:00 AM,0,10.5007,15.668
10/13/2025,2:30:00 AM,0,10.501,15.64
10/13/2025,2:45:00 AM,0,10.5008,15.612
10/13/2025,3:00:00 AM,0,10.5002,15.583
10/13/2025,3:15:00 AM,0,10.4999,15.559
10/13/2025,3:30:00 AM,0,10.5007,15.535
10/13/2025,3:45:00 AM,0,10.5011,15.513
10/13/2025,4:00:00 AM,0,10.5021,15.492
10/13/2025,4:15:00 AM,0,10.503,15.474
10/13/2025,4:30:00 AM,0,10.5038,15.452
10/13/2025,4:45:00 AM,0,10.5051,15.438
10/13/2025,5:00:00 AM,0,10.5067,15.425
10/13/2025,5:15:00 AM,0,10.5078,15.408
10/13/2025,5:30:00 AM,0,10.5091,15.39
10/13/2025,5:45:00 AM,0,10.5097,15.369
10/13/2025,6:00:00 AM,0,10.5098,15.352
10/13/2025,6:15:00 AM,0,10.5104,15.337
10/13/2025,6:30:00 AM,0,10.5111,15.321
10/13/2025,6:45:00 AM,0,10.5119,15.306
10/13/2025,7:00:00 AM,0,10.5131,15.293
10/13/2025,7:15:00 AM,0,10.5132,15.292
10/13/2025,7:30:00 AM,0,10.5151,15.297
10/13/2025,7:45:00 AM,0,10.5164,15.304
10/13/2025,8:00:00 AM,0,10.5178,15.313
10/13/2025,8:15:00 AM,0,10.5204,15.321
10/13/2025,8:30:00 AM,0,10.5206,15.331
10/13/2025,8:45:00 AM,0,10.5206,15.34
10/13/2025,9:00:00 AM,0,10.5206,15.349
10/13/2025,9:15:00 AM,0,10.5202,15.358
10/13/2025,9:30:00 AM,0,10.5208,15.366
10/13/2025,9:45:00 AM,0,10.522,15.377
10/13/2025,10:00:00 AM,0,10.5239,15.389
10/13/2025,10:15:00 AM,0,10.5233,15.395
10/13/2025,10:30:00 AM,0,10.5227,15.404
10/13/2025,10:45:00 AM,0,10.5227,15.41
10/13/2025,11:00:00 AM,0,10.5225,15.419
10/13/2025,11:15:00 AM,0,10.5203,15.429
10/13/2025,11:30:00 AM,0,10.5199,15.44
10/13/2025,11:45:00 AM,0,10.5212,15.45
10/13/2025,12:00:00 PM,0,10.5216,15.459
10/13/2025,12:15:00 PM,0,10.521,15.472
10/13/2025,12:30:00 PM,0,10.5178,15.481
10/13/2025,12:45:00 PM,0,10.5151,15.494
10/13/2025,1:00:00 PM,0,10.5138,15.506
10/13/2025,1:15:00 PM,0,10.5124,15.518
10/13/2025,1:30:00 PM,0,10.5123,15.53
10/13/2025,1:45:00 PM,0,10.5122,15.543
10/13/2025,2:00:00 PM,0,10.512,15.555
10/13/2025,2:15:00 PM,0,10.5127,15.568
10/13/2025,2:30:00 PM,0,10.5126,15.581
10/13/2025,2:45:00 PM,0,10.5116,15.596
10/13/2025,3:00:00 PM,0,10.5104,15.606
10/13/2025,3:15:00 PM,0,10.5106,15.619
10/13/2025,3:30:00 PM,0,10.5107,15.632
10/13/2025,3:45:00 PM,0,10.5101,15.644
10/13/2025,4:00:00 PM,0,10.511,15.654
10/13/2025,4:15:00 PM,0,10.5104,15.667
10/13/2025,4:30:00 PM,0,10.5127,15.677
10/13/2025,4:45:00 PM,0,10.5121,15.689
10/13/2025,5:00:00 PM,0,10.5113,15.7
10/13/2025,5:15:00 PM,0,10.5131,15.709
10/13/2025,5:30:00 PM,0,10.5148,15.721
10/13/2025,5:45:00 PM,0,10.5165,15.729
10/13/2025,6:00:00 PM,0,10.5175,15.738
10/13/2025,6:15:00 PM,0,10.5188,15.747
10/13/2025,6:30:00 PM,0,10.5191,15.755
10/13/2025,6:45:00 PM,0,10.52,15.762
10/13/2025,7:00:00 PM,0,10.5185,15.769
10/13/2025,7:15:00 PM,0,10.5209,15.776
10/13/2025,7:30:00 PM,0,10.5203,15.784
10/13/2025,7:45:00 PM,0,10.5202,15.792
10/13/2025,8:00:00 PM,0,10.5217,15.795
10/13/2025,8:15:00 PM,0,10.5208,15.802
10/13/2025,8:30:00 PM,0,10.5212,15.807
10/13/2025,8:45:00 PM,0,10.5205,15.812
10/13/2025,9:00:00 PM,0,10.5204,15.814
10/13/2025,9:15:00 PM,0,10.522,15.82
10/13/2025,9:30:00 PM,0,10.5214,15.823
10/13/2025,9:45:00 PM,0,10.5215,15.826
10/13/2025,10:00:00 PM,0,10.5193,15.829
10/13/2025,10:15:00 PM,0,10.5216,15.828
10/13/2025,10:30:00 PM,0,10.5199,15.828
10/13/2025,10:45:00 PM,0,10.6362,15.838
10/13/2025,11:00:00 PM,0,10.7426,15.831
10/13/2025,11:15:00 PM,0,10.7743,15.847
10/13/2025,11:30:00 PM,0,10.8749,15.884
10/13/2025,11:45:00 PM,0,10.8959,15.943
10/14/2025,12:00:00 AM,0,10.8641,16.015
10/14/2025,12:15:00 AM,0,10.8006,16.086
10/14/2025,12:30:00 AM,0,10.7462,16.151
10/14/2025,12:45:00 AM,0,10.7182,16.21
10/14/2025,1:00:00 AM,0,10.7129,16.266
10/14/2025,1:15:00 AM,0,10.6877,16.313
10/14/2025,1:30:00 AM,0,10.6635,16.363
10/14/2025,1:45:00 AM,0,10.6438,16.409
10/14/2025,2:00:00 AM,0,10.6298,16.452
10/14/2025,2:15:00 AM,0,10.6167,16.49
10/14/2025,2:30:00 AM,0,10.6035,16.53
10/14/2025,2:45:00 AM,0,10.5922,16.563
10/14/2025,3:00:00 AM,0,10.5831,16.593
10/14/2025,3:15:00 AM,0,10.5826,16.625
10/14/2025,3:30:00 AM,0,10.5841,16.653
10/14/2025,3:45:00 AM,0,10.729,16.678
10/14/2025,4:00:00 AM,0,10.8668,16.703
10/14/2025,4:15:00 AM,0,10.9226,16.724
10/14/2025,4:30:00 AM,0,10.9619,16.741
10/14/2025,4:45:00 AM,0,10.9337,16.729
10/14/2025,5:00:00 AM,0,10.8916,16.678
10/14/2025,5:15:00 AM,0,10.9841,16.628
10/14/2025,5:30:00 AM,0,10.9924,16.556
10/14/2025,5:45:00 AM,0,10.9284,16.464
10/14/2025,6:00:00 AM,0,10.8729,16.401
10/14/2025,6:15:00 AM,0,10.8621,16.366
10/14/2025,6:30:00 AM,0,10.8362,16.357
10/14/2025,6:45:00 AM,0,10.8516,16.35
10/14/2025,7:00:00 AM,0,10.859,16.34
10/14/2025,7:15:00 AM,0,10.833,16.321
10/14/2025,7:30:00 AM,0,10.7835,16.296
10/14/2025,7:45:00 AM,0,10.7414,16.282
10/14/2025,8:00:00 AM,0,10.7158,16.277
10/14/2025,8:15:00 AM,0,10.6992,16.284
10/14/2025,8:30:00 AM,0,10.693,16.295
10/14/2025,8:45:00 AM,0,10.6826,16.312
10/14/2025,9:00:00 AM,0,10.6734,16.333
10/14/2025,9:15:00 AM,0,10.6653,16.353
10/14/2025,9:30:00 AM,0,10.6634,16.376
10/14/2025,9:45:00 AM,0,10.6637,16.395
10/14/2025,10:00:00 AM,0,10.6617,16.411
10/14/2025,10:15:00 AM,0,10.6546,16.423
10/14/2025,10:30:00 AM,0,10.6473,16.434
10/14/2025,10:45:00 AM,0,10.6406,16.443
10/14/2025,11:00:00 AM,0,10.6367,16.453
10/14/2025,11:15:00 AM,0,10.6349,16.466
10/14/2025,11:30:00 AM,0,10.6314,16.476
10/14/2025,11:45:00 AM,0,10.6269,16.494
10/14/2025,12:00:00 PM,0,10.6247,16.509
10/14/2025,12:15:00 PM,0,10.6204,16.532
10/14/2025,12:30:00 PM,0,10.6172,16.557
10/14/2025,12:45:00 PM,0,10.615,16.588
10/14/2025,1:00:00 PM,0,10.6143,16.625
10/14/2025,1:15:00 PM,0,10.6133,16.665
10/14/2025,1:30:00 PM,0,10.613,16.715
10/14/2025,1:45:00 PM,0,10.6141,16.764
10/14/2025,2:00:00 PM,0,10.6144,16.818
10/14/2025,2:15:00 PM,0,10.6155,16.873
10/14/2025,2:30:00 PM,0,10.6148,16.934
10/14/2025,2:45:00 PM,0,10.6149,16.996
10/14/2025,3:00:00 PM,0,10.639,17.058
10/14/2025,3:15:00 PM,0,11.4214,17.451
10/14/2025,3:30:00 PM,0,11.2195,17.406
10/14/2025,3:45:00 PM,0,10.9829,17.367
10/14/2025,4:00:00 PM,0,10.8513,17.328
10/14/2025,4:15:00 PM,0,10.7914,17.304
10/14/2025,4:30:00 PM,0,10.7495,17.293
10/14/2025,4:45:00 PM,0,10.7194,17.289
10/14/2025,5:00:00 PM,0,10.6959,17.293
10/14/2025,5:15:00 PM,0,10.6825,17.298
10/14/2025,5:30:00 PM,0,10.6709,17.31
10/14/2025,5:45:00 PM,0,10.6636,17.319
10/14/2025,6:00:00 PM,0,10.6616,17.333
10/14/2025,6:15:00 PM,0,10.6637,17.34
10/14/2025,6:30:00 PM,0,10.6659,17.349
10/14/2025,6:45:00 PM,0,10.6654,17.356
10/14/2025,7:00:00 PM,0,10.663,17.363
10/14/2025,7:15:00 PM,0,10.6584,17.368
10/14/2025,7:30:00 PM,0,10.6566,17.371
10/14/2025,7:45:00 PM,0,10.6554,17.38
10/14/2025,8:00:00 PM,0,10.6527,17.374
10/14/2025,8:15:00 PM,0,10.6508,17.37
10/14/2025,8:30:00 PM,0,10.65,17.364
10/14/2025,8:45:00 PM,0,10.6494,17.356
10/14/2025,9:00:00 PM,0,10.6487,17.349
10/14/2025,9:15:00 PM,0,10.6468,17.339
10/14/2025,9:30:00 PM,0,10.6444,17.327
10/14/2025,9:45:00 PM,0,10.6441,17.312
10/14/2025,10:00:00 PM,0,10.6441,17.298
10/14/2025,10:15:00 PM,0,10.644,17.279
10/14/2025,10:30:00 PM,0,10.6456,17.261
10/14/2025,10:45:00 PM,0,10.6443,17.235
10/14/2025,11:00:00 PM,0,10.6445,17.212
10/14/2025,11:15:00 PM,0,10.6439,17.181
10/14/2025,11:30:00 PM,0,10.6435,17.152
10/14/2025,11:45:00 PM,0,10.6416,17.119
10/15/2025,12:00:00 AM,0,10.6414,17.084
10/15/2025,12:15:00 AM,0,10.6409,17.043
10/15/2025,12:30:00 AM,0,10.641,17.006
10/15/2025,12:45:00 AM,0,10.6411,16.971
10/15/2025,1:00:00 AM,0,10.6401,16.934
10/15/2025,1:15:00 AM,0,10.6407,16.897
10/15/2025,1:30:00 AM,0,10.6398,16.861
10/15/2025,1:45:00 AM,0,10.6393,16.822
10/15/2025,2:00:00 AM,0,10.6384,16.784
10/15/2025,2:15:00 AM,0,10.6365,16.75
10/15/2025,2:30:00 AM,0,10.6364,16.711
10/15/2025,2:45:00 AM,0,10.6352,16.673
10/15/2025,3:00:00 AM,0,10.6339,16.634
10/15/2025,3:15:00 AM,0,10.6341,16.598
10/15/2025,3:30:00 AM,0,10.6342,16.56
10/15/2025,3:45:00 AM,0,10.634,16.523
10/15/2025,4:00:00 AM,0,10.6353,16.487
10/15/2025,4:15:00 AM,0,10.6359,16.449
10/15/2025,4:30:00 AM,0,10.6363,16.413
10/15/2025,4:45:00 AM,0,10.6364,16.374
10/15/2025,5:00:00 AM,0,10.6384,16.336
10/15/2025,5:15:00 AM,0,10.6396,16.299
10/15/2025,5:30:00 AM,0,10.6401,16.258
10/15/2025,5:45:00 AM,0,10.6406,16.219
10/15/2025,6:00:00 AM,0,10.6401,16.179
10/15/2025,6:15:00 AM,0,10.6403,16.137
10/15/2025,6:30:00 AM,0,10.6417,16.095
10/15/2025,6:45:00 AM,0,10.6417,16.055
10/15/2025,7:00:00 AM,0,10.6429,16.014
10/15/2025,7:15:00 AM,0,10.6438,15.976
10/15/2025,7:30:00 AM,0,10.6443,15.942
10/15/2025,7:45:00 AM,0,10.6445,15.909
10/15/2025,8:00:00 AM,0,10.6446,15.876
10/15/2025,8:15:00 AM,0,10.6443,15.845
10/15/2025,8:30:00 AM,0,10.6446,15.817
10/15/2025,8:45:00 AM,0,10.6442,15.788
10/15/2025,9:00:00 AM,0,10.6444,15.761
10/15/2025,9:15:00 AM,0,10.6444,15.737
10/15/2025,9:30:00 AM,0,10.6443,15.716
10/15/2025,9:45:00 AM,0,10.6437,15.695
10/15/2025,10:00:00 AM,0,10.6432,15.677
10/15/2025,10:15:00 AM,0,10.6419,15.661
10/15/2025,10:30:00 AM,0,10.6418,15.644
10/15/2025,10:45:00 AM,0,10.6403,15.629
10/15/2025,11:00:00 AM,0,10.6389,15.616
10/15/2025,11:15:00 AM,0,10.6362,15.604
10/15/2025,11:30:00 AM,0,10.6351,15.594
10/15/2025,11:45:00 AM,0,10.6333,15.583
10/15/2025,12:00:00 PM,0,10.6316,15.572
10/15/2025,12:15:00 PM,0,10.6286,15.563
10/15/2025,12:30:00 PM,0,10.6255,15.555
10/15/2025,12:45:00 PM,0,10.6231,15.549
10/15/2025,1:00:00 PM,0,10.6194,15.54
10/15/2025,1:15:00 PM,0,10.6173,15.538
10/15/2025,1:30:00 PM,0,10.6137,15.532
10/15/2025,1:45:00 PM,0,10.6115,15.528
10/15/2025,2:00:00 PM,0,10.6089,15.524
10/15/2025,2:15:00 PM,0,10.6064,15.525
10/15/2025,2:30:00 PM,0,10.6053,15.528
10/15/2025,2:45:00 PM,0,10.6032,15.534
10/15/2025,3:00:00 PM,0,10.6041,15.541
10/15/2025,3:15:00 PM,0,10.603,15.55
10/15/2025,3:30:00 PM,0,10.6026,15.565
10/15/2025,3:45:00 PM,0,10.6022,15.582
10/15/2025,4:00:00 PM,0,10.6027,15.601
10/15/2025,4:15:00 PM,0,10.602,15.617
10/15/2025,4:30:00 PM,0,10.6011,15.642
10/15/2025,4:45:00 PM,0,10.6004,15.662
10/15/2025,5:00:00 PM,0,10.5998,15.684
10/15/2025,5:15:00 PM,0,10.6005,15.708
10/15/2025,5:30:00 PM,0,10.6011,15.733
10/15/2025,5:45:00 PM,0,10.6019,15.759
10/15/2025,6:00:00 PM,0,10.603,15.783
10/15/2025,6:15:00 PM,0,10.6046,15.809
10/15/2025,6:30:00 PM,0,10.6033,15.833
10/15/2025,6:45:00 PM,0,10.6015,15.863
10/15/2025,7:00:00 PM,0,10.602,15.889
10/15/2025,7:15:00 PM,0,10.6002,15.913
10/15/2025,7:30:00 PM,0,10.6002,15.94
10/15/2025,7:45:00 PM,0,10.6023,15.963
10/15/2025,8:00:00 PM,0,10.6024,15.985
10/15/2025,8:15:00 PM,0,10.6026,16.007
10/15/2025,8:30:00 PM,0,10.6032,16.027
10/15/2025,8:45:00 PM,0,10.6032,16.045
10/15/2025,9:00:00 PM,0,10.6031,16.061
10/15/2025,9:15:00 PM,0,10.6041,16.078
10/15/2025,9:30:00 PM,0,10.6043,16.091
10/15/2025,9:45:00 PM,0,10.6049,16.104
10/15/2025,10:00:00 PM,0,10.6044,16.112
10/15/2025,10:15:00 PM,0,10.6055,16.121
10/15/2025,10:30:00 PM,0,10.6064,16.127
10/15/2025,10:45:00 PM,0,10.6064,16.13
10/15/2025,11:00:00 PM,0,10.6056,16.127
10/15/2025,11:15:00 PM,0,10.6062,16.119
10/15/2025,11:30:00 PM,0,10.6056,16.11
10/15/2025,11:45:00 PM,0,10.6057,16.101
10/16/2025,12:00:00 AM,0,10.6048,16.086
10/16/2025,12:15:00 AM,0,10.6052,16.073
10/16/2025,12:30:00 AM,0,10.6047,16.057
10/16/2025,12:45:00 AM,0,10.6037,16.04
10/16/2025,1:00:00 AM,0,10.6029,16.022
10/16/2025,1:15:00 AM,0,10.6024,16.002
10/16/2025,1:30:00 AM,0,10.602,15.981
10/16/2025,1:45:00 AM,0,10.6007,15.962
10/16/2025,2:00:00 AM,0,10.5992,15.94
10/16/2025,2:15:00 AM,0,10.5973,15.917
10/16/2025,2:30:00 AM,0,10.5958,15.896
10/16/2025,2:45:00 AM,0,10.5945,15.876
10/16/2025,3:00:00 AM,0,10.5938,15.852
10/16/2025,3:15:00 AM,0,10.5928,15.83
10/16/2025,3:30:00 AM,0,10.5909,15.808
10/16/2025,3:45:00 AM,0,10.5891,15.788
10/16/2025,4:00:00 AM,0,10.5871,15.766
10/16/2025,4:15:00 AM,0,10.5857,15.747
10/16/2025,4:30:00 AM,0,10.5851,15.727
10/16/2025,4:45:00 AM,0,10.5844,15.707
10/16/2025,5:00:00 AM,0,10.5842,15.691
10/16/2025,5:15:00 AM,0,10.5856,15.672
10/16/2025,5:30:00 AM,0,10.5864,15.652
10/16/2025,5:45:00 AM,0,10.5872,15.635
10/16/2025,6:00:00 AM,0,10.5877,15.615
10/16/2025,6:15:00 AM,0,10.5882,15.596
10/16/2025,6:30:00 AM,0,10.589,15.576
10/16/2025,6:45:00 AM,0,10.5897,15.557
10/16/2025,7:00:00 AM,0,10.5908,15.537
10/16/2025,7:15:00 AM,0,10.5914,15.522
10/16/2025,7:30:00 AM,0,10.5906,15.503
10/16/2025,7:45:00 AM,0,10.5909,15.492
10/16/2025,8:00:00 AM,0,10.5903,15.478
10/16/2025,8:15:00 AM,0,10.5904,15.469
10/16/2025,8:30:00 AM,0,10.5908,15.462
10/16/2025,8:45:00 AM,0,10.5908,15.459
10/16/2025,9:00:00 AM,0,10.591,15.459
10/16/2025,9:15:00 AM,0,10.5911,15.462
10/16/2025,9:30:00 AM,0,10.5913,15.463
10/16/2025,9:45:00 AM,0,10.591,15.465
10/16/2025,10:00:00 AM,0,10.5898,15.47
10/16/2025,10:15:00 AM,0,10.5893,15.472
10/16/2025,10:30:00 AM,0,10.5879,15.475
10/16/2025,10:45:00 AM,0,10.5859,15.478
10/16/2025,11:00:00 AM,0,10.5852,15.484
10/16/2025,11:15:00 AM,0,10.5841,15.488
10/16/2025,11:30:00 AM,0,10.5826,15.492
10/16/2025,11:45:00 AM,0,10.5811,15.497
10/16/2025,12:00:00 PM,0,10.5791,15.5
10/16/2025,12:15:00 PM,0,10.577,15.503
10/16/2025,12:30:00 PM,0,10.5756,15.506
10/16/2025,12:45:00 PM,0,10.574,15.508
10/16/2025,1:00:00 PM,0,10.5729,15.513
10/16/2025,1:15:00 PM,0,10.5708,15.515
10/16/2025,1:30:00 PM,0,10.5693,15.516
10/16/2025,1:45:00 PM,0,10.5683,15.524
10/16/2025,2:00:00 PM,0,10.5659,15.529
10/16/2025,2:15:00 PM,0,10.5645,15.537
10/16/2025,2:30:00 PM,0,10.5624,15.543
10/16/2025,2:45:00 PM,0,10.5614,15.55
10/16/2025,3:00:00 PM,0,10.5616,15.558
10/16/2025,3:15:00 PM,0,10.5602,15.569
10/16/2025,3:30:00 PM,0,10.5596,15.573
10/16/2025,3:45:00 PM,0,10.5586,15.583
10/16/2025,4:00:00 PM,0,10.558,15.592
10/16/2025,4:15:00 PM,0,10.5578,15.599
10/16/2025,4:30:00 PM,0,10.5575,15.607
10/16/2025,4:45:00 PM,0,10.5571,15.616
10/16/2025,5:00:00 PM,0,10.5575,15.626
10/16/2025,5:15:00 PM,0,10.5578,15.633
10/16/2025,5:30:00 PM,0,10.558,15.642
10/16/2025,5:45:00 PM,0,10.5589,15.649
10/16/2025,6:00:00 PM,0,10.5586,15.657
10/16/2025,6:15:00 PM,0,10.5591,15.666
10/16/2025,6:30:00 PM,0,10.5594,15.67
10/16/2025,6:45:00 PM,0,10.5604,15.682
10/16/2025,7:00:00 PM,0,10.5619,15.686
10/16/2025,7:15:00 PM,0,10.5624,15.693
10/16/2025,7:30:00 PM,0,10.5638,15.7
10/16/2025,7:45:00 PM,0,10.5644,15.705
10/16/2025,8:00:00 PM,0,10.565,15.709
10/16/2025,8:15:00 PM,0,10.5662,15.711
10/16/2025,8:30:00 PM,0,10.567,15.711
10/16/2025,8:45:00 PM,0,10.5663,15.709
10/16/2025,9:00:00 PM,0,10.5651,15.702
10/16/2025,9:15:00 PM,0,10.566,15.693
10/16/2025,9:30:00 PM,0,10.565,15.684
10/16/2025,9:45:00 PM,0,10.5675,15.674
10/16/2025,10:00:00 PM,0,10.566,15.663
10/16/2025,10:15:00 PM,0,10.5658,15.653
10/16/2025,10:30:00 PM,0,10.5652,15.642
10/16/2025,10:45:00 PM,0,10.5637,15.629
10/16/2025,11:00:00 PM,0,10.5621,15.618
10/16/2025,11:15:00 PM,0,10.5609,15.605
10/16/2025,11:30:00 PM,0,10.5628,15.591
10/16/2025,11:45:00 PM,0,10.562,15.575
10/17/2025,12:00:00 AM,0,10.5616,15.563
10/17/2025,12:15:00 AM,0,10.5605,15.548
10/17/2025,12:30:00 AM,0,10.5627,15.535
10/17/2025,12:45:00 AM,0,10.5612,15.522
10/17/2025,1:00:00 AM,0,10.5606,15.507
10/17/2025,1:15:00 AM,0,10.5627,15.492
10/17/2025,1:30:00 AM,0,10.5655,15.479
10/17/2025,1:45:00 AM,0,10.5653,15.466
10/17/2025,2:00:00 AM,0,10.5646,15.454
10/17/2025,2:15:00 AM,0,10.563,15.441
10/17/2025,2:30:00 AM,0,10.5646,15.429
10/17/2025,2:45:00 AM,0,10.5643,15.417
10/17/2025,3:00:00 AM,0,10.5639,15.405
10/17/2025,3:15:00 AM,0,10.5668,15.389
10/17/2025,3:30:00 AM,0,10.5684,15.376
10/17/2025,3:45:00 AM,0,10.5655,15.365
10/17/2025,4:00:00 AM,0,10.5657,15.349
10/17/2025,4:15:00 AM,0,10.5679,15.336
10/17/2025,4:30:00 AM,0,10.5687,15.322
10/17/2025,4:45:00 AM,0,10.5696,15.309
10/17/2025,5:00:00 AM,0,10.5733,15.294
10/17/2025,5:15:00 AM,0,10.5757,15.28
10/17/2025,5:30:00 AM,0,10.5758,15.263
10/17/2025,5:45:00 AM,0,10.5757,15.25
10/17/2025,6:00:00 AM,0,10.5773,15.236
10/17/2025,6:15:00 AM,0,10.5778,15.22
10/17/2025,6:30:00 AM,0,10.5783,15.207
10/17/2025,6:45:00 AM,0,10.5784,15.188
10/17/2025,7:00:00 AM,0,10.5797,15.175
10/17/2025,7:15:00 AM,0,10.5805,15.162
10/17/2025,7:30:00 AM,0,10.5813,15.151
10/17/2025,7:45:00 AM,0,10.5832,15.141
10/17/2025,8:00:00 AM,0,10.5856,15.134
10/17/2025,8:15:00 AM,0,10.5863,15.128
10/17/2025,8:30:00 AM,0,10.5865,15.125
10/17/2025,8:45:00 AM,0,10.588,15.118
10/17/2025,9:00:00 AM,0,10.588,15.117
10/17/2025,9:15:00 AM,0,10.588,15.114
10/17/2025,9:30:00 AM,0,10.5886,15.111
10/17/2025,9:45:00 AM,0,10.5886,15.109
10/17/2025,10:00:00 AM,0,10.5866,15.108
10/17/2025,10:15:00 AM,0,10.588,15.109
10/17/2025,10:30:00 AM,0,10.5877,15.111
10/17/2025,10:45:00 AM,0,10.5875,15.113
10/17/2025,11:00:00 AM,0,10.5858,15.115
10/17/2025,11:15:00 AM,0,10.5855,15.119
10/17/2025,11:30:00 AM,0,10.5845,15.124
10/17/2025,11:45:00 AM,0,10.5826,15.127
10/17/2025,12:00:00 PM,0,10.5811,15.133
10/17/2025,12:15:00 PM,0,10.5785,15.139
10/17/2025,12:30:00 PM,0,10.576,15.146
10/17/2025,12:45:00 PM,0,10.5745,15.15
10/17/2025,1:00:00 PM,0,10.5732,15.158
10/17/2025,1:15:00 PM,0,10.5724,15.166
10/17/2025,1:30:00 PM,0,10.5708,15.171
10/17/2025,1:45:00 PM,0,10.5702,15.183
10/17/2025,2:00:00 PM,0,10.57,15.188
10/17/2025,2:15:00 PM,0,10.5683,15.198
10/17/2025,2:30:00 PM,0,10.5682,15.205
10/17/2025,2:45:00 PM,0,10.5684,15.214
10/17/2025,3:00:00 PM,0,10.5694,15.224
10/17/2025,3:15:00 PM,0,10.5689,15.231
10/17/2025,3:30:00 PM,0,10.5686,15.239
10/17/2025,3:45:00 PM,0,10.5686,15.25
10/17/2025,4:00:00 PM,0,10.568,15.259
10/17/2025,4:15:00 PM,0,10.569,15.27
10/17/2025,4:30:00 PM,0,10.5688,15.278
10/17/2025,4:45:00 PM,0,10.5681,15.289
10/17/2025,5:00:00 PM,0,10.5688,15.297
10/17/2025,5:15:00 PM,0,10.5693,15.304
10/17/2025,5:30:00 PM,0,10.5693,15.313
10/17/2025,5:45:00 PM,0,10.5698,15.322
10/17/2025,6:00:00 PM,0,10.5713,15.328
10/17/2025,6:15:00 PM,0,10.5718,15.339
10/17/2025,6:30:00 PM,0,10.5716,15.345
10/17/2025,6:45:00 PM,0,10.5733,15.353
10/17/2025,7:00:00 PM,0,10.5728,15.359
10/17/2025,7:15:00 PM,0,10.574,15.364
10/17/2025,7:30:00 PM,0,10.5746,15.373
10/17/2025,7:45:00 PM,0,10.5751,15.379
10/17/2025,8:00:00 PM,0,10.5753,15.386
10/17/2025,8:15:00 PM,0,10.5765,15.394
10/17/2025,8:30:00 PM,0,10.5773,15.399
10/17/2025,8:45:00 PM,0,10.5773,15.406
10/17/2025,9:00:00 PM,0,10.5771,15.407
10/17/2025,9:15:00 PM,0,10.5775,15.413
10/17/2025,9:30:00 PM,0,10.5777,15.414
10/17/2025,9:45:00 PM,0,10.577,15.413
10/17/2025,10:00:00 PM,0,10.5776,15.412
10/17/2025,10:15:00 PM,0,10.5776,15.407
10/17/2025,10:30:00 PM,0,10.5782,15.399
10/17/2025,10:45:00 PM,0,10.5791,15.392
10/17/2025,11:00:00 PM,0,10.5793,15.379
10/17/2025,11:15:00 PM,0,10.5787,15.37
10/17/2025,11:30:00 PM,0,10.5804,15.357
10/17/2025,11:45:00 PM,0,10.5797,15.343
10/18/2025,12:00:00 AM,0,10.5802,15.33
10/18/2025,12:15:00 AM,0,10.5818,15.314
10/18/2025,12:30:00 AM,0,10.5826,15.297
10/18/2025,12:45:00 AM,0,10.5842,15.278
10/18/2025,1:00:00 AM,0,10.5833,15.263
10/18/2025,1:15:00 AM,0,10.5831,15.247
10/18/2025,1:30:00 AM,0,10.5829,15.229
10/18/2025,1:45:00 AM,0,10.583,15.216
10/18/2025,2:00:00 AM,0,10.582,15.2
10/18/2025,2:15:00 AM,0,10.5828,15.188
10/18/2025,2:30:00 AM,0,10.5824,15.178
10/18/2025,2:45:00 AM,0,10.5827,15.165
10/18/2025,3:00:00 AM,0,10.5831,15.152
10/18/2025,3:15:00 AM,0,10.5831,15.141
10/18/2025,3:30:00 AM,0,10.583,15.129
10/18/2025,3:45:00 AM,0,10.5835,15.118
10/18/2025,4:00:00 AM,0,10.5831,15.105
10/18/2025,4:15:00 AM,0,10.5852,15.093
10/18/2025,4:30:00 AM,0,10.5869,15.079
10/18/2025,4:45:00 AM,0,10.5883,15.067
10/18/2025,5:00:00 AM,0,10.5883,15.051
10/18/2025,5:15:00 AM,0,10.59,15.039
10/18/2025,5:30:00 AM,0,10.5909,15.024
10/18/2025,5:45:00 AM,0,10.5931,15.008
10/18/2025,6:00:00 AM,0,10.5933,14.993
10/18/2025,6:15:00 AM,0,10.5938,14.975
10/18/2025,6:30:00 AM,0,10.5954,14.96
10/18/2025,6:45:00 AM,0,10.5971,14.946
10/18/2025,7:00:00 AM,0,10.5991,14.928
10/18/2025,7:15:00 AM,0,10.6015,14.916
10/18/2025,7:30:00 AM,0,10.6042,14.907
10/18/2025,7:45:00 AM,0,10.6053,14.896
10/18/2025,8:00:00 AM,0,10.6062,14.892
10/18/2025,8:15:00 AM,0,10.6055,14.889
10/18/2025,8:30:00 AM,0,10.607,14.884
10/18/2025,8:45:00 AM,0,10.6087,14.883
10/18/2025,9:00:00 AM,0,10.6102,14.883
10/18/2025,9:15:00 AM,0,10.6117,14.884
10/18/2025,9:30:00 AM,0,10.6128,14.882
10/18/2025,9:45:00 AM,0,10.6127,14.883
10/18/2025,10:00:00 AM,0,10.6128,14.886
10/18/2025,10:15:00 AM,0,10.6128,14.888
10/18/2025,10:30:00 AM,0,10.612,14.889
10/18/2025,10:45:00 AM,0,10.6107,14.891
10/18/2025,11:00:00 AM,0,10.6099,14.894
10/18/2025,11:15:00 AM,0,10.6094,14.896
10/18/2025,11:30:00 AM,0,10.6076,14.898
10/18/2025,11:45:00 AM,0,10.6067,14.902
10/18/2025,12:00:00 PM,0,10.6052,14.906
10/18/2025,12:15:00 PM,0,10.6034,14.911
10/18/2025,12:30:00 PM,0,10.6026,14.916
10/18/2025,12:45:00 PM,0,10.602,14.923
10/18/2025,1:00:00 PM,0,10.6005,14.928
10/18/2025,1:15:00 PM,0,10.5994,14.935
10/18/2025,1:30:00 PM,0,10.5984,14.941
10/18/2025,1:45:00 PM,0,10.5971,14.947
10/18/2025,2:00:00 PM,0,10.5973,14.954
10/18/2025,2:15:00 PM,0,10.597,14.962
10/18/2025,2:30:00 PM,0,10.5972,14.97
10/18/2025,2:45:00 PM,0,10.597,14.978
10/18/2025,3:00:00 PM,0,10.5964,14.988
10/18/2025,3:15:00 PM,0,10.5955,14.995
10/18/2025,3:30:00 PM,0,10.5946,15.003
10/18/2025,3:45:00 PM,0,10.5944,15.014
10/18/2025,4:00:00 PM,0,10.5938,15.022
10/18/2025,4:15:00 PM,0,10.5942,15.03
10/18/2025,4:30:00 PM,0,10.5944,15.039
10/18/2025,4:45:00 PM,0,10.5937,15.047
10/18/2025,5:00:00 PM,0,10.5941,15.057
10/18/2025,5:15:00 PM,0,10.5934,15.068
10/18/2025,5:30:00 PM,0,10.5939,15.078
10/18/2025,5:45:00 PM,0,10.5955,15.085
10/18/2025,6:00:00 PM,0,10.5982,15.096
10/18/2025,6:15:00 PM,0,10.5987,15.103
10/18/2025,6:30:00 PM,0,10.6008,15.113
10/18/2025,6:45:00 PM,0,10.6012,15.122
10/18/2025,7:00:00 PM,0,10.6007,15.133
10/18/2025,7:15:00 PM,0,10.6018,15.143
10/18/2025,7:30:00 PM,0,10.6024,15.151
10/18/2025,7:45:00 PM,0,10.6028,15.16
10/18/2025,8:00:00 PM,0,10.6051,15.169
10/18/2025,8:15:00 PM,0,10.6056,15.176
10/18/2025,8:30:00 PM,0,10.6068,15.182
10/18/2025,8:45:00 PM,0,10.6074,15.185
10/18/2025,9:00:00 PM,0,10.6072,15.19
10/18/2025,9:15:00 PM,0,10.6067,15.192
10/18/2025,9:30:00 PM,0,10.6062,15.197
10/18/2025,9:45:00 PM,0,10.6066,15.2
10/18/2025,10:00:00 PM,0,10.6053,15.198
10/18/2025,10:15:00 PM,0,10.6058,15.198
10/18/2025,10:30:00 PM,0,10.6065,15.197
10/18/2025,10:45:00 PM,0,10.6054,15.193
10/18/2025,11:00:00 PM,0,10.6057,15.189
10/18/2025,11:15:00 PM,0,10.605,15.183
10/18/2025,11:30:00 PM,0,10.604,15.177
10/18/2025,11:45:00 PM,0,10.603,15.167
10/19/2025,12:00:00 AM,0,10.6021,15.156
10/19/2025,12:15:00 AM,0,10.6024,15.147
10/19/2025,12:30:00 AM,0,10.603,15.138
10/19/2025,12:45:00 AM,0,10.6033,15.124
10/19/2025,1:00:00 AM,0,10.604,15.112
10/19/2025,1:15:00 AM,0,10.6024,15.098
10/19/2025,1:30:00 AM,0,10.6016,15.084
10/19/2025,1:45:00 AM,0,10.6008,15.071
10/19/2025,2:00:00 AM,0,10.6001,15.058
10/19/2025,2:15:00 AM,0,10.6001,15.043
10/19/2025,2:30:00 AM,0,10.6004,15.03
10/19/2025,2:45:00 AM,0,10.5994,15.02
10/19/2025,3:00:00 AM,0,10.5982,15.007
10/19/2025,3:15:00 AM,0,10.598,14.994
10/19/2025,3:30:00 AM,0,10.5976,14.984
10/19/2025,3:45:00 AM,0,10.5984,14.978
10/19/2025,4:00:00 AM,0,10.5986,14.969
10/19/2025,4:15:00 AM,0,10.6003,14.959
10/19/2025,4:30:00 AM,0,10.6017,14.949
10/19/2025,4:45:00 AM,0,10.6021,14.944
10/19/2025,5:00:00 AM,0,10.6028,14.936
10/19/2025,5:15:00 AM,0,10.6029,14.928
10/19/2025,5:30:00 AM,0,10.6039,14.919
10/19/2025,5:45:00 AM,0,10.6054,14.907
10/19/2025,6:00:00 AM,0,10.6068,14.897
10/19/2025,6:15:00 AM,0,10.608,14.882
10/19/2025,6:30:00 AM,0,10.6093,14.87
10/19/2025,6:45:00 AM,0,10.6106,14.861
10/19/2025,7:00:00 AM,0,10.6119,14.851
10/19/2025,7:15:00 AM,0,10.6136,14.84
10/19/2025,7:30:00 AM,0,10.6147,14.839
10/19/2025,7:45:00 AM,0,10.6159,14.834
10/19/2025,8:00:00 AM,0,10.618,14.833
10/19/2025,8:15:00 AM,0,10.6183,14.831
10/19/2025,8:30:00 AM,0,10.6206,14.831
10/19/2025,8:45:00 AM,0,10.6202,14.831
10/19/2025,9:00:00 AM,0,10.6218,14.833
10/19/2025,9:15:00 AM,0,10.6227,14.833
10/19/2025,9:30:00 AM,0,10.6217,14.836
10/19/2025,9:45:00 AM,0,10.6212,14.836
10/19/2025,10:00:00 AM,0,10.6205,14.841
10/19/2025,10:15:00 AM,0,10.6188,14.845
10/19/2025,10:30:00 AM,0,10.619,14.846
10/19/2025,10:45:00 AM,0,10.619,14.849
10/19/2025,11:00:00 AM,0,10.6184,14.851
10/19/2025,11:15:00 AM,0,10.6167,14.854
10/19/2025,11:30:00 AM,0,10.6146,14.855
10/19/2025,11:45:00 AM,0,10.6117,14.859
10/19/2025,12:00:00 PM,0,10.61,14.864
10/19/2025,12:15:00 PM,0,10.6082,14.869
10/19/2025,12:30:00 PM,0,10.6071,14.877
10/19/2025,12:45:00 PM,0,10.6064,14.883
10/19/2025,1:00:00 PM,0,10.6055,14.893
10/19/2025,1:15:00 PM,0,10.6039,14.901
10/19/2025,1:30:00 PM,0,10.6035,14.908
10/19/2025,1:45:00 PM,0,10.602,14.92
10/19/2025,2:00:00 PM,0,10.6027,14.93
10/19/2025,2:15:00 PM,0,10.6016,14.939
10/19/2025,2:30:00 PM,0,10.6013,14.949
10/19/2025,2:45:00 PM,0,10.6007,14.958
10/19/2025,3:00:00 PM,0,10.5999,14.968
10/19/2025,3:15:00 PM,0,10.5996,14.976
10/19/2025,3:30:00 PM,0,10.5989,14.985
10/19/2025,3:45:00 PM,0,10.5978,14.994
10/19/2025,4:00:00 PM,0,10.5976,15.003
10/19/2025,4:15:00 PM,0,10.5967,15.014
10/19/2025,4:30:00 PM,0,10.5968,15.023
10/19/2025,4:45:00 PM,0,10.5962,15.033
10/19/2025,5:00:00 PM,0,10.5944,15.04
10/19/2025,5:15:00 PM,0,10.5951,15.052
10/19/2025,5:30:00 PM,0,10.5961,15.061
10/19/2025,5:45:00 PM,0,10.5968,15.069
10/19/2025,6:00:00 PM,0,10.5971,15.078
10/19/2025,6:15:00 PM,0,10.5987,15.092
10/19/2025,6:30:00 PM,0,10.6006,15.105
10/19/2025,6:45:00 PM,0,10.602,15.112
10/19/2025,7:00:00 PM,0,10.6024,15.118
10/19/2025,7:15:00 PM,0,10.6042,15.128
10/19/2025,7:30:00 PM,0,10.6046,15.131
10/19/2025,7:45:00 PM,0,10.6056,15.14
10/19/2025,8:00:00 PM,0,10.6044,15.144
10/19/2025,8:15:00 PM,0,10.6048,15.152
10/19/2025,8:30:00 PM,0,10.6057,15.155
10/19/2025,8:45:00 PM,0,10.6067,15.162
10/19/2025,9:00:00 PM,0,10.6077,15.164
10/19/2025,9:15:00 PM,0,10.6083,15.165
10/19/2025,9:30:00 PM,0,10.6097,15.164
10/19/2025,9:45:00 PM,0,10.6102,15.167
10/19/2025,10:00:00 PM,0,10.6104,15.163
10/19/2025,10:15:00 PM,0,10.6099,15.161
10/19/2025,10:30:00 PM,0,10.6106,15.158
10/19/2025,10:45:00 PM,0,10.6106,15.156
10/19/2025,11:00:00 PM,0,10.6096,15.151
10/19/2025,11:15:00 PM,0,10.609,15.148
10/19/2025,11:30:00 PM,0,10.6082,15.148
10/19/2025,11:45:00 PM,0,10.6072,15.141
10/20/2025,12:00:00 AM,0,10.6059,15.139
10/20/2025,12:15:00 AM,0,10.6057,15.133
10/20/2025,12:30:00 AM,0,10.6064,15.131
10/20/2025,12:45:00 AM,0,10.6066,15.125
10/20/2025,1:00:00 AM,0,10.608,15.12
10/20/2025,1:15:00 AM,0,10.608,15.115
10/20/2025,1:30:00 AM,0,10.6072,15.108
10/20/2025,1:45:00 AM,0,10.6075,15.1
10/20/2025,2:00:00 AM,0,10.6055,15.094
10/20/2025,2:15:00 AM,0,10.6038,15.081
10/20/2025,2:30:00 AM,0,10.6047,15.073
10/20/2025,2:45:00 AM,0,10.6045,15.065
10/20/2025,3:00:00 AM,0,10.6051,15.054
10/20/2025,3:15:00 AM,0,10.6048,15.045
10/20/2025,3:30:00 AM,0,10.6053,15.035
10/20/2025,3:45:00 AM,0,10.6063,15.026
10/20/2025,4:00:00 AM,0,10.6075,15.015
10/20/2025,4:15:00 AM,0,10.6081,15.003
10/20/2025,4:30:00 AM,0,10.6103,14.995
10/20/2025,4:45:00 AM,0,10.6115,14.983
10/20/2025,5:00:00 AM,0,10.6139,14.972
10/20/2025,5:15:00 AM,0,10.6142,14.962
10/20/2025,5:30:00 AM,0,10.6146,14.951
10/20/2025,5:45:00 AM,0,10.6152,14.941
10/20/2025,6:00:00 AM,0,10.6157,14.929
10/20/2025,6:15:00 AM,0,10.6154,14.916
10/20/2025,6:30:00 AM,0,10.617,14.905
10/20/2025,6:45:00 AM,0,10.6174,14.894
10/20/2025,7:00:00 AM,0,10.621,14.885
10/20/2025,7:15:00 AM,0,10.623,14.877
10/20/2025,7:30:00 AM,0,10.6247,14.871
10/20/2025,7:45:00 AM,0,10.6263,14.867
10/20/2025,8:00:00 AM,0,10.6275,14.865
10/20/2025,8:15:00 AM,0,10.6276,14.868
10/20/2025,8:30:00 AM,0,10.6288,14.87
10/20/2025,8:45:00 AM,0,10.6295,14.876
10/20/2025,9:00:00 AM,0,10.631,14.879
10/20/2025,9:15:00 AM,0,10.6312,14.885
10/20/2025,9:30:00 AM,0,10.6303,14.882
10/20/2025,9:45:00 AM,0,10.6297,14.885
10/20/2025,10:00:00 AM,0,10.628,14.885
10/20/2025,10:15:00 AM,0,10.6268,14.886
10/20/2025,10:30:00 AM,0,10.6257,14.89
10/20/2025,10:45:00 AM,0,10.6254,14.892
10/20/2025,11:00:00 AM,0,10.6245,14.894
10/20/2025,11:15:00 AM,0,10.6236,14.896
10/20/2025,11:30:00 AM,0,10.6227,14.901
10/20/2025,11:45:00 AM,0,10.621,14.905
10/20/2025,12:00:00 PM,0,10.6172,14.909
10/20/2025,12:15:00 PM,0,10.615,14.914
10/20/2025,12:30:00 PM,0,10.6133,14.921
10/20/2025,12:45:00 PM,0,10.6121,14.927
10/20/2025,1:00:00 PM,0,10.6124,14.934
10/20/2025,1:15:00 PM,0,10.6109,14.94
10/20/2025,1:30:00 PM,0,10.6099,14.948
10/20/2025,1:45:00 PM,0,10.6107,14.956
10/20/2025,2:00:00 PM,0,10.6099,14.963
10/20/2025,2:15:00 PM,0,10.6094,14.968
10/20/2025,2:30:00 PM,0,10.6101,14.976
10/20/2025,2:45:00 PM,0,10.6105,14.983
10/20/2025,3:00:00 PM,0,10.6106,14.99
10/20/2025,3:15:00 PM,0,10.6098,14.997
10/20/2025,3:30:00 PM,0,10.6101,15.004
10/20/2025,3:45:00 PM,0,10.6086,15.01
10/20/2025,4:00:00 PM,0,10.6089,15.016
10/20/2025,4:15:00 PM,0,10.6093,15.026
10/20/2025,4:30:00 PM,0,10.6102,15.029
10/20/2025,4:45:00 PM,0,10.6095,15.036
10/20/2025,5:00:00 PM,0,10.6104,15.043
10/20/2025,5:15:00 PM,0,10.6109,15.046
10/20/2025,5:30:00 PM,0,10.6114,15.053
10/20/2025,5:45:00 PM,0,10.6124,15.058
10/20/2025,6:00:00 PM,0,10.6125,15.064
10/20/2025,6:15:00 PM,0,10.6127,15.071
10/20/2025,6:30:00 PM,0,10.6148,15.078
10/20/2025,6:45:00 PM,0,10.6161,15.084
10/20/2025,7:00:00 PM,0,10.6183,15.089
10/20/2025,7:15:00 PM,0,10.6194,15.096
10/20/2025,7:30:00 PM,0,10.6192,15.1
10/20/2025,7:45:00 PM,0,10.6195,15.108
10/20/2025,8:00:00 PM,0,10.6208,15.114
10/20/2025,8:15:00 PM,0,10.621,15.122
10/20/2025,8:30:00 PM,0,10.6213,15.128
10/20/2025,8:45:00 PM,0,10.6209,15.134
10/20/2025,9:00:00 PM,0,10.6222,15.14
10/20/2025,9:15:00 PM,0,10.623,15.144
10/20/2025,9:30:00 PM,0,10.6248,15.151
10/20/2025,9:45:00 PM,0,10.6255,15.154
10/20/2025,10:00:00 PM,0,10.6267,15.158
10/20/2025,10:15:00 PM,0,10.6272,15.16
10/20/2025,10:30:00 PM,0,10.6282,15.16
10/20/2025,10:45:00 PM,0,10.628,15.157
10/20/2025,11:00:00 PM,0,10.6258,15.158
10/20/2025,11:15:00 PM,0,10.6243,15.156
10/20/2025,11:30:00 PM,0,10.6241,15.152
10/20/2025,11:45:00 PM,0,10.6231,15.149
10/21/2025,12:00:00 AM,0,10.6222,15.144
10/21/2025,12:15:00 AM,0,10.6232,15.139
10/21/2025,12:30:00 AM,0,10.6258,15.136
10/21/2025,12:45:00 AM,0,10.6262,15.125
10/21/2025,1:00:00 AM,0,10.6275,15.117
10/21/2025,1:15:00 AM,0,10.6259,15.112
10/21/2025,1:30:00 AM,0,10.6247,15.107
10/21/2025,1:45:00 AM,0,10.6234,15.106
10/21/2025,2:00:00 AM,0,10.6223,15.105
10/21/2025,2:15:00 AM,0,10.6214,15.102
10/21/2025,2:30:00 AM,0,10.6214,15.1
10/21/2025,2:45:00 AM,0,10.6203,15.101
10/21/2025,3:00:00 AM,0,10.6196,15.102
10/21/2025,3:15:00 AM,0,10.6186,15.102
10/21/2025,3:30:00 AM,0,10.6184,15.105
10/21/2025,3:45:00 AM,0,10.6184,15.106
10/21/2025,4:00:00 AM,0,10.6186,15.108
10/21/2025,4:15:00 AM,0,10.6193,15.11
10/21/2025,4:30:00 AM,0,10.6207,15.11
10/21/2025,4:45:00 AM,0,10.6207,15.114
10/21/2025,5:00:00 AM,0,10.6208,15.113
10/21/2025,5:15:00 AM,0,10.621,15.115
10/21/2025,5:30:00 AM,0,10.6209,15.117
10/21/2025,5:45:00 AM,0,10.6204,15.119
10/21/2025,6:00:00 AM,0,10.6199,15.12
10/21/2025,6:15:00 AM,0,10.6193,15.123
10/21/2025,6:30:00 AM,0,10.6207,15.123
10/21/2025,6:45:00 AM,0,10.6204,15.125
10/21/2025,7:00:00 AM,0,10.6218,15.126
10/21/2025,7:15:00 AM,0,10.6227,15.13
10/21/2025,7:30:00 AM,0,10.624,15.129
10/21/2025,7:45:00 AM,0,10.6248,15.131
10/21/2025,8:00:00 AM,0,10.6252,15.132
10/21/2025,8:15:00 AM,0,10.6265,15.133
10/21/2025,8:30:00 AM,0,10.6282,15.134
10/21/2025,8:45:00 AM,0,10.6305,15.138
10/21/2025,9:00:00 AM,0,10.6293,15.136
10/21/2025,9:15:00 AM,0,10.628,15.139
10/21/2025,9:30:00 AM,0,10.6289,15.142
10/21/2025,9:45:00 AM,0,10.6288,15.144
10/21/2025,10:00:00 AM,0,10.6275,15.145
10/21/2025,10:15:00 AM,0,10.6269,15.148
10/21/2025,10:30:00 AM,0,10.6272,15.149
10/21/2025,10:45:00 AM,0,10.6268,15.152
10/21/2025,11:00:00 AM,0,10.6251,15.157
10/21/2025,11:15:00 AM,0,10.6228,15.16
10/21/2025,11:30:00 AM,0,10.6203,15.16
10/21/2025,11:45:00 AM,0,10.6189,15.166
10/21/2025,12:00:00 PM,0,10.6154,15.168
10/21/2025,12:15:00 PM,0,10.6136,15.175
10/21/2025,12:30:00 PM,0,10.6126,15.178
10/21/2025,12:45:00 PM,0,10.6108,15.182
10/21/2025,1:00:00 PM,0,10.6076,15.188
10/21/2025,1:15:00 PM,0,10.6073,15.191
10/21/2025,1:30:00 PM,0,10.6033,15.197
10/21/2025,1:45:00 PM,0,10.602,15.203
10/21/2025,2:00:00 PM,0,10.6011,15.207
10/21/2025,2:15:00 PM,0,10.6,15.213
10/21/2025,2:30:00 PM,0,10.5999,15.22
10/21/2025,2:45:00 PM,0,10.5993,15.226
10/21/2025,3:00:00 PM,0,10.5992,15.229
10/21/2025,3:15:00 PM,0,10.5989,15.236
10/21/2025,3:30:00 PM,0,10.5979,15.243
10/21/2025,3:45:00 PM,0,10.5975,15.249
10/21/2025,4:00:00 PM,0,10.5949,15.256
10/21/2025,4:15:00 PM,0,10.5937,15.261
10/21/2025,4:30:00 PM,0,10.5948,15.269
10/21/2025,4:45:00 PM,0,10.592,15.274
10/21/2025,5:00:00 PM,0,10.5957,15.282
10/21/2025,5:15:00 PM,0,10.5962,15.286
10/21/2025,5:30:00 PM,0,10.5925,15.293
10/21/2025,5:45:00 PM,0,10.596,15.298
10/21/2025,6:00:00 PM,0,10.5974,15.307
10/21/2025,6:15:00 PM,0,10.5988,15.312
10/21/2025,6:30:00 PM,0,10.5987,15.318
10/21/2025,6:45:00 PM,0,10.6016,15.326
10/21/2025,7:00:00 PM,0,10.603,15.331
10/21/2025,7:15:00 PM,0,10.6024,15.338
10/21/2025,7:30:00 PM,0,10.6034,15.349
10/21/2025,7:45:00 PM,0,10.6025,15.36
10/21/2025,8:00:00 PM,0,10.6018,15.367
10/21/2025,8:15:00 PM,0,10.6025,15.378
10/21/2025,8:30:00 PM,0,10.6025,15.386
10/21/2025,8:45:00 PM,0,10.6034,15.394
10/21/2025,9:00:00 PM,0,10.6032,15.401
10/21/2025,9:15:00 PM,0,10.6049,15.408
10/21/2025,9:30:00 PM,0,10.6063,15.413
10/21/2025,9:45:00 PM,0,10.6057,15.42
10/21/2025,10:00:00 PM,0,10.6072,15.425
10/21/2025,10:15:00 PM,0,10.6054,15.427
10/21/2025,10:30:00 PM,0,10.6069,15.43
10/21/2025,10:45:00 PM,0,10.6061,15.433
10/21/2025,11:00:00 PM,0,10.6053,15.434
10/21/2025,11:15:00 PM,0,10.608,15.435
10/21/2025,11:30:00 PM,0,10.6075,15.439
10/21/2025,11:45:00 PM,0,10.6085,15.441
10/22/2025,12:00:00 AM,0,10.6067,15.441
10/22/2025,12:15:00 AM,0,10.6068,15.442
10/22/2025,12:30:00 AM,0,10.607,15.443
10/22/2025,12:45:00 AM,0,10.6068,15.443
10/22/2025,1:00:00 AM,0,10.6061,15.444
10/22/2025,1:15:00 AM,0,10.6072,15.445
10/22/2025,1:30:00 AM,0,10.6045,15.443
10/22/2025,1:45:00 AM,0,10.6049,15.443
10/22/2025,2:00:00 AM,0,10.6053,15.442
10/22/2025,2:15:00 AM,0,10.6025,15.441
10/22/2025,2:30:00 AM,0,10.6024,15.438
10/22/2025,2:45:00 AM,0,10.6011,15.438
10/22/2025,3:00:00 AM,0,10.6023,15.437
10/22/2025,3:15:00 AM,0,10.6045,15.435
10/22/2025,3:30:00 AM,0,10.6081,15.432
10/22/2025,3:45:00 AM,0,10.6099,15.43
10/22/2025,4:00:00 AM,0,10.6109,15.427
10/22/2025,4:15:00 AM,0,10.6089,15.425
10/22/2025,4:30:00 AM,0,10.6086,15.421
10/22/2025,4:45:00 AM,0,10.609,15.419
10/22/2025,5:00:00 AM,0,10.6126,15.416
10/22/2025,5:15:00 AM,0,10.6154,15.411
10/22/2025,5:30:00 AM,0,10.6165,15.404
10/22/2025,5:45:00 AM,0,10.6163,15.396
10/22/2025,6:00:00 AM,0,10.6171,15.385
10/22/2025,6:15:00 AM,0,10.6192,15.375
10/22/2025,6:30:00 AM,0,10.621,15.363
10/22/2025,6:45:00 AM,0,10.6229,15.35
10/22/2025,7:00:00 AM,0,10.6209,15.341
10/22/2025,7:15:00 AM,0,10.6222,15.331
10/22/2025,7:30:00 AM,0,10.624,15.321
10/22/2025,7:45:00 AM,0,10.6274,15.314
10/22/2025,8:00:00 AM,0,10.6277,15.309
10/22/2025,8:15:00 AM,0,10.6276,15.307
10/22/2025,8:30:00 AM,0,10.6305,15.307
10/22/2025,8:45:00 AM,0,10.6313,15.307
10/22/2025,9:00:00 AM,0,10.6317,15.315
10/22/2025,9:15:00 AM,0,10.6314,15.32
10/22/2025,9:30:00 AM,0,10.6298,15.325
10/22/2025,9:45:00 AM,0,10.6353,15.524
10/22/2025,10:00:00 AM,0,10.6366,15.385
10/22/2025,10:15:00 AM,0,10.6358,15.361
10/22/2025,10:30:00 AM,0,10.633,15.351
10/22/2025,10:45:00 AM,0,10.6325,15.348
10/22/2025,11:00:00 AM,0,10.6317,15.344
10/22/2025,11:15:00 AM,0,10.6312,15.341
10/22/2025,11:30:00 AM,0,10.6299,15.341
10/22/2025,11:45:00 AM,0,10.6291,15.343
10/22/2025,12:00:00 PM,0,10.6277,15.346
10/22/2025,12:15:00 PM,0,10.6259,15.347
10/22/2025,12:30:00 PM,0,10.6237,15.35
10/22/2025,12:45:00 PM,0,10.6202,15.353
10/22/2025,1:00:00 PM,0,10.6176,15.357
10/22/2025,1:15:00 PM,0,10.6153,15.359
10/22/2025,1:30:00 PM,0,10.614,15.364
10/22/2025,1:45:00 PM,0,10.6124,15.366
10/22/2025,2:00:00 PM,0,10.6113,15.369
10/22/2025,2:15:00 PM,0,10.6108,15.373
10/22/2025,2:30:00 PM,0,10.6104,15.378
10/22/2025,2:45:00 PM,0,10.6087,15.381
10/22/2025,3:00:00 PM,0,10.6086,15.383
10/22/2025,3:15:00 PM,0,10.6069,15.39
10/22/2025,3:30:00 PM,0,10.6055,15.395
10/22/2025,3:45:00 PM,0,10.6032,15.399
10/22/2025,4:00:00 PM,0,10.6037,15.404
10/22/2025,4:15:00 PM,0,10.605,15.409
10/22/2025,4:30:00 PM,0,10.6038,15.411
10/22/2025,4:45:00 PM,0,10.6033,15.418
10/22/2025,5:00:00 PM,0,10.6028,15.425
10/22/2025,5:15:00 PM,0,10.6038,15.427
10/22/2025,5:30:00 PM,0,10.6053,15.432
10/22/2025,5:45:00 PM,0,10.6052,15.439
10/22/2025,6:00:00 PM,0,10.6057,15.445
10/22/2025,6:15:00 PM,0,10.6086,15.449
10/22/2025,6:30:00 PM,0,10.6081,15.454
10/22/2025,6:45:00 PM,0,10.6094,15.459
10/22/2025,7:00:00 PM,0,10.6097,15.463
10/22/2025,7:15:00 PM,0,10.6104,15.467
10/22/2025,7:30:00 PM,0,10.6087,15.472
10/22/2025,7:45:00 PM,0,10.6099,15.477
10/22/2025,8:00:00 PM,0,10.613,15.479
10/22/2025,8:15:00 PM,0,10.614,15.483
10/22/2025,8:30:00 PM,0,10.6146,15.49
10/22/2025,8:45:00 PM,0,10.6179,15.491
10/22/2025,9:00:00 PM,0,10.6201,15.495
10/22/2025,9:15:00 PM,0,10.6205,15.5
10/22/2025,9:30:00 PM,0,10.621,15.502
10/22/2025,9:45:00 PM,0,10.621,15.504
10/22/2025,10:00:00 PM,0,10.6213,15.512
10/22/2025,10:15:00 PM,0,10.6217,15.52
10/22/2025,10:30:00 PM,0,10.6232,15.528
10/22/2025,10:45:00 PM,0,10.6223,15.537
10/22/2025,11:00:00 PM,0,10.6223,15.54
10/22/2025,11:15:00 PM,0,10.6228,15.543
10/22/2025,11:30:00 PM,0,10.622,15.539
10/22/2025,11:45:00 PM,0,10.622,15.533
10/23/2025,12:00:00 AM,0,10.6224,15.526
10/23/2025,12:15:00 AM,0,10.6225,15.519
10/23/2025,12:30:00 AM,0,10.6192,15.512
10/23/2025,12:45:00 AM,0,10.6156,15.499
10/23/2025,1:00:00 AM,0,10.6134,15.485
10/23/2025,1:15:00 AM,0,10.6151,15.473
10/23/2025,1:30:00 AM,0,10.6154,15.459
10/23/2025,1:45:00 AM,0,10.6182,15.441
10/23/2025,2:00:00 AM,0,10.6193,15.427
10/23/2025,2:15:00 AM,0,10.6194,15.412
10/23/2025,2:30:00 AM,0,10.6193,15.398
10/23/2025,2:45:00 AM,0,10.6208,15.377
10/23/2025,3:00:00 AM,0,10.6203,15.362
10/23/2025,3:15:00 AM,0,10.6203,15.352
10/23/2025,3:30:00 AM,0,10.6191,15.344
10/23/2025,3:45:00 AM,0,10.6194,15.331
10/23/2025,4:00:00 AM,0,10.6184,15.322
10/23/2025,4:15:00 AM,0,10.6185,15.309
10/23/2025,4:30:00 AM,0,10.62,15.296
10/23/2025,4:45:00 AM,0,10.6223,15.282
10/23/2025,5:00:00 AM,0,10.6208,15.268
10/23/2025,5:15:00 AM,0,10.622,15.253
10/23/2025,5:30:00 AM,0,10.6238,15.238
10/23/2025,5:45:00 AM,0,10.624,15.224
10/23/2025,6:00:00 AM,0,10.6241,15.213
10/23/2025,6:15:00 AM,0,10.6257,15.201
10/23/2025,6:30:00 AM,0,10.6276,15.192
10/23/2025,6:45:00 AM,0,10.6288,15.185
10/23/2025,7:00:00 AM,0,10.631,15.176
10/23/2025,7:15:00 AM,0,10.632,15.172
10/23/2025,7:30:00 AM,0,10.6322,15.17
10/23/2025,7:45:00 AM,0,10.6343,15.174
10/23/2025,8:00:00 AM,0,10.6357,15.178
10/23/2025,8:15:00 AM,0,10.6378,15.187
10/23/2025,8:30:00 AM,0,10.6394,15.194
10/23/2025,8:45:00 AM,0,10.64,15.208
10/23/2025,9:00:00 AM,0,10.6415,15.223
10/23/2025,9:15:00 AM,0,10.6417,15.239
10/23/2025,9:30:00 AM,0,10.6415,15.251
10/23/2025,9:45:00 AM,0,10.6404,15.263
10/23/2025,10:00:00 AM,0,10.6398,15.275
10/23/2025,10:15:00 AM,0,10.6394,15.287
10/23/2025,10:30:00 AM,0,10.639,15.296
10/23/2025,10:45:00 AM,0,10.6396,15.309
10/23/2025,11:00:00 AM,0,10.6384,15.318
10/23/2025,11:15:00 AM,0,10.6388,15.326
10/23/2025,11:30:00 AM,0,10.6358,15.335
10/23/2025,11:45:00 AM,0,10.6323,15.339
10/23/2025,12:00:00 PM,0,10.6305,15.345
10/23/2025,12:15:00 PM,0,10.6287,15.351
10/23/2025,12:30:00 PM,0,10.6265,15.356
10/23/2025,12:45:00 PM,0,10.6241,15.359
10/23/2025,1:00:00 PM,0,10.6233,15.363
10/23/2025,1:15:00 PM,0,10.6222,15.365
10/23/2025,1:30:00 PM,0,10.6203,15.37
10/23/2025,1:45:00 PM,0,10.6189,15.373
10/23/2025,2:00:00 PM,0,10.6178,15.378
10/23/2025,2:15:00 PM,0,10.6171,15.383
10/23/2025,2:30:00 PM,0,10.6153,15.387
10/23/2025,2:45:00 PM,0,10.6137,15.391
10/23/2025,3:00:00 PM,0,10.6126,15.395
10/23/2025,3:15:00 PM,0,10.6114,15.398
10/23/2025,3:30:00 PM,0,10.6106,15.403
10/23/2025,3:45:00 PM,0,10.6088,15.408
10/23/2025,4:00:00 PM,0,10.6079,15.412
10/23/2025,4:15:00 PM,0,10.6067,15.42
10/23/2025,4:30:00 PM,0,10.6053,15.422
10/23/2025,4:45:00 PM,0,10.6038,15.43
10/23/2025,5:00:00 PM,0,10.6028,15.434
10/23/2025,5:15:00 PM,0,10.6026,15.439
10/23/2025,5:30:00 PM,0,10.6035,15.446
10/23/2025,5:45:00 PM,0,10.6039,15.449
10/23/2025,6:00:00 PM,0,10.6039,15.456
10/23/2025,6:15:00 PM,0,10.604,15.462
10/23/2025,6:30:00 PM,0,10.6049,15.465
10/23/2025,6:45:00 PM,0,10.6032,15.469
10/23/2025,7:00:00 PM,0,10.6042,15.473
10/23/2025,7:15:00 PM,0,10.6047,15.477
10/23/2025,7:30:00 PM,0,10.606,15.482
10/23/2025,7:45:00 PM,0,10.6061,15.484
10/23/2025,8:00:00 PM,0,10.607,15.488
10/23/2025,8:15:00 PM,0,10.607,15.493
10/23/2025,8:30:00 PM,0,10.6067,15.494
10/23/2025,8:45:00 PM,0,10.6065,15.497
10/23/2025,9:00:00 PM,0,10.6082,15.499
10/23/2025,9:15:00 PM,0,10.6063,15.498
10/23/2025,9:30:00 PM,0,10.6069,15.496
10/23/2025,9:45:00 PM,0,10.6057,15.488
10/23/2025,10:00:00 PM,0,10.6072,15.479
10/23/2025,10:15:00 PM,0,10.6068,15.471
10/23/2025,10:30:00 PM,0,10.607,15.463
10/23/2025,10:45:00 PM,0,10.6074,15.452
10/23/2025,11:00:00 PM,0,10.6057,15.438
10/23/2025,11:15:00 PM,0,10.6048,15.425
10/23/2025,11:30:00 PM,0,10.603,15.41
10/23/2025,11:45:00 PM,0,10.6034,15.389
10/24/2025,12:00:00 AM,0,10.6028,15.373
10/24/2025,12:15:00 AM,0,10.603,15.359
10/24/2025,12:30:00 AM,0,10.6027,15.337
10/24/2025,12:45:00 AM,0,10.6037,15.317
10/24/2025,1:00:00 AM,0,10.6053,15.303
10/24/2025,1:15:00 AM,0,10.6048,15.292
10/24/2025,1:30:00 AM,0,10.6041,15.28
10/24/2025,1:45:00 AM,0,10.6052,15.266
10/24/2025,2:00:00 AM,0,10.6049,15.251
10/24/2025,2:15:00 AM,0,10.6046,15.237
10/24/2025,2:30:00 AM,0,10.6034,15.225
10/24/2025,2:45:00 AM,0,10.6035,15.214
10/24/2025,3:00:00 AM,0,10.603,15.202
10/24/2025,3:15:00 AM,0,10.6036,15.19
10/24/2025,3:30:00 AM,0,10.6041,15.175
10/24/2025,3:45:00 AM,0,10.6039,15.164
10/24/2025,4:00:00 AM,0,10.6053,15.155
10/24/2025,4:15:00 AM,0,10.6051,15.146
10/24/2025,4:30:00 AM,0,10.6067,15.131
10/24/2025,4:45:00 AM,0,10.6072,15.118
10/24/2025,5:00:00 AM,0,10.6082,15.1
10/24/2025,5:15:00 AM,0,10.6082,15.092
10/24/2025,5:30:00 AM,0,10.6084,15.074
10/24/2025,5:45:00 AM,0,10.6076,15.057
10/24/2025,6:00:00 AM,0,10.6075,15.038
10/24/2025,6:15:00 AM,0,10.6084,15.023
10/24/2025,6:30:00 AM,0,10.6099,15.011
10/24/2025,6:45:00 AM,0,10.6113,14.995
10/24/2025,7:00:00 AM,0,10.6129,14.986
10/24/2025,7:15:00 AM,0,10.6154,14.975
10/24/2025,7:30:00 AM,0,10.6171,14.968
10/24/2025,7:45:00 AM,0,10.619,14.967
10/24/2025,8:00:00 AM,0,10.6209,14.971
10/24/2025,8:15:00 AM,0,10.6221,14.979
10/24/2025,8:30:00 AM,0,10.6239,14.984
10/24/2025,8:45:00 AM,0,10.6241,14.992
10/24/2025,9:00:00 AM,0,10.6243,15.002
10/24/2025,9:15:00 AM,0,10.6245,15.009
10/24/2025,9:30:00 AM,0,10.6249,15.013
10/24/2025,9:45:00 AM,0,10.6249,15.021
10/24/2025,10:00:00 AM,0,10.6264,15.026
10/24/2025,10:15:00 AM,0,10.627,15.034
10/24/2025,10:30:00 AM,0,10.6275,15.043
10/24/2025,10:45:00 AM,0,10.6277,15.05
10/24/2025,11:00:00 AM,0,10.6275,15.058
10/24/2025,11:15:00 AM,0,10.6258,15.065
10/24/2025,11:30:00 AM,0,10.6244,15.072
10/24/2025,11:45:00 AM,0,10.6237,15.076
10/24/2025,12:00:00 PM,0,10.6205,15.082
10/24/2025,12:15:00 PM,0,10.6183,15.086
10/24/2025,12:30:00 PM,0,10.6161,15.092
10/24/2025,12:45:00 PM,0,10.6143,15.098
10/24/2025,1:00:00 PM,0,10.6117,15.104
10/24/2025,1:15:00 PM,0,10.6096,15.109
10/24/2025,1:30:00 PM,0,10.6075,15.113
10/24/2025,1:45:00 PM,0,10.6061,15.117
10/24/2025,2:00:00 PM,0,10.6035,15.125
10/24/2025,2:15:00 PM,0,10.6018,15.13
10/24/2025,2:30:00 PM,0,10.5983,15.136
10/24/2025,2:45:00 PM,0,10.5985,15.144
10/24/2025,3:00:00 PM,0,10.5991,15.149
10/24/2025,3:15:00 PM,0,10.5996,15.157
10/24/2025,3:30:00 PM,0,10.5991,15.163
10/24/2025,3:45:00 PM,0,10.5982,15.169
10/24/2025,4:00:00 PM,0,10.5976,15.176
10/24/2025,4:15:00 PM,0,10.5964,15.181
10/24/2025,4:30:00 PM,0,10.5945,15.188
10/24/2025,4:45:00 PM,0,10.5924,15.194
10/24/2025,5:00:00 PM,0,10.593,15.199
10/24/2025,5:15:00 PM,0,10.5926,15.203
10/24/2025,5:30:00 PM,0,10.5947,15.208
10/24/2025,5:45:00 PM,0,10.5965,15.214
10/24/2025,6:00:00 PM,0,10.5964,15.22
10/24/2025,6:15:00 PM,0,10.5955,15.225
10/24/2025,6:30:00 PM,0,10.5989,15.233
10/24/2025,6:45:00 PM,0,10.5961,15.239
10/24/2025,7:00:00 PM,0,10.5998,15.246
10/24/2025,7:15:00 PM,0,10.599,15.254
10/24/2025,7:30:00 PM,0,10.5994,15.261
10/24/2025,7:45:00 PM,0,10.5996,15.266
10/24/2025,8:00:00 PM,0,10.6001,15.273
10/24/2025,8:15:00 PM,0,10.6004,15.281
10/24/2025,8:30:00 PM,0,10.6019,15.284
10/24/2025,8:45:00 PM,0,10.601,15.285
10/24/2025,9:00:00 PM,0,10.6017,15.284
10/24/2025,9:15:00 PM,0,10.6031,15.28
10/24/2025,9:30:00 PM,0,10.6034,15.279
10/24/2025,9:45:00 PM,0,10.603,15.281
10/24/2025,10:00:00 PM,0,10.6017,15.282
10/24/2025,10:15:00 PM,0,10.6029,15.282
10/24/2025,10:30:00 PM,0,10.6027,15.283
10/24/2025,10:45:00 PM,0,10.6009,15.285
10/24/2025,11:00:00 PM,0,10.5998,15.285
10/24/2025,11:15:00 PM,0,10.5992,15.286
10/24/2025,11:30:00 PM,0,10.5989,15.288
10/24/2025,11:45:00 PM,0,10.5979,15.285
10/25/2025,12:00:00 AM,0,10.6027,15.286
10/25/2025,12:15:00 AM,0,10.6048,15.284
10/25/2025,12:30:00 AM,0,10.6051,15.285
10/25/2025,12:45:00 AM,0,10.6053,15.284
10/25/2025,1:00:00 AM,0,10.6073,15.285
10/25/2025,1:15:00 AM,0,10.6082,15.284
10/25/2025,1:30:00 AM,0,10.6066,15.283
10/25/2025,1:45:00 AM,0,10.608,15.283
10/25/2025,2:00:00 AM,0,10.6084,15.281
10/25/2025,2:15:00 AM,0,10.6063,15.281
10/25/2025,2:30:00 AM,0,10.6053,15.28
10/25/2025,2:45:00 AM,0,10.6046,15.277
10/25/2025,3:00:00 AM,0,10.6039,15.273
10/25/2025,3:15:00 AM,0,10.6062,15.276
10/25/2025,3:30:00 AM,0,10.6067,15.273
10/25/2025,3:45:00 AM,0,10.6094,15.272
10/25/2025,4:00:00 AM,0,10.6092,15.273
10/25/2025,4:15:00 AM,0,10.6082,15.272
10/25/2025,4:30:00 AM,0,10.6114,15.272
10/25/2025,4:45:00 AM,0,10.6119,15.272
10/25/2025,5:00:00 AM,0,10.6142,15.273
10/25/2025,5:15:00 AM,0,10.617,15.275
10/25/2025,5:30:00 AM,0,10.6181,15.274
10/25/2025,5:45:00 AM,0,10.6192,15.273
10/25/2025,6:00:00 AM,0,10.619,15.272
10/25/2025,6:15:00 AM,0,10.6186,15.273
10/25/2025,6:30:00 AM,0,10.6207,15.273
10/25/2025,6:45:00 AM,0,10.6203,15.275
10/25/2025,7:00:00 AM,0,10.625,15.275
10/25/2025,7:15:00 AM,0,10.6261,15.276
10/25/2025,7:30:00 AM,0,10.6268,15.277
10/25/2025,7:45:00 AM,0,10.6294,15.279
10/25/2025,8:00:00 AM,0,10.6311,15.279
10/25/2025,8:15:00 AM,0,10.6327,15.281
10/25/2025,8:30:00 AM,0,10.6337,15.285
10/25/2025,8:45:00 AM,0,10.6334,15.284
10/25/2025,9:00:00 AM,0,10.6322,15.286
10/25/2025,9:15:00 AM,0,10.631,15.287
10/25/2025,9:30:00 AM,0,10.6315,15.289
10/25/2025,9:45:00 AM,0,10.6334,15.291
10/25/2025,10:00:00 AM,0,10.6335,15.293
10/25/2025,10:15:00 AM,0,10.6309,15.296
10/25/2025,10:30:00 AM,0,10.6283,15.299
10/25/2025,10:45:00 AM,0,10.6283,15.302
10/25/2025,11:00:00 AM,0,10.6259,15.305
10/25/2025,11:15:00 AM,0,10.6273,15.311
10/25/2025,11:30:00 AM,0,10.6271,15.312
10/25/2025,11:45:00 AM,0,10.6226,15.316
10/25/2025,12:00:00 PM,0,10.6206,15.322
10/25/2025,12:15:00 PM,0,10.617,15.326
10/25/2025,12:30:00 PM,0,10.6171,15.33
10/25/2025,12:45:00 PM,0,10.6178,15.335
10/25/2025,1:00:00 PM,0,10.6163,15.339
10/25/2025,1:15:00 PM,0,10.6159,15.345
10/25/2025,1:30:00 PM,0,10.6137,15.349
10/25/2025,1:45:00 PM,0,10.6144,15.356
10/25/2025,2:00:00 PM,0,10.6127,15.361
10/25/2025,2:15:00 PM,0,10.6098,15.366
10/25/2025,2:30:00 PM,0,10.61,15.373
10/25/2025,2:45:00 PM,0,10.6101,15.379
10/25/2025,3:00:00 PM,0,10.6094,15.384
10/25/2025,3:15:00 PM,0,10.6088,15.389
10/25/2025,3:30:00 PM,0,10.6086,15.395
10/25/2025,3:45:00 PM,0,10.6069,15.401
10/25/2025,4:00:00 PM,0,10.606,15.406
10/25/2025,4:15:00 PM,0,10.6061,15.411
10/25/2025,4:30:00 PM,0,10.6064,15.417
10/25/2025,4:45:00 PM,0,10.6058,15.422
10/25/2025,5:00:00 PM,0,10.605,15.426
10/25/2025,5:15:00 PM,0,10.6033,15.433
10/25/2025,5:30:00 PM,0,10.6055,15.437
10/25/2025,5:45:00 PM,0,10.6052,15.442
10/25/2025,6:00:00 PM,0,10.6089,15.449
10/25/2025,6:15:00 PM,0,10.6076,15.453
10/25/2025,6:30:00 PM,0,10.6102,15.456
10/25/2025,6:45:00 PM,0,10.607,15.462
10/25/2025,7:00:00 PM,0,10.6062,15.466
10/25/2025,7:15:00 PM,0,10.6071,15.471
10/25/2025,7:30:00 PM,0,10.6086,15.474
10/25/2025,7:45:00 PM,0,10.6106,15.479
10/25/2025,8:00:00 PM,0,10.6093,15.481
10/25/2025,8:15:00 PM,0,10.6099,15.477
10/25/2025,8:30:00 PM,0,10.6093,15.47
10/25/2025,8:45:00 PM,0,10.6106,15.463
10/25/2025,9:00:00 PM,0,10.611,15.453
10/25/2025,9:15:00 PM,0,10.612,15.439
10/25/2025,9:30:00 PM,0,10.6115,15.428
10/25/2025,9:45:00 PM,0,10.6129,15.418
10/25/2025,10:00:00 PM,0,10.6145,15.403
10/25/2025,10:15:00 PM,0,10.6171,15.394
10/25/2025,10:30:00 PM,0,10.6176,15.379
10/25/2025,10:45:00 PM,0,10.618,15.368
10/25/2025,11:00:00 PM,0,10.6169,15.357
10/25/2025,11:15:00 PM,0,10.6163,15.346
10/25/2025,11:30:00 PM,0,10.6171,15.334
10/25/2025,11:45:00 PM,0,10.6165,15.322
10/26/2025,12:00:00 AM,0,10.6151,15.313
10/26/2025,12:15:00 AM,0,10.6136,15.302
10/26/2025,12:30:00 AM,0,10.6139,15.292
10/26/2025,12:45:00 AM,0,10.6147,15.283
10/26/2025,1:00:00 AM,0,10.615,15.272
10/26/2025,1:15:00 AM,0,10.6143,15.26
10/26/2025,1:30:00 AM,0,10.6116,15.25
10/26/2025,1:45:00 AM,0,10.6116,15.236
10/26/2025,2:00:00 AM,0,10.6123,15.226
10/26/2025,2:15:00 AM,0,10.6104,15.216
10/26/2025,2:30:00 AM,0,10.6084,15.205
10/26/2025,2:45:00 AM,0,10.6078,15.195
10/26/2025,3:00:00 AM,0,10.6074,15.186
10/26/2025,3:15:00 AM,0,10.609,15.171
10/26/2025,3:30:00 AM,0,10.6088,15.156
10/26/2025,3:45:00 AM,0,10.608,15.143
10/26/2025,4:00:00 AM,0,10.6083,15.131
10/26/2025,4:15:00 AM,0,10.6075,15.117
10/26/2025,4:30:00 AM,0,10.6084,15.105
10/26/2025,4:45:00 AM,0,10.6078,15.09
10/26/2025,5:00:00 AM,0,10.6093,15.08
10/26/2025,5:15:00 AM,0,10.6111,15.07
10/26/2025,5:30:00 AM,0,10.6144,15.063
10/26/2025,5:45:00 AM,0,10.6145,15.059
10/26/2025,6:00:00 AM,0,10.6138,15.057
10/26/2025,6:15:00 AM,0,10.615,15.057
10/26/2025,6:30:00 AM,0,10.6162,15.062
10/26/2025,6:45:00 AM,0,10.6175,15.067
10/26/2025,7:00:00 AM,0,10.6199,15.072
10/26/2025,7:15:00 AM,0,10.622,15.075
10/26/2025,7:30:00 AM,0,10.6233,15.081
10/26/2025,7:45:00 AM,0,10.6259,15.088
10/26/2025,8:00:00 AM,0,10.6281,15.092
10/26/2025,8:15:00 AM,0,10.6309,15.097
10/26/2025,8:30:00 AM,0,10.6317,15.102
10/26/2025,8:45:00 AM,0,10.6332,15.105
10/26/2025,9:00:00 AM,0,10.6341,15.111
10/26/2025,9:15:00 AM,0,10.6334,15.114
10/26/2025,9:30:00 AM,0,10.6327,15.117
10/26/2025,9:45:00 AM,0,10.6329,15.115
10/26/2025,10:00:00 AM,0,10.6319,15.116
10/26/2025,10:15:00 AM,0,10.6315,15.115
10/26/2025,10:30:00 AM,0,10.6314,15.118
10/26/2025,10:45:00 AM,0,10.6308,15.115
10/26/2025,11:00:00 AM,0,10.6295,15.116
10/26/2025,11:15:00 AM,0,10.6283,15.116
10/26/2025,11:30:00 AM,0,10.6289,15.118
10/26/2025,11:45:00 AM,0,10.6264,15.121
10/26/2025,12:00:00 PM,0,10.6248,15.124
10/26/2025,12:15:00 PM,0,10.6241,15.129
10/26/2025,12:30:00 PM,0,10.6233,15.135
10/26/2025,12:45:00 PM,0,10.6214,15.137
10/26/2025,1:00:00 PM,0,10.6198,15.143
10/26/2025,1:15:00 PM,0,10.6167,15.148
10/26/2025,1:30:00 PM,0,10.6162,15.153
10/26/2025,1:45:00 PM,0,10.6148,15.155
10/26/2025,2:00:00 PM,0,10.615,15.16
10/26/2025,2:15:00 PM,0,10.6148,15.166
10/26/2025,2:30:00 PM,0,10.6134,15.17
10/26/2025,2:45:00 PM,0,10.6124,15.176
10/26/2025,3:00:00 PM,0,10.6115,15.181
10/26/2025,3:15:00 PM,0,10.6106,15.188
10/26/2025,3:30:00 PM,0,10.6089,15.194
10/26/2025,3:45:00 PM,0,10.6074,15.199
10/26/2025,4:00:00 PM,0,10.6057,15.207
10/26/2025,4:15:00 PM,0,10.6039,15.215
10/26/2025,4:30:00 PM,0,10.6024,15.222
10/26/2025,4:45:00 PM,0,10.6006,15.23
10/26/2025,5:00:00 PM,0,10.6004,15.237
10/26/2025,5:15:00 PM,0,10.6001,15.244
10/26/2025,5:30:00 PM,0,10.6002,15.253
10/26/2025,5:45:00 PM,0,10.6017,15.258
10/26/2025,6:00:00 PM,0,10.6036,15.267
10/26/2025,6:15:00 PM,0,10.6066,15.273
10/26/2025,6:30:00 PM,0,10.6069,15.279
10/26/2025,6:45:00 PM,0,10.6084,15.287
10/26/2025,7:00:00 PM,0,10.61,15.294
10/26/2025,7:15:00 PM,0,10.6093,15.3
10/26/2025,7:30:00 PM,0,10.6105,15.306
10/26/2025,7:45:00 PM,0,10.611,15.313
10/26/2025,8:00:00 PM,0,10.6126,15.32
10/26/2025,8:15:00 PM,0,10.6123,15.328
10/26/2025,8:30:00 PM,0,10.6107,15.333
10/26/2025,8:45:00 PM,0,10.6099,15.338
10/26/2025,9:00:00 PM,0,10.6126,15.344
10/26/2025,9:15:00 PM,0,10.6153,15.345
10/26/2025,9:30:00 PM,0,10.6133,15.347
10/26/2025,9:45:00 PM,0,10.612,15.344
10/26/2025,10:00:00 PM,0,10.6129,15.341
10/26/2025,10:15:00 PM,0,10.6108,15.34
10/26/2025,10:30:00 PM,0,10.611,15.338
10/26/2025,10:45:00 PM,0,10.6112,15.335
10/26/2025,11:00:00 PM,0,10.6097,15.328
10/26/2025,11:15:00 PM,0,10.609,15.323
10/26/2025,11:30:00 PM,0,10.6086,15.311
10/26/2025,11:45:00 PM,0,10.6078,15.297
10/27/2025,12:00:00 AM,0,10.6076,15.284
10/27/2025,12:15:00 AM,0,10.6076,15.272
10/27/2025,12:30:00 AM,0,10.6063,15.258
10/27/2025,12:45:00 AM,0,10.6052,15.245
10/27/2025,1:00:00 AM,0,10.6061,15.229
10/27/2025,1:15:00 AM,0,10.6066,15.211
10/27/2025,1:30:00 AM,0,10.6065,15.2
10/27/2025,1:45:00 AM,0,10.6065,15.181
10/27/2025,2:00:00 AM,0,10.6059,15.171
10/27/2025,2:15:00 AM,0,10.6055,15.157
10/27/2025,2:30:00 AM,0,10.6034,15.141
10/27/2025,2:45:00 AM,0,10.6033,15.126
10/27/2025,3:00:00 AM,0,10.6033,15.111
10/27/2025,3:15:00 AM,0,10.6032,15.095
10/27/2025,3:30:00 AM,0,10.6041,15.083
10/27/2025,3:45:00 AM,0,10.6042,15.071
10/27/2025,4:00:00 AM,0,10.6056,15.057
10/27/2025,4:15:00 AM,0,10.6078,15.042
10/27/2025,4:30:00 AM,0,10.6092,15.032
10/27/2025,4:45:00 AM,0,10.6096,15.029
10/27/2025,5:00:00 AM,0,10.6104,15.023
10/27/2025,5:15:00 AM,0,10.6116,15.018
10/27/2025,5:30:00 AM,0,10.6095,15.013
10/27/2025,5:45:00 AM,0,10.6098,15.003
10/27/2025,6:00:00 AM,0,10.6106,14.991
10/27/2025,6:15:00 AM,0,10.6123,14.983
10/27/2025,6:30:00 AM,0,10.6114,14.967
10/27/2025,6:45:00 AM,0,10.6118,14.957
10/27/2025,7:00:00 AM,0,10.6155,14.947
10/27/2025,7:15:00 AM,0,10.6159,14.939
10/27/2025,7:30:00 AM,0,10.6157,14.936
10/27/2025,7:45:00 AM,0,10.6184,14.939
10/27/2025,8:00:00 AM,0,10.6202,14.943
10/27/2025,8:15:00 AM,0,10.6201,14.948
10/27/2025,8:30:00 AM,0,10.6215,14.959
10/27/2025,8:45:00 AM,0,10.6194,14.971
10/27/2025,9:00:00 AM,0,10.6176,14.984
10/27/2025,9:15:00 AM,0,10.6164,14.996
10/27/2025,9:30:00 AM,0,10.618,15.01
10/27/2025,9:45:00 AM,0,10.6198,15.021
10/27/2025,10:00:00 AM,0,10.6198,15.032
10/27/2025,10:15:00 AM,0,10.6187,15.037
10/27/2025,10:30:00 AM,0,10.617,15.04
10/27/2025,10:45:00 AM,0,10.6162,15.046
10/27/2025,11:00:00 AM,0,10.6147,15.047
10/27/2025,11:15:00 AM,0,10.614,15.049
10/27/2025,11:30:00 AM,0,10.6123,15.049
10/27/2025,11:45:00 AM,0,10.6101,15.052
10/27/2025,12:00:00 PM,0,10.6071,15.052
10/27/2025,12:15:00 PM,0,10.6047,15.057
10/27/2025,12:30:00 PM,0,10.6024,15.059
10/27/2025,12:45:00 PM,0,10.6038,15.062
10/27/2025,1:00:00 PM,0,10.6009,15.065
10/27/2025,1:15:00 PM,0,10.5982,15.069
10/27/2025,1:30:00 PM,0,10.5962,15.074
10/27/2025,1:45:00 PM,0,10.593,15.077
10/27/2025,2:00:00 PM,0,10.5941,15.084
10/27/2025,2:15:00 PM,0,10.593,15.091
10/27/2025,2:30:00 PM,0,10.5926,15.096
10/27/2025,2:45:00 PM,0,10.592,15.101
10/27/2025,3:00:00 PM,0,10.5894,15.108
10/27/2025,3:15:00 PM,0,10.5883,15.113
10/27/2025,3:30:00 PM,0,10.5866,15.119
10/27/2025,3:45:00 PM,0,10.5848,15.125
10/27/2025,4:00:00 PM,0,10.5848,15.133
10/27/2025,4:15:00 PM,0,10.5855,15.14
10/27/2025,4:30:00 PM,0,10.584,15.144
10/27/2025,4:45:00 PM,0,10.5834,15.151
10/27/2025,5:00:00 PM,0,10.5826,15.159
10/27/2025,5:15:00 PM,0,10.5825,15.166
10/27/2025,5:30:00 PM,0,10.5816,15.173
10/27/2025,5:45:00 PM,0,10.5815,15.179
10/27/2025,6:00:00 PM,0,10.5816,15.187
10/27/2025,6:15:00 PM,0,10.5819,15.194
10/27/2025,6:30:00 PM,0,10.5837,15.201
10/27/2025,6:45:00 PM,0,10.585,15.207
10/27/2025,7:00:00 PM,0,10.5873,15.211
10/27/2025,7:15:00 PM,0,10.5885,15.219
10/27/2025,7:30:00 PM,0,10.5874,15.222
10/27/2025,7:45:00 PM,0,10.5881,15.227
10/27/2025,8:00:00 PM,0,10.5893,15.233
10/27/2025,8:15:00 PM,0,10.5902,15.237
10/27/2025,8:30:00 PM,0,10.5902,15.241
10/27/2025,8:45:00 PM,0,10.5902,15.245
10/27/2025,9:00:00 PM,0,10.591,15.241
10/27/2025,9:15:00 PM,0,10.5913,15.236
10/27/2025,9:30:00 PM,0,10.5928,15.228
10/27/2025,9:45:00 PM,0,10.5927,15.216
10/27/2025,10:00:00 PM,0,10.5927,15.204
10/27/2025,10:15:00 PM,0,10.5929,15.19
10/27/2025,10:30:00 PM,0,10.5909,15.178
10/27/2025,10:45:00 PM,0,10.5901,15.166
10/27/2025,11:00:00 PM,0,10.5906,15.151
10/27/2025,11:15:00 PM,0,10.5911,15.139
10/27/2025,11:30:00 PM,0,10.5902,15.124
10/27/2025,11:45:00 PM,0,10.5889,15.106
10/28/2025,12:00:00 AM,0,10.5887,15.092
10/28/2025,12:15:00 AM,0,10.5892,15.076
10/28/2025,12:30:00 AM,0,10.5892,15.061
10/28/2025,12:45:00 AM,0,10.5882,15.042
10/28/2025,1:00:00 AM,0,10.5892,15.03
10/28/2025,1:15:00 AM,0,10.5908,15.013
10/28/2025,1:30:00 AM,0,10.5918,15
10/28/2025,1:45:00 AM,0,10.5923,14.985
10/28/2025,2:00:00 AM,0,10.5924,14.974
10/28/2025,2:15:00 AM,0,10.5938,14.963
10/28/2025,2:30:00 AM,0,10.594,14.949
10/28/2025,2:45:00 AM,0,10.5952,14.934
10/28/2025,3:00:00 AM,0,10.5939,14.922
10/28/2025,3:15:00 AM,0,10.5934,14.91
10/28/2025,3:30:00 AM,0,10.5937,14.896
10/28/2025,3:45:00 AM,0,10.5955,14.884
10/28/2025,4:00:00 AM,0,10.5946,14.87
10/28/2025,4:15:00 AM,0,10.5961,14.857
10/28/2025,4:30:00 AM,0,10.5977,14.842
10/28/2025,4:45:00 AM,0,10.5977,14.825
10/28/2025,5:00:00 AM,0,10.5974,14.809
10/28/2025,5:15:00 AM,0,10.5979,14.791
10/28/2025,5:30:00 AM,0,10.5991,14.774
10/28/2025,5:45:00 AM,0,10.6011,14.759
10/28/2025,6:00:00 AM,0,10.6027,14.742
10/28/2025,6:15:00 AM,0,10.6028,14.723
10/28/2025,6:30:00 AM,0,10.6038,14.705
10/28/2025,6:45:00 AM,0,10.6047,14.691
10/28/2025,7:00:00 AM,0,10.6068,14.676
10/28/2025,7:15:00 AM,0,10.609,14.665
10/28/2025,7:30:00 AM,0,10.6114,14.659
10/28/2025,7:45:00 AM,0,10.6123,14.653
10/28/2025,8:00:00 AM,0,10.6125,14.656
10/28/2025,8:15:00 AM,0,10.613,14.658
10/28/2025,8:30:00 AM,0,10.6139,14.662
10/28/2025,8:45:00 AM,0,10.6148,14.67
10/28/2025,9:00:00 AM,0,10.6149,14.679
10/28/2025,9:15:00 AM,0,10.615,14.689
10/28/2025,9:30:00 AM,0,10.615,14.698
10/28/2025,9:45:00 AM,0,10.6145,14.707
10/28/2025,10:00:00 AM,0,10.6131,14.712
10/28/2025,10:15:00 AM,0,10.613,14.718
10/28/2025,10:30:00 AM,0,10.6123,14.722
10/28/2025,10:45:00 AM,0,10.6119,14.726
10/28/2025,11:00:00 AM,0,10.6106,14.729
10/28/2025,11:15:00 AM,0,10.6093,14.731
10/28/2025,11:30:00 AM,0,10.6079,14.736
10/28/2025,11:45:00 AM,0,10.6061,14.74
10/28/2025,12:00:00 PM,0,10.6043,14.743
10/28/2025,12:15:00 PM,0,10.6023,14.749
10/28/2025,12:30:00 PM,0,10.6002,14.755
10/28/2025,12:45:00 PM,0,10.5985,14.76
10/28/2025,1:00:00 PM,0,10.5972,14.767
10/28/2025,1:15:00 PM,0,10.5959,14.775
10/28/2025,1:30:00 PM,0,10.5953,14.783
10/28/2025,1:45:00 PM,0,10.5946,14.792
10/28/2025,2:00:00 PM,0,10.5943,14.798
10/28/2025,2:15:00 PM,0,10.5963,14.808
10/28/2025,2:30:00 PM,0,10.5968,14.815
10/28/2025,2:45:00 PM,0,10.598,14.823
10/28/2025,3:00:00 PM,0,10.5987,14.832
10/28/2025,3:15:00 PM,0,10.599,14.843
10/28/2025,3:30:00 PM,0,10.599,14.852
10/28/2025,3:45:00 PM,0,10.5988,14.861
10/28/2025,4:00:00 PM,0,10.5981,14.871
10/28/2025,4:15:00 PM,0,10.5968,14.881
10/28/2025,4:30:00 PM,0,10.5969,14.891
10/28/2025,4:45:00 PM,0,10.5973,14.902
10/28/2025,5:00:00 PM,0,10.5982,14.912
10/28/2025,5:15:00 PM,0,10.5995,14.921
10/28/2025,5:30:00 PM,0,10.5995,14.931
10/28/2025,5:45:00 PM,0,10.6012,14.942
10/28/2025,6:00:00 PM,0,10.6029,14.95
10/28/2025,6:15:00 PM,0,10.6046,14.96
10/28/2025,6:30:00 PM,0,10.6066,14.968
10/28/2025,6:45:00 PM,0,10.6079,14.978
10/28/2025,7:00:00 PM,0,10.6082,14.987
10/28/2025,7:15:00 PM,0,10.6093,14.993
10/28/2025,7:30:00 PM,0,10.6098,15.003
10/28/2025,7:45:00 PM,0,10.6111,15.012
10/28/2025,8:00:00 PM,0,10.6107,15.022
10/28/2025,8:15:00 PM,0,10.6117,15.028
10/28/2025,8:30:00 PM,0,10.6127,15.036
10/28/2025,8:45:00 PM,0,10.6146,15.043
10/28/2025,9:00:00 PM,0,10.6147,15.05
10/28/2025,9:15:00 PM,0,10.6155,15.055
10/28/2025,9:30:00 PM,0,10.6156,15.058
10/28/2025,9:45:00 PM,0,10.616,15.063
10/28/2025,10:00:00 PM,0,10.6174,15.063
10/28/2025,10:15:00 PM,0,10.6173,15.058
10/28/2025,10:30:00 PM,0,10.6158,15.048
10/28/2025,10:45:00 PM,0,10.6157,15.038
10/28/2025,11:00:00 PM,0,10.616,15.025
10/28/2025,11:15:00 PM,0,10.6163,15.013
10/28/2025,11:30:00 PM,0,10.6159,14.998
10/28/2025,11:45:00 PM,0,10.6165,14.984
10/29/2025,12:00:00 AM,0,10.6165,14.972
10/29/2025,12:15:00 AM,0,10.6162,14.956
10/29/2025,12:30:00 AM,0,10.6165,14.939
10/29/2025,12:45:00 AM,0,10.616,14.922
10/29/2025,1:00:00 AM,0,10.6153,14.906
10/29/2025,1:15:00 AM,0,10.6155,14.891
10/29/2025,1:30:00 AM,0,10.6151,14.873
10/29/2025,1:45:00 AM,0,10.6142,14.854
10/29/2025,2:00:00 AM,0,10.6127,14.837
10/29/2025,2:15:00 AM,0,10.611,14.822
10/29/2025,2:30:00 AM,0,10.6103,14.805
10/29/2025,2:45:00 AM,0,10.6094,14.79
10/29/2025,3:00:00 AM,0,10.609,14.774
10/29/2025,3:15:00 AM,0,10.6087,14.757
10/29/2025,3:30:00 AM,0,10.6092,14.744
10/29/2025,3:45:00 AM,0,10.609,14.729
10/29/2025,4:00:00 AM,0,10.6093,14.717
10/29/2025,4:15:00 AM,0,10.6102,14.701
10/29/2025,4:30:00 AM,0,10.6095,14.687
10/29/2025,4:45:00 AM,0,10.6104,14.672
10/29/2025,5:00:00 AM,0,10.6106,14.66
10/29/2025,5:15:00 AM,0,10.6112,14.644
10/29/2025,5:30:00 AM,0,10.6113,14.629
10/29/2025,5:45:00 AM,0,10.6116,14.616
10/29/2025,6:00:00 AM,0,10.6119,14.601
10/29/2025,6:15:00 AM,0,10.6115,14.584
10/29/2025,6:30:00 AM,0,10.6118,14.569
10/29/2025,6:45:00 AM,0,10.6131,14.553
10/29/2025,7:00:00 AM,0,10.6157,14.539
10/29/2025,7:15:00 AM,0,10.6167,14.527
10/29/2025,7:30:00 AM,0,10.6183,14.521
10/29/2025,7:45:00 AM,0,10.6199,14.52
10/29/2025,8:00:00 AM,0,10.6221,14.523
10/29/2025,8:15:00 AM,0,10.6224,14.53
10/29/2025,8:30:00 AM,0,10.6221,14.537
10/29/2025,8:45:00 AM,0,10.6225,14.544
10/29/2025,9:00:00 AM,0,10.6215,14.556
10/29/2025,9:15:00 AM,0,10.6212,14.566
10/29/2025,9:30:00 AM,0,10.62,14.574
10/29/2025,9:45:00 AM,0,10.6198,14.583
10/29/2025,10:00:00 AM,0,10.619,14.59
10/29/2025,10:15:00 AM,0,10.6193,14.6
10/29/2025,10:30:00 AM,0,10.6181,14.607
10/29/2025,10:45:00 AM,0,10.6164,14.619
10/29/2025,11:00:00 AM,0,10.6145,14.626
10/29/2025,11:15:00 AM,0,10.6131,14.634
10/29/2025,11:30:00 AM,0,10.6117,14.643
10/29/2025,11:45:00 AM,0,10.6093,14.65
10/29/2025,12:00:00 PM,0,10.607,14.66
10/29/2025,12:15:00 PM,0,10.6047,14.667
10/29/2025,12:30:00 PM,0,10.6017,14.676
10/29/2025,12:45:00 PM,0,10.599,14.681
10/29/2025,1:00:00 PM,0,10.5972,14.69
10/29/2025,1:15:00 PM,0,10.5955,14.697
10/29/2025,1:30:00 PM,0,10.5944,14.704
10/29/2025,1:45:00 PM,0,10.5931,14.71
10/29/2025,2:00:00 PM,0,10.5921,14.719
10/29/2025,2:15:00 PM,0,10.5906,14.726
10/29/2025,2:30:00 PM,0,10.5897,14.734
10/29/2025,2:45:00 PM,0,10.5898,14.742
10/29/2025,3:00:00 PM,0,10.5897,14.753
10/29/2025,3:15:00 PM,0,10.5904,14.762
10/29/2025,3:30:00 PM,0,10.5907,14.773
10/29/2025,3:45:00 PM,0,10.5903,14.784
10/29/2025,4:00:00 PM,0,10.59,14.794
10/29/2025,4:15:00 PM,0,10.5906,14.807
10/29/2025,4:30:00 PM,0,10.5907,14.817
10/29/2025,4:45:00 PM,0,10.5919,14.829
10/29/2025,5:00:00 PM,0,10.592,14.845
10/29/2025,5:15:00 PM,0,10.5915,14.86
10/29/2025,5:30:00 PM,0,10.5911,14.879
10/29/2025,5:45:00 PM,0,10.5924,14.9
10/29/2025,6:00:00 PM,0,10.593,14.922
10/29/2025,6:15:00 PM,0,10.594,14.946
10/29/2025,6:30:00 PM,0,10.5948,14.973
10/29/2025,6:45:00 PM,0,10.5957,14.997
10/29/2025,7:00:00 PM,0,10.5957,15.021
10/29/2025,7:15:00 PM,0,10.5965,15.048
10/29/2025,7:30:00 PM,0,10.5962,15.067
10/29/2025,7:45:00 PM,0,10.5972,15.089
10/29/2025,8:00:00 PM,0,10.5981,15.109
10/29/2025,8:15:00 PM,0,10.5984,15.128
10/29/2025,8:30:00 PM,0,10.5989,15.147
10/29/2025,8:45:00 PM,0,10.5997,15.163
10/29/2025,9:00:00 PM,0,10.6006,15.183
10/29/2025,9:15:00 PM,0,10.6015,15.197
10/29/2025,9:30:00 PM,0,10.6021,15.215
10/29/2025,9:45:00 PM,0,10.6015,15.23
10/29/2025,10:00:00 PM,0,10.6011,15.244
10/29/2025,10:15:00 PM,0,10.6011,15.259
10/29/2025,10:30:00 PM,0,10.5993,15.27
10/29/2025,10:45:00 PM,0,10.5981,15.279
10/29/2025,11:00:00 PM,0,10.597,15.288
10/29/2025,11:15:00 PM,0,10.5956,15.296
10/29/2025,11:30:00 PM,0,10.5948,15.3
10/29/2025,11:45:00 PM,0,10.5932,15.306
10/30/2025,12:00:00 AM,0,10.5924,15.31
10/30/2025,12:15:00 AM,0,10.591,15.316
10/30/2025,12:30:00 AM,0,10.5907,15.313
10/30/2025,12:45:00 AM,0,10.5905,15.304
10/30/2025,1:00:00 AM,0,10.5908,15.289
10/30/2025,1:15:00 AM,0,10.5896,15.265
10/30/2025,1:30:00 AM,0,10.589,15.234
10/30/2025,1:45:00 AM,0,10.5884,15.199
10/30/2025,2:00:00 AM,0,10.5877,15.173
10/30/2025,2:15:00 AM,0,10.5865,15.139
10/30/2025,2:30:00 AM,0,10.5862,15.106
10/30/2025,2:45:00 AM,0,10.5849,15.075
10/30/2025,3:00:00 AM,0,10.5852,15.047
10/30/2025,3:15:00 AM,0,10.5846,15.017
10/30/2025,3:30:00 AM,0,10.5843,14.986
10/30/2025,3:45:00 AM,0,10.5845,14.952
10/30/2025,4:00:00 AM,0,10.5843,14.923
10/30/2025,4:15:00 AM,0,10.5849,14.897
10/30/2025,4:30:00 AM,0,10.5861,14.87
10/30/2025,4:45:00 AM,0,10.5866,14.841
10/30/2025,5:00:00 AM,0,10.5866,14.81
10/30/2025,5:15:00 AM,0,10.5872,14.782
10/30/2025,5:30:00 AM,0,10.587,14.752
10/30/2025,5:45:00 AM,0,10.5868,14.722
10/30/2025,6:00:00 AM,0,10.5873,14.701
10/30/2025,6:15:00 AM,0,10.5872,14.667
10/30/2025,6:30:00 AM,0,10.5881,14.642
10/30/2025,6:45:00 AM,0,10.5897,14.614
10/30/2025,7:00:00 AM,0,10.5906,14.582
10/30/2025,7:15:00 AM,0,10.5913,14.557
10/30/2025,7:30:00 AM,0,10.5931,14.54
10/30/2025,7:45:00 AM,0,10.594,14.532
10/30/2025,8:00:00 AM,0,10.5947,14.52
10/30/2025,8:15:00 AM,0,10.5965,14.519
10/30/2025,8:30:00 AM,0,10.597,14.525
10/30/2025,8:45:00 AM,0,10.5976,14.539
10/30/2025,9:00:00 AM,0,10.5975,14.557
10/30/2025,9:15:00 AM,0,10.5973,14.575
10/30/2025,9:30:00 AM,0,10.5975,14.598
10/30/2025,9:45:00 AM,0,10.5978,14.62
10/30/2025,10:00:00 AM,0,10.5984,14.635
10/30/2025,10:15:00 AM,0,10.5991,14.654
10/30/2025,10:30:00 AM,0,10.5994,14.678
10/30/2025,10:45:00 AM,0,10.5978,14.701
10/30/2025,11:00:00 AM,0,10.596,14.722
10/30/2025,11:15:00 AM,0,10.5945,14.742
10/30/2025,11:30:00 AM,0,10.5926,14.758
10/30/2025,11:45:00 AM,0,10.5904,14.775
10/30/2025,12:00:00 PM,0,10.5883,14.792
10/30/2025,12:15:00 PM,0,10.5866,14.807
10/30/2025,12:30:00 PM,0,10.5853,14.819
10/30/2025,12:45:00 PM,0,10.5836,14.831
10/30/2025,1:00:00 PM,0,10.5827,14.842
10/30/2025,1:15:00 PM,0,10.5811,14.852
10/30/2025,1:30:00 PM,0,10.5788,14.864
10/30/2025,1:45:00 PM,0,10.5773,14.874
10/30/2025,2:00:00 PM,0,10.5764,14.883
10/30/2025,2:15:00 PM,0,10.5756,14.891
10/30/2025,2:30:00 PM,0,10.5757,14.898
10/30/2025,2:45:00 PM,0,10.5754,14.905
10/30/2025,3:00:00 PM,0,10.5752,14.912
10/30/2025,3:15:00 PM,0,10.5743,14.922
10/30/2025,3:30:00 PM,0,10.5739,14.929
10/30/2025,3:45:00 PM,0,10.5725,14.933
10/30/2025,4:00:00 PM,0,10.5718,14.943
10/30/2025,4:15:00 PM,0,10.5721,14.95
10/30/2025,4:30:00 PM,0,10.5716,14.958
10/30/2025,4:45:00 PM,0,10.5711,14.964
10/30/2025,5:00:00 PM,0,10.5707,14.972
10/30/2025,5:15:00 PM,0,10.5704,14.978
10/30/2025,5:30:00 PM,0,10.5706,14.986
10/30/2025,5:45:00 PM,0,10.5703,14.995
10/30/2025,6:00:00 PM,0,10.5707,15
10/30/2025,6:15:00 PM,0,10.5709,15.008
10/30/2025,6:30:00 PM,0,10.5709,15.014
10/30/2025,6:45:00 PM,0,10.5732,15.022
10/30/2025,7:00:00 PM,0,10.5739,15.031
10/30/2025,7:15:00 PM,0,10.5733,15.038
10/30/2025,7:30:00 PM,0,10.574,15.046
10/30/2025,7:45:00 PM,0,10.5725,15.052
10/30/2025,8:00:00 PM,0,10.5729,15.062
10/30/2025,8:15:00 PM,0,10.5733,15.069
10/30/2025,8:30:00 PM,0,10.5752,15.077
10/30/2025,8:45:00 PM,0,10.5759,15.083
10/30/2025,9:00:00 PM,0,10.5774,15.092
10/30/2025,9:15:00 PM,0,10.5787,15.1
10/30/2025,9:30:00 PM,0,10.579,15.103
10/30/2025,9:45:00 PM,0,10.5787,15.109
10/30/2025,10:00:00 PM,0,10.5791,15.115
10/30/2025,10:15:00 PM,0,10.5801,15.12
10/30/2025,10:30:00 PM,0,10.581,15.123
10/30/2025,10:45:00 PM,0,10.5812,15.127
10/30/2025,11:00:00 PM,0,10.5797,15.128
10/30/2025,11:15:00 PM,0,10.5778,15.126
10/30/2025,11:30:00 PM,0,10.5779,15.127
10/30/2025,11:45:00 PM,0,10.581,15.127
10/31/2025,12:00:00 AM,0,10.5814,15.126
10/31/2025,12:15:00 AM,0,10.5805,15.122
10/31/2025,12:30:00 AM,0,10.5807,15.116
10/31/2025,12:45:00 AM,0,10.5803,15.109
10/31/2025,1:00:00 AM,0,10.5819,15.098
10/31/2025,1:15:00 AM,0,10.5822,15.081
10/31/2025,1:30:00 AM,0,10.5827,15.064
10/31/2025,1:45:00 AM,0,10.5824,15.049
10/31/2025,2:00:00 AM,0,10.5807,15.034
10/31/2025,2:15:00 AM,0,10.5798,15.019
10/31/2025,2:30:00 AM,0,10.5804,15.009
10/31/2025,2:45:00 AM,0,10.5812,15.006
10/31/2025,3:00:00 AM,0,10.5831,14.999
10/31/2025,3:15:00 AM,0,10.5831,14.991
10/31/2025,3:30:00 AM,0,10.5832,14.981
10/31/2025,3:45:00 AM,0,10.5855,14.967
10/31/2025,4:00:00 AM,0,10.585,14.953
10/31/2025,4:15:00 AM,0,10.5871,14.94
10/31/2025,4:30:00 AM,0,10.5888,14.922
10/31/2025,4:45:00 AM,0,10.5906,14.908
10/31/2025,5:00:00 AM,0,10.5916,14.894
10/31/2025,5:15:00 AM,0,10.5917,14.883
10/31/2025,5:30:00 AM,0,10.5949,14.872
10/31/2025,5:45:00 AM,0,10.5961,14.863
10/31/2025,6:00:00 AM,0,10.5979,14.858
10/31/2025,6:15:00 AM,0,10.5968,14.849
10/31/2025,6:30:00 AM,0,10.5973,14.846
10/31/2025,6:45:00 AM,0,10.5993,14.843
10/31/2025,7:00:00 AM,0,10.6022,14.834
10/31/2025,7:15:00 AM,0,10.6047,14.833
10/31/2025,7:30:00 AM,0,10.6073,14.833
10/31/2025,7:45:00 AM,0,10.6101,14.834
10/31/2025,8:00:00 AM,0,10.6112,14.835
10/31/2025,8:15:00 AM,0,10.613,14.836
10/31/2025,8:30:00 AM,0,10.6148,14.84
10/31/2025,8:45:00 AM,0,10.6163,14.844
10/31/2025,9:00:00 AM,0,10.617,14.85
10/31/2025,9:15:00 AM,0,10.6177,14.854
10/31/2025,9:30:00 AM,0,10.6177,14.86
10/31/2025,9:45:00 AM,0,10.6179,14.869
10/31/2025,10:00:00 AM,0,10.6173,14.878
10/31/2025,10:15:00 AM,0,10.6179,14.886
10/31/2025,10:30:00 AM,0,10.6166,14.898
10/31/2025,10:45:00 AM,0,10.6176,14.909
10/31/2025,11:00:00 AM,0,10.6172,14.919
10/31/2025,11:15:00 AM,0,10.6173,14.929
10/31/2025,11:30:00 AM,0,10.6154,14.943
10/31/2025,11:45:00 AM,0,10.6143,14.953
10/31/2025,12:00:00 PM,0,10.6128,14.963
10/31/2025,12:15:00 PM,0,10.6102,14.974
10/31/2025,12:30:00 PM,0,10.6089,14.985
10/31/2025,12:45:00 PM,0,10.6093,14.994
10/31/2025,1:00:00 PM,0,10.6068,15.005
10/31/2025,1:15:00 PM,0,10.6046,15.013
10/31/2025,1:30:00 PM,0,10.6026,15.021
10/31/2025,1:45:00 PM,0,10.6008,15.031
10/31/2025,2:00:00 PM,0,10.5998,15.041
10/31/2025,2:15:00 PM,0,10.599,15.048
10/31/2025,2:30:00 PM,0,10.5993,15.056
10/31/2025,2:45:00 PM,0,10.5987,15.067
10/31/2025,3:00:00 PM,0,10.5982,15.072
10/31/2025,3:15:00 PM,0,10.5984,15.082
10/31/2025,3:30:00 PM,0,10.5974,15.089
10/31/2025,3:45:00 PM,0,10.5972,15.099
10/31/2025,4:00:00 PM,0,10.5964,15.106
10/31/2025,4:15:00 PM,0,10.5961,15.112
10/31/2025,4:30:00 PM,0,10.5951,15.122
10/31/2025,4:45:00 PM,0,10.5948,15.127
10/31/2025,5:00:00 PM,0,10.5949,15.136
10/31/2025,5:15:00 PM,0,10.5952,15.141
10/31/2025,5:30:00 PM,0,10.5963,15.15
10/31/2025,5:45:00 PM,0,10.5964,15.158
10/31/2025,6:00:00 PM,0,10.5982,15.164
10/31/2025,6:15:00 PM,0,10.5986,15.171
10/31/2025,6:30:00 PM,0,10.6001,15.178
10/31/2025,6:45:00 PM,0,10.601,15.184
10/31/2025,7:00:00 PM,0,10.6016,15.189
10/31/2025,7:15:00 PM,0,10.602,15.193
10/31/2025,7:30:00 PM,0,10.603,15.201
10/31/2025,7:45:00 PM,0,10.6038,15.199
10/31/2025,8:00:00 PM,0,10.6047,15.193
10/31/2025,8:15:00 PM,0,10.6056,15.174
10/31/2025,8:30:00 PM,0,10.6069,15.158
10/31/2025,8:45:00 PM,0,10.608,15.141
10/31/2025,9:00:00 PM,0,10.6084,15.122
10/31/2025,9:15:00 PM,0,10.6088,15.105
10/31/2025,9:30:00 PM,0,10.6098,15.087
10/31/2025,9:45:00 PM,0,10.6095,15.065
10/31/2025,10:00:00 PM,0,10.6097,15.046
10/31/2025,10:15:00 PM,0,10.6089,15.028
10/31/2025,10:30:00 PM,0,10.6096,15.009
10/31/2025,10:45:00 PM,0,10.6099,14.991
10/31/2025,11:00:00 PM,0,10.6101,14.969
10/31/2025,11:15:00 PM,0,10.6102,14.947
10/31/2025,11:30:00 PM,0,10.6109,14.923
10/31/2025,11:45:00 PM,0,10.6117,14.909
11/1/2025,12:00:00 AM,0,10.6116,14.89
11/1/2025,12:15:00 AM,0,10.6119,14.875
11/1/2025,12:30:00 AM,0,10.6123,14.859
11/1/2025,12:45:00 AM,0,10.6123,14.854
11/1/2025,1:00:00 AM,0,10.6117,14.84
11/1/2025,1:15:00 AM,0,10.6121,14.828
11/1/2025,1:30:00 AM,0,10.6121,14.817
11/1/2025,1:45:00 AM,0,10.6119,14.809
11/1/2025,2:00:00 AM,0,10.6117,14.805
11/1/2025,2:15:00 AM,0,10.6104,14.798
11/1/2025,2:30:00 AM,0,10.6098,14.794
11/1/2025,2:45:00 AM,0,10.6087,14.79
11/1/2025,3:00:00 AM,0,10.6098,14.788
11/1/2025,3:15:00 AM,0,10.6104,14.782
11/1/2025,3:30:00 AM,0,10.6114,14.78
11/1/2025,3:45:00 AM,0,10.611,14.776
11/1/2025,4:00:00 AM,0,10.6126,14.773
11/1/2025,4:15:00 AM,0,10.6139,14.769
11/1/2025,4:30:00 AM,0,10.6152,14.768
11/1/2025,4:45:00 AM,0,10.6161,14.767
11/1/2025,5:00:00 AM,0,10.6182,14.765
11/1/2025,5:15:00 AM,0,10.62,14.764
11/1/2025,5:30:00 AM,0,10.6213,14.762
11/1/2025,5:45:00 AM,0,10.6226,14.762
11/1/2025,6:00:00 AM,0,10.6238,14.763
11/1/2025,6:15:00 AM,0,10.6247,14.763
11/1/2025,6:30:00 AM,0,10.625,14.761
11/1/2025,6:45:00 AM,0,10.6255,14.765
11/1/2025,7:00:00 AM,0,10.6273,14.77
11/1/2025,7:15:00 AM,0,10.6293,14.772
11/1/2025,7:30:00 AM,0,10.6305,14.777
11/1/2025,7:45:00 AM,0,10.6325,14.779
11/1/2025,8:00:00 AM,0,10.6336,14.784
11/1/2025,8:15:00 AM,0,10.6348,14.789
11/1/2025,8:30:00 AM,0,10.6361,14.791
11/1/2025,8:45:00 AM,0,10.6361,14.795
11/1/2025,9:00:00 AM,0,10.637,14.801
11/1/2025,9:15:00 AM,0,10.6375,14.806
11/1/2025,9:30:00 AM,0,10.6368,14.809
11/1/2025,9:45:00 AM,0,10.6375,14.817
11/1/2025,10:00:00 AM,0,10.6382,14.823
11/1/2025,10:15:00 AM,0,10.6384,14.828
11/1/2025,10:30:00 AM,0,10.6382,14.835
11/1/2025,10:45:00 AM,0,10.6376,14.842
11/1/2025,11:00:00 AM,0,10.637,14.852
11/1/2025,11:15:00 AM,0,10.6363,14.862
11/1/2025,11:30:00 AM,0,10.634,14.87
11/1/2025,11:45:00 AM,0,10.6317,14.879
11/1/2025,12:00:00 PM,0,10.6286,14.891
11/1/2025,12:15:00 PM,0,10.6268,14.901
11/1/2025,12:30:00 PM,0,10.6249,14.912
11/1/2025,12:45:00 PM,0,10.6235,14.924
11/1/2025,1:00:00 PM,0,10.6218,14.934
11/1/2025,1:15:00 PM,0,10.6193,14.946
11/1/2025,1:30:00 PM,0,10.6182,14.956
11/1/2025,1:45:00 PM,0,10.6166,14.967
11/1/2025,2:00:00 PM,0,10.6169,14.977
11/1/2025,2:15:00 PM,0,10.616,14.988
11/1/2025,2:30:00 PM,0,10.6164,14.997
11/1/2025,2:45:00 PM,0,10.6152,15.007
11/1/2025,3:00:00 PM,0,10.6151,15.016
11/1/2025,3:15:00 PM,0,10.6145,15.023
11/1/2025,3:30:00 PM,0,10.6134,15.03
11/1/2025,3:45:00 PM,0,10.612,15.039
11/1/2025,4:00:00 PM,0,10.6118,15.044
11/1/2025,4:15:00 PM,0,10.6125,15.053
11/1/2025,4:30:00 PM,0,10.6131,15.059
11/1/2025,4:45:00 PM,0,10.6121,15.063
11/1/2025,5:00:00 PM,0,10.6121,15.07
11/1/2025,5:15:00 PM,0,10.6131,15.075
11/1/2025,5:30:00 PM,0,10.6127,15.08
11/1/2025,5:45:00 PM,0,10.6125,15.085
11/1/2025,6:00:00 PM,0,10.6134,15.09
11/1/2025,6:15:00 PM,0,10.6151,15.095
11/1/2025,6:30:00 PM,0,10.6166,15.1
11/1/2025,6:45:00 PM,0,10.6175,15.102
11/1/2025,7:00:00 PM,0,10.6176,15.107
11/1/2025,7:15:00 PM,0,10.6182,15.108
11/1/2025,7:30:00 PM,0,10.6181,15.113
11/1/2025,7:45:00 PM,0,10.6178,15.116
11/1/2025,8:00:00 PM,0,10.6188,15.117
11/1/2025,8:15:00 PM,0,10.6194,15.119
11/1/2025,8:30:00 PM,0,10.6206,15.122
11/1/2025,8:45:00 PM,0,10.6225,15.126
11/1/2025,9:00:00 PM,0,10.6237,15.129
11/1/2025,9:15:00 PM,0,10.6239,15.131
11/1/2025,9:30:00 PM,0,10.6235,15.134
11/1/2025,9:45:00 PM,0,10.6234,15.137
11/1/2025,10:00:00 PM,0,10.6245,15.14
11/1/2025,10:15:00 PM,0,10.6262,15.143
11/1/2025,10:30:00 PM,0,10.6272,15.144
11/1/2025,10:45:00 PM,0,10.6284,15.147
11/1/2025,11:00:00 PM,0,10.6282,15.148
11/1/2025,11:15:00 PM,0,10.6286,15.151
11/1/2025,11:30:00 PM,0,10.6289,15.154
11/1/2025,11:45:00 PM,0,10.6299,15.155
11/2/2025,12:00:00 AM,0,10.6313,15.158
11/2/2025,12:15:00 AM,0,10.6322,15.158
11/2/2025,12:30:00 AM,0,10.6326,15.161
11/2/2025,12:45:00 AM,0,10.6325,15.161
11/2/2025,1:00:00 AM,0,10.6311,15.163
11/2/2025,1:15:00 AM,0,10.629,15.164
11/2/2025,1:30:00 AM,0,10.6286,15.163
11/2/2025,1:45:00 AM,0,10.6295,15.164
11/2/2025,2:00:00 AM,0,10.6307,15.165
11/2/2025,2:15:00 AM,0,10.6294,15.169
11/2/2025,2:30:00 AM,0,10.6276,15.17
11/2/2025,2:45:00 AM,0,10.6262,15.172
11/2/2025,3:00:00 AM,0,10.6259,15.174
11/2/2025,3:15:00 AM,0,10.6247,15.174
11/2/2025,3:30:00 AM,0,10.6248,15.175
11/2/2025,3:45:00 AM,0,10.6249,15.177
11/2/2025,4:00:00 AM,0,10.6234,15.178
11/2/2025,4:15:00 AM,0,10.6217,15.179
11/2/2025,4:30:00 AM,0,10.6217,15.181
11/2/2025,4:45:00 AM,0,10.6224,15.182
11/2/2025,5:00:00 AM,0,10.6229,15.184
11/2/2025,5:15:00 AM,0,10.6236,15.183
11/2/2025,5:30:00 AM,0,10.6228,15.185
11/2/2025,5:45:00 AM,0,10.6221,15.185
11/2/2025,6:00:00 AM,0,10.6217,15.185
11/2/2025,6:15:00 AM,0,10.6215,15.185
11/2/2025,6:30:00 AM,0,10.6221,15.184
11/2/2025,6:45:00 AM,0,10.6232,15.183
11/2/2025,7:00:00 AM,0,10.6244,15.185
11/2/2025,7:15:00 AM,0,10.6251,15.186
11/2/2025,7:30:00 AM,0,10.6263,15.183
11/2/2025,7:45:00 AM,0,10.6304,15.184
11/2/2025,8:00:00 AM,0,10.6386,15.187
11/2/2025,8:15:00 AM,0,10.6408,15.189
11/2/2025,8:30:00 AM,0,10.642,15.193
11/2/2025,8:45:00 AM,0,10.6449,15.197
11/2/2025,9:00:00 AM,0,10.6472,15.199
11/2/2025,9:15:00 AM,0,10.6487,15.203
11/2/2025,9:30:00 AM,0,10.6482,15.207
11/2/2025,9:45:00 AM,0,10.6453,15.213
11/2/2025,10:00:00 AM,0,10.6463,15.217
11/2/2025,10:15:00 AM,0,10.6462,15.222
11/2/2025,10:30:00 AM,0,10.6465,15.228
11/2/2025,10:45:00 AM,0,10.6464,15.233
11/2/2025,11:00:00 AM,0,10.646,15.238
11/2/2025,11:15:00 AM,0,10.6432,15.242
11/2/2025,11:30:00 AM,0,10.6399,15.25
11/2/2025,11:45:00 AM,0,10.6375,15.254
11/2/2025,12:00:00 PM,0,10.6351,15.259
11/2/2025,12:15:00 PM,0,10.6327,15.262
11/2/2025,12:30:00 PM,0,10.6309,15.267
11/2/2025,12:45:00 PM,0,10.6286,15.273
11/2/2025,1:00:00 PM,0,10.6256,15.276
11/2/2025,1:15:00 PM,0,10.6224,15.281
11/2/2025,1:30:00 PM,0,10.6193,15.286
11/2/2025,1:45:00 PM,0,10.617,15.289
11/2/2025,2:00:00 PM,0,10.6129,15.295
11/2/2025,2:15:00 PM,0,10.6121,15.296
11/2/2025,2:30:00 PM,0,10.6128,15.302
11/2/2025,2:45:00 PM,0,10.6115,15.306
11/2/2025,3:00:00 PM,0,10.6122,15.31
11/2/2025,3:15:00 PM,0,10.6129,15.314
11/2/2025,3:30:00 PM,0,10.6123,15.317
11/2/2025,3:45:00 PM,0,10.6137,15.321
11/2/2025,4:00:00 PM,0,10.614,15.326
11/2/2025,4:15:00 PM,0,10.6124,15.329
11/2/2025,4:30:00 PM,0,10.6101,15.334
11/2/2025,4:45:00 PM,0,10.6093,15.338
11/2/2025,5:00:00 PM,0,10.61,15.342
11/2/2025,5:15:00 PM,0,10.6107,15.346
11/2/2025,5:30:00 PM,0,10.6113,15.351
11/2/2025,5:45:00 PM,0,10.6128,15.355
11/2/2025,6:00:00 PM,0,10.6132,15.359
11/2/2025,6:15:00 PM,0,10.6143,15.365
11/2/2025,6:30:00 PM,0,10.6152,15.367
11/2/2025,6:45:00 PM,0,10.6167,15.373
11/2/2025,7:00:00 PM,0,10.6176,15.379
11/2/2025,7:15:00 PM,0,10.6173,15.383
11/2/2025,7:30:00 PM,0,10.6162,15.385
11/2/2025,7:45:00 PM,0,10.6158,15.39
11/2/2025,8:00:00 PM,0,10.6174,15.393
11/2/2025,8:15:00 PM,0,10.619,15.399
11/2/2025,8:30:00 PM,0,10.6217,15.402
11/2/2025,8:45:00 PM,0,10.6243,15.408
11/2/2025,9:00:00 PM,0,10.6254,15.414
11/2/2025,9:15:00 PM,0,10.6258,15.418
11/2/2025,9:30:00 PM,0,10.627,15.421
11/2/2025,9:45:00 PM,0,10.6266,15.424
11/2/2025,10:00:00 PM,0,10.6261,15.429
11/2/2025,10:15:00 PM,0,10.627,15.433
11/2/2025,10:30:00 PM,0,10.6288,15.437
11/2/2025,10:45:00 PM,0,10.6298,15.442
11/2/2025,11:00:00 PM,0,10.6275,15.445
11/2/2025,11:15:00 PM,0,10.6246,15.447
11/2/2025,11:30:00 PM,0,10.6236,15.449
11/2/2025,11:45:00 PM,0,10.6237,15.452
11/3/2025,12:00:00 AM,0,10.6237,15.455
11/3/2025,12:15:00 AM,0,10.6235,15.457
11/3/2025,12:30:00 AM,0,10.6232,15.461
11/3/2025,12:45:00 AM,0,10.6238,15.464
11/3/2025,1:00:00 AM,0,10.6236,15.465
11/3/2025,1:15:00 AM,0,10.6231,15.471
11/3/2025,1:30:00 AM,0,10.6224,15.471
11/3/2025,1:45:00 AM,0,10.6204,15.473
11/3/2025,2:00:00 AM,0,10.6202,15.475
11/3/2025,2:15:00 AM,0,10.6194,15.479
11/3/2025,2:30:00 AM,0,10.6196,15.481
11/3/2025,2:45:00 AM,0,10.6204,15.482
11/3/2025,3:00:00 AM,0,10.6207,15.486
11/3/2025,3:15:00 AM,0,10.6208,15.488
11/3/2025,3:30:00 AM,0,10.6221,15.489
11/3/2025,3:45:00 AM,0,10.6229,15.491
11/3/2025,4:00:00 AM,0,10.6244,15.492
11/3/2025,4:15:00 AM,0,10.6267,15.494
11/3/2025,4:30:00 AM,0,10.6278,15.496
11/3/2025,4:45:00 AM,0,10.6291,15.5
11/3/2025,5:00:00 AM,0,10.6299,15.5
11/3/2025,5:15:00 AM,0,10.631,15.502
11/3/2025,5:30:00 AM,0,10.6311,15.501
11/3/2025,5:45:00 AM,0,10.6312,15.504
11/3/2025,6:00:00 AM,0,10.632,15.503
11/3/2025,6:15:00 AM,0,10.6323,15.505
11/3/2025,6:30:00 AM,0,10.6335,15.506
11/3/2025,6:45:00 AM,0,10.6348,15.507
11/3/2025,7:00:00 AM,0,10.6356,15.506
11/3/2025,7:15:00 AM,0,10.6354,15.507
11/3/2025,7:30:00 AM,0,10.6357,15.508
11/3/2025,7:45:00 AM,0,10.637,15.508
11/3/2025,8:00:00 AM,0,10.6386,15.509
11/3/2025,8:15:00 AM,0,10.64,15.511
11/3/2025,8:30:00 AM,0,10.6405,15.513
11/3/2025,8:45:00 AM,0,10.6402,15.516
11/3/2025,9:00:00 AM,0,10.6392,15.516
11/3/2025,9:15:00 AM,0,10.6391,15.517
11/3/2025,9:30:00 AM,0,10.6391,15.519
11/3/2025,9:45:00 AM,0,10.6399,15.521
11/3/2025,10:00:00 AM,0,10.6404,15.525
11/3/2025,10:15:00 AM,0,10.6403,15.526
11/3/2025,10:30:00 AM,0,10.6392,15.527
11/3/2025,10:45:00 AM,0,10.6389,15.531
11/3/2025,11:00:00 AM,0,10.6393,15.532
11/3/2025,11:15:00 AM,0,10.6393,15.534
11/3/2025,11:30:00 AM,0,10.6381,15.54
11/3/2025,11:45:00 AM,0,10.6358,15.542
11/3/2025,12:00:00 PM,0,10.6335,15.545
11/3/2025,12:15:00 PM,0,10.6313,15.548
11/3/2025,12:30:00 PM,0,10.629,15.552
11/3/2025,12:45:00 PM,0,10.6285,15.556
11/3/2025,1:00:00 PM,0,10.6275,15.559
11/3/2025,1:15:00 PM,0,10.6264,15.562
11/3/2025,1:30:00 PM,0,10.6271,15.567
11/3/2025,1:45:00 PM,0,10.6256,15.569
11/3/2025,2:00:00 PM,0,10.6242,15.572
11/3/2025,2:15:00 PM,0,10.6228,15.577
11/3/2025,2:30:00 PM,0,10.6215,15.582
11/3/2025,2:45:00 PM,0,10.6205,15.587
11/3/2025,3:00:00 PM,0,10.6198,15.591
11/3/2025,3:15:00 PM,0,10.618,15.594
11/3/2025,3:30:00 PM,0,10.6172,15.6
11/3/2025,3:45:00 PM,0,10.6169,15.606
11/3/2025,4:00:00 PM,0,10.6193,15.61
11/3/2025,4:15:00 PM,0,10.6204,15.618
11/3/2025,4:30:00 PM,0,10.6198,15.622
11/3/2025,4:45:00 PM,0,10.6208,15.628
11/3/2025,5:00:00 PM,0,10.6225,15.635
11/3/2025,5:15:00 PM,0,10.622,15.641
11/3/2025,5:30:00 PM,0,10.6218,15.646
11/3/2025,5:45:00 PM,0,10.6214,15.651
11/3/2025,6:00:00 PM,0,10.6233,15.659
11/3/2025,6:15:00 PM,0,10.6244,15.664
11/3/2025,6:30:00 PM,0,10.6237,15.67
11/3/2025,6:45:00 PM,0,10.6233,15.675
11/3/2025,7:00:00 PM,0,10.6223,15.68
11/3/2025,7:15:00 PM,0,10.6229,15.685
11/3/2025,7:30:00 PM,0,10.6247,15.688
11/3/2025,7:45:00 PM,0,10.6272,15.693
11/3/2025,8:00:00 PM,0,10.629,15.695
11/3/2025,8:15:00 PM,0,10.6299,15.697
11/3/2025,8:30:00 PM,0,10.6293,15.697
11/3/2025,8:45:00 PM,0,10.6297,15.698
11/3/2025,9:00:00 PM,0,10.6303,15.702
11/3/2025,9:15:00 PM,0,10.6309,15.7
11/3/2025,9:30:00 PM,0,10.6316,15.703
11/3/2025,9:45:00 PM,0,10.6334,15.704
11/3/2025,10:00:00 PM,0,10.6335,15.705
11/3/2025,10:15:00 PM,0,10.6332,15.704
11/3/2025,10:30:00 PM,0,10.6325,15.705
11/3/2025,10:45:00 PM,0,10.6323,15.704
11/3/2025,11:00:00 PM,0,10.6332,15.703
11/3/2025,11:15:00 PM,0,10.6345,15.702
11/3/2025,11:30:00 PM,0,10.6347,15.702
11/3/2025,11:45:00 PM,0,10.6358,15.7
11/4/2025,12:00:00 AM,0,10.6359,15.698
11/4/2025,12:15:00 AM,0,10.6375,15.696
11/4/2025,12:30:00 AM,0,10.638,15.693
11/4/2025,12:45:00 AM,0,10.6385,15.692
11/4/2025,1:00:00 AM,0,10.6385,15.688
11/4/2025,1:15:00 AM,0,10.6386,15.683
11/4/2025,1:30:00 AM,0,10.6379,15.681
11/4/2025,1:45:00 AM,0,10.638,15.681
11/4/2025,2:00:00 AM,0,10.6389,15.678
11/4/2025,2:15:00 AM,0,10.6387,15.677
11/4/2025,2:30:00 AM,0,10.6372,15.676
11/4/2025,2:45:00 AM,0,10.6362,15.673
11/4/2025,3:00:00 AM,0,10.6355,15.668
11/4/2025,3:15:00 AM,0,10.6351,15.666
11/4/2025,3:30:00 AM,0,10.6349,15.668
11/4/2025,3:45:00 AM,0,10.6345,15.666
11/4/2025,4:00:00 AM,0,10.633,15.664
11/4/2025,4:15:00 AM,0,10.6345,15.661
11/4/2025,4:30:00 AM,0,10.6356,15.658
11/4/2025,4:45:00 AM,0,10.6371,15.655
11/4/2025,5:00:00 AM,0,10.6383,15.651
11/4/2025,5:15:00 AM,0,10.639,15.649
11/4/2025,5:30:00 AM,0,10.6391,15.645
11/4/2025,5:45:00 AM,0,10.6393,15.641
11/4/2025,6:00:00 AM,0,10.6393,15.634
11/4/2025,6:15:00 AM,0,10.6402,15.631
11/4/2025,6:30:00 AM,0,10.6412,15.625
11/4/2025,6:45:00 AM,0,10.6424,15.618
11/4/2025,7:00:00 AM,0,10.6443,15.615
11/4/2025,7:15:00 AM,0,10.6456,15.612
11/4/2025,7:30:00 AM,0,10.6476,15.607
11/4/2025,7:45:00 AM,0,10.6492,15.603
11/4/2025,8:00:00 AM,0,10.6501,15.604
11/4/2025,8:15:00 AM,0,10.6505,15.601
11/4/2025,8:30:00 AM,0,10.6502,15.601
11/4/2025,8:45:00 AM,0,10.651,15.601
11/4/2025,9:00:00 AM,0,10.6521,15.599
11/4/2025,9:15:00 AM,0,10.6521,15.602
11/4/2025,9:30:00 AM,0,10.6522,15.603
11/4/2025,9:45:00 AM,0,10.6524,15.606
11/4/2025,10:00:00 AM,0,10.6526,15.607
11/4/2025,10:15:00 AM,0,10.6517,15.611
11/4/2025,10:30:00 AM,0,10.6518,15.614
11/4/2025,10:45:00 AM,0,10.6523,15.618
11/4/2025,11:00:00 AM,0,10.6525,15.621
11/4/2025,11:15:00 AM,0,10.6523,15.623
11/4/2025,11:30:00 AM,0,10.6513,15.625
11/4/2025,11:45:00 AM,0,10.6506,15.627
11/4/2025,12:00:00 PM,0,10.6501,15.629
11/4/2025,12:15:00 PM,0,10.6474,15.633
11/4/2025,12:30:00 PM,0,10.6447,15.637
11/4/2025,12:45:00 PM,0,10.6432,15.637
11/4/2025,1:00:00 PM,0,10.6415,15.64
11/4/2025,1:15:00 PM,0,10.6398,15.643
11/4/2025,1:30:00 PM,0,10.6378,15.647
11/4/2025,1:45:00 PM,0,10.6352,15.65
11/4/2025,2:00:00 PM,0,10.6353,15.653
11/4/2025,2:15:00 PM,0,10.6348,15.655
11/4/2025,2:30:00 PM,0,10.6337,15.658
11/4/2025,2:45:00 PM,0,10.6334,15.66
11/4/2025,3:00:00 PM,0,10.6328,15.665
11/4/2025,3:15:00 PM,0,10.6334,15.666
11/4/2025,3:30:00 PM,0,10.6325,15.672
11/4/2025,3:45:00 PM,0,10.6317,15.675
11/4/2025,4:00:00 PM,0,10.6322,15.679
11/4/2025,4:15:00 PM,0,10.6317,15.683
11/4/2025,4:30:00 PM,0,10.6308,15.685
11/4/2025,4:45:00 PM,0,10.63,15.689
11/4/2025,5:00:00 PM,0,10.6297,15.691
11/4/2025,5:15:00 PM,0,10.6303,15.697
11/4/2025,5:30:00 PM,0,10.6301,15.701
11/4/2025,5:45:00 PM,0,10.6304,15.703
11/4/2025,6:00:00 PM,0,10.631,15.707
11/4/2025,6:15:00 PM,0,10.6313,15.711
11/4/2025,6:30:00 PM,0,10.6313,15.715
11/4/2025,6:45:00 PM,0,10.6325,15.718
11/4/2025,7:00:00 PM,0,10.6328,15.722
11/4/2025,7:15:00 PM,0,10.6342,15.726
11/4/2025,7:30:00 PM,0,10.6353,15.728
11/4/2025,7:45:00 PM,0,10.6358,15.734
11/4/2025,8:00:00 PM,0,10.6393,15.738
11/4/2025,8:15:00 PM,0,10.6436,15.74
11/4/2025,8:30:00 PM,0,10.646,15.747
11/4/2025,8:45:00 PM,0,10.6465,15.75
11/4/2025,9:00:00 PM,0,10.6486,15.755
11/4/2025,9:15:00 PM,0,10.6489,15.759
11/4/2025,9:30:00 PM,0,10.6503,15.762
11/4/2025,9:45:00 PM,0,10.6522,15.767
11/4/2025,10:00:00 PM,0,10.6531,15.771
11/4/2025,10:15:00 PM,0,10.6519,15.774
11/4/2025,10:30:00 PM,0,10.6528,15.778
11/4/2025,10:45:00 PM,0,10.65,15.782
11/4/2025,11:00:00 PM,0,10.6475,15.783
11/4/2025,11:15:00 PM,0,10.6444,15.788
11/4/2025,11:30:00 PM,0,10.6439,15.791
11/4/2025,11:45:00 PM,0,10.6489,15.795
11/5/2025,12:00:00 AM,0,10.6526,15.796
11/5/2025,12:15:00 AM,0,10.655,15.799
11/5/2025,12:30:00 AM,0,10.6554,15.802
11/5/2025,12:45:00 AM,0,10.6542,15.803
11/5/2025,1:00:00 AM,0,10.6537,15.809
11/5/2025,1:15:00 AM,0,10.6559,15.812
11/5/2025,1:30:00 AM,0,10.6556,15.811
11/5/2025,1:45:00 AM,0,10.6536,15.815
11/5/2025,2:00:00 AM,0,10.6503,15.817
11/5/2025,2:15:00 AM,0,10.6492,15.82
11/5/2025,2:30:00 AM,0,10.6511,15.821
11/5/2025,2:45:00 AM,0,10.6541,15.825
11/5/2025,3:00:00 AM,0,10.6606,15.826
11/5/2025,3:15:00 AM,0,10.6603,15.828
11/5/2025,3:30:00 AM,0,10.6644,15.83
11/5/2025,3:45:00 AM,0,10.6652,15.831
11/5/2025,4:00:00 AM,0,10.6633,15.832
11/5/2025,4:15:00 AM,0,10.6659,15.834
11/5/2025,4:30:00 AM,0,10.6695,15.835
11/5/2025,4:45:00 AM,0,10.6683,15.834
11/5/2025,5:00:00 AM,0,10.6665,15.834
11/5/2025,5:15:00 AM,0,10.6652,15.835
11/5/2025,5:30:00 AM,0,10.6627,15.833
11/5/2025,5:45:00 AM,0,10.6631,15.833
11/5/2025,6:00:00 AM,0,10.6622,15.828
11/5/2025,6:15:00 AM,0,10.6645,15.829
11/5/2025,6:30:00 AM,0,10.6674,15.83
11/5/2025,6:45:00 AM,0,10.6693,15.826
11/5/2025,7:00:00 AM,0,10.6739,15.824
11/5/2025,7:15:00 AM,0,10.6757,15.821
11/5/2025,7:30:00 AM,0,10.6763,15.82
11/5/2025,7:45:00 AM,0,10.6771,15.82
11/5/2025,8:00:00 AM,0,10.6803,15.82
11/5/2025,8:15:00 AM,0,10.6826,15.82
11/5/2025,8:30:00 AM,0,10.6852,15.821
11/5/2025,8:45:00 AM,0,10.6876,15.819
11/5/2025,9:00:00 AM,0,10.6911,15.82
11/5/2025,9:15:00 AM,0,10.6933,15.821
11/5/2025,9:30:00 AM,0,10.6943,15.822
11/5/2025,9:45:00 AM,0,10.6925,15.824
11/5/2025,10:00:00 AM,0,10.693,15.824
11/5/2025,10:15:00 AM,0,10.693,15.827
11/5/2025,10:30:00 AM,0,10.6935,15.827
11/5/2025,10:45:00 AM,0,10.6955,15.83
11/5/2025,11:00:00 AM,0,10.6956,15.834
11/5/2025,11:15:00 AM,0,10.6917,15.835
11/5/2025,11:30:00 AM,0,10.6888,15.837
11/5/2025,11:45:00 AM,0,10.6874,15.84
11/5/2025,12:00:00 PM,0,10.6837,15.843
11/5/2025,12:15:00 PM,0,10.6828,15.845
11/5/2025,12:30:00 PM,0,10.68,15.846
11/5/2025,12:45:00 PM,0,10.677,15.849
11/5/2025,1:00:00 PM,0,10.6749,15.85
11/5/2025,1:15:00 PM,0,10.6733,15.851
11/5/2025,1:30:00 PM,0,10.6725,15.854
11/5/2025,1:45:00 PM,0,10.6709,15.858
11/5/2025,2:00:00 PM,0,10.6702,15.859
11/5/2025,2:15:00 PM,0,10.6703,15.861
11/5/2025,2:30:00 PM,0,10.6706,15.862
11/5/2025,2:45:00 PM,0,10.6704,15.867
11/5/2025,3:00:00 PM,0,10.6687,15.869
11/5/2025,3:15:00 PM,0,10.668,15.872
11/5/2025,3:30:00 PM,0,10.667,15.874
11/5/2025,3:45:00 PM,0,10.6663,15.879
11/5/2025,4:00:00 PM,0,10.667,15.881
11/5/2025,4:15:00 PM,0,10.6681,15.884
11/5/2025,4:30:00 PM,0,10.67,15.887
11/5/2025,4:45:00 PM,0,10.6705,15.89
11/5/2025,5:00:00 PM,0,10.6698,15.895
11/5/2025,5:15:00 PM,0,10.6705,15.899
11/5/2025,5:30:00 PM,0,10.6723,15.902
11/5/2025,5:45:00 PM,0,10.6724,15.905
11/5/2025,6:00:00 PM,0,10.675,15.909
11/5/2025,6:15:00 PM,0,10.6761,15.912
11/5/2025,6:30:00 PM,0,10.6756,15.917
11/5/2025,6:45:00 PM,0,10.6748,15.919
11/5/2025,7:00:00 PM,0,10.6737,15.923
11/5/2025,7:15:00 PM,0,10.6729,15.925
11/5/2025,7:30:00 PM,0,10.6735,15.928
11/5/2025,7:45:00 PM,0,10.6739,15.93
11/5/2025,8:00:00 PM,0,10.6763,15.932
11/5/2025,8:15:00 PM,0,10.6779,15.932
11/5/2025,8:30:00 PM,0,10.6785,15.928
11/5/2025,8:45:00 PM,0,10.6777,15.925
11/5/2025,9:00:00 PM,0,10.6768,15.922
11/5/2025,9:15:00 PM,0,10.6758,15.92
11/5/2025,9:30:00 PM,0,10.6759,15.921
11/5/2025,9:45:00 PM,0,10.6762,15.917
11/5/2025,10:00:00 PM,0,10.6756,15.917
11/5/2025,10:15:00 PM,0,10.6772,15.907
11/5/2025,10:30:00 PM,0,10.676,15.895
11/5/2025,10:45:00 PM,0,10.6755,15.891
11/5/2025,11:00:00 PM,0,10.6753,15.884
11/5/2025,11:15:00 PM,0,10.674,15.879
11/5/2025,11:30:00 PM,0,10.6731,15.869
11/5/2025,11:45:00 PM,0,10.6725,15.857
11/6/2025,12:00:00 AM,0,10.672,15.852
11/6/2025,12:15:00 AM,0,10.6715,15.843
11/6/2025,12:30:00 AM,0,10.6701,15.832
11/6/2025,12:45:00 AM,0,10.6685,15.824
11/6/2025,1:00:00 AM,0,10.6675,15.814
11/6/2025,1:15:00 AM,0,10.6663,15.806
11/6/2025,1:30:00 AM,0,10.6635,15.798
11/6/2025,1:45:00 AM,0,10.6619,15.783
11/6/2025,2:00:00 AM,0,10.6608,15.774
11/6/2025,2:15:00 AM,0,10.6593,15.761
11/6/2025,2:30:00 AM,0,10.6594,15.749
11/6/2025,2:45:00 AM,0,10.6598,15.737
11/6/2025,3:00:00 AM,0,10.6597,15.722
11/6/2025,3:15:00 AM,0,10.6582,15.709
11/6/2025,3:30:00 AM,0,10.6564,15.697
11/6/2025,3:45:00 AM,0,10.6556,15.686
11/6/2025,4:00:00 AM,0,10.6536,15.674
11/6/2025,4:15:00 AM,0,10.6521,15.662
11/6/2025,4:30:00 AM,0,10.6503,15.646
11/6/2025,4:45:00 AM,0,10.6495,15.636
11/6/2025,5:00:00 AM,0,10.649,15.618
11/6/2025,5:15:00 AM,0,10.6492,15.603
11/6/2025,5:30:00 AM,0,10.648,15.58
11/6/2025,5:45:00 AM,0,10.6468,15.566
11/6/2025,6:00:00 AM,0,10.6484,15.551
11/6/2025,6:15:00 AM,0,10.6507,15.535
11/6/2025,6:30:00 AM,0,10.6509,15.519
11/6/2025,6:45:00 AM,0,10.653,15.507
11/6/2025,7:00:00 AM,0,10.6535,15.491
11/6/2025,7:15:00 AM,0,10.6552,15.48
11/6/2025,7:30:00 AM,0,10.6559,15.472
11/6/2025,7:45:00 AM,0,10.6577,15.463
11/6/2025,8:00:00 AM,0,10.6587,15.456
11/6/2025,8:15:00 AM,0,10.6577,15.454
11/6/2025,8:30:00 AM,0,10.6588,15.453
11/6/2025,8:45:00 AM,0,10.6578,15.457
11/6/2025,9:00:00 AM,0,10.6578,15.462
11/6/2025,9:15:00 AM,0,10.6585,15.473
11/6/2025,9:30:00 AM,0,10.6576,15.481
11/6/2025,9:45:00 AM,0,10.6574,15.49
11/6/2025,10:00:00 AM,0,10.6571,15.496
11/6/2025,10:15:00 AM,0,10.6567,15.505
11/6/2025,10:30:00 AM,0,10.653,15.513
11/6/2025,10:45:00 AM,0,10.6534,15.52
11/6/2025,11:00:00 AM,0,10.6519,15.525
11/6/2025,11:15:00 AM,0,10.6508,15.527
11/6/2025,11:30:00 AM,0,10.6485,15.532
11/6/2025,11:45:00 AM,0,10.645,15.532
11/6/2025,12:00:00 PM,0,10.642,15.534
11/6/2025,12:15:00 PM,0,10.6399,15.536
11/6/2025,12:30:00 PM,0,10.6389,15.538
11/6/2025,12:45:00 PM,0,10.6362,15.541
11/6/2025,1:00:00 PM,0,10.6353,15.544
11/6/2025,1:15:00 PM,0,10.6331,15.546
11/6/2025,1:30:00 PM,0,10.6299,15.549
11/6/2025,1:45:00 PM,0,10.6271,15.551
11/6/2025,2:00:00 PM,0,10.6255,15.555
11/6/2025,2:15:00 PM,0,10.6238,15.558
11/6/2025,2:30:00 PM,0,10.6224,15.561
11/6/2025,2:45:00 PM,0,10.6214,15.565
11/6/2025,3:00:00 PM,0,10.6209,15.567
11/6/2025,3:15:00 PM,0,10.6192,15.57
11/6/2025,3:30:00 PM,0,10.6166,15.574
11/6/2025,3:45:00 PM,0,10.6155,15.578
11/6/2025,4:00:00 PM,0,10.6151,15.581
11/6/2025,4:15:00 PM,0,10.6146,15.585
11/6/2025,4:30:00 PM,0,10.616,15.588
11/6/2025,4:45:00 PM,0,10.6148,15.593
11/6/2025,5:00:00 PM,0,10.6147,15.598
11/6/2025,5:15:00 PM,0,10.6139,15.602
11/6/2025,5:30:00 PM,0,10.6119,15.608
11/6/2025,5:45:00 PM,0,10.6128,15.612
11/6/2025,6:00:00 PM,0,10.6132,15.616
11/6/2025,6:15:00 PM,0,10.613,15.621
11/6/2025,6:30:00 PM,0,10.6121,15.624
11/6/2025,6:45:00 PM,0,10.6114,15.627
11/6/2025,7:00:00 PM,0,10.6109,15.629
11/6/2025,7:15:00 PM,0,10.6125,15.634
11/6/2025,7:30:00 PM,0,10.6126,15.637
11/6/2025,7:45:00 PM,0,10.6126,15.64
11/6/2025,8:00:00 PM,0,10.6117,15.642
11/6/2025,8:15:00 PM,0,10.6128,15.637
11/6/2025,8:30:00 PM,0,10.6118,15.627
11/6/2025,8:45:00 PM,0,10.6121,15.618
11/6/2025,9:00:00 PM,0,10.6134,15.604
11/6/2025,9:15:00 PM,0,10.6136,15.589
11/6/2025,9:30:00 PM,0,10.6137,15.574
11/6/2025,9:45:00 PM,0,10.6136,15.559
11/6/2025,10:00:00 PM,0,10.614,15.544
11/6/2025,10:15:00 PM,0,10.6134,15.531
11/6/2025,10:30:00 PM,0,10.6136,15.514
11/6/2025,10:45:00 PM,0,10.6134,15.498
11/6/2025,11:00:00 PM,0,10.6131,15.476
11/6/2025,11:15:00 PM,0,10.6124,15.462
11/6/2025,11:30:00 PM,0,10.6115,15.451
11/6/2025,11:45:00 PM,0,10.6101,15.439
11/7/2025,12:00:00 AM,0,10.6094,15.43
11/7/2025,12:15:00 AM,0,10.6079,15.426
11/7/2025,12:30:00 AM,0,10.6065,15.419
11/7/2025,12:45:00 AM,0,10.6059,15.407
11/7/2025,1:00:00 AM,0,10.6043,15.397
11/7/2025,1:15:00 AM,0,10.6031,15.385
11/7/2025,1:30:00 AM,0,10.602,15.371
11/7/2025,1:45:00 AM,0,10.5997,15.362
11/7/2025,2:00:00 AM,0,10.5993,15.35
11/7/2025,2:15:00 AM,0,10.598,15.34
11/7/2025,2:30:00 AM,0,10.5979,15.329
11/7/2025,2:45:00 AM,0,10.5978,15.316
11/7/2025,3:00:00 AM,0,10.5962,15.3
11/7/2025,3:15:00 AM,0,10.5939,15.283
11/7/2025,3:30:00 AM,0,10.5915,15.267
11/7/2025,3:45:00 AM,0,10.591,15.25
11/7/2025,4:00:00 AM,0,10.5903,15.234
11/7/2025,4:15:00 AM,0,10.5903,15.218
11/7/2025,4:30:00 AM,0,10.5907,15.202
11/7/2025,4:45:00 AM,0,10.5912,15.188
11/7/2025,5:00:00 AM,0,10.5922,15.178
11/7/2025,5:15:00 AM,0,10.5918,15.164
11/7/2025,5:30:00 AM,0,10.5933,15.149
11/7/2025,5:45:00 AM,0,10.5923,15.139
11/7/2025,6:00:00 AM,0,10.5935,15.128
11/7/2025,6:15:00 AM,0,10.5953,15.119
11/7/2025,6:30:00 AM,0,10.5968,15.11
11/7/2025,6:45:00 AM,0,10.599,15.102
11/7/2025,7:00:00 AM,0,10.5989,15.09
11/7/2025,7:15:00 AM,0,10.6001,15.083
11/7/2025,7:30:00 AM,0,10.6013,15.074
11/7/2025,7:45:00 AM,0,10.6021,15.054
11/7/2025,8:00:00 AM,0,10.6023,15.041
11/7/2025,8:15:00 AM,0,10.6023,15.029
11/7/2025,8:30:00 AM,0,10.6033,15.023
11/7/2025,8:45:00 AM,0,10.6025,15.014
11/7/2025,9:00:00 AM,0,10.6028,15.004
11/7/2025,9:15:00 AM,0,10.6047,14.996
11/7/2025,9:30:00 AM,0,10.6051,14.993
11/7/2025,9:45:00 AM,0,10.6054,14.992
11/7/2025,10:00:00 AM,0,10.6045,14.993
11/7/2025,10:15:00 AM,0,10.6032,14.991
11/7/2025,10:30:00 AM,0,10.6016,14.992
11/7/2025,10:45:00 AM,0,10.5997,14.996
11/7/2025,11:00:00 AM,0,10.5966,14.998
11/7/2025,11:15:00 AM,0,10.5942,15.004
11/7/2025,11:30:00 AM,0,10.5917,15.009
11/7/2025,11:45:00 AM,0,10.5898,15.017
11/7/2025,12:00:00 PM,0,10.5867,15.026
11/7/2025,12:15:00 PM,0,10.5834,15.032
11/7/2025,12:30:00 PM,0,10.5803,15.042
11/7/2025,12:45:00 PM,0,10.5772,15.05
11/7/2025,1:00:00 PM,0,10.5739,15.06
11/7/2025,1:15:00 PM,0,10.5709,15.071
11/7/2025,1:30:00 PM,0,10.57,15.081
11/7/2025,1:45:00 PM,0,10.5677,15.091
11/7/2025,2:00:00 PM,0,10.5655,15.101
11/7/2025,2:15:00 PM,0,10.5632,15.112
11/7/2025,2:30:00 PM,0,10.5627,15.121
11/7/2025,2:45:00 PM,0,10.5615,15.132
11/7/2025,3:00:00 PM,0,10.5599,15.145
11/7/2025,3:15:00 PM,0,10.5598,15.152
11/7/2025,3:30:00 PM,0,10.5592,15.162
11/7/2025,3:45:00 PM,0,10.5592,15.172
11/7/2025,4:00:00 PM,0,10.5583,15.179
11/7/2025,4:15:00 PM,0,10.5574,15.189
11/7/2025,4:30:00 PM,0,10.5576,15.2
11/7/2025,4:45:00 PM,0,10.558,15.207
11/7/2025,5:00:00 PM,0,10.5581,15.217
11/7/2025,5:15:00 PM,0,10.5575,15.226
11/7/2025,5:30:00 PM,0,10.5577,15.233
11/7/2025,5:45:00 PM,0,10.558,15.242
11/7/2025,6:00:00 PM,0,10.5594,15.253
11/7/2025,6:15:00 PM,0,10.5608,15.258
11/7/2025,6:30:00 PM,0,10.5598,15.268
11/7/2025,6:45:00 PM,0,10.5587,15.278
11/7/2025,7:00:00 PM,0,10.5585,15.287
11/7/2025,7:15:00 PM,0,10.5577,15.294
11/7/2025,7:30:00 PM,0,10.5574,15.302
11/7/2025,7:45:00 PM,0,10.5573,15.31
11/7/2025,8:00:00 PM,0,10.5592,15.319
11/7/2025,8:15:00 PM,0,10.5603,15.323
11/7/2025,8:30:00 PM,0,10.561,15.333
11/7/2025,8:45:00 PM,0,10.5625,15.339
11/7/2025,9:00:00 PM,0,10.5634,15.343
11/7/2025,9:15:00 PM,0,10.565,15.352
11/7/2025,9:30:00 PM,0,10.5653,15.356
11/7/2025,9:45:00 PM,0,10.5661,15.359
11/7/2025,10:00:00 PM,0,10.5667,15.363
11/7/2025,10:15:00 PM,0,10.5676,15.362
11/7/2025,10:30:00 PM,0,10.5673,15.358
11/7/2025,10:45:00 PM,0,10.5677,15.349
11/7/2025,11:00:00 PM,0,10.5685,15.341
11/7/2025,11:15:00 PM,0,10.5687,15.333
11/7/2025,11:30:00 PM,0,10.5701,15.319
11/7/2025,11:45:00 PM,0,10.5709,15.307
11/8/2025,12:00:00 AM,0,10.5717,15.293
11/8/2025,12:15:00 AM,0,10.572,15.279
11/8/2025,12:30:00 AM,0,10.5722,15.266
11/8/2025,12:45:00 AM,0,10.5716,15.251
11/8/2025,1:00:00 AM,0,10.5705,15.239
11/8/2025,1:15:00 AM,0,10.5704,15.226
11/8/2025,1:30:00 AM,0,10.5713,15.217
11/8/2025,1:45:00 AM,0,10.571,15.205
11/8/2025,2:00:00 AM,0,10.5715,15.194
11/8/2025,2:15:00 AM,0,10.571,15.179
11/8/2025,2:30:00 AM,0,10.5699,15.164
11/8/2025,2:45:00 AM,0,10.5682,15.15
11/8/2025,3:00:00 AM,0,10.567,15.138
11/8/2025,3:15:00 AM,0,10.5673,15.124
11/8/2025,3:30:00 AM,0,10.5668,15.112
11/8/2025,3:45:00 AM,0,10.5669,15.1
11/8/2025,4:00:00 AM,0,10.568,15.087
11/8/2025,4:15:00 AM,0,10.57,15.074
11/8/2025,4:30:00 AM,0,10.5701,15.06
11/8/2025,4:45:00 AM,0,10.5693,15.045
11/8/2025,5:00:00 AM,0,10.5717,15.034
11/8/2025,5:15:00 AM,0,10.5724,15.02
11/8/2025,5:30:00 AM,0,10.5734,15.012
11/8/2025,5:45:00 AM,0,10.5738,15.005
11/8/2025,6:00:00 AM,0,10.5749,15.006
11/8/2025,6:15:00 AM,0,10.5772,15.008
11/8/2025,6:30:00 AM,0,10.5787,15.009
11/8/2025,6:45:00 AM,0,10.5805,15.011
11/8/2025,7:00:00 AM,0,10.5815,15.014
11/8/2025,7:15:00 AM,0,10.5833,15.017
11/8/2025,7:30:00 AM,0,10.584,15.021
11/8/2025,7:45:00 AM,0,10.5853,15.022
11/8/2025,8:00:00 AM,0,10.586,15.025
11/8/2025,8:15:00 AM,0,10.5882,15.028
11/8/2025,8:30:00 AM,0,10.5887,15.032
11/8/2025,8:45:00 AM,0,10.5897,15.037
11/8/2025,9:00:00 AM,0,10.5906,15.04
11/8/2025,9:15:00 AM,0,10.591,15.046
11/8/2025,9:30:00 AM,0,10.5901,15.05
11/8/2025,9:45:00 AM,0,10.5916,15.055
11/8/2025,10:00:00 AM,0,10.5923,15.063
11/8/2025,10:15:00 AM,0,10.5921,15.067
11/8/2025,10:30:00 AM,0,10.5932,15.075
11/8/2025,10:45:00 AM,0,10.5924,15.081
11/8/2025,11:00:00 AM,0,10.5921,15.087
11/8/2025,11:15:00 AM,0,10.5926,15.094
11/8/2025,11:30:00 AM,0,10.592,15.101
11/8/2025,11:45:00 AM,0,10.5925,15.106
11/8/2025,12:00:00 PM,0,10.592,15.114
11/8/2025,12:15:00 PM,0,10.5924,15.12
11/8/2025,12:30:00 PM,0,10.5905,15.124
11/8/2025,12:45:00 PM,0,10.5902,15.132
11/8/2025,1:00:00 PM,0,10.5886,15.137
11/8/2025,1:15:00 PM,0,10.5868,15.144
11/8/2025,1:30:00 PM,0,10.5864,15.151
11/8/2025,1:45:00 PM,0,10.585,15.157
11/8/2025,2:00:00 PM,0,10.5839,15.164
11/8/2025,2:15:00 PM,0,10.584,15.172
11/8/2025,2:30:00 PM,0,10.5832,15.178
11/8/2025,2:45:00 PM,0,10.582,15.185
11/8/2025,3:00:00 PM,0,10.5809,15.192
11/8/2025,3:15:00 PM,0,10.5814,15.199
11/8/2025,3:30:00 PM,0,10.582,15.205
11/8/2025,3:45:00 PM,0,10.5817,15.214
11/8/2025,4:00:00 PM,0,10.5811,15.221
11/8/2025,4:15:00 PM,0,10.5807,15.228
11/8/2025,4:30:00 PM,0,10.5812,15.234
11/8/2025,4:45:00 PM,0,10.5822,15.241
11/8/2025,5:00:00 PM,0,10.5827,15.247
11/8/2025,5:15:00 PM,0,10.5848,15.255
11/8/2025,5:30:00 PM,0,10.5872,15.261
11/8/2025,5:45:00 PM,0,10.5887,15.268
11/8/2025,6:00:00 PM,0,10.5909,15.276
11/8/2025,6:15:00 PM,0,10.5929,15.28
11/8/2025,6:30:00 PM,0,10.5948,15.289
11/8/2025,6:45:00 PM,0,10.5959,15.293
11/8/2025,7:00:00 PM,0,10.5978,15.299
11/8/2025,7:15:00 PM,0,10.5999,15.303
11/8/2025,7:30:00 PM,0,10.6006,15.309
11/8/2025,7:45:00 PM,0,10.6017,15.314
11/8/2025,8:00:00 PM,0,10.6032,15.318
11/8/2025,8:15:00 PM,0,10.6043,15.323
11/8/2025,8:30:00 PM,0,10.6047,15.325
11/8/2025,8:45:00 PM,0,10.6051,15.327
11/8/2025,9:00:00 PM,0,10.6076,15.329
11/8/2025,9:15:00 PM,0,10.6106,15.33
11/8/2025,9:30:00 PM,0,10.6114,15.332
11/8/2025,9:45:00 PM,0,10.6128,15.333
11/8/2025,10:00:00 PM,0,10.6136,15.333
11/8/2025,10:15:00 PM,0,10.6164,15.333
11/8/2025,10:30:00 PM,0,10.6182,15.335
11/8/2025,10:45:00 PM,0,10.6189,15.338
11/8/2025,11:00:00 PM,0,10.6197,15.336
11/8/2025,11:15:00 PM,0,10.6218,15.338
11/8/2025,11:30:00 PM,0,10.623,15.341
11/8/2025,11:45:00 PM,0,10.6229,15.341
11/9/2025,12:00:00 AM,0,10.6218,15.344
11/9/2025,12:15:00 AM,0,10.6218,15.346
11/9/2025,12:30:00 AM,0,10.6215,15.348
11/9/2025,12:45:00 AM,0,10.6219,15.351
11/9/2025,1:00:00 AM,0,10.6224,15.354
11/9/2025,1:15:00 AM,0,10.6234,15.355
11/9/2025,1:30:00 AM,0,10.6255,15.357
11/9/2025,1:45:00 AM,0,10.6246,15.361
11/9/2025,2:00:00 AM,0,10.6235,15.362
11/9/2025,2:15:00 AM,0,10.6228,15.364
11/9/2025,2:30:00 AM,0,10.6219,15.366
11/9/2025,2:45:00 AM,0,10.6209,15.37
11/9/2025,3:00:00 AM,0,10.6202,15.372
11/9/2025,3:15:00 AM,0,10.62,15.373
11/9/2025,3:30:00 AM,0,10.6193,15.377
11/9/2025,3:45:00 AM,0,10.6201,15.379
11/9/2025,4:00:00 AM,0,10.6208,15.38
11/9/2025,4:15:00 AM,0,10.6225,15.384
11/9/2025,4:30:00 AM,0,10.6238,15.386
11/9/2025,4:45:00 AM,0,10.6238,15.387
11/9/2025,5:00:00 AM,0,10.625,15.391
11/9/2025,5:15:00 AM,0,10.6258,15.392
11/9/2025,5:30:00 AM,0,10.6256,15.393
11/9/2025,5:45:00 AM,0,10.6261,15.394
11/9/2025,6:00:00 AM,0,10.6276,15.397
11/9/2025,6:15:00 AM,0,10.6282,15.399
11/9/2025,6:30:00 AM,0,10.6289,15.4
11/9/2025,6:45:00 AM,0,10.6313,15.403
11/9/2025,7:00:00 AM,0,10.6332,15.403
11/9/2025,7:15:00 AM,0,10.6361,15.406
11/9/2025,7:30:00 AM,0,10.6382,15.403
11/9/2025,7:45:00 AM,0,10.6402,15.406
11/9/2025,8:00:00 AM,0,10.6404,15.407
11/9/2025,8:15:00 AM,0,10.6415,15.408
11/9/2025,8:30:00 AM,0,10.6421,15.409
11/9/2025,8:45:00 AM,0,10.6426,15.409
11/9/2025,9:00:00 AM,0,10.6426,15.41
11/9/2025,9:15:00 AM,0,10.6436,15.412
11/9/2025,9:30:00 AM,0,10.6444,15.413
11/9/2025,9:45:00 AM,0,10.645,15.415
11/9/2025,10:00:00 AM,0,10.6439,15.417
11/9/2025,10:15:00 AM,0,10.6424,15.42
11/9/2025,10:30:00 AM,0,10.6406,15.422
11/9/2025,10:45:00 AM,0,10.6394,15.428
11/9/2025,11:00:00 AM,0,10.6391,15.431
11/9/2025,11:15:00 AM,0,10.6388,15.437
11/9/2025,11:30:00 AM,0,10.6372,15.44
11/9/2025,11:45:00 AM,0,10.6358,15.446
11/9/2025,12:00:00 PM,0,10.634,15.45
11/9/2025,12:15:00 PM,0,10.6322,15.455
11/9/2025,12:30:00 PM,0,10.6293,15.46
11/9/2025,12:45:00 PM,0,10.6288,15.465
11/9/2025,1:00:00 PM,0,10.6283,15.47
11/9/2025,1:15:00 PM,0,10.6275,15.475
11/9/2025,1:30:00 PM,0,10.6252,15.481
11/9/2025,1:45:00 PM,0,10.6251,15.488
11/9/2025,2:00:00 PM,0,10.6253,15.49
11/9/2025,2:15:00 PM,0,10.6265,15.498
11/9/2025,2:30:00 PM,0,10.6261,15.504
11/9/2025,2:45:00 PM,0,10.6271,15.51
11/9/2025,3:00:00 PM,0,10.6273,15.517
11/9/2025,3:15:00 PM,0,10.6283,15.522
11/9/2025,3:30:00 PM,0,10.6293,15.527
11/9/2025,3:45:00 PM,0,10.6292,15.534
11/9/2025,4:00:00 PM,0,10.6305,15.538
11/9/2025,4:15:00 PM,0,10.6322,15.543
11/9/2025,4:30:00 PM,0,10.634,15.552
11/9/2025,4:45:00 PM,0,10.6345,15.558
11/9/2025,5:00:00 PM,0,10.6351,15.562
11/9/2025,5:15:00 PM,0,10.6363,15.571
11/9/2025,5:30:00 PM,0,10.6365,15.576
11/9/2025,5:45:00 PM,0,10.6375,15.583
11/9/2025,6:00:00 PM,0,10.6392,15.586
11/9/2025,6:15:00 PM,0,10.6401,15.593
11/9/2025,6:30:00 PM,0,10.6404,15.597
11/9/2025,6:45:00 PM,0,10.6427,15.603
11/9/2025,7:00:00 PM,0,10.644,15.611
11/9/2025,7:15:00 PM,0,10.6447,15.616
11/9/2025,7:30:00 PM,0,10.6432,15.624
11/9/2025,7:45:00 PM,0,10.642,15.63
11/9/2025,8:00:00 PM,0,10.6414,15.637
11/9/2025,8:15:00 PM,0,10.6414,15.643
11/9/2025,8:30:00 PM,0,10.6417,15.648
11/9/2025,8:45:00 PM,0,10.6434,15.653
11/9/2025,9:00:00 PM,0,10.6457,15.656
11/9/2025,9:15:00 PM,0,10.6455,15.662
11/9/2025,9:30:00 PM,0,10.6468,15.666
11/9/2025,9:45:00 PM,0,10.6463,15.67
11/9/2025,10:00:00 PM,0,10.6464,15.675
11/9/2025,10:15:00 PM,0,10.6457,15.679
11/9/2025,10:30:00 PM,0,10.6456,15.682
11/9/2025,10:45:00 PM,0,10.6457,15.685
11/9/2025,11:00:00 PM,0,10.6448,15.689
11/9/2025,11:15:00 PM,0,10.6449,15.692
11/9/2025,11:30:00 PM,0,10.6452,15.695
11/9/2025,11:45:00 PM,0,10.6464,15.699
11/10/2025,12:00:00 AM,0,10.6487,15.699
11/10/2025,12:15:00 AM,0,10.6506,15.701
11/10/2025,12:30:00 AM,0,10.6508,15.703
11/10/2025,12:45:00 AM,0,10.6513,15.706
11/10/2025,1:00:00 AM,0,10.652,15.705
11/10/2025,1:15:00 AM,0,10.6534,15.703
11/10/2025,1:30:00 AM,0,10.6534,15.702
11/10/2025,1:45:00 AM,0,10.6538,15.7
11/10/2025,2:00:00 AM,0,10.6537,15.695
11/10/2025,2:15:00 AM,0,10.6531,15.689
11/10/2025,2:30:00 AM,0,10.6537,15.684
11/10/2025,2:45:00 AM,0,10.6521,15.674
11/10/2025,3:00:00 AM,0,10.652,15.667
11/10/2025,3:15:00 AM,0,10.6516,15.657
11/10/2025,3:30:00 AM,0,10.6522,15.649
11/10/2025,3:45:00 AM,0,10.6525,15.638
11/10/2025,4:00:00 AM,0,10.6499,15.63
11/10/2025,4:15:00 AM,0,10.6498,15.623
11/10/2025,4:30:00 AM,0,10.6493,15.614
11/10/2025,4:45:00 AM,0,10.6506,15.607
11/10/2025,5:00:00 AM,0,10.652,15.597
11/10/2025,5:15:00 AM,0,10.652,15.591
11/10/2025,5:30:00 AM,0,10.6508,15.583
11/10/2025,5:45:00 AM,0,10.651,15.575
11/10/2025,6:00:00 AM,0,10.6511,15.566
11/10/2025,6:15:00 AM,0,10.6518,15.554
11/10/2025,6:30:00 AM,0,10.6551,15.544
11/10/2025,6:45:00 AM,0,10.6573,15.53
11/10/2025,7:00:00 AM,0,10.6602,15.517
11/10/2025,7:15:00 AM,0,10.6601,15.502
11/10/2025,7:30:00 AM,0,10.6602,15.487
11/10/2025,7:45:00 AM,0,10.6607,15.478
11/10/2025,8:00:00 AM,0,10.6634,15.473
11/10/2025,8:15:00 AM,0,10.664,15.466
11/10/2025,8:30:00 AM,0,10.6642,15.465
11/10/2025,8:45:00 AM,0,10.6645,15.466
11/10/2025,9:00:00 AM,0,10.6648,15.472
11/10/2025,9:15:00 AM,0,10.6649,15.48
11/10/2025,9:30:00 AM,0,10.6633,15.487
11/10/2025,9:45:00 AM,0,10.6619,15.498
11/10/2025,10:00:00 AM,0,10.6617,15.5
11/10/2025,10:15:00 AM,0,10.6615,15.511
11/10/2025,10:30:00 AM,0,10.66,15.521
11/10/2025,10:45:00 AM,0,10.659,15.531
11/10/2025,11:00:00 AM,0,10.658,15.544
11/10/2025,11:15:00 AM,0,10.6558,15.556
11/10/2025,11:30:00 AM,0,10.6549,15.564
11/10/2025,11:45:00 AM,0,10.6545,15.571
11/10/2025,12:00:00 PM,0,10.654,15.578
11/10/2025,12:15:00 PM,0,10.6519,15.587
11/10/2025,12:30:00 PM,0,10.6497,15.592
11/10/2025,12:45:00 PM,0,10.647,15.597
11/10/2025,1:00:00 PM,0,10.6449,15.602
11/10/2025,1:15:00 PM,0,10.6416,15.606
11/10/2025,1:30:00 PM,0,10.64,15.611
11/10/2025,1:45:00 PM,0,10.6366,15.614
11/10/2025,2:00:00 PM,0,10.636,15.618
11/10/2025,2:15:00 PM,0,10.6356,15.621
11/10/2025,2:30:00 PM,0,10.6383,15.625
11/10/2025,2:45:00 PM,0,10.64,15.629
11/10/2025,3:00:00 PM,0,10.6406,15.633
11/10/2025,3:15:00 PM,0,10.6398,15.635
11/10/2025,3:30:00 PM,0,10.639,15.64
11/10/2025,3:45:00 PM,0,10.6383,15.644
11/10/2025,4:00:00 PM,0,10.6383,15.646
11/10/2025,4:15:00 PM,0,10.6377,15.651
11/10/2025,4:30:00 PM,0,10.6373,15.657
11/10/2025,4:45:00 PM,0,10.6373,15.661
11/10/2025,5:00:00 PM,0,10.6375,15.663
11/10/2025,5:15:00 PM,0,10.6367,15.668
11/10/2025,5:30:00 PM,0,10.6381,15.673
11/10/2025,5:45:00 PM,0,10.6385,15.679
11/10/2025,6:00:00 PM,0,10.6392,15.684
11/10/2025,6:15:00 PM,0,10.6406,15.689
11/10/2025,6:30:00 PM,0,10.6437,15.694
11/10/2025,6:45:00 PM,0,10.6435,15.698
11/10/2025,7:00:00 PM,0,10.6443,15.705
11/10/2025,7:15:00 PM,0,10.6469,15.708
11/10/2025,7:30:00 PM,0,10.6475,15.712
11/10/2025,7:45:00 PM,0,10.6497,15.712
11/10/2025,8:00:00 PM,0,10.6471,15.709
11/10/2025,8:15:00 PM,0,10.6472,15.701
11/10/2025,8:30:00 PM,0,10.6464,15.69
11/10/2025,8:45:00 PM,0,10.6481,15.68
11/10/2025,9:00:00 PM,0,10.6481,15.667
11/10/2025,9:15:00 PM,0,10.6482,15.651
11/10/2025,9:30:00 PM,0,10.6479,15.639
11/10/2025,9:45:00 PM,0,10.6473,15.632
11/10/2025,10:00:00 PM,0,10.6472,15.627
11/10/2025,10:15:00 PM,0,10.6458,15.628
11/10/2025,10:30:00 PM,0,10.6443,15.632
11/10/2025,10:45:00 PM,0,10.643,15.639
11/10/2025,11:00:00 PM,0,10.6414,15.643
11/10/2025,11:15:00 PM,0,10.6411,15.65
11/10/2025,11:30:00 PM,0,10.6416,15.652
11/10/2025,11:45:00 PM,0,10.6428,15.657
11/11/2025,12:00:00 AM,0,10.6425,15.659
11/11/2025,12:15:00 AM,0,10.6398,15.659
11/11/2025,12:30:00 AM,0,10.6384,15.661
11/11/2025,12:45:00 AM,0,10.6383,15.66
11/11/2025,1:00:00 AM,0,10.6378,15.66
11/11/2025,1:15:00 AM,0,10.6383,15.658
11/11/2025,1:30:00 AM,0,10.6377,15.657
11/11/2025,1:45:00 AM,0,10.6349,15.653
11/11/2025,2:00:00 AM,0,10.6349,15.65
11/11/2025,2:15:00 AM,0,10.6347,15.646
11/11/2025,2:30:00 AM,0,10.6343,15.642
11/11/2025,2:45:00 AM,0,10.633,15.639
11/11/2025,3:00:00 AM,0,10.6317,15.637
11/11/2025,3:15:00 AM,0,10.6297,15.635
11/11/2025,3:30:00 AM,0,10.6285,15.633
11/11/2025,3:45:00 AM,0,10.6288,15.631
11/11/2025,4:00:00 AM,0,10.6284,15.628
11/11/2025,4:15:00 AM,0,10.6275,15.625
11/11/2025,4:30:00 AM,0,10.6283,15.625
11/11/2025,4:45:00 AM,0,10.6289,15.622
11/11/2025,5:00:00 AM,0,10.6297,15.621
11/11/2025,5:15:00 AM,0,10.6318,15.618
11/11/2025,5:30:00 AM,0,10.6335,15.614
11/11/2025,5:45:00 AM,0,10.6334,15.609
11/11/2025,6:00:00 AM,0,10.6342,15.606
11/11/2025,6:15:00 AM,0,10.6343,15.602
11/11/2025,6:30:00 AM,0,10.6356,15.602
11/11/2025,6:45:00 AM,0,10.6372,15.601
11/11/2025,7:00:00 AM,0,10.6385,15.598
11/11/2025,7:15:00 AM,0,10.6401,15.596
11/11/2025,7:30:00 AM,0,10.6427,15.594
11/11/2025,7:45:00 AM,0,10.6457,15.593
11/11/2025,8:00:00 AM,0,10.6472,15.594
11/11/2025,8:15:00 AM,0,10.6468,15.596
11/11/2025,8:30:00 AM,0,10.6505,15.599
11/11/2025,8:45:00 AM,0,10.6502,15.603
11/11/2025,9:00:00 AM,0,10.6489,15.608
11/11/2025,9:15:00 AM,0,10.6488,15.613
11/11/2025,9:30:00 AM,0,10.6494,15.619
11/11/2025,9:45:00 AM,0,10.6504,15.624
11/11/2025,10:00:00 AM,0,10.6502,15.628
11/11/2025,10:15:00 AM,0,10.6486,15.632
11/11/2025,10:30:00 AM,0,10.6446,15.635
11/11/2025,10:45:00 AM,0,10.6444,15.641
11/11/2025,11:00:00 AM,0,10.6465,15.646
11/11/2025,11:15:00 AM,0,10.6488,15.651
11/11/2025,11:30:00 AM,0,10.6479,15.656
11/11/2025,11:45:00 AM,0,10.641,15.661
11/11/2025,12:00:00 PM,0,10.6378,15.665
11/11/2025,12:15:00 PM,0,10.6355,15.668
11/11/2025,12:30:00 PM,0,10.6312,15.672
11/11/2025,12:45:00 PM,0,10.6282,15.676
11/11/2025,1:00:00 PM,0,10.6307,15.679
11/11/2025,1:15:00 PM,0,10.6315,15.683
11/11/2025,1:30:00 PM,0,10.6302,15.689
11/11/2025,1:45:00 PM,0,10.6272,15.693
11/11/2025,2:00:00 PM,0,10.6257,15.696
11/11/2025,2:15:00 PM,0,10.6232,15.698
11/11/2025,2:30:00 PM,0,10.6216,15.704
11/11/2025,2:45:00 PM,0,10.6226,15.708
11/11/2025,3:00:00 PM,0,10.6267,15.714
11/11/2025,3:15:00 PM,0,10.6273,15.718
11/11/2025,3:30:00 PM,0,10.6261,15.722
11/11/2025,3:45:00 PM,0,10.622,15.727
11/11/2025,4:00:00 PM,0,10.6228,15.732
11/11/2025,4:15:00 PM,0,10.6262,15.736
11/11/2025,4:30:00 PM,0,10.6264,15.741
11/11/2025,4:45:00 PM,0,10.6244,15.747
11/11/2025,5:00:00 PM,0,10.6249,15.753
11/11/2025,5:15:00 PM,0,10.6259,15.761
11/11/2025,5:30:00 PM,0,10.6263,15.767
11/11/2025,5:45:00 PM,0,10.6278,15.773
11/11/2025,6:00:00 PM,0,10.6266,15.78
11/11/2025,6:15:00 PM,0,10.6251,15.789
11/11/2025,6:30:00 PM,0,10.6248,15.796
11/11/2025,6:45:00 PM,0,10.6251,15.803
11/11/2025,7:00:00 PM,0,10.6234,15.809
11/11/2025,7:15:00 PM,0,10.6247,15.818
11/11/2025,7:30:00 PM,0,10.6221,15.825
11/11/2025,7:45:00 PM,0,10.6225,15.832
11/11/2025,8:00:00 PM,0,10.6253,15.839
11/11/2025,8:15:00 PM,0,10.6251,15.842
11/11/2025,8:30:00 PM,0,10.6268,15.848
11/11/2025,8:45:00 PM,0,10.6241,15.854
11/11/2025,9:00:00 PM,0,10.6242,15.857
11/11/2025,9:15:00 PM,0,10.6275,15.861
11/11/2025,9:30:00 PM,0,10.6288,15.864
11/11/2025,9:45:00 PM,0,10.627,15.864
11/11/2025,10:00:00 PM,0,10.6278,15.863
11/11/2025,10:15:00 PM,0,10.6243,15.856
11/11/2025,10:30:00 PM,0,10.6245,15.855
11/11/2025,10:45:00 PM,0,10.6237,15.848
11/11/2025,11:00:00 PM,0,10.6246,15.845
11/11/2025,11:15:00 PM,0,10.6256,15.842
11/11/2025,11:30:00 PM,0,10.6253,15.836
11/11/2025,11:45:00 PM,0,10.627,15.836
11/12/2025,12:00:00 AM,0,10.626,15.831
11/12/2025,12:15:00 AM,0,10.6255,15.825
11/12/2025,12:30:00 AM,0,10.6247,15.82
11/12/2025,12:45:00 AM,0,10.6216,15.813
11/12/2025,1:00:00 AM,0,10.6227,15.803
11/12/2025,1:15:00 AM,0,10.6252,15.8
11/12/2025,1:30:00 AM,0,10.6259,15.79
11/12/2025,1:45:00 AM,0,10.6254,15.782
11/12/2025,2:00:00 AM,0,10.6218,15.774
11/12/2025,2:15:00 AM,0,10.621,15.767
11/12/2025,2:30:00 AM,0,10.622,15.764
11/12/2025,2:45:00 AM,0,10.626,15.762
11/12/2025,3:00:00 AM,0,10.6258,15.754
11/12/2025,3:15:00 AM,0,10.6263,15.747
11/12/2025,3:30:00 AM,0,10.6238,15.743
11/12/2025,3:45:00 AM,0,10.6241,15.74
11/12/2025,4:00:00 AM,0,10.6231,15.735
11/12/2025,4:15:00 AM,0,10.6239,15.733
11/12/2025,4:30:00 AM,0,10.626,15.727
11/12/2025,4:45:00 AM,0,10.6276,15.719
11/12/2025,5:00:00 AM,0,10.6291,15.717
11/12/2025,5:15:00 AM,0,10.6267,15.71
11/12/2025,5:30:00 AM,0,10.6257,15.706
11/12/2025,5:45:00 AM,0,10.6261,15.705
11/12/2025,6:00:00 AM,0,10.6257,15.701
11/12/2025,6:15:00 AM,0,10.6274,15.7
11/12/2025,6:30:00 AM,0,10.6292,15.706
11/12/2025,6:45:00 AM,0,10.6285,15.707
11/12/2025,7:00:00 AM,0,10.625,15.706
11/12/2025,7:15:00 AM,0,10.6293,15.706
11/12/2025,7:30:00 AM,0,10.6358,15.712
11/12/2025,7:45:00 AM,0,10.6379,15.715
11/12/2025,8:00:00 AM,0,10.6434,15.72
11/12/2025,8:15:00 AM,0,10.643,15.727
11/12/2025,8:30:00 AM,0,10.6421,15.729
11/12/2025,8:45:00 AM,0,10.6399,15.733
11/12/2025,9:00:00 AM,0,10.6398,15.74
11/12/2025,9:15:00 AM,0,10.6423,15.742
11/12/2025,9:30:00 AM,0,10.6419,15.748
11/12/2025,9:45:00 AM,0,10.6452,15.753
11/12/2025,10:00:00 AM,0,10.6447,15.755
11/12/2025,10:15:00 AM,0,10.6449,15.759
11/12/2025,10:30:00 AM,0,10.6417,15.763
11/12/2025,10:45:00 AM,0,10.6401,15.769
11/12/2025,11:00:00 AM,0,10.6408,15.774
11/12/2025,11:15:00 AM,0,10.6399,15.776
11/12/2025,11:30:00 AM,0,10.6445,15.782
11/12/2025,11:45:00 AM,0,10.64,15.786
11/12/2025,12:00:00 PM,0,10.634,15.789
11/12/2025,12:15:00 PM,0,10.6309,15.794
11/12/2025,12:30:00 PM,0,10.6251,15.797
11/12/2025,12:45:00 PM,0,10.6204,15.802
11/12/2025,1:00:00 PM,0,10.6224,15.805
11/12/2025,1:15:00 PM,0,10.6214,15.806
11/12/2025,1:30:00 PM,0,10.6236,15.809
11/12/2025,1:45:00 PM,0,10.6221,15.813
11/12/2025,2:00:00 PM,0,10.6212,15.817
11/12/2025,2:15:00 PM,0,10.6223,15.82
11/12/2025,2:30:00 PM,0,10.6191,15.821
11/12/2025,2:45:00 PM,0,10.6168,15.825
11/12/2025,3:00:00 PM,0,10.6168,15.827
11/12/2025,3:15:00 PM,0,10.6161,15.83
11/12/2025,3:30:00 PM,0,10.6161,15.834
11/12/2025,3:45:00 PM,0,10.616,15.835
11/12/2025,4:00:00 PM,0,10.6136,15.839
11/12/2025,4:15:00 PM,0,10.6161,15.842
11/12/2025,4:30:00 PM,0,10.6172,15.846
11/12/2025,4:45:00 PM,0,10.6174,15.849
11/12/2025,5:00:00 PM,0,10.6167,15.851
11/12/2025,5:15:00 PM,0,10.6158,15.855
11/12/2025,5:30:00 PM,0,10.6154,15.86
11/12/2025,5:45:00 PM,0,10.618,15.864
11/12/2025,6:00:00 PM,0,10.6207,15.868
11/12/2025,6:15:00 PM,0,10.6221,15.871
11/12/2025,6:30:00 PM,0,10.6218,15.876
11/12/2025,6:45:00 PM,0,10.6216,15.881
11/12/2025,7:00:00 PM,0,10.6216,15.884
11/12/2025,7:15:00 PM,0,10.6214,15.889
11/12/2025,7:30:00 PM,0,10.6231,15.893
11/12/2025,7:45:00 PM,0,10.6234,15.897
11/12/2025,8:00:00 PM,0,10.624,15.901
11/12/2025,8:15:00 PM,0,10.6266,15.906
11/12/2025,8:30:00 PM,0,10.6262,15.911
11/12/2025,8:45:00 PM,0,10.6268,15.913
11/12/2025,9:00:00 PM,0,10.6285,15.915
11/12/2025,9:15:00 PM,0,10.6287,15.91
11/12/2025,9:30:00 PM,0,10.6289,15.899
11/12/2025,9:45:00 PM,0,10.6257,15.888
11/12/2025,10:00:00 PM,0,10.6261,15.872
11/12/2025,10:15:00 PM,0,10.6267,15.857
11/12/2025,10:30:00 PM,0,10.6259,15.839
11/12/2025,10:45:00 PM,0,10.6247,15.821
11/12/2025,11:00:00 PM,0,10.6241,15.803
11/12/2025,11:15:00 PM,0,10.6246,15.789
11/12/2025,11:30:00 PM,0,10.6221,15.772
11/12/2025,11:45:00 PM,0,10.6222,15.757
11/13/2025,12:00:00 AM,0,10.6215,15.738
11/13/2025,12:15:00 AM,0,10.621,15.719
11/13/2025,12:30:00 AM,0,10.6213,15.705
11/13/2025,12:45:00 AM,0,10.6204,15.694
11/13/2025,1:00:00 AM,0,10.6199,15.687
11/13/2025,1:15:00 AM,0,10.6192,15.677
11/13/2025,1:30:00 AM,0,10.6178,15.67
11/13/2025,1:45:00 AM,0,10.6143,15.662
11/13/2025,2:00:00 AM,0,10.6133,15.651
11/13/2025,2:15:00 AM,0,10.6124,15.636
11/13/2025,2:30:00 AM,0,10.6118,15.62
11/13/2025,2:45:00 AM,0,10.6115,15.607
11/13/2025,3:00:00 AM,0,10.6101,15.589
11/13/2025,3:15:00 AM,0,10.6101,15.573
11/13/2025,3:30:00 AM,0,10.6099,15.56
11/13/2025,3:45:00 AM,0,10.6105,15.545
11/13/2025,4:00:00 AM,0,10.6073,15.527
11/13/2025,4:15:00 AM,0,10.6066,15.522
11/13/2025,4:30:00 AM,0,10.6074,15.512
11/13/2025,4:45:00 AM,0,10.6094,15.507
11/13/2025,5:00:00 AM,0,10.61,15.504
11/13/2025,5:15:00 AM,0,10.6119,15.497
11/13/2025,5:30:00 AM,0,10.6124,15.498
11/13/2025,5:45:00 AM,0,10.6151,15.495
11/13/2025,6:00:00 AM,0,10.6164,15.493
11/13/2025,6:15:00 AM,0,10.6175,15.489
11/13/2025,6:30:00 AM,0,10.6192,15.489
11/13/2025,6:45:00 AM,0,10.6196,15.49
11/13/2025,7:00:00 AM,0,10.6197,15.493
11/13/2025,7:15:00 AM,0,10.6205,15.495
11/13/2025,7:30:00 AM,0,10.6198,15.499
11/13/2025,7:45:00 AM,0,10.6233,15.502
11/13/2025,8:00:00 AM,0,10.6232,15.506
11/13/2025,8:15:00 AM,0,10.6241,15.509
11/13/2025,8:30:00 AM,0,10.6234,15.513
11/13/2025,8:45:00 AM,0,10.6213,15.515
11/13/2025,9:00:00 AM,0,10.6212,15.519
11/13/2025,9:15:00 AM,0,10.6252,15.507
11/13/2025,9:30:00 AM,0,10.6235,15.617
11/13/2025,9:45:00 AM,0,10.6257,15.572
11/13/2025,10:00:00 AM,0,10.6271,15.555
11/13/2025,10:15:00 AM,0,10.6275,15.546
11/13/2025,10:30:00 AM,0,10.6284,15.543
11/13/2025,10:45:00 AM,0,10.6261,15.541
11/13/2025,11:00:00 AM,0,10.625,15.541
11/13/2025,11:15:00 AM,0,10.6224,15.54
11/13/2025,11:30:00 AM,0,10.6172,15.544
11/13/2025,11:45:00 AM,0,10.6163,15.547
11/13/2025,12:00:00 PM,0,10.6119,15.549
11/13/2025,12:15:00 PM,0,10.6127,15.551
11/13/2025,12:30:00 PM,0,10.6088,15.552
11/13/2025,12:45:00 PM,0,10.6073,15.552
11/13/2025,1:00:00 PM,0,10.6069,15.555
11/13/2025,1:15:00 PM,0,10.6045,15.559
11/13/2025,1:30:00 PM,0,10.6029,15.56
11/13/2025,1:45:00 PM,0,10.599,15.564
11/13/2025,2:00:00 PM,0,10.5974,15.57
11/13/2025,2:15:00 PM,0,10.5952,15.571
11/13/2025,2:30:00 PM,0,10.5999,15.576
11/13/2025,2:45:00 PM,0,10.6001,15.581
11/13/2025,3:00:00 PM,0,10.6002,15.585
11/13/2025,3:15:00 PM,0,10.5974,15.589
11/13/2025,3:30:00 PM,0,10.5964,15.593
11/13/2025,3:45:00 PM,0,10.5956,15.597
11/13/2025,4:00:00 PM,0,10.5977,15.602
11/13/2025,4:15:00 PM,0,10.5993,15.606
11/13/2025,4:30:00 PM,0,10.9883,15.618
11/13/2025,4:45:00 PM,0,10.9413,15.677
11/13/2025,5:00:00 PM,0,11.0356,15.703
11/13/2025,5:15:00 PM,0,11.1077,15.76
11/13/2025,5:30:00 PM,0,11.0008,15.826
11/13/2025,5:45:00 PM,0,10.8861,15.904
11/13/2025,6:00:00 PM,0,10.8136,15.978
11/13/2025,6:15:00 PM,0,10.7682,16.049
11/13/2025,6:30:00 PM,0,10.7484,16.115
11/13/2025,6:45:00 PM,0,10.745,16.171
11/13/2025,7:00:00 PM,0,10.7341,16.224
11/13/2025,7:15:00 PM,0,10.7193,16.272
11/13/2025,7:30:00 PM,0,10.708,16.317
11/13/2025,7:45:00 PM,0,10.6979,16.358
11/13/2025,8:00:00 PM,0,10.6892,16.396
11/13/2025,8:15:00 PM,0,10.6838,16.431
11/13/2025,8:30:00 PM,0,10.6762,16.463
11/13/2025,8:45:00 PM,0,10.6687,16.494
11/13/2025,9:00:00 PM,0,10.6601,16.521
11/13/2025,9:15:00 PM,0,10.6564,16.546
11/13/2025,9:30:00 PM,0,10.6531,16.57
11/13/2025,9:45:00 PM,0,10.6477,16.591
11/13/2025,10:00:00 PM,0,10.6428,16.613
11/13/2025,10:15:00 PM,0,10.6381,16.632
11/13/2025,10:30:00 PM,0,10.6339,16.648
11/13/2025,10:45:00 PM,0,10.6338,16.663
11/13/2025,11:00:00 PM,0,10.6714,16.68
11/13/2025,11:15:00 PM,0,11.1687,16.696
11/13/2025,11:30:00 PM,0,11.2395,16.715
11/13/2025,11:45:00 PM,0,11.1595,16.727
11/14/2025,12:00:00 AM,0,11.1186,16.733
11/14/2025,12:15:00 AM,0,11.0648,16.73
11/14/2025,12:30:00 AM,0,11.0791,16.726
11/14/2025,12:45:00 AM,0,11.0683,16.725
11/14/2025,1:00:00 AM,0,11.0642,16.717
11/14/2025,1:15:00 AM,0,11.0626,16.709
11/14/2025,1:30:00 AM,0,11.0804,16.703
11/14/2025,1:45:00 AM,0,11.1443,16.698
11/14/2025,2:00:00 AM,0,11.1843,16.693
11/14/2025,2:15:00 AM,0,11.2426,16.688
11/14/2025,2:30:00 AM,0,11.4883,16.704
11/14/2025,2:45:00 AM,0,11.4284,16.726
11/14/2025,3:00:00 AM,0,11.3356,16.724
11/14/2025,3:15:00 AM,0,11.3742,16.717
11/14/2025,3:30:00 AM,0,11.3897,16.721
11/14/2025,3:45:00 AM,0,11.5901,16.724
11/14/2025,4:00:00 AM,0,11.7687,16.73
11/14/2025,4:15:00 AM,0,11.7175,16.705
11/14/2025,4:30:00 AM,0,11.5089,16.678
11/14/2025,4:45:00 AM,0,11.3215,16.654
11/14/2025,5:00:00 AM,0,11.2353,16.641
11/14/2025,5:15:00 AM,0,11.2615,16.631
11/14/2025,5:30:00 AM,0,11.3592,16.62
11/14/2025,5:45:00 AM,0,11.3625,16.605
11/14/2025,6:00:00 AM,0,11.3519,16.589
11/14/2025,6:15:00 AM,0,11.4119,16.576
11/14/2025,6:30:00 AM,0,11.5209,16.557
11/14/2025,6:45:00 AM,0,11.4843,16.534
11/14/2025,7:00:00 AM,0,11.4104,16.511
11/14/2025,7:15:00 AM,0,11.2992,16.494
11/14/2025,7:30:00 AM,0,11.2887,16.475
11/14/2025,7:45:00 AM,0,11.3096,16.468
11/14/2025,8:00:00 AM,0,11.2351,16.461
11/14/2025,8:15:00 AM,0,11.1592,16.456
11/14/2025,8:30:00 AM,0,11.0872,16.452
11/14/2025,8:45:00 AM,0,11.0195,16.451
11/14/2025,9:00:00 AM,0,11.0346,16.454
11/14/2025,9:15:00 AM,0,11.0383,16.455
11/14/2025,9:30:00 AM,0,10.9796,16.463
11/14/2025,9:45:00 AM,0,10.9744,16.476
11/14/2025,10:00:00 AM,0,10.9697,16.492
11/14/2025,10:15:00 AM,0,10.9264,16.511
11/14/2025,10:30:00 AM,0,10.8848,16.53
11/14/2025,10:45:00 AM,0,10.8622,16.553
11/14/2025,11:00:00 AM,0,10.8491,16.572
11/14/2025,11:15:00 AM,0,10.8344,16.591
11/14/2025,11:30:00 AM,0,10.8158,16.605
11/14/2025,11:45:00 AM,0,10.7985,16.624
11/14/2025,12:00:00 PM,0,10.7828,16.642
11/14/2025,12:15:00 PM,0,10.7687,16.657
11/14/2025,12:30:00 PM,0,10.7569,16.669
11/14/2025,12:45:00 PM,0,10.7468,16.685
11/14/2025,1:00:00 PM,0,10.7385,16.694
11/14/2025,1:15:00 PM,0,10.7296,16.706
11/14/2025,1:30:00 PM,0,10.7224,16.714
11/14/2025,1:45:00 PM,0,10.7166,16.723
11/14/2025,2:00:00 PM,0,10.7106,16.731
11/14/2025,2:15:00 PM,0,10.7058,16.74
11/14/2025,2:30:00 PM,0,10.7012,16.747
11/14/2025,2:45:00 PM,0,10.701,16.753
11/14/2025,3:00:00 PM,0,10.7253,16.762
11/14/2025,3:15:00 PM,0,10.7456,16.768
11/14/2025,3:30:00 PM,0,10.7484,16.774
11/14/2025,3:45:00 PM,0,10.7456,16.784
11/14/2025,4:00:00 PM,0,10.7336,16.792
11/14/2025,4:15:00 PM,0,10.724,16.807
11/14/2025,4:30:00 PM,0,10.7148,16.82
11/14/2025,4:45:00 PM,0,10.7063,16.836
11/14/2025,5:00:00 PM,0,10.7001,16.85
11/14/2025,5:15:00 PM,0,10.7004,16.861
11/14/2025,5:30:00 PM,0,10.7259,16.871
11/14/2025,5:45:00 PM,0,10.7739,16.88
11/14/2025,6:00:00 PM,0,10.7778,16.889
11/14/2025,6:15:00 PM,0,10.7671,16.896
11/14/2025,6:30:00 PM,0,10.76,16.902
11/14/2025,6:45:00 PM,0,10.7506,16.91
11/14/2025,7:00:00 PM,0,10.743,16.916
11/14/2025,7:15:00 PM,0,10.7414,16.923
11/14/2025,7:30:00 PM,0,10.7453,16.924
11/14/2025,7:45:00 PM,0,10.7598,16.931
11/14/2025,8:00:00 PM,0,10.7614,16.934
11/14/2025,8:15:00 PM,0,10.7679,16.939
11/14/2025,8:30:00 PM,0,10.7826,16.942
11/14/2025,8:45:00 PM,0,10.7893,16.944
11/14/2025,9:00:00 PM,0,10.8156,16.947
11/14/2025,9:15:00 PM,0,10.8556,16.951
11/14/2025,9:30:00 PM,0,10.898,16.954
11/14/2025,9:45:00 PM,0,10.9337,16.955
11/14/2025,10:00:00 PM,0,11.0064,16.953
11/14/2025,10:15:00 PM,0,11.0702,16.95
11/14/2025,10:30:00 PM,0,11.0031,16.945
11/14/2025,10:45:00 PM,0,10.9799,16.941
11/14/2025,11:00:00 PM,0,10.997,16.934
11/14/2025,11:15:00 PM,0,10.9718,16.929
11/14/2025,11:30:00 PM,0,10.9432,16.924
11/14/2025,11:45:00 PM,0,10.9513,16.921
11/15/2025,12:00:00 AM,0,11.0056,16.915
11/15/2025,12:15:00 AM,0,10.9677,16.918
11/15/2025,12:30:00 AM,0,10.9284,16.915
11/15/2025,12:45:00 AM,0,10.9449,16.912
11/15/2025,1:00:00 AM,0,10.9603,16.91
11/15/2025,1:15:00 AM,0,10.911,16.91
11/15/2025,1:30:00 AM,0,10.8592,16.909
11/15/2025,1:45:00 AM,0,10.8312,16.909
11/15/2025,2:00:00 AM,0,10.8115,16.907
11/15/2025,2:15:00 AM,0,10.7871,16.908
11/15/2025,2:30:00 AM,0,10.7658,16.908
11/15/2025,2:45:00 AM,0,10.7479,16.911
11/15/2025,3:00:00 AM,0,10.7362,16.912
11/15/2025,3:15:00 AM,0,10.7346,16.912
11/15/2025,3:30:00 AM,0,10.7919,16.913
11/15/2025,3:45:00 AM,0,10.9868,16.916
11/15/2025,4:00:00 AM,0,11.0805,16.915
11/15/2025,4:15:00 AM,0,11.176,16.909
11/15/2025,4:30:00 AM,0,11.213,16.904
11/15/2025,4:45:00 AM,0,11.149,16.887
11/15/2025,5:00:00 AM,0,11.0833,16.87
11/15/2025,5:15:00 AM,0,11.0142,16.849
11/15/2025,5:30:00 AM,0,10.9642,16.834
11/15/2025,5:45:00 AM,0,11.0323,16.824
11/15/2025,6:00:00 AM,0,11.112,16.814
11/15/2025,6:15:00 AM,0,11.14,16.797
11/15/2025,6:30:00 AM,0,11.1793,16.775
11/15/2025,6:45:00 AM,0,11.2753,16.752
11/15/2025,7:00:00 AM,0,11.3134,16.725
11/15/2025,7:15:00 AM,0,11.3249,16.699
11/15/2025,7:30:00 AM,0,11.3087,16.673
11/15/2025,7:45:00 AM,0,11.3074,16.649
11/15/2025,8:00:00 AM,0,11.3131,16.628
11/15/2025,8:15:00 AM,0,11.2545,16.606
11/15/2025,8:30:00 AM,0,11.1916,16.588
11/15/2025,8:45:00 AM,0,11.1498,16.576
11/15/2025,9:00:00 AM,0,11.1289,16.565
11/15/2025,9:15:00 AM,0,11.1389,16.559
11/15/2025,9:30:00 AM,0,11.1458,16.552
11/15/2025,9:45:00 AM,0,11.1208,16.545
11/15/2025,10:00:00 AM,0,11.1132,16.538
11/15/2025,10:15:00 AM,0,11.1122,16.532
11/15/2025,10:30:00 AM,0,11.0787,16.525
11/15/2025,10:45:00 AM,0,11.08,16.515
11/15/2025,11:00:00 AM,0,11.0724,16.507
11/15/2025,11:15:00 AM,0,11.0229,16.499
11/15/2025,11:30:00 AM,0,10.9723,16.498
11/15/2025,11:45:00 AM,0,10.9308,16.496
11/15/2025,12:00:00 PM,0,10.8948,16.497
11/15/2025,12:15:00 PM,0,10.8669,16.503
11/15/2025,12:30:00 PM,0,10.8451,16.506
11/15/2025,12:45:00 PM,0,10.8279,16.514
11/15/2025,1:00:00 PM,0,10.8104,16.521
11/15/2025,1:15:00 PM,0,10.7925,16.527
11/15/2025,1:30:00 PM,0,10.7764,16.536
11/15/2025,1:45:00 PM,0,10.7584,16.546
11/15/2025,2:00:00 PM,0,10.7462,16.556
11/15/2025,2:15:00 PM,0,10.7355,16.568
11/15/2025,2:30:00 PM,0,10.7255,16.576
11/15/2025,2:45:00 PM,0,10.7175,16.585
11/15/2025,3:00:00 PM,0,10.7086,16.596
11/15/2025,3:15:00 PM,0,10.7006,16.606
11/15/2025,3:30:00 PM,0,10.6933,16.616
11/15/2025,3:45:00 PM,0,10.6886,16.625
11/15/2025,4:00:00 PM,0,10.6949,16.632
11/15/2025,4:15:00 PM,0,10.7122,16.642
11/15/2025,4:30:00 PM,0,10.72,16.649
11/15/2025,4:45:00 PM,0,10.7242,16.655
11/15/2025,5:00:00 PM,0,10.7492,16.661
11/15/2025,5:15:00 PM,0,10.7679,16.664
11/15/2025,5:30:00 PM,0,10.7772,16.666
11/15/2025,5:45:00 PM,0,10.7682,16.666
11/15/2025,6:00:00 PM,0,10.7521,16.665
11/15/2025,6:15:00 PM,0,10.7435,16.662
11/15/2025,6:30:00 PM,0,11.1824,16.661
11/15/2025,6:45:00 PM,0,11.9357,16.613
11/15/2025,7:00:00 PM,0,12.1138,16.441
11/15/2025,7:15:00 PM,0,11.9373,16.306
11/15/2025,7:30:00 PM,0,11.7,16.22
11/15/2025,7:45:00 PM,0,11.5441,16.163
11/15/2025,8:00:00 PM,0,11.4447,16.133
11/15/2025,8:15:00 PM,0,11.3836,16.107
11/15/2025,8:30:00 PM,0,11.262,16.083
11/15/2025,8:45:00 PM,0,11.1763,16.075
11/15/2025,9:00:00 PM,0,11.1168,16.067
11/15/2025,9:15:00 PM,0,11.0696,16.063
11/15/2025,9:30:00 PM,0,11.0305,16.062
11/15/2025,9:45:00 PM,0,10.9943,16.06
11/15/2025,10:00:00 PM,0,10.9628,16.06
11/15/2025,10:15:00 PM,0,10.9366,16.061
11/15/2025,10:30:00 PM,0,10.9112,16.062
11/15/2025,10:45:00 PM,0,10.8893,16.063
11/15/2025,11:00:00 PM,0,10.8697,16.064
11/15/2025,11:15:00 PM,0,10.851,16.067
11/15/2025,11:30:00 PM,0,10.8347,16.068
11/15/2025,11:45:00 PM,0,10.8214,16.071
11/16/2025,12:00:00 AM,0,10.808,16.071
11/16/2025,12:15:00 AM,0,10.7947,16.075
11/16/2025,12:30:00 AM,0,10.7839,16.076
11/16/2025,12:45:00 AM,0,10.7757,16.077
11/16/2025,1:00:00 AM,0,10.7705,16.077
11/16/2025,1:15:00 AM,0,10.7789,16.077
11/16/2025,1:30:00 AM,0,10.7723,16.077
11/16/2025,1:45:00 AM,0,10.7787,16.077
11/16/2025,2:00:00 AM,0,10.7748,16.076
11/16/2025,2:15:00 AM,0,10.7637,16.071
11/16/2025,2:30:00 AM,0,10.7537,16.069
11/16/2025,2:45:00 AM,0,10.7463,16.065
11/16/2025,3:00:00 AM,0,10.7508,16.062
11/16/2025,3:15:00 AM,0,10.7561,16.059
11/16/2025,3:30:00 AM,0,10.7736,16.057
11/16/2025,3:45:00 AM,0,10.8674,16.052
11/16/2025,4:00:00 AM,0,10.9228,16.044
11/16/2025,4:15:00 AM,0,11.4665,16.021
11/16/2025,4:30:00 AM,0,11.6485,15.957
11/16/2025,4:45:00 AM,0,11.5698,15.864
11/16/2025,5:00:00 AM,0,11.4577,15.77
11/16/2025,5:15:00 AM,0,11.3451,15.695
11/16/2025,5:30:00 AM,0,11.3064,15.641
11/16/2025,5:45:00 AM,0,11.4422,15.606
11/16/2025,6:00:00 AM,0,11.5829,15.574
11/16/2025,6:15:00 AM,0,11.4921,15.533
11/16/2025,6:30:00 AM,0,11.3589,15.493
11/16/2025,6:45:00 AM,0,11.3189,15.469
11/16/2025,7:00:00 AM,0,11.2819,15.457
11/16/2025,7:15:00 AM,0,11.2243,15.453
11/16/2025,7:30:00 AM,0,11.1901,15.451
11/16/2025,7:45:00 AM,0,11.2107,15.452
11/16/2025,8:00:00 AM,0,11.3536,15.458
11/16/2025,8:15:00 AM,0,11.4078,15.456
11/16/2025,8:30:00 AM,0,11.3448,15.444
11/16/2025,8:45:00 AM,0,11.3231,15.442
11/16/2025,9:00:00 AM,0,11.3899,15.441
11/16/2025,9:15:00 AM,0,11.3425,15.45
11/16/2025,9:30:00 AM,0,11.2672,15.457
11/16/2025,9:45:00 AM,0,11.2011,15.474
11/16/2025,10:00:00 AM,0,11.2043,15.491
11/16/2025,10:15:00 AM,0,11.2166,15.511
11/16/2025,10:30:00 AM,0,11.1795,15.539
11/16/2025,10:45:00 AM,0,11.1446,15.568
11/16/2025,11:00:00 AM,0,11.1081,15.598
11/16/2025,11:15:00 AM,0,11.0723,15.626
11/16/2025,11:30:00 AM,0,11.0794,15.654
11/16/2025,11:45:00 AM,0,11.0659,15.681
11/16/2025,12:00:00 PM,0,11.0258,15.707
11/16/2025,12:15:00 PM,0,10.9883,15.736
11/16/2025,12:30:00 PM,0,10.9628,15.768
11/16/2025,12:45:00 PM,0,10.9386,15.799
11/16/2025,1:00:00 PM,0,10.9188,15.829
11/16/2025,1:15:00 PM,0,10.9073,15.858
11/16/2025,1:30:00 PM,0,10.8963,15.887
11/16/2025,1:45:00 PM,0,10.8796,15.911
11/16/2025,2:00:00 PM,0,10.8657,15.938
11/16/2025,2:15:00 PM,0,10.8528,15.962
11/16/2025,2:30:00 PM,0,10.8422,15.99
11/16/2025,2:45:00 PM,0,10.8336,16.012
11/16/2025,3:00:00 PM,0,10.826,16.037
11/16/2025,3:15:00 PM,0,10.817,16.056
11/16/2025,3:30:00 PM,0,10.8081,16.075
11/16/2025,3:45:00 PM,0,10.8003,16.092
11/16/2025,4:00:00 PM,0,10.7921,16.107
11/16/2025,4:15:00 PM,0,10.7858,16.123
11/16/2025,4:30:00 PM,0,10.7813,16.135
11/16/2025,4:45:00 PM,0,10.777,16.145
11/16/2025,5:00:00 PM,0,10.7728,16.154
11/16/2025,5:15:00 PM,0,10.7659,16.166
11/16/2025,5:30:00 PM,0,10.7598,16.174
11/16/2025,5:45:00 PM,0,10.7552,16.184
11/16/2025,6:00:00 PM,0,10.7526,16.189
11/16/2025,6:15:00 PM,0,10.7482,16.194
11/16/2025,6:30:00 PM,0,10.7452,16.199
11/16/2025,6:45:00 PM,0,10.7407,16.203
11/16/2025,7:00:00 PM,0,10.7393,16.204
11/16/2025,7:15:00 PM,0,10.735,16.205
11/16/2025,7:30:00 PM,0,10.7325,16.206
11/16/2025,7:45:00 PM,0,10.7312,16.204
11/16/2025,8:00:00 PM,0,10.727,16.205
11/16/2025,8:15:00 PM,0,10.7265,16.204
11/16/2025,8:30:00 PM,0,10.7238,16.202
11/16/2025,8:45:00 PM,0,10.7215,16.201
11/16/2025,9:00:00 PM,0,10.7219,16.198
11/16/2025,9:15:00 PM,0,10.7206,16.196
11/16/2025,9:30:00 PM,0,10.7196,16.193
11/16/2025,9:45:00 PM,0,10.7175,16.189
11/16/2025,10:00:00 PM,0,10.7144,16.185
11/16/2025,10:15:00 PM,0,10.7135,16.18
11/16/2025,10:30:00 PM,0,10.7139,16.177
11/16/2025,10:45:00 PM,0,10.714,16.174
11/16/2025,11:00:00 PM,0,10.7415,16.167
11/16/2025,11:15:00 PM,0,10.8056,16.165
11/16/2025,11:30:00 PM,0,10.8272,16.162
11/16/2025,11:45:00 PM,0,10.8123,16.158
11/17/2025,12:00:00 AM,0,10.7896,16.149
11/17/2025,12:15:00 AM,0,10.7659,16.135
11/17/2025,12:30:00 AM,0,10.7485,16.125
11/17/2025,12:45:00 AM,0,10.7462,16.112
11/17/2025,1:00:00 AM,0,10.747,16.106
11/17/2025,1:15:00 AM,0,10.7408,16.099
11/17/2025,1:30:00 AM,0,10.7332,16.093
11/17/2025,1:45:00 AM,0,10.7263,16.084
11/17/2025,2:00:00 AM,0,10.7187,16.081
11/17/2025,2:15:00 AM,0,10.714,16.077
11/17/2025,2:30:00 AM,0,10.7081,16.07
11/17/2025,2:45:00 AM,0,10.7022,16.068
11/17/2025,3:00:00 AM,0,10.6978,16.063
11/17/2025,3:15:00 AM,0,10.6921,16.056
11/17/2025,3:30:00 AM,0,10.6875,16.051
11/17/2025,3:45:00 AM,0,10.6842,16.04
11/17/2025,4:00:00 AM,0,10.6799,16.032
11/17/2025,4:15:00 AM,0,10.6781,16.024
11/17/2025,4:30:00 AM,0,10.6753,16.012
11/17/2025,4:45:00 AM,0,10.674,15.998
11/17/2025,5:00:00 AM,0,10.6699,15.987
11/17/2025,5:15:00 AM,0,10.6674,15.974
11/17/2025,5:30:00 AM,0,10.6657,15.96
11/17/2025,5:45:00 AM,0,10.666,15.949
11/17/2025,6:00:00 AM,0,10.6676,15.937
11/17/2025,6:15:00 AM,0,10.822,15.924
11/17/2025,6:30:00 AM,0,10.9783,15.913
11/17/2025,6:45:00 AM,0,11.0088,15.875
11/17/2025,7:00:00 AM,0,11.0161,15.824
11/17/2025,7:15:00 AM,0,11.1922,15.773
11/17/2025,7:30:00 AM,0,11.3437,15.713
11/17/2025,7:45:00 AM,0,11.261,15.648
11/17/2025,8:00:00 AM,0,11.282,15.583
11/17/2025,8:15:00 AM,0,11.2485,15.529
11/17/2025,8:30:00 AM,0,11.2238,15.484
11/17/2025,8:45:00 AM,0,11.1926,15.445
11/17/2025,9:00:00 AM,0,11.224,15.42
11/17/2025,9:15:00 AM,0,11.2903,15.402
11/17/2025,9:30:00 AM,0,11.3822,15.388
11/17/2025,9:45:00 AM,0,11.3736,15.377
11/17/2025,10:00:00 AM,0,11.4368,15.372
11/17/2025,10:15:00 AM,0,11.4812,15.37
11/17/2025,10:30:00 AM,0,11.5722,15.372
11/17/2025,10:45:00 AM,0,11.5358,15.379
11/17/2025,11:00:00 AM,0,11.56,15.39
11/17/2025,11:15:00 AM,0,11.4317,15.406
11/17/2025,11:30:00 AM,0,11.3311,15.427
11/17/2025,11:45:00 AM,0,11.2464,15.449
11/17/2025,12:00:00 PM,0,11.1838,15.471
11/17/2025,12:15:00 PM,0,11.1362,15.493
11/17/2025,12:30:00 PM,0,11.1647,15.514
11/17/2025,12:45:00 PM,0,11.2506,15.528
11/17/2025,1:00:00 PM,0,11.3463,15.53
11/17/2025,1:15:00 PM,0,11.2819,15.521
11/17/2025,1:30:00 PM,0,11.2039,15.514
11/17/2025,1:45:00 PM,0,11.1349,15.518
11/17/2025,2:00:00 PM,0,11.085,15.523
11/17/2025,2:15:00 PM,0,11.0465,15.53
11/17/2025,2:30:00 PM,0,11.0188,15.543
11/17/2025,2:45:00 PM,0,10.9929,15.559
11/17/2025,3:00:00 PM,0,10.9689,15.576
11/17/2025,3:15:00 PM,0,10.9485,15.595
11/17/2025,3:30:00 PM,0,10.9281,15.614
11/17/2025,3:45:00 PM,0,10.9075,15.636
11/17/2025,4:00:00 PM,0,10.8885,15.657
11/17/2025,4:15:00 PM,0,10.8724,15.676
11/17/2025,4:30:00 PM,0,10.8584,15.69
11/17/2025,4:45:00 PM,0,10.8449,15.702
11/17/2025,5:00:00 PM,0,10.8323,15.71
11/17/2025,5:15:00 PM,0,10.8228,15.717
11/17/2025,5:30:00 PM,0,10.8126,15.719
11/17/2025,5:45:00 PM,0,10.804,15.721
11/17/2025,6:00:00 PM,0,10.7955,15.717
11/17/2025,6:15:00 PM,0,10.788,15.71
11/17/2025,6:30:00 PM,0,10.7807,15.706
11/17/2025,6:45:00 PM,0,10.7737,15.697
11/17/2025,7:00:00 PM,0,10.768,15.687
11/17/2025,7:15:00 PM,0,10.7616,15.675
11/17/2025,7:30:00 PM,0,10.7565,15.662
11/17/2025,7:45:00 PM,0,10.7531,15.646
11/17/2025,8:00:00 PM,0,10.7481,15.632
11/17/2025,8:15:00 PM,0,10.7437,15.616
11/17/2025,8:30:00 PM,0,10.7396,15.6
11/17/2025,8:45:00 PM,0,10.735,15.58
11/17/2025,9:00:00 PM,0,10.7318,15.563
11/17/2025,9:15:00 PM,0,10.7281,15.544
11/17/2025,9:30:00 PM,0,10.7249,15.521
11/17/2025,9:45:00 PM,0,10.7215,15.5
11/17/2025,10:00:00 PM,0,10.7184,15.48
11/17/2025,10:15:00 PM,0,10.7156,15.459
11/17/2025,10:30:00 PM,0,10.7132,15.436
11/17/2025,10:45:00 PM,0,10.7111,15.412
11/17/2025,11:00:00 PM,0,10.7087,15.388
11/17/2025,11:15:00 PM,0,10.7067,15.367
11/17/2025,11:30:00 PM,0,10.7052,15.342
11/17/2025,11:45:00 PM,0,10.7027,15.316
11/18/2025,12:00:00 AM,0,10.6994,15.292
11/18/2025,12:15:00 AM,0,10.6965,15.266
11/18/2025,12:30:00 AM,0,10.6946,15.242
11/18/2025,12:45:00 AM,0,10.6915,15.216
11/18/2025,1:00:00 AM,0,10.69,15.191
11/18/2025,1:15:00 AM,0,10.6883,15.165
11/18/2025,1:30:00 AM,0,10.6862,15.137
11/18/2025,1:45:00 AM,0,10.6846,15.11
11/18/2025,2:00:00 AM,0,10.6832,15.081
11/18/2025,2:15:00 AM,0,10.6806,15.053
11/18/2025,2:30:00 AM,0,10.6778,15.025
11/18/2025,2:45:00 AM,0,10.6758,14.997
11/18/2025,3:00:00 AM,0,10.6729,14.968
11/18/2025,3:15:00 AM,0,10.671,14.94
11/18/2025,3:30:00 AM,0,10.6689,14.913
11/18/2025,3:45:00 AM,0,10.6691,14.885
11/18/2025,4:00:00 AM,0,10.6671,14.856
11/18/2025,4:15:00 AM,0,10.6661,14.825
11/18/2025,4:30:00 AM,0,10.6654,14.794
11/18/2025,4:45:00 AM,0,10.6657,14.764
11/18/2025,5:00:00 AM,0,10.6652,14.735
11/18/2025,5:15:00 AM,0,10.6661,14.705
11/18/2025,5:30:00 AM,0,10.6662,14.675
11/18/2025,5:45:00 AM,0,10.6656,14.645
11/18/2025,6:00:00 AM,0,10.6653,14.615
